INSERT INTO estado (uf, nome) VALUES ('AC', 'Acre');
INSERT INTO estado (uf, nome) VALUES ('AL', 'Alagoas');
INSERT INTO estado (uf, nome) VALUES ('AM', 'Amazonas');
INSERT INTO estado (uf, nome) VALUES ('AP', 'Amapá');
INSERT INTO estado (uf, nome) VALUES ('BA', 'Bahia');
INSERT INTO estado (uf, nome) VALUES ('CE', 'Ceará');
INSERT INTO estado (uf, nome) VALUES ('DF', 'Distrito Federal');
INSERT INTO estado (uf, nome) VALUES ('ES', 'Espírito Santo');
INSERT INTO estado (uf, nome) VALUES ('GO', 'Goiás');
INSERT INTO estado (uf, nome) VALUES ('MA', 'Maranhão');
INSERT INTO estado (uf, nome) VALUES ('MG', 'Minas Gerais');
INSERT INTO estado (uf, nome) VALUES ('MS', 'Mato Grosso do Sul');
INSERT INTO estado (uf, nome) VALUES ('MT', 'Mato Grosso');
INSERT INTO estado (uf, nome) VALUES ('PA', 'Pará');
INSERT INTO estado (uf, nome) VALUES ('PB', 'Paraíba');
INSERT INTO estado (uf, nome) VALUES ('PE', 'Pernambuco');
INSERT INTO estado (uf, nome) VALUES ('PI', 'Piauí');
INSERT INTO estado (uf, nome) VALUES ('PR', 'Paraná');
INSERT INTO estado (uf, nome) VALUES ('RJ', 'Rio de Janeiro');
INSERT INTO estado (uf, nome) VALUES ('RN', 'Rio Grande do Norte');
INSERT INTO estado (uf, nome) VALUES ('RO', 'Rondônia');
INSERT INTO estado (uf, nome) VALUES ('RR', 'Roraima');
INSERT INTO estado (uf, nome) VALUES ('RS', 'Rio Grande do Sul');
INSERT INTO estado (uf, nome) VALUES ('SC', 'Santa Catarina');
INSERT INTO estado (uf, nome) VALUES ('SE', 'Sergipe');
INSERT INTO estado (uf, nome) VALUES ('SP', 'São Paulo');
INSERT INTO estado (uf, nome) VALUES ('TO', 'Tocantins');
INSERT INTO cidade (idCidade, nome, uf) VALUES ('MAP', 'Moraes das Pedras', 'AC');
INSERT INTO cidade (idCidade, nome, uf) VALUES ('PIC', 'Pinto do Campo', 'AC');
INSERT INTO cidade (idCidade, nome, uf) VALUES ('CPM', 'Campos de Minas', 'AC');
INSERT INTO cidade (idCidade, nome, uf) VALUES ('MTG', 'Mata de Goiás', 'AC');
INSERT INTO cidade (idCidade, nome, uf) VALUES ('JBS', 'Jesus de Barbosa do Sul', 'AL');
INSERT INTO cidade (idCidade, nome, uf) VALUES ('MID', 'Monteiro dos Dourados', 'AL');
INSERT INTO cidade (idCidade, nome, uf) VALUES ('BRP', 'Barros das Pedras', 'AL');
INSERT INTO cidade (idCidade, nome, uf) VALUES ('DMG', 'Duarte da Mata do Galho', 'AL');
INSERT INTO cidade (idCidade, nome, uf) VALUES ('APM', 'Azevedo Paulista de Minas', 'AL');
INSERT INTO cidade (idCidade, nome, uf) VALUES ('CAS', 'Costa do Sul', 'AL');
INSERT INTO cidade (idCidade, nome, uf) VALUES ('VDO', 'Viana dos Dourados do Oeste', 'AL');
INSERT INTO cidade (idCidade, nome, uf) VALUES ('FAG', 'Fogaça de Goiás', 'AM');
INSERT INTO cidade (idCidade, nome, uf) VALUES ('SMD', 'Silveira de Minas dos Dourados', 'AM');
INSERT INTO cidade (idCidade, nome, uf) VALUES ('LOS', 'Luz do Sul', 'AM');
INSERT INTO cidade (idCidade, nome, uf) VALUES ('PPM', 'Peixoto da Prata de Minas', 'AM');
INSERT INTO cidade (idCidade, nome, uf) VALUES ('CCS', 'Castro da Serra', 'AM');
INSERT INTO cidade (idCidade, nome, uf) VALUES ('AVG', 'Almeida Verde Grande', 'AM');
INSERT INTO cidade (idCidade, nome, uf) VALUES ('SAA', 'Santos Alegre', 'AM');
INSERT INTO cidade (idCidade, nome, uf) VALUES ('LFG', 'Lopes das Flores de Goiás', 'AM');
INSERT INTO cidade (idCidade, nome, uf) VALUES ('CAP', 'Costa da Praia', 'AM');
INSERT INTO cidade (idCidade, nome, uf) VALUES ('CRN', 'Cunha do Norte', 'AM');
INSERT INTO cidade (idCidade, nome, uf) VALUES ('FAP', 'Farias Alegre da Prata', 'AM');
INSERT INTO cidade (idCidade, nome, uf) VALUES ('MOP', 'Monteiro da Prata', 'AM');
INSERT INTO cidade (idCidade, nome, uf) VALUES ('NGA', 'Novaes de Gonçalves do Amparo', 'AM');
INSERT INTO cidade (idCidade, nome, uf) VALUES ('RPP', 'Ribeiro das Pedras da Praia', 'AM');
INSERT INTO cidade (idCidade, nome, uf) VALUES ('CCG', 'Correia de da Conceição de Goiás', 'AM');
INSERT INTO cidade (idCidade, nome, uf) VALUES ('GCS', 'Gomes de da Cruz do Sul', 'AM');
INSERT INTO cidade (idCidade, nome, uf) VALUES ('VFF', 'Viana das Flores', 'AM');
INSERT INTO cidade (idCidade, nome, uf) VALUES ('PAS', 'Paz da Serra', 'AM');
INSERT INTO cidade (idCidade, nome, uf) VALUES ('COD', 'Costa dos Dourados', 'AM');
INSERT INTO cidade (idCidade, nome, uf) VALUES ('ARG', 'Araújo de Goiás', 'AM');
INSERT INTO cidade (idCidade, nome, uf) VALUES ('NMM', 'Nogueira da Mata de Minas', 'AM');
INSERT INTO cidade (idCidade, nome, uf) VALUES ('SVP', 'Silva da Prata', 'AM');
INSERT INTO cidade (idCidade, nome, uf) VALUES ('AGP', 'Aragão do Galho das Pedras', 'AM');
INSERT INTO cidade (idCidade, nome, uf) VALUES ('RDC', 'Rosa do Campo', 'AM');
INSERT INTO cidade (idCidade, nome, uf) VALUES ('MTS', 'Mota do Sul', 'AM');
INSERT INTO cidade (idCidade, nome, uf) VALUES ('PRO', 'Pereira de Ribeiro do Oeste', 'AM');
INSERT INTO cidade (idCidade, nome, uf) VALUES ('DGN', 'Dias Grande do Norte', 'AM');
INSERT INTO cidade (idCidade, nome, uf) VALUES ('COP', 'Costa da Praia', 'AP');
INSERT INTO cidade (idCidade, nome, uf) VALUES ('CDG', 'Costa dos Dourados Grande', 'AP');
INSERT INTO cidade (idCidade, nome, uf) VALUES ('BSA', 'Barros da Serra do Amparo', 'AP');
INSERT INTO cidade (idCidade, nome, uf) VALUES ('TGP', 'Teixeira Grande Paulista', 'AP');
INSERT INTO cidade (idCidade, nome, uf) VALUES ('FSF', 'Freitas das Flores', 'BA');
INSERT INTO cidade (idCidade, nome, uf) VALUES ('BOG', 'Barros do Galho', 'BA');
INSERT INTO cidade (idCidade, nome, uf) VALUES ('FCF', 'Farias de da Conceição das Flores', 'BA');
INSERT INTO cidade (idCidade, nome, uf) VALUES ('AAS', 'Araújo do Amparo do Sul', 'BA');
INSERT INTO cidade (idCidade, nome, uf) VALUES ('RGA', 'Ramos Grande do Amparo', 'BA');
INSERT INTO cidade (idCidade, nome, uf) VALUES ('LCG', 'Luz do Campo do Galho', 'BA');
INSERT INTO cidade (idCidade, nome, uf) VALUES ('NPG', 'Nascimento de Porto Grande', 'BA');
INSERT INTO cidade (idCidade, nome, uf) VALUES ('CPA', 'Castro do Amparo', 'BA');
INSERT INTO cidade (idCidade, nome, uf) VALUES ('MMG', 'Melo do Galho', 'CE');
INSERT INTO cidade (idCidade, nome, uf) VALUES ('TDV', 'Teixeira dos Dourados Verde', 'CE');
INSERT INTO cidade (idCidade, nome, uf) VALUES ('CMM', 'Costa da Mata', 'CE');
INSERT INTO cidade (idCidade, nome, uf) VALUES ('RRA', 'Rezende Alegre', 'CE');
INSERT INTO cidade (idCidade, nome, uf) VALUES ('MFG', 'Moreira das Flores Grande', 'CE');
INSERT INTO cidade (idCidade, nome, uf) VALUES ('DSS', 'Dias da Serra da Serra', 'CE');
INSERT INTO cidade (idCidade, nome, uf) VALUES ('ARS', 'Almeida da Serra', 'CE');
INSERT INTO cidade (idCidade, nome, uf) VALUES ('MMO', 'Mendes de Minas do Oeste', 'CE');
INSERT INTO cidade (idCidade, nome, uf) VALUES ('BRS', 'Barbosa da Serra', 'CE');
INSERT INTO cidade (idCidade, nome, uf) VALUES ('DTN', 'Dias do Norte', 'DF');
INSERT INTO cidade (idCidade, nome, uf) VALUES ('RZA', 'Rezende Alegre', 'DF');
INSERT INTO cidade (idCidade, nome, uf) VALUES ('CPG', 'Cunha Paulista de Goiás', 'DF');
INSERT INTO cidade (idCidade, nome, uf) VALUES ('FVG', 'Fogaça de Viana de Goiás', 'DF');
INSERT INTO cidade (idCidade, nome, uf) VALUES ('LDO', 'Luz do Oeste', 'DF');
INSERT INTO cidade (idCidade, nome, uf) VALUES ('NEN', 'Nunes do Norte', 'DF');
INSERT INTO cidade (idCidade, nome, uf) VALUES ('PEO', 'Peixoto do Oeste', 'DF');
INSERT INTO cidade (idCidade, nome, uf) VALUES ('CPO', 'Costela da Prata do Oeste', 'DF');
INSERT INTO cidade (idCidade, nome, uf) VALUES ('SPG', 'Santos Paulista Grande', 'DF');
INSERT INTO cidade (idCidade, nome, uf) VALUES ('CPV', 'Carvalho de Porto Verde', 'DF');
INSERT INTO cidade (idCidade, nome, uf) VALUES ('OPD', 'Oliveira da Praia dos Dourados', 'DF');
INSERT INTO cidade (idCidade, nome, uf) VALUES ('FGG', 'Freitas Grande de Goiás', 'DF');
INSERT INTO cidade (idCidade, nome, uf) VALUES ('RPS', 'Rodrigues Paulista do Sul', 'DF');
INSERT INTO cidade (idCidade, nome, uf) VALUES ('TDM', 'Teixeira dos Dourados de Minas', 'DF');
INSERT INTO cidade (idCidade, nome, uf) VALUES ('CNG', 'Correia Grande', 'DF');
INSERT INTO cidade (idCidade, nome, uf) VALUES ('CRF', 'Correia das Flores', 'DF');
INSERT INTO cidade (idCidade, nome, uf) VALUES ('LSS', 'Lopes do Sul', 'ES');
INSERT INTO cidade (idCidade, nome, uf) VALUES ('LFD', 'Lopes de Fernandes dos Dourados', 'ES');
INSERT INTO cidade (idCidade, nome, uf) VALUES ('VPP', 'Vieira das Pedras da Prata', 'ES');
INSERT INTO cidade (idCidade, nome, uf) VALUES ('CIF', 'Correia das Flores', 'ES');
INSERT INTO cidade (idCidade, nome, uf) VALUES ('CDO', 'Carvalho dos Dourados do Oeste', 'ES');
INSERT INTO cidade (idCidade, nome, uf) VALUES ('FAM', 'Farias da Mata', 'ES');
INSERT INTO cidade (idCidade, nome, uf) VALUES ('RAM', 'Rodrigues da Mata', 'ES');
INSERT INTO cidade (idCidade, nome, uf) VALUES ('FNO', 'Ferreira de das Neves do Oeste', 'ES');
INSERT INTO cidade (idCidade, nome, uf) VALUES ('CRM', 'Carvalho de Rezende da Mata', 'ES');
INSERT INTO cidade (idCidade, nome, uf) VALUES ('ANM', 'Alves de Minas', 'ES');
INSERT INTO cidade (idCidade, nome, uf) VALUES ('MDP', 'Moreira da Prata', 'ES');
INSERT INTO cidade (idCidade, nome, uf) VALUES ('CAM', 'Costa do Amparo de Minas', 'ES');
INSERT INTO cidade (idCidade, nome, uf) VALUES ('CGF', 'Caldeira de Goiás das Flores', 'ES');
INSERT INTO cidade (idCidade, nome, uf) VALUES ('MCF', 'Moura de Caldeira das Flores', 'ES');
INSERT INTO cidade (idCidade, nome, uf) VALUES ('ACA', 'Alves de da Cruz do Amparo', 'ES');
INSERT INTO cidade (idCidade, nome, uf) VALUES ('NGV', 'Neves de Gomes Verde', 'ES');
INSERT INTO cidade (idCidade, nome, uf) VALUES ('BAG', 'Barbosa Grande', 'ES');
INSERT INTO cidade (idCidade, nome, uf) VALUES ('VPA', 'Vieira das Pedras do Amparo', 'ES');
INSERT INTO cidade (idCidade, nome, uf) VALUES ('PDG', 'Porto do Galho', 'ES');
INSERT INTO cidade (idCidade, nome, uf) VALUES ('MAM', 'Mata de Minas', 'ES');
INSERT INTO cidade (idCidade, nome, uf) VALUES ('TID', 'Teixeira dos Dourados', 'ES');
INSERT INTO cidade (idCidade, nome, uf) VALUES ('MDN', 'Mota do Norte', 'ES');
INSERT INTO cidade (idCidade, nome, uf) VALUES ('NOD', 'Nogueira do Oeste dos Dourados', 'GO');
INSERT INTO cidade (idCidade, nome, uf) VALUES ('SPA', 'Silva das Pedras Alegre', 'GO');
INSERT INTO cidade (idCidade, nome, uf) VALUES ('SDS', 'Silveira dos Dourados do Sul', 'GO');
INSERT INTO cidade (idCidade, nome, uf) VALUES ('COG', 'Cruz do Galho', 'GO');
INSERT INTO cidade (idCidade, nome, uf) VALUES ('RPN', 'Ribeiro de Pinto do Norte', 'GO');
INSERT INTO cidade (idCidade, nome, uf) VALUES ('AOG', 'Azevedo do Galho', 'GO');
INSERT INTO cidade (idCidade, nome, uf) VALUES ('CAA', 'Costa Alegre', 'GO');
INSERT INTO cidade (idCidade, nome, uf) VALUES ('VLS', 'Viana do Sul', 'GO');
INSERT INTO cidade (idCidade, nome, uf) VALUES ('GOP', 'Gonçalves da Praia', 'GO');
INSERT INTO cidade (idCidade, nome, uf) VALUES ('CRG', 'Cardoso do Galho', 'GO');
INSERT INTO cidade (idCidade, nome, uf) VALUES ('MOA', 'Moraes do Amparo', 'GO');
INSERT INTO cidade (idCidade, nome, uf) VALUES ('PDP', 'Porto das Pedras', 'GO');
INSERT INTO cidade (idCidade, nome, uf) VALUES ('CVP', 'Correia de Vieira Paulista', 'GO');
INSERT INTO cidade (idCidade, nome, uf) VALUES ('VIV', 'Vieira Verde', 'GO');
INSERT INTO cidade (idCidade, nome, uf) VALUES ('COS', 'Campos da Serra', 'GO');
INSERT INTO cidade (idCidade, nome, uf) VALUES ('LSG', 'Lima de Souza Grande', 'GO');
INSERT INTO cidade (idCidade, nome, uf) VALUES ('PGV', 'Peixoto de Goiás Verde', 'MA');
INSERT INTO cidade (idCidade, nome, uf) VALUES ('SSM', 'Silva de Santos de Minas', 'MA');
INSERT INTO cidade (idCidade, nome, uf) VALUES ('SEN', 'Silveira do Norte', 'MG');
INSERT INTO cidade (idCidade, nome, uf) VALUES ('TNV', 'Teixeira do Norte Verde', 'MG');
INSERT INTO cidade (idCidade, nome, uf) VALUES ('CEA', 'Cunha Alegre', 'MG');
INSERT INTO cidade (idCidade, nome, uf) VALUES ('FEA', 'Farias Alegre', 'MG');
INSERT INTO cidade (idCidade, nome, uf) VALUES ('REN', 'Rezende do Norte', 'MG');
INSERT INTO cidade (idCidade, nome, uf) VALUES ('MPP', 'Moura da Prata Paulista', 'MG');
INSERT INTO cidade (idCidade, nome, uf) VALUES ('RNN', 'Ribeiro do Norte do Norte', 'MG');
INSERT INTO cidade (idCidade, nome, uf) VALUES ('TSP', 'Teixeira das Pedras', 'MG');
INSERT INTO cidade (idCidade, nome, uf) VALUES ('PLF', 'Pereira das Flores', 'MG');
INSERT INTO cidade (idCidade, nome, uf) VALUES ('PUD', 'Paz dos Dourados', 'MG');
INSERT INTO cidade (idCidade, nome, uf) VALUES ('FGP', 'Fogaça do Galho da Praia', 'MG');
INSERT INTO cidade (idCidade, nome, uf) VALUES ('CCV', 'Cunha Verde', 'MG');
INSERT INTO cidade (idCidade, nome, uf) VALUES ('PSO', 'Pires do Sul do Oeste', 'MG');
INSERT INTO cidade (idCidade, nome, uf) VALUES ('GSP', 'Gonçalves de Silva das Pedras', 'MG');
INSERT INTO cidade (idCidade, nome, uf) VALUES ('DMM', 'Dias da Mata', 'MG');
INSERT INTO cidade (idCidade, nome, uf) VALUES ('JPV', 'Jesus da Prata Verde', 'MG');
INSERT INTO cidade (idCidade, nome, uf) VALUES ('RMP', 'Rocha da Mata da Praia', 'MG');
INSERT INTO cidade (idCidade, nome, uf) VALUES ('MNO', 'Monteiro do Norte do Oeste', 'MG');
INSERT INTO cidade (idCidade, nome, uf) VALUES ('CMP', 'Cardoso de da Mota Paulista', 'MG');
INSERT INTO cidade (idCidade, nome, uf) VALUES ('CSG', 'Caldeira do Sul do Galho', 'MG');
INSERT INTO cidade (idCidade, nome, uf) VALUES ('POD', 'Pires dos Dourados', 'MG');
INSERT INTO cidade (idCidade, nome, uf) VALUES ('AAP', 'Almeida da Praia', 'MG');
INSERT INTO cidade (idCidade, nome, uf) VALUES ('LZF', 'Luz das Flores', 'MG');
INSERT INTO cidade (idCidade, nome, uf) VALUES ('VSS', 'Vieira da Serra', 'MG');
INSERT INTO cidade (idCidade, nome, uf) VALUES ('NEA', 'Neves do Amparo', 'MG');
INSERT INTO cidade (idCidade, nome, uf) VALUES ('MNP', 'Mendes de Nunes das Pedras', 'MG');
INSERT INTO cidade (idCidade, nome, uf) VALUES ('APN', 'Aragão das Pedras do Norte', 'MG');
INSERT INTO cidade (idCidade, nome, uf) VALUES ('SSP', 'Santos das Pedras', 'MS');
INSERT INTO cidade (idCidade, nome, uf) VALUES ('REA', 'Rocha Alegre', 'MS');
INSERT INTO cidade (idCidade, nome, uf) VALUES ('MLG', 'Melo de Lima Grande', 'MS');
INSERT INTO cidade (idCidade, nome, uf) VALUES ('GDC', 'Gomes dos Dourados do Campo', 'MS');
INSERT INTO cidade (idCidade, nome, uf) VALUES ('MAA', 'Moura Alegre Alegre', 'MS');
INSERT INTO cidade (idCidade, nome, uf) VALUES ('RIF', 'Ribeiro das Flores', 'MS');
INSERT INTO cidade (idCidade, nome, uf) VALUES ('MSO', 'Moreira do Sul do Oeste', 'MS');
INSERT INTO cidade (idCidade, nome, uf) VALUES ('BVM', 'Barbosa Verde da Mata', 'MT');
INSERT INTO cidade (idCidade, nome, uf) VALUES ('SDM', 'Santos dos Dourados de Minas', 'MT');
INSERT INTO cidade (idCidade, nome, uf) VALUES ('AEA', 'Araújo Alegre', 'MT');
INSERT INTO cidade (idCidade, nome, uf) VALUES ('AAA', 'Araújo Alegre', 'MT');
INSERT INTO cidade (idCidade, nome, uf) VALUES ('NAG', 'Nogueira Grande', 'MT');
INSERT INTO cidade (idCidade, nome, uf) VALUES ('PRP', 'Pereira Paulista', 'MT');
INSERT INTO cidade (idCidade, nome, uf) VALUES ('MSS', 'Mota da Serra', 'MT');
INSERT INTO cidade (idCidade, nome, uf) VALUES ('CPS', 'Caldeira da Prata do Sul', 'MT');
INSERT INTO cidade (idCidade, nome, uf) VALUES ('CAF', 'Costa Alegre das Flores', 'MT');
INSERT INTO cidade (idCidade, nome, uf) VALUES ('MMD', 'Moura da Mata dos Dourados', 'MT');
INSERT INTO cidade (idCidade, nome, uf) VALUES ('LRA', 'Lopes de da Rocha Alegre', 'MT');
INSERT INTO cidade (idCidade, nome, uf) VALUES ('MAS', 'Moura da Serra', 'MT');
INSERT INTO cidade (idCidade, nome, uf) VALUES ('RAP', 'Rodrigues da Praia', 'MT');
INSERT INTO cidade (idCidade, nome, uf) VALUES ('DAC', 'Dias do Campo', 'MT');
INSERT INTO cidade (idCidade, nome, uf) VALUES ('PRC', 'Porto do Campo', 'MT');
INSERT INTO cidade (idCidade, nome, uf) VALUES ('CRP', 'Cardoso de Ramos da Praia', 'MT');
INSERT INTO cidade (idCidade, nome, uf) VALUES ('ANP', 'Aragão de das Neves da Praia', 'MT');
INSERT INTO cidade (idCidade, nome, uf) VALUES ('BVF', 'Barbosa de Vieira das Flores', 'MT');
INSERT INTO cidade (idCidade, nome, uf) VALUES ('POC', 'Peixoto do Campo', 'MT');
INSERT INTO cidade (idCidade, nome, uf) VALUES ('AAG', 'Azevedo Alegre Grande', 'MT');
INSERT INTO cidade (idCidade, nome, uf) VALUES ('GDS', 'Gonçalves do Sul', 'MT');
INSERT INTO cidade (idCidade, nome, uf) VALUES ('ASO', 'Azevedo da Serra do Oeste', 'MT');
INSERT INTO cidade (idCidade, nome, uf) VALUES ('PPP', 'Peixoto da Prata', 'MT');
INSERT INTO cidade (idCidade, nome, uf) VALUES ('CUS', 'Campos do Sul', 'PA');
INSERT INTO cidade (idCidade, nome, uf) VALUES ('SFO', 'Silva das Flores do Oeste', 'PA');
INSERT INTO cidade (idCidade, nome, uf) VALUES ('NCC', 'Nunes de Campos do Campo', 'PA');
INSERT INTO cidade (idCidade, nome, uf) VALUES ('BBG', 'Barbosa Grande', 'PA');
INSERT INTO cidade (idCidade, nome, uf) VALUES ('ROM', 'Rosa do Oeste de Minas', 'PA');
INSERT INTO cidade (idCidade, nome, uf) VALUES ('ACM', 'Azevedo do Campo de Minas', 'PA');
INSERT INTO cidade (idCidade, nome, uf) VALUES ('FPP', 'Freitas da Praia Paulista', 'PA');
INSERT INTO cidade (idCidade, nome, uf) VALUES ('TAD', 'Teixeira dos Dourados', 'PA');
INSERT INTO cidade (idCidade, nome, uf) VALUES ('SUP', 'Santos Paulista', 'PA');
INSERT INTO cidade (idCidade, nome, uf) VALUES ('BTA', 'Barros de Teixeira do Amparo', 'PA');
INSERT INTO cidade (idCidade, nome, uf) VALUES ('FVV', 'Farias Verde', 'PA');
INSERT INTO cidade (idCidade, nome, uf) VALUES ('SNP', 'Santos da Prata', 'PA');
INSERT INTO cidade (idCidade, nome, uf) VALUES ('LDC', 'Lima dos Dourados do Campo', 'PA');
INSERT INTO cidade (idCidade, nome, uf) VALUES ('DFP', 'Duarte das Flores Paulista', 'PB');
INSERT INTO cidade (idCidade, nome, uf) VALUES ('CCC', 'Cardoso do Campo', 'PB');
INSERT INTO cidade (idCidade, nome, uf) VALUES ('CSV', 'Costa Verde', 'PB');
INSERT INTO cidade (idCidade, nome, uf) VALUES ('GEA', 'Gonçalves Alegre', 'PB');
INSERT INTO cidade (idCidade, nome, uf) VALUES ('MOF', 'Monteiro das Flores', 'PB');
INSERT INTO cidade (idCidade, nome, uf) VALUES ('PAM', 'Pires de Minas', 'PB');
INSERT INTO cidade (idCidade, nome, uf) VALUES ('VMP', 'Vieira de Minas da Prata', 'PB');
INSERT INTO cidade (idCidade, nome, uf) VALUES ('SAP', 'Santos das Pedras', 'PB');
INSERT INTO cidade (idCidade, nome, uf) VALUES ('ARP', 'Alves da Prata', 'PB');
INSERT INTO cidade (idCidade, nome, uf) VALUES ('RSP', 'Rocha do Sul das Pedras', 'PB');
INSERT INTO cidade (idCidade, nome, uf) VALUES ('AIM', 'Alves de Minas', 'PB');
INSERT INTO cidade (idCidade, nome, uf) VALUES ('STM', 'Santos de Minas', 'PE');
INSERT INTO cidade (idCidade, nome, uf) VALUES ('VSG', 'Vieira da Serra Grande', 'PE');
INSERT INTO cidade (idCidade, nome, uf) VALUES ('NGG', 'Neves de Goiás do Galho', 'PE');
INSERT INTO cidade (idCidade, nome, uf) VALUES ('CNN', 'Correia do Norte do Norte', 'PE');
INSERT INTO cidade (idCidade, nome, uf) VALUES ('SPP', 'Silva Paulista da Prata', 'PE');
INSERT INTO cidade (idCidade, nome, uf) VALUES ('LSP', 'Lopes da Serra da Praia', 'PE');
INSERT INTO cidade (idCidade, nome, uf) VALUES ('CES', 'Caldeira da Serra', 'PE');
INSERT INTO cidade (idCidade, nome, uf) VALUES ('ARA', 'Araújo Alegre', 'PE');
INSERT INTO cidade (idCidade, nome, uf) VALUES ('TOG', 'Teixeira do Oeste do Galho', 'PE');
INSERT INTO cidade (idCidade, nome, uf) VALUES ('JDV', 'Jesus Verde', 'PE');
INSERT INTO cidade (idCidade, nome, uf) VALUES ('NDM', 'Novaes de Duarte da Mata', 'PE');
INSERT INTO cidade (idCidade, nome, uf) VALUES ('FPC', 'Fernandes das Pedras do Campo', 'PI');
INSERT INTO cidade (idCidade, nome, uf) VALUES ('SAD', 'Souza dos Dourados', 'PI');
INSERT INTO cidade (idCidade, nome, uf) VALUES ('RCC', 'Ribeiro do Campo do Campo', 'PI');
INSERT INTO cidade (idCidade, nome, uf) VALUES ('SIA', 'Silva do Amparo', 'PI');
INSERT INTO cidade (idCidade, nome, uf) VALUES ('FIP', 'Farias Paulista', 'PI');
INSERT INTO cidade (idCidade, nome, uf) VALUES ('RMD', 'Ribeiro de Moreira dos Dourados', 'PI');
INSERT INTO cidade (idCidade, nome, uf) VALUES ('SAS', 'Sales da Serra', 'PI');
INSERT INTO cidade (idCidade, nome, uf) VALUES ('MOG', 'Melo do Galho', 'PI');
INSERT INTO cidade (idCidade, nome, uf) VALUES ('AGC', 'Aragão do Campo', 'PI');
INSERT INTO cidade (idCidade, nome, uf) VALUES ('CSF', 'Costela das Flores', 'PR');
INSERT INTO cidade (idCidade, nome, uf) VALUES ('BNP', 'Barbosa do Norte das Pedras', 'PR');
INSERT INTO cidade (idCidade, nome, uf) VALUES ('AJG', 'Araújo de Goiás', 'PR');
INSERT INTO cidade (idCidade, nome, uf) VALUES ('MGD', 'Moreira Grande dos Dourados', 'PR');
INSERT INTO cidade (idCidade, nome, uf) VALUES ('JCG', 'Jesus de Campos de Goiás', 'PR');
INSERT INTO cidade (idCidade, nome, uf) VALUES ('FSD', 'Fernandes dos Dourados', 'PR');
INSERT INTO cidade (idCidade, nome, uf) VALUES ('MOD', 'Moraes dos Dourados', 'PR');
INSERT INTO cidade (idCidade, nome, uf) VALUES ('GVP', 'Gonçalves Paulista', 'PR');
INSERT INTO cidade (idCidade, nome, uf) VALUES ('NBA', 'Novaes de Barbosa Alegre', 'PR');
INSERT INTO cidade (idCidade, nome, uf) VALUES ('DDS', 'Dias da Serra', 'PR');
INSERT INTO cidade (idCidade, nome, uf) VALUES ('NNP', 'Nascimento da Praia', 'PR');
INSERT INTO cidade (idCidade, nome, uf) VALUES ('RAN', 'Ribeiro do Amparo do Norte', 'PR');
INSERT INTO cidade (idCidade, nome, uf) VALUES ('VPM', 'Viana das Pedras de Minas', 'PR');
INSERT INTO cidade (idCidade, nome, uf) VALUES ('JTM', 'Jesus da Mata', 'PR');
INSERT INTO cidade (idCidade, nome, uf) VALUES ('RAF', 'Rocha das Flores', 'PR');
INSERT INTO cidade (idCidade, nome, uf) VALUES ('RRM', 'Rocha da Mata', 'PR');
INSERT INTO cidade (idCidade, nome, uf) VALUES ('LAM', 'Lopes da Mata', 'PR');
INSERT INTO cidade (idCidade, nome, uf) VALUES ('MNN', 'Monteiro do Norte', 'PR');
INSERT INTO cidade (idCidade, nome, uf) VALUES ('MCN', 'Monteiro de Costa do Norte', 'PR');
INSERT INTO cidade (idCidade, nome, uf) VALUES ('LVD', 'Lima Verde dos Dourados', 'PR');
INSERT INTO cidade (idCidade, nome, uf) VALUES ('LMS', 'Lima do Sul', 'PR');
INSERT INTO cidade (idCidade, nome, uf) VALUES ('DIP', 'Dias das Pedras', 'PR');
INSERT INTO cidade (idCidade, nome, uf) VALUES ('CSD', 'Cunha dos Dourados', 'PR');
INSERT INTO cidade (idCidade, nome, uf) VALUES ('CZA', 'Cruz do Amparo', 'PR');
INSERT INTO cidade (idCidade, nome, uf) VALUES ('MFP', 'Mata das Flores da Praia', 'PR');
INSERT INTO cidade (idCidade, nome, uf) VALUES ('GEP', 'Gomes da Praia', 'PR');
INSERT INTO cidade (idCidade, nome, uf) VALUES ('VDS', 'Viana dos Dourados da Serra', 'PR');
INSERT INTO cidade (idCidade, nome, uf) VALUES ('PRS', 'Pires da Serra', 'PR');
INSERT INTO cidade (idCidade, nome, uf) VALUES ('REM', 'Rezende da Mata', 'PR');
INSERT INTO cidade (idCidade, nome, uf) VALUES ('CON', 'Cruz do Norte', 'RJ');
INSERT INTO cidade (idCidade, nome, uf) VALUES ('FPF', 'Ferreira da Prata das Flores', 'RJ');
INSERT INTO cidade (idCidade, nome, uf) VALUES ('CAN', 'Cardoso Alegre do Norte', 'RJ');
INSERT INTO cidade (idCidade, nome, uf) VALUES ('FDV', 'Farias dos Dourados Verde', 'RJ');
INSERT INTO cidade (idCidade, nome, uf) VALUES ('FPG', 'Fernandes Paulista de Goiás', 'RJ');
INSERT INTO cidade (idCidade, nome, uf) VALUES ('CNA', 'Cardoso do Norte do Amparo', 'RJ');
INSERT INTO cidade (idCidade, nome, uf) VALUES ('CMS', 'Costa de Monteiro da Serra', 'RJ');
INSERT INTO cidade (idCidade, nome, uf) VALUES ('APP', 'Azevedo da Prata Paulista', 'RJ');
INSERT INTO cidade (idCidade, nome, uf) VALUES ('LAV', 'Lima do Amparo Verde', 'RJ');
INSERT INTO cidade (idCidade, nome, uf) VALUES ('CGA', 'Costa de Gonçalves do Amparo', 'RJ');
INSERT INTO cidade (idCidade, nome, uf) VALUES ('NVG', 'Neves de Goiás', 'RJ');
INSERT INTO cidade (idCidade, nome, uf) VALUES ('JJN', 'Jesus do Norte', 'RJ');
INSERT INTO cidade (idCidade, nome, uf) VALUES ('CSS', 'Cardoso do Sul', 'RJ');
INSERT INTO cidade (idCidade, nome, uf) VALUES ('BAF', 'Barros das Flores', 'RJ');
INSERT INTO cidade (idCidade, nome, uf) VALUES ('CFG', 'Campos de Ferreira de Goiás', 'RJ');
INSERT INTO cidade (idCidade, nome, uf) VALUES ('FES', 'Ferreira da Serra', 'RJ');
INSERT INTO cidade (idCidade, nome, uf) VALUES ('MRN', 'Moura do Norte', 'RJ');
INSERT INTO cidade (idCidade, nome, uf) VALUES ('MPG', 'Moraes da Prata Grande', 'RJ');
INSERT INTO cidade (idCidade, nome, uf) VALUES ('PMG', 'Pires de Minas Grande', 'RJ');
INSERT INTO cidade (idCidade, nome, uf) VALUES ('RON', 'Rosa do Norte', 'RJ');
INSERT INTO cidade (idCidade, nome, uf) VALUES ('GPP', 'Gomes Paulista das Pedras', 'RJ');
INSERT INTO cidade (idCidade, nome, uf) VALUES ('FFM', 'Farias de Minas', 'RJ');
INSERT INTO cidade (idCidade, nome, uf) VALUES ('PMD', 'Porto da Mata dos Dourados', 'RN');
INSERT INTO cidade (idCidade, nome, uf) VALUES ('VPG', 'Viana de Pereira do Galho', 'RN');
INSERT INTO cidade (idCidade, nome, uf) VALUES ('LGA', 'Lima de Goiás do Amparo', 'RN');
INSERT INTO cidade (idCidade, nome, uf) VALUES ('VSM', 'Viana do Sul da Mata', 'RN');
INSERT INTO cidade (idCidade, nome, uf) VALUES ('RNM', 'Rezende da Mata', 'RN');
INSERT INTO cidade (idCidade, nome, uf) VALUES ('CTV', 'Costa Verde', 'RN');
INSERT INTO cidade (idCidade, nome, uf) VALUES ('AAC', 'Alves do Campo', 'RN');
INSERT INTO cidade (idCidade, nome, uf) VALUES ('SRN', 'Sales do Norte', 'RN');
INSERT INTO cidade (idCidade, nome, uf) VALUES ('APF', 'Azevedo de da Paz das Flores', 'RN');
INSERT INTO cidade (idCidade, nome, uf) VALUES ('TCD', 'Teixeira do Campo dos Dourados', 'RN');
INSERT INTO cidade (idCidade, nome, uf) VALUES ('GCM', 'Gonçalves de Costela de Minas', 'RN');
INSERT INTO cidade (idCidade, nome, uf) VALUES ('SLS', 'Silva do Sul', 'RN');
INSERT INTO cidade (idCidade, nome, uf) VALUES ('RMM', 'Rodrigues da Mata de Minas', 'RN');
INSERT INTO cidade (idCidade, nome, uf) VALUES ('RIP', 'Ribeiro Paulista', 'RN');
INSERT INTO cidade (idCidade, nome, uf) VALUES ('NAS', 'Novaes do Amparo da Serra', 'RN');
INSERT INTO cidade (idCidade, nome, uf) VALUES ('SGG', 'Santos de Goiás do Galho', 'RN');
INSERT INTO cidade (idCidade, nome, uf) VALUES ('CTC', 'Cavalcanti de Teixeira do Campo', 'RN');
INSERT INTO cidade (idCidade, nome, uf) VALUES ('SGO', 'Silveira Grande do Oeste', 'RN');
INSERT INTO cidade (idCidade, nome, uf) VALUES ('MCP', 'Monteiro de Castro da Praia', 'RN');
INSERT INTO cidade (idCidade, nome, uf) VALUES ('CFA', 'Costela das Flores do Amparo', 'RN');
INSERT INTO cidade (idCidade, nome, uf) VALUES ('VRP', 'Vieira das Pedras', 'RN');
INSERT INTO cidade (idCidade, nome, uf) VALUES ('CSP', 'Cardoso da Praia', 'RN');
INSERT INTO cidade (idCidade, nome, uf) VALUES ('MTM', 'Melo da Mata', 'RO');
INSERT INTO cidade (idCidade, nome, uf) VALUES ('LAP', 'Luz de Aragão das Pedras', 'RO');
INSERT INTO cidade (idCidade, nome, uf) VALUES ('MNC', 'Monteiro do Campo', 'RO');
INSERT INTO cidade (idCidade, nome, uf) VALUES ('VSV', 'Viana do Sul Verde', 'RO');
INSERT INTO cidade (idCidade, nome, uf) VALUES ('PEV', 'Pereira Verde', 'RO');
INSERT INTO cidade (idCidade, nome, uf) VALUES ('ASC', 'Alves da Serra do Campo', 'RO');
INSERT INTO cidade (idCidade, nome, uf) VALUES ('CGN', 'Cavalcanti Grande do Norte', 'RO');
INSERT INTO cidade (idCidade, nome, uf) VALUES ('SGP', 'Silva de Goiás Paulista', 'RO');
INSERT INTO cidade (idCidade, nome, uf) VALUES ('MGG', 'Moreira Grande', 'RO');
INSERT INTO cidade (idCidade, nome, uf) VALUES ('FNP', 'Farias do Norte da Prata', 'RO');
INSERT INTO cidade (idCidade, nome, uf) VALUES ('MFO', 'Moreira de Farias do Oeste', 'RO');
INSERT INTO cidade (idCidade, nome, uf) VALUES ('ADG', 'Almeida dos Dourados do Galho', 'RO');
INSERT INTO cidade (idCidade, nome, uf) VALUES ('RDP', 'Rodrigues dos Dourados Paulista', 'RO');
INSERT INTO cidade (idCidade, nome, uf) VALUES ('PNN', 'Pinto do Norte', 'RO');
INSERT INTO cidade (idCidade, nome, uf) VALUES ('NDS', 'Nascimento do Sul', 'RO');
INSERT INTO cidade (idCidade, nome, uf) VALUES ('ROG', 'Rocha do Galho', 'RO');
INSERT INTO cidade (idCidade, nome, uf) VALUES ('NOA', 'Nogueira Alegre', 'RO');
INSERT INTO cidade (idCidade, nome, uf) VALUES ('NMP', 'Neves da Mata das Pedras', 'RO');
INSERT INTO cidade (idCidade, nome, uf) VALUES ('JGC', 'Jesus de Gonçalves do Campo', 'RO');
INSERT INTO cidade (idCidade, nome, uf) VALUES ('SPD', 'Sales das Pedras dos Dourados', 'RO');
INSERT INTO cidade (idCidade, nome, uf) VALUES ('JPG', 'Jesus Paulista do Galho', 'RO');
INSERT INTO cidade (idCidade, nome, uf) VALUES ('FMM', 'Ferreira de Minas', 'RO');
INSERT INTO cidade (idCidade, nome, uf) VALUES ('LDM', 'Luz de Minas', 'RO');
INSERT INTO cidade (idCidade, nome, uf) VALUES ('PMM', 'Peixoto de Minas', 'RO');
INSERT INTO cidade (idCidade, nome, uf) VALUES ('VNV', 'Viana Verde', 'RO');
INSERT INTO cidade (idCidade, nome, uf) VALUES ('NAP', 'Neves Alegre da Prata', 'RO');
INSERT INTO cidade (idCidade, nome, uf) VALUES ('CSC', 'Cardoso do Sul do Campo', 'RR');
INSERT INTO cidade (idCidade, nome, uf) VALUES ('CTM', 'Cavalcanti da Mata', 'RR');
INSERT INTO cidade (idCidade, nome, uf) VALUES ('GSV', 'Gomes do Sul Verde', 'RR');
INSERT INTO cidade (idCidade, nome, uf) VALUES ('ROF', 'Rocha do Oeste das Flores', 'RR');
INSERT INTO cidade (idCidade, nome, uf) VALUES ('BMP', 'Barbosa de Melo Paulista', 'RR');
INSERT INTO cidade (idCidade, nome, uf) VALUES ('FAC', 'Fogaça Alegre do Campo', 'RR');
INSERT INTO cidade (idCidade, nome, uf) VALUES ('CNP', 'Conceição Paulista', 'RR');
INSERT INTO cidade (idCidade, nome, uf) VALUES ('LGV', 'Lima do Galho Verde', 'RR');
INSERT INTO cidade (idCidade, nome, uf) VALUES ('MNM', 'Moreira do Norte da Mata', 'RR');
INSERT INTO cidade (idCidade, nome, uf) VALUES ('NSP', 'Nascimento Paulista', 'RR');
INSERT INTO cidade (idCidade, nome, uf) VALUES ('CCA', 'Correia do Campo do Amparo', 'RR');
INSERT INTO cidade (idCidade, nome, uf) VALUES ('LMP', 'Luz da Mata da Prata', 'RR');
INSERT INTO cidade (idCidade, nome, uf) VALUES ('RAA', 'Rezende Alegre Alegre', 'RR');
INSERT INTO cidade (idCidade, nome, uf) VALUES ('PPN', 'Pires do Norte', 'RR');
INSERT INTO cidade (idCidade, nome, uf) VALUES ('GGS', 'Gomes de Goiás da Serra', 'RS');
INSERT INTO cidade (idCidade, nome, uf) VALUES ('MCC', 'Mota de Costela do Campo', 'RS');
INSERT INTO cidade (idCidade, nome, uf) VALUES ('NSN', 'Nascimento do Norte', 'RS');
INSERT INTO cidade (idCidade, nome, uf) VALUES ('NVV', 'Nunes Verde', 'RS');
INSERT INTO cidade (idCidade, nome, uf) VALUES ('AGA', 'Araújo de Goiás Alegre', 'RS');
INSERT INTO cidade (idCidade, nome, uf) VALUES ('MSF', 'Mendes das Flores', 'RS');
INSERT INTO cidade (idCidade, nome, uf) VALUES ('RVP', 'Rodrigues Verde da Praia', 'RS');
INSERT INTO cidade (idCidade, nome, uf) VALUES ('CDC', 'Cardoso do Campo', 'RS');
INSERT INTO cidade (idCidade, nome, uf) VALUES ('CSM', 'Castro do Sul de Minas', 'RS');
INSERT INTO cidade (idCidade, nome, uf) VALUES ('CPD', 'Campos dos Dourados', 'RS');
INSERT INTO cidade (idCidade, nome, uf) VALUES ('BTP', 'Barros da Prata', 'RS');
INSERT INTO cidade (idCidade, nome, uf) VALUES ('CRO', 'Carvalho do Oeste', 'RS');
INSERT INTO cidade (idCidade, nome, uf) VALUES ('CRC', 'Cruz do Campo', 'RS');
INSERT INTO cidade (idCidade, nome, uf) VALUES ('CGS', 'Costela do Galho do Sul', 'RS');
INSERT INTO cidade (idCidade, nome, uf) VALUES ('ASF', 'Azevedo das Flores', 'RS');
INSERT INTO cidade (idCidade, nome, uf) VALUES ('CRS', 'Caldeira do Sul', 'RS');
INSERT INTO cidade (idCidade, nome, uf) VALUES ('OAS', 'Oliveira da Serra', 'RS');
INSERT INTO cidade (idCidade, nome, uf) VALUES ('RSM', 'Rocha de Minas', 'RS');
INSERT INTO cidade (idCidade, nome, uf) VALUES ('LPG', 'Lima Paulista Grande', 'RS');
INSERT INTO cidade (idCidade, nome, uf) VALUES ('MIA', 'Martins Alegre', 'RS');
INSERT INTO cidade (idCidade, nome, uf) VALUES ('RSD', 'Rodrigues da Serra dos Dourados', 'RS');
INSERT INTO cidade (idCidade, nome, uf) VALUES ('NLG', 'Nogueira do Galho', 'RS');
INSERT INTO cidade (idCidade, nome, uf) VALUES ('SRG', 'Silveira de Goiás', 'RS');
INSERT INTO cidade (idCidade, nome, uf) VALUES ('OMM', 'Oliveira da Mata de Minas', 'RS');
INSERT INTO cidade (idCidade, nome, uf) VALUES ('MRS', 'Mendes da Serra', 'SC');
INSERT INTO cidade (idCidade, nome, uf) VALUES ('VLP', 'Viana Paulista', 'SC');
INSERT INTO cidade (idCidade, nome, uf) VALUES ('RPO', 'Rodrigues das Pedras do Oeste', 'SC');
INSERT INTO cidade (idCidade, nome, uf) VALUES ('COO', 'Campos do Oeste', 'SC');
INSERT INTO cidade (idCidade, nome, uf) VALUES ('FAA', 'Farias Alegre', 'SC');
INSERT INTO cidade (idCidade, nome, uf) VALUES ('NNM', 'Nunes da Mata', 'SC');
INSERT INTO cidade (idCidade, nome, uf) VALUES ('CGC', 'Cavalcanti de Goiás do Campo', 'SC');
INSERT INTO cidade (idCidade, nome, uf) VALUES ('MDM', 'Mota dos Dourados da Mata', 'SC');
INSERT INTO cidade (idCidade, nome, uf) VALUES ('LAS', 'Lima do Sul', 'SE');
INSERT INTO cidade (idCidade, nome, uf) VALUES ('FOD', 'Fogaça do Oeste dos Dourados', 'SE');
INSERT INTO cidade (idCidade, nome, uf) VALUES ('NIP', 'Nogueira da Prata', 'SE');
INSERT INTO cidade (idCidade, nome, uf) VALUES ('COF', 'Cardoso das Flores', 'SE');
INSERT INTO cidade (idCidade, nome, uf) VALUES ('CAG', 'Cardoso Grande', 'SE');
INSERT INTO cidade (idCidade, nome, uf) VALUES ('GMC', 'Gonçalves de Minas do Campo', 'SE');
INSERT INTO cidade (idCidade, nome, uf) VALUES ('BAS', 'Barbosa do Amparo da Serra', 'SE');
INSERT INTO cidade (idCidade, nome, uf) VALUES ('FDF', 'Fogaça das Flores', 'SE');
INSERT INTO cidade (idCidade, nome, uf) VALUES ('BON', 'Barbosa do Oeste do Norte', 'SE');
INSERT INTO cidade (idCidade, nome, uf) VALUES ('SLV', 'Sales Verde', 'SE');
INSERT INTO cidade (idCidade, nome, uf) VALUES ('MIG', 'Moreira Grande', 'SE');
INSERT INTO cidade (idCidade, nome, uf) VALUES ('COA', 'Cardoso do Amparo', 'SE');
INSERT INTO cidade (idCidade, nome, uf) VALUES ('RSC', 'Ramos de Souza do Campo', 'SE');
INSERT INTO cidade (idCidade, nome, uf) VALUES ('AAM', 'Aragão da Mata', 'SE');
INSERT INTO cidade (idCidade, nome, uf) VALUES ('CCP', 'Caldeira de Correia da Praia', 'SE');
INSERT INTO cidade (idCidade, nome, uf) VALUES ('NGS', 'Nascimento de Goiás do Sul', 'SP');
INSERT INTO cidade (idCidade, nome, uf) VALUES ('FRC', 'Ferreira do Campo', 'SP');
INSERT INTO cidade (idCidade, nome, uf) VALUES ('FNG', 'Fernandes do Galho', 'SP');
INSERT INTO cidade (idCidade, nome, uf) VALUES ('RCG', 'Rocha de Goiás', 'SP');
INSERT INTO cidade (idCidade, nome, uf) VALUES ('PMA', 'Porto de Minas Alegre', 'SP');
INSERT INTO cidade (idCidade, nome, uf) VALUES ('NDC', 'Neves dos Dourados do Campo', 'SP');
INSERT INTO cidade (idCidade, nome, uf) VALUES ('CDA', 'Cunha dos Dourados do Amparo', 'SP');
INSERT INTO cidade (idCidade, nome, uf) VALUES ('CGP', 'Cunha de Goiás Paulista', 'SP');
INSERT INTO cidade (idCidade, nome, uf) VALUES ('NCP', 'Nunes do Campo das Pedras', 'SP');
INSERT INTO cidade (idCidade, nome, uf) VALUES ('PEA', 'Paz Alegre', 'SP');
INSERT INTO cidade (idCidade, nome, uf) VALUES ('COM', 'Conceição de Minas', 'TO');
INSERT INTO cidade (idCidade, nome, uf) VALUES ('DPG', 'Duarte de Porto Grande', 'TO');
INSERT INTO cidade (idCidade, nome, uf) VALUES ('MPD', 'Martins da Praia dos Dourados', 'TO');
INSERT INTO cidade (idCidade, nome, uf) VALUES ('SLP', 'Sales das Pedras', 'TO');
INSERT INTO cidade (idCidade, nome, uf) VALUES ('CPP', 'Costa da Prata Paulista', 'TO');
INSERT INTO tipo (idTipo, descricao) VALUES (1, 'automóvel');
INSERT INTO tipo (idTipo, descricao) VALUES (2, 'motocicleta');
INSERT INTO tipo (idTipo, descricao) VALUES (3, 'caminhão');
INSERT INTO marca (idMarca, nome, origem) VALUES (1, 'CHEVROLET', 'Barein');
INSERT INTO marca (idMarca, nome, origem) VALUES (2, 'VOLKSWAGEN', 'Suécia');
INSERT INTO marca (idMarca, nome, origem) VALUES (3, 'FIAT', 'Botsuana');
INSERT INTO marca (idMarca, nome, origem) VALUES (4, 'MERCEDES-BENZ', 'Itália');
INSERT INTO marca (idMarca, nome, origem) VALUES (5, 'CITROEN', 'Jordânia');
INSERT INTO marca (idMarca, nome, origem) VALUES (6, 'CHANA', 'Tanzânia');
INSERT INTO marca (idMarca, nome, origem) VALUES (7, 'HONDA', 'Polinésia Francesa');
INSERT INTO marca (idMarca, nome, origem) VALUES (8, 'SUBARU', 'Paracel Islands');
INSERT INTO marca (idMarca, nome, origem) VALUES (10, 'FERRARI', 'Catar');
INSERT INTO marca (idMarca, nome, origem) VALUES (11, 'BUGATTI', 'Ilha do Natal');
INSERT INTO marca (idMarca, nome, origem) VALUES (12, 'LAMBORGHINI', 'Comores');
INSERT INTO marca (idMarca, nome, origem) VALUES (13, 'FORD', 'Estônia');
INSERT INTO marca (idMarca, nome, origem) VALUES (14, 'HYUNDAI', 'Noruega');
INSERT INTO marca (idMarca, nome, origem) VALUES (15, 'JAC', 'Egito');
INSERT INTO marca (idMarca, nome, origem) VALUES (16, 'KIA', 'Quiribáti');
INSERT INTO marca (idMarca, nome, origem) VALUES (17, 'GURGEL', 'Lituânia');
INSERT INTO marca (idMarca, nome, origem) VALUES (18, 'DODGE', 'Navassa Island');
INSERT INTO marca (idMarca, nome, origem) VALUES (19, 'CHRYSLER', 'Venezuela');
INSERT INTO marca (idMarca, nome, origem) VALUES (20, 'BENTLEY', 'Ilha Bouvet');
INSERT INTO marca (idMarca, nome, origem) VALUES (21, 'SSANGYONG', 'Equador');
INSERT INTO marca (idMarca, nome, origem) VALUES (22, 'PEUGEOT', 'Brunei');
INSERT INTO marca (idMarca, nome, origem) VALUES (23, 'TOYOTA', 'Dhekelia');
INSERT INTO marca (idMarca, nome, origem) VALUES (24, 'RENAULT', 'Santa Helena');
INSERT INTO marca (idMarca, nome, origem) VALUES (25, 'ACURA', 'Timor Leste');
INSERT INTO marca (idMarca, nome, origem) VALUES (26, 'ADAMO', 'Dinamarca');
INSERT INTO marca (idMarca, nome, origem) VALUES (27, 'AGRALE', 'Zimbabué');
INSERT INTO marca (idMarca, nome, origem) VALUES (28, 'ALFA ROMEO', 'Colômbia');
INSERT INTO marca (idMarca, nome, origem) VALUES (29, 'AMERICAR', 'Lesoto');
INSERT INTO marca (idMarca, nome, origem) VALUES (31, 'ASTON MARTIN', 'Cazaquistão');
INSERT INTO marca (idMarca, nome, origem) VALUES (32, 'AUDI', 'Ashmore and Cartier Islands');
INSERT INTO marca (idMarca, nome, origem) VALUES (34, 'BEACH', 'Chile');
INSERT INTO marca (idMarca, nome, origem) VALUES (35, 'BIANCO', 'Japão');
INSERT INTO marca (idMarca, nome, origem) VALUES (36, 'BMW', 'Eritreia');
INSERT INTO marca (idMarca, nome, origem) VALUES (37, 'BORGWARD', 'Panamá');
INSERT INTO marca (idMarca, nome, origem) VALUES (38, 'BRILLIANCE', 'Usbequistão');
INSERT INTO marca (idMarca, nome, origem) VALUES (41, 'BUICK', 'Vietnam');
INSERT INTO marca (idMarca, nome, origem) VALUES (42, 'CBT', 'Barein');
INSERT INTO marca (idMarca, nome, origem) VALUES (43, 'NISSAN', 'Irlanda');
INSERT INTO marca (idMarca, nome, origem) VALUES (44, 'CHAMONIX', 'Zâmbia');
INSERT INTO marca (idMarca, nome, origem) VALUES (46, 'CHEDA', 'Tailândia');
INSERT INTO marca (idMarca, nome, origem) VALUES (47, 'CHERY', 'Uganda');
INSERT INTO marca (idMarca, nome, origem) VALUES (48, 'CORD', 'Austrália');
INSERT INTO marca (idMarca, nome, origem) VALUES (49, 'COYOTE', 'Cabo Verde');
INSERT INTO marca (idMarca, nome, origem) VALUES (50, 'CROSS LANDER', 'Burquina Faso');
INSERT INTO marca (idMarca, nome, origem) VALUES (51, 'DAEWOO', 'Comores');
INSERT INTO marca (idMarca, nome, origem) VALUES (52, 'DAIHATSU', 'República Checa');
INSERT INTO marca (idMarca, nome, origem) VALUES (53, 'VOLVO', 'Butão');
INSERT INTO marca (idMarca, nome, origem) VALUES (54, 'DE SOTO', 'Ucrânia');
INSERT INTO marca (idMarca, nome, origem) VALUES (55, 'DETOMAZO', 'Ilhas Cook');
INSERT INTO marca (idMarca, nome, origem) VALUES (56, 'DELOREAN', 'Seicheles');
INSERT INTO marca (idMarca, nome, origem) VALUES (57, 'DKW-VEMAG', 'Taiwan');
INSERT INTO marca (idMarca, nome, origem) VALUES (59, 'SUZUKI', 'Pitcairn');
INSERT INTO marca (idMarca, nome, origem) VALUES (60, 'EAGLE', 'Nova Caledónia');
INSERT INTO marca (idMarca, nome, origem) VALUES (61, 'EFFA', 'Alemanha');
INSERT INTO marca (idMarca, nome, origem) VALUES (63, 'ENGESA', 'Eslováquia');
INSERT INTO marca (idMarca, nome, origem) VALUES (64, 'ENVEMO', 'Ilhas dos Cocos');
INSERT INTO marca (idMarca, nome, origem) VALUES (65, 'FARUS', 'Macau');
INSERT INTO marca (idMarca, nome, origem) VALUES (66, 'FERCAR', 'Anguila');
INSERT INTO marca (idMarca, nome, origem) VALUES (68, 'FNM', 'Domínica');
INSERT INTO marca (idMarca, nome, origem) VALUES (69, 'PONTIAC', 'Eritreia');
INSERT INTO marca (idMarca, nome, origem) VALUES (70, 'PORSCHE', 'Honduras');
INSERT INTO marca (idMarca, nome, origem) VALUES (72, 'GEO', 'Polônia');
INSERT INTO marca (idMarca, nome, origem) VALUES (74, 'GRANCAR', 'Áustria');
INSERT INTO marca (idMarca, nome, origem) VALUES (75, 'GREAT WALL', 'México');
INSERT INTO marca (idMarca, nome, origem) VALUES (76, 'HAFEI', 'Suazilândia');
INSERT INTO marca (idMarca, nome, origem) VALUES (78, 'HOFSTETTER', 'Namíbia');
INSERT INTO marca (idMarca, nome, origem) VALUES (79, 'HUDSON', 'Guiné-Bissau');
INSERT INTO marca (idMarca, nome, origem) VALUES (80, 'HUMMER', 'Territórios Austrais Franceses');
INSERT INTO marca (idMarca, nome, origem) VALUES (82, 'INFINITI', 'Argélia');
INSERT INTO marca (idMarca, nome, origem) VALUES (83, 'INTERNATIONAL', 'Vanuatu');
INSERT INTO marca (idMarca, nome, origem) VALUES (86, 'JAGUAR', 'Tunísia');
INSERT INTO marca (idMarca, nome, origem) VALUES (87, 'JEEP', 'Bielorrússia');
INSERT INTO marca (idMarca, nome, origem) VALUES (88, 'JINBEI', 'Trindade e Tobago');
INSERT INTO marca (idMarca, nome, origem) VALUES (89, 'JPX', 'Albânia');
INSERT INTO marca (idMarca, nome, origem) VALUES (90, 'KAISER', 'Ilhas Marshall');
INSERT INTO marca (idMarca, nome, origem) VALUES (91, 'KOENIGSEGG', 'Suazilândia');
INSERT INTO marca (idMarca, nome, origem) VALUES (92, 'LAUTOMOBILE', 'Malta');
INSERT INTO marca (idMarca, nome, origem) VALUES (93, 'LAUTOCRAFT', 'Costa Rica');
INSERT INTO marca (idMarca, nome, origem) VALUES (94, 'LADA', 'Tanzânia');
INSERT INTO marca (idMarca, nome, origem) VALUES (95, 'LANCIA', 'Moldávia');
INSERT INTO marca (idMarca, nome, origem) VALUES (96, 'LAND ROVER', 'Gronelândia');
INSERT INTO marca (idMarca, nome, origem) VALUES (97, 'LEXUS', 'Papua-Nova Guiné');
INSERT INTO marca (idMarca, nome, origem) VALUES (98, 'LIFAN', 'Wallis e Futuna');
INSERT INTO marca (idMarca, nome, origem) VALUES (99, 'LINCOLN', 'Austrália');
INSERT INTO marca (idMarca, nome, origem) VALUES (100, 'LOBINI', 'Geórgia do Sul e Sandwich do Sul');
INSERT INTO marca (idMarca, nome, origem) VALUES (101, 'LOTUS', 'Guiné');
INSERT INTO marca (idMarca, nome, origem) VALUES (102, 'MAHINDRA', 'Nova Caledónia');
INSERT INTO marca (idMarca, nome, origem) VALUES (104, 'MASERATI', 'Andorra');
INSERT INTO marca (idMarca, nome, origem) VALUES (106, 'MATRA', 'Ucrânia');
INSERT INTO marca (idMarca, nome, origem) VALUES (107, 'MAYBACH', 'Países Baixos');
INSERT INTO marca (idMarca, nome, origem) VALUES (108, 'MAZDA', 'África do Sul');
INSERT INTO marca (idMarca, nome, origem) VALUES (109, 'MENON', 'Bielorrússia');
INSERT INTO marca (idMarca, nome, origem) VALUES (110, 'MERCURY', 'Hong Kong');
INSERT INTO marca (idMarca, nome, origem) VALUES (111, 'MITSUBISHI', 'Santa Lúcia');
INSERT INTO marca (idMarca, nome, origem) VALUES (112, 'MG', 'São Pedro e Miquelon');
INSERT INTO marca (idMarca, nome, origem) VALUES (113, 'MINI', 'Samoa Americana');
INSERT INTO marca (idMarca, nome, origem) VALUES (114, 'MIURA', 'Equador');
INSERT INTO marca (idMarca, nome, origem) VALUES (115, 'MORRIS', 'Micronésia');
INSERT INTO marca (idMarca, nome, origem) VALUES (116, 'MP LAFER', 'Áustria');
INSERT INTO marca (idMarca, nome, origem) VALUES (117, 'MPLM', 'Japão');
INSERT INTO marca (idMarca, nome, origem) VALUES (118, 'NEWTRACK', 'Seicheles');
INSERT INTO marca (idMarca, nome, origem) VALUES (119, 'NISSIN', 'Brunei');
INSERT INTO marca (idMarca, nome, origem) VALUES (120, 'OLDSMOBILE', 'Tuvalu');
INSERT INTO marca (idMarca, nome, origem) VALUES (121, 'PAG', 'Palau');
INSERT INTO marca (idMarca, nome, origem) VALUES (122, 'PAGANI', 'Coreia do Norte');
INSERT INTO marca (idMarca, nome, origem) VALUES (123, 'PLYMOUTH', 'Moçambique');
INSERT INTO marca (idMarca, nome, origem) VALUES (124, 'PUMA', 'Nova Zelândia');
INSERT INTO marca (idMarca, nome, origem) VALUES (125, 'RENO', 'Panamá');
INSERT INTO marca (idMarca, nome, origem) VALUES (126, 'REVA-I', 'Bósnia e Herzegovina');
INSERT INTO marca (idMarca, nome, origem) VALUES (127, 'ROLLS-ROYCE', 'Burundi');
INSERT INTO marca (idMarca, nome, origem) VALUES (129, 'ROMI', 'Niue');
INSERT INTO marca (idMarca, nome, origem) VALUES (130, 'SEAT', 'Costa do Marfim');
INSERT INTO marca (idMarca, nome, origem) VALUES (131, 'UTILITARIOS AGRICOLAS', 'Líbia');
INSERT INTO marca (idMarca, nome, origem) VALUES (132, 'SHINERAY', 'Congo-Kinshasa');
INSERT INTO marca (idMarca, nome, origem) VALUES (137, 'SAAB', 'São Cristóvão e Neves');
INSERT INTO marca (idMarca, nome, origem) VALUES (139, 'SHORT', 'Ruanda');
INSERT INTO marca (idMarca, nome, origem) VALUES (141, 'SIMCA', 'Nepal');
INSERT INTO marca (idMarca, nome, origem) VALUES (142, 'SMART', 'Egito');
INSERT INTO marca (idMarca, nome, origem) VALUES (143, 'SPYKER', 'Haiti');
INSERT INTO marca (idMarca, nome, origem) VALUES (144, 'STANDARD', 'Ilha do Natal');
INSERT INTO marca (idMarca, nome, origem) VALUES (145, 'STUDEBAKER', 'Akrotiri');
INSERT INTO marca (idMarca, nome, origem) VALUES (146, 'TAC', 'Paquistão');
INSERT INTO marca (idMarca, nome, origem) VALUES (147, 'TANGER', 'Ilhas Virgens Britânicas');
INSERT INTO marca (idMarca, nome, origem) VALUES (148, 'TRIUMPH', 'Polinésia Francesa');
INSERT INTO marca (idMarca, nome, origem) VALUES (149, 'TROLLER', 'Guatemala');
INSERT INTO marca (idMarca, nome, origem) VALUES (150, 'UNIMOG', 'Monserrate');
INSERT INTO marca (idMarca, nome, origem) VALUES (154, 'WIESMANN', 'Tanzânia');
INSERT INTO marca (idMarca, nome, origem) VALUES (155, 'CADILLAC', 'Belize');
INSERT INTO marca (idMarca, nome, origem) VALUES (156, 'AM GEN', 'Samoa Americana');
INSERT INTO marca (idMarca, nome, origem) VALUES (157, 'BUGGY', 'Svalbard e Jan Mayen');
INSERT INTO marca (idMarca, nome, origem) VALUES (158, 'WILLYS OVERLAND', 'Nauru');
INSERT INTO marca (idMarca, nome, origem) VALUES (161, 'KASEA', 'Guatemala');
INSERT INTO marca (idMarca, nome, origem) VALUES (162, 'SATURN', 'Itália');
INSERT INTO marca (idMarca, nome, origem) VALUES (163, 'SWELL MINI', 'Nicarágua');
INSERT INTO marca (idMarca, nome, origem) VALUES (175, 'SKODA', 'Man, Isle of');
INSERT INTO marca (idMarca, nome, origem) VALUES (239, 'KARMANN GHIA', 'São Tomé e Príncipe');
INSERT INTO marca (idMarca, nome, origem) VALUES (254, 'KART', 'Jan Mayen');
INSERT INTO marca (idMarca, nome, origem) VALUES (258, 'HANOMAG', 'Guiné Equatorial');
INSERT INTO marca (idMarca, nome, origem) VALUES (261, 'OUTROS', 'Equador');
INSERT INTO marca (idMarca, nome, origem) VALUES (265, 'HILLMAN', 'Senegal');
INSERT INTO marca (idMarca, nome, origem) VALUES (288, 'HRG', 'Burquina Faso');
INSERT INTO marca (idMarca, nome, origem) VALUES (295, 'GAIOLA', 'Monserrate');
INSERT INTO marca (idMarca, nome, origem) VALUES (338, 'TATA', 'Santa Lúcia');
INSERT INTO marca (idMarca, nome, origem) VALUES (341, 'DITALLY', 'Tunísia');
INSERT INTO marca (idMarca, nome, origem) VALUES (345, 'RELY', 'Tunísia');
INSERT INTO marca (idMarca, nome, origem) VALUES (346, 'MCLAREN', 'Noruega');
INSERT INTO marca (idMarca, nome, origem) VALUES (534, 'GEELY', 'Guiana');
INSERT INTO marca (idMarca, nome, origem) VALUES (133, 'KASINSKI', 'Madagáscar');
INSERT INTO marca (idMarca, nome, origem) VALUES (135, 'YAMAHA', 'Zâmbia');
INSERT INTO marca (idMarca, nome, origem) VALUES (136, 'GARINNI', 'Egito');
INSERT INTO marca (idMarca, nome, origem) VALUES (140, 'SUNDOWN', 'Costa do Marfim');
INSERT INTO marca (idMarca, nome, origem) VALUES (170, 'KAWASAKI', 'São Vicente e Granadinas');
INSERT INTO marca (idMarca, nome, origem) VALUES (171, 'POLARIS', 'Uganda');
INSERT INTO marca (idMarca, nome, origem) VALUES (176, 'ADLY', 'Sérvia');
INSERT INTO marca (idMarca, nome, origem) VALUES (177, 'AMAZONAS', 'Portugal');
INSERT INTO marca (idMarca, nome, origem) VALUES (178, 'APRILIA', 'Geórgia');
INSERT INTO marca (idMarca, nome, origem) VALUES (179, 'ATALA', 'Chipre');
INSERT INTO marca (idMarca, nome, origem) VALUES (180, 'BAJAJ', 'Samoa');
INSERT INTO marca (idMarca, nome, origem) VALUES (181, 'BENELLI', 'Clipperton Island');
INSERT INTO marca (idMarca, nome, origem) VALUES (182, 'BETA', 'Estônia');
INSERT INTO marca (idMarca, nome, origem) VALUES (183, 'BIMOTA', 'Aruba');
INSERT INTO marca (idMarca, nome, origem) VALUES (184, 'BRANDY', 'Lesoto');
INSERT INTO marca (idMarca, nome, origem) VALUES (185, 'BRAVA', 'Uruguai');
INSERT INTO marca (idMarca, nome, origem) VALUES (186, 'BRP', 'Território Britânico do Oceano Índico');
INSERT INTO marca (idMarca, nome, origem) VALUES (187, 'BUELL', 'Bangladesh');
INSERT INTO marca (idMarca, nome, origem) VALUES (188, 'BUENO', 'Guiné');
INSERT INTO marca (idMarca, nome, origem) VALUES (190, 'CAGIVA', 'Bolívia');
INSERT INTO marca (idMarca, nome, origem) VALUES (191, 'MOBILETE', 'Porto Rico');
INSERT INTO marca (idMarca, nome, origem) VALUES (192, 'DAELIM', 'Angola');
INSERT INTO marca (idMarca, nome, origem) VALUES (193, 'DAFRA', 'União Europeia');
INSERT INTO marca (idMarca, nome, origem) VALUES (194, 'DAYANG', 'Domínica');
INSERT INTO marca (idMarca, nome, origem) VALUES (195, 'DAYUN', 'Angola');
INSERT INTO marca (idMarca, nome, origem) VALUES (196, 'DERBI', 'Singapura');
INSERT INTO marca (idMarca, nome, origem) VALUES (197, 'DUCATI', 'Akrotiri');
INSERT INTO marca (idMarca, nome, origem) VALUES (198, 'EMME', 'Costa Rica');
INSERT INTO marca (idMarca, nome, origem) VALUES (200, 'FYM', 'Santa Lúcia');
INSERT INTO marca (idMarca, nome, origem) VALUES (201, 'GAS GAS', 'Ucrânia');
INSERT INTO marca (idMarca, nome, origem) VALUES (202, 'GREEN', 'Noruega');
INSERT INTO marca (idMarca, nome, origem) VALUES (203, 'HAOBAO', 'São Cristóvão e Neves');
INSERT INTO marca (idMarca, nome, origem) VALUES (204, 'HARLEY-DAVIDSON', 'Santa Helena');
INSERT INTO marca (idMarca, nome, origem) VALUES (205, 'HARTFORD', 'Wake Island');
INSERT INTO marca (idMarca, nome, origem) VALUES (206, 'HERO', 'Venezuela');
INSERT INTO marca (idMarca, nome, origem) VALUES (207, 'HUSABERG', 'Quiribáti');
INSERT INTO marca (idMarca, nome, origem) VALUES (208, 'HUSQVARNA', 'Azerbaijão');
INSERT INTO marca (idMarca, nome, origem) VALUES (209, 'IROS', 'Eslováquia');
INSERT INTO marca (idMarca, nome, origem) VALUES (210, 'JIAPENG VOLCANO', 'Bulgária');
INSERT INTO marca (idMarca, nome, origem) VALUES (211, 'JOHNNYPAG', 'Paraguai');
INSERT INTO marca (idMarca, nome, origem) VALUES (212, 'JONNY', 'Argélia');
INSERT INTO marca (idMarca, nome, origem) VALUES (213, 'KAHENA', 'Costa do Marfim');
INSERT INTO marca (idMarca, nome, origem) VALUES (214, 'KIMCO', 'Domínica');
INSERT INTO marca (idMarca, nome, origem) VALUES (215, 'LAQUILA', 'Bangladesh');
INSERT INTO marca (idMarca, nome, origem) VALUES (216, 'LANDUM', 'Gronelândia');
INSERT INTO marca (idMarca, nome, origem) VALUES (217, 'LAVRALE', 'Seicheles');
INSERT INTO marca (idMarca, nome, origem) VALUES (218, 'LERIVO', 'Etiópia');
INSERT INTO marca (idMarca, nome, origem) VALUES (219, 'LON-V', 'Dinamarca');
INSERT INTO marca (idMarca, nome, origem) VALUES (220, 'TRICICLO', 'Granada');
INSERT INTO marca (idMarca, nome, origem) VALUES (221, 'MALAGUTI', 'Catar');
INSERT INTO marca (idMarca, nome, origem) VALUES (222, 'MIZA', 'Líbia');
INSERT INTO marca (idMarca, nome, origem) VALUES (223, 'MOTO GUZZI', 'Iraque');
INSERT INTO marca (idMarca, nome, origem) VALUES (224, 'MRX', 'Croácia');
INSERT INTO marca (idMarca, nome, origem) VALUES (225, 'MV AUGUSTA', 'Malta');
INSERT INTO marca (idMarca, nome, origem) VALUES (226, 'MVK', 'Ilha do Natal');
INSERT INTO marca (idMarca, nome, origem) VALUES (227, 'ORCA', 'Burquina Faso');
INSERT INTO marca (idMarca, nome, origem) VALUES (228, 'PEGASSI', 'Domínica');
INSERT INTO marca (idMarca, nome, origem) VALUES (229, 'PIAGGIO', 'Montenegro');
INSERT INTO marca (idMarca, nome, origem) VALUES (230, 'REGAL RAPTOR', 'Reino Unido');
INSERT INTO marca (idMarca, nome, origem) VALUES (231, 'SANYANG', 'Salvador');
INSERT INTO marca (idMarca, nome, origem) VALUES (232, 'SIAMOTO', 'Brasil');
INSERT INTO marca (idMarca, nome, origem) VALUES (233, 'TARGOS', 'Tuvalu');
INSERT INTO marca (idMarca, nome, origem) VALUES (234, 'TRAXX', 'Malásia');
INSERT INTO marca (idMarca, nome, origem) VALUES (235, 'VENTO', 'Emirados Árabes Unidos');
INSERT INTO marca (idMarca, nome, origem) VALUES (236, 'WUYANG', 'Argentina');
INSERT INTO marca (idMarca, nome, origem) VALUES (245, 'GARRA', 'Azerbaijão');
INSERT INTO marca (idMarca, nome, origem) VALUES (246, 'X MOTOS', 'República Centro-Africana');
INSERT INTO marca (idMarca, nome, origem) VALUES (248, 'TRICKER', 'Timor Leste');
INSERT INTO marca (idMarca, nome, origem) VALUES (253, 'LAMBRETA', 'Somália');
INSERT INTO marca (idMarca, nome, origem) VALUES (269, 'SCOOTER', 'Senegal');
INSERT INTO marca (idMarca, nome, origem) VALUES (281, 'ZONGSHEN', 'Burundi');
INSERT INTO marca (idMarca, nome, origem) VALUES (282, 'BIRELLI', 'Ilhas dos Cocos');
INSERT INTO marca (idMarca, nome, origem) VALUES (294, 'WALK MACHINE', 'Japão');
INSERT INTO marca (idMarca, nome, origem) VALUES (297, 'FBM', 'Libéria');
INSERT INTO marca (idMarca, nome, origem) VALUES (299, 'ARIEL', 'Guiné Equatorial');
INSERT INTO marca (idMarca, nome, origem) VALUES (340, 'DUCAR', 'Nicarágua');
INSERT INTO marca (idMarca, nome, origem) VALUES (342, 'MARVA', 'Barein');
INSERT INTO marca (idMarca, nome, origem) VALUES (343, 'WOLVER', 'Catar');
INSERT INTO marca (idMarca, nome, origem) VALUES (344, 'KTM', 'Comores');
INSERT INTO marca (idMarca, nome, origem) VALUES (347, 'LEOPARD', 'Croácia');
INSERT INTO marca (idMarca, nome, origem) VALUES (348, 'JAWA', 'Malta');
INSERT INTO marca (idMarca, nome, origem) VALUES (349, 'BULL', 'Akrotiri');
INSERT INTO marca (idMarca, nome, origem) VALUES (358, 'CAN-AM', 'Equador');
INSERT INTO marca (idMarca, nome, origem) VALUES (359, 'ACELLERA', 'Andorra');
INSERT INTO marca (idMarca, nome, origem) VALUES (483, 'VICTORY', 'Geórgia');
INSERT INTO marca (idMarca, nome, origem) VALUES (484, 'INDIAN', 'Togo');
INSERT INTO marca (idMarca, nome, origem) VALUES (532, 'BRAVAX', 'Malávi');
INSERT INTO marca (idMarca, nome, origem) VALUES (533, 'GARELLI', 'Alemanha');
INSERT INTO marca (idMarca, nome, origem) VALUES (84, 'ISUZU', 'Malásia');
INSERT INTO marca (idMarca, nome, origem) VALUES (85, 'IVECO', 'Ilhas Caiman');
INSERT INTO marca (idMarca, nome, origem) VALUES (164, 'TRAILER', 'Iran');
INSERT INTO marca (idMarca, nome, origem) VALUES (167, 'RANDON', 'Niue');
INSERT INTO marca (idMarca, nome, origem) VALUES (242, 'SCANIA', 'Ucrânia');
INSERT INTO marca (idMarca, nome, origem) VALUES (263, 'ONIBUS', 'Malta');
INSERT INTO marca (idMarca, nome, origem) VALUES (266, 'UTILITARIOS PESADOS', 'Usbequistão');
INSERT INTO marca (idMarca, nome, origem) VALUES (270, 'MOTOR-HOME', 'Cazaquistão');
INSERT INTO marca (idMarca, nome, origem) VALUES (274, 'MAN', 'Portugal');
INSERT INTO marca (idMarca, nome, origem) VALUES (275, 'NAVISTAR', 'Macedônia');
INSERT INTO marca (idMarca, nome, origem) VALUES (277, 'SINOTRUK', 'Espanha');
INSERT INTO marca (idMarca, nome, origem) VALUES (284, 'SCHIFFER', 'Território Britânico do Oceano Índico');
INSERT INTO marca (idMarca, nome, origem) VALUES (285, 'GUERRA', 'Niue');
INSERT INTO marca (idMarca, nome, origem) VALUES (292, 'MICHIGAN', 'Coreia do Sul');
INSERT INTO modelo (idModelo, denominacao, idMarca, idTipo) VALUES (1, 'INTEGRA', 25, 1);
INSERT INTO modelo (idModelo, denominacao, idMarca, idTipo) VALUES (2, 'LEGEND', 25, 1);
INSERT INTO modelo (idModelo, denominacao, idMarca, idTipo) VALUES (4, 'MARRUA', 27, 1);
INSERT INTO modelo (idModelo, denominacao, idMarca, idTipo) VALUES (12, 'SPIDER', 28, 1);
INSERT INTO modelo (idModelo, denominacao, idMarca, idTipo) VALUES (13, 'HUMMER', 156, 1);
INSERT INTO modelo (idModelo, denominacao, idMarca, idTipo) VALUES (14, 'AM-825', 16, 1);
INSERT INTO modelo (idModelo, denominacao, idMarca, idTipo) VALUES (15, 'HI-TOPIC', 16, 1);
INSERT INTO modelo (idModelo, denominacao, idMarca, idTipo) VALUES (16, 'ROCSTA', 16, 1);
INSERT INTO modelo (idModelo, denominacao, idMarca, idTipo) VALUES (18, 'TOWNER', 16, 1);
INSERT INTO modelo (idModelo, denominacao, idMarca, idTipo) VALUES (23, 'A4 SEDAN', 32, 1);
INSERT INTO modelo (idModelo, denominacao, idMarca, idTipo) VALUES (24, 'A5 COUPE', 32, 1);
INSERT INTO modelo (idModelo, denominacao, idMarca, idTipo) VALUES (25, 'A6 SEDAN', 32, 1);
INSERT INTO modelo (idModelo, denominacao, idMarca, idTipo) VALUES (39, 'S4 SEDAN', 32, 1);
INSERT INTO modelo (idModelo, denominacao, idMarca, idTipo) VALUES (40, 'S6 SEDAN', 32, 1);
INSERT INTO modelo (idModelo, denominacao, idMarca, idTipo) VALUES (87, 'DEVILLE', 155, 1);
INSERT INTO modelo (idModelo, denominacao, idMarca, idTipo) VALUES (88, 'ELDORADO', 155, 1);
INSERT INTO modelo (idModelo, denominacao, idMarca, idTipo) VALUES (89, 'SEVILLE', 155, 1);
INSERT INTO modelo (idModelo, denominacao, idMarca, idTipo) VALUES (90, 'JAVALI', 42, 1);
INSERT INTO modelo (idModelo, denominacao, idMarca, idTipo) VALUES (92, 'MINI STAR FAMILY', 6, 1);
INSERT INTO modelo (idModelo, denominacao, idMarca, idTipo) VALUES (93, 'MINI STAR UTILITY', 6, 1);
INSERT INTO modelo (idModelo, denominacao, idMarca, idTipo) VALUES (101, 'CARAVAN', 19, 1);
INSERT INTO modelo (idModelo, denominacao, idMarca, idTipo) VALUES (102, 'CIRRUS', 19, 1);
INSERT INTO modelo (idModelo, denominacao, idMarca, idTipo) VALUES (103, 'GRAN CARAVAN', 19, 1);
INSERT INTO modelo (idModelo, denominacao, idMarca, idTipo) VALUES (104, 'LE BARON', 19, 1);
INSERT INTO modelo (idModelo, denominacao, idMarca, idTipo) VALUES (106, 'PT CRUISER', 19, 1);
INSERT INTO modelo (idModelo, denominacao, idMarca, idTipo) VALUES (107, 'SEBRING', 19, 1);
INSERT INTO modelo (idModelo, denominacao, idMarca, idTipo) VALUES (108, 'STRATUS', 19, 1);
INSERT INTO modelo (idModelo, denominacao, idMarca, idTipo) VALUES (109, 'TOWN E COUNTRY', 19, 1);
INSERT INTO modelo (idModelo, denominacao, idMarca, idTipo) VALUES (110, 'VISION', 19, 1);
INSERT INTO modelo (idModelo, denominacao, idMarca, idTipo) VALUES (111, 'AIRCROSS', 5, 1);
INSERT INTO modelo (idModelo, denominacao, idMarca, idTipo) VALUES (113, 'BERLINGO', 5, 1);
INSERT INTO modelo (idModelo, denominacao, idMarca, idTipo) VALUES (121, 'EVASION', 5, 1);
INSERT INTO modelo (idModelo, denominacao, idMarca, idTipo) VALUES (122, 'JUMPER', 5, 1);
INSERT INTO modelo (idModelo, denominacao, idMarca, idTipo) VALUES (123, 'XANTIA', 5, 1);
INSERT INTO modelo (idModelo, denominacao, idMarca, idTipo) VALUES (127, 'CL-244', 50, 1);
INSERT INTO modelo (idModelo, denominacao, idMarca, idTipo) VALUES (128, 'CL-330', 50, 1);
INSERT INTO modelo (idModelo, denominacao, idMarca, idTipo) VALUES (129, 'ESPERO', 51, 1);
INSERT INTO modelo (idModelo, denominacao, idMarca, idTipo) VALUES (131, 'LEGANZA', 51, 1);
INSERT INTO modelo (idModelo, denominacao, idMarca, idTipo) VALUES (132, 'NUBIRA', 51, 1);
INSERT INTO modelo (idModelo, denominacao, idMarca, idTipo) VALUES (133, 'PRINCE', 51, 1);
INSERT INTO modelo (idModelo, denominacao, idMarca, idTipo) VALUES (135, 'SUPER SALON', 51, 1);
INSERT INTO modelo (idModelo, denominacao, idMarca, idTipo) VALUES (137, 'APPLAUSE', 52, 1);
INSERT INTO modelo (idModelo, denominacao, idMarca, idTipo) VALUES (138, 'CHARADE', 52, 1);
INSERT INTO modelo (idModelo, denominacao, idMarca, idTipo) VALUES (140, 'FEROZA', 52, 1);
INSERT INTO modelo (idModelo, denominacao, idMarca, idTipo) VALUES (141, 'GRAN MOVE', 52, 1);
INSERT INTO modelo (idModelo, denominacao, idMarca, idTipo) VALUES (142, 'MOVE VAN', 52, 1);
INSERT INTO modelo (idModelo, denominacao, idMarca, idTipo) VALUES (143, 'TERIOS', 52, 1);
INSERT INTO modelo (idModelo, denominacao, idMarca, idTipo) VALUES (144, 'AVENGER', 18, 1);
INSERT INTO modelo (idModelo, denominacao, idMarca, idTipo) VALUES (145, 'DAKOTA', 18, 1);
INSERT INTO modelo (idModelo, denominacao, idMarca, idTipo) VALUES (146, 'JOURNEY', 18, 1);
INSERT INTO modelo (idModelo, denominacao, idMarca, idTipo) VALUES (148, 'STEALTH', 18, 1);
INSERT INTO modelo (idModelo, denominacao, idMarca, idTipo) VALUES (152, 'PLUTUS', 61, 1);
INSERT INTO modelo (idModelo, denominacao, idMarca, idTipo) VALUES (158, 'ENGESA', 63, 1);
INSERT INTO modelo (idModelo, denominacao, idMarca, idTipo) VALUES (159, 'CAMPER', 64, 1);
INSERT INTO modelo (idModelo, denominacao, idMarca, idTipo) VALUES (160, 'MASTER', 64, 1);
INSERT INTO modelo (idModelo, denominacao, idMarca, idTipo) VALUES (168, 'CALIFORNIA', 10, 1);
INSERT INTO modelo (idModelo, denominacao, idMarca, idTipo) VALUES (180, 'DUCATO CARGO', 3, 1);
INSERT INTO modelo (idModelo, denominacao, idMarca, idTipo) VALUES (183, 'FIORINO', 3, 1);
INSERT INTO modelo (idModelo, denominacao, idMarca, idTipo) VALUES (184, 'FREEMONT', 3, 1);
INSERT INTO modelo (idModelo, denominacao, idMarca, idTipo) VALUES (185, 'GRAND SIENA', 3, 1);
INSERT INTO modelo (idModelo, denominacao, idMarca, idTipo) VALUES (191, 'PANORAMA', 3, 1);
INSERT INTO modelo (idModelo, denominacao, idMarca, idTipo) VALUES (192, 'PREMIO', 3, 1);
INSERT INTO modelo (idModelo, denominacao, idMarca, idTipo) VALUES (196, 'STRADA', 3, 1);
INSERT INTO modelo (idModelo, denominacao, idMarca, idTipo) VALUES (197, 'TEMPRA', 3, 1);
INSERT INTO modelo (idModelo, denominacao, idMarca, idTipo) VALUES (201, 'AEROSTAR', 13, 1);
INSERT INTO modelo (idModelo, denominacao, idMarca, idTipo) VALUES (202, 'ASPIRE', 13, 1);
INSERT INTO modelo (idModelo, denominacao, idMarca, idTipo) VALUES (203, 'BELINA', 13, 1);
INSERT INTO modelo (idModelo, denominacao, idMarca, idTipo) VALUES (204, 'CLUB WAGON', 13, 1);
INSERT INTO modelo (idModelo, denominacao, idMarca, idTipo) VALUES (205, 'CONTOUR', 13, 1);
INSERT INTO modelo (idModelo, denominacao, idMarca, idTipo) VALUES (206, 'CORCEL II', 13, 1);
INSERT INTO modelo (idModelo, denominacao, idMarca, idTipo) VALUES (207, 'COURIER', 13, 1);
INSERT INTO modelo (idModelo, denominacao, idMarca, idTipo) VALUES (208, 'CROWN VICTORIA', 13, 1);
INSERT INTO modelo (idModelo, denominacao, idMarca, idTipo) VALUES (209, 'DEL REY', 13, 1);
INSERT INTO modelo (idModelo, denominacao, idMarca, idTipo) VALUES (210, 'ECOSPORT', 13, 1);
INSERT INTO modelo (idModelo, denominacao, idMarca, idTipo) VALUES (212, 'ESCORT', 13, 1);
INSERT INTO modelo (idModelo, denominacao, idMarca, idTipo) VALUES (213, 'EXPEDITION', 13, 1);
INSERT INTO modelo (idModelo, denominacao, idMarca, idTipo) VALUES (214, 'EXPLORER', 13, 1);
INSERT INTO modelo (idModelo, denominacao, idMarca, idTipo) VALUES (216, 'F-1000', 13, 1);
INSERT INTO modelo (idModelo, denominacao, idMarca, idTipo) VALUES (219, 'FIESTA', 13, 1);
INSERT INTO modelo (idModelo, denominacao, idMarca, idTipo) VALUES (221, 'FURGLAINE', 13, 1);
INSERT INTO modelo (idModelo, denominacao, idMarca, idTipo) VALUES (222, 'FUSION', 13, 1);
INSERT INTO modelo (idModelo, denominacao, idMarca, idTipo) VALUES (225, 'MONDEO', 13, 1);
INSERT INTO modelo (idModelo, denominacao, idMarca, idTipo) VALUES (226, 'MUSTANG', 13, 1);
INSERT INTO modelo (idModelo, denominacao, idMarca, idTipo) VALUES (229, 'RANGER', 13, 1);
INSERT INTO modelo (idModelo, denominacao, idMarca, idTipo) VALUES (230, 'VERSAILLES ROYALE', 13, 1);
INSERT INTO modelo (idModelo, denominacao, idMarca, idTipo) VALUES (231, 'TAURUS', 13, 1);
INSERT INTO modelo (idModelo, denominacao, idMarca, idTipo) VALUES (232, 'THUNDERBIRD', 13, 1);
INSERT INTO modelo (idModelo, denominacao, idMarca, idTipo) VALUES (233, 'TRANSIT', 13, 1);
INSERT INTO modelo (idModelo, denominacao, idMarca, idTipo) VALUES (234, 'VERONA', 13, 1);
INSERT INTO modelo (idModelo, denominacao, idMarca, idTipo) VALUES (235, 'VERSAILLES', 13, 1);
INSERT INTO modelo (idModelo, denominacao, idMarca, idTipo) VALUES (236, 'WINDSTAR', 13, 1);
INSERT INTO modelo (idModelo, denominacao, idMarca, idTipo) VALUES (242, 'BLAZER', 1, 1);
INSERT INTO modelo (idModelo, denominacao, idMarca, idTipo) VALUES (243, 'BONANZA', 1, 1);
INSERT INTO modelo (idModelo, denominacao, idMarca, idTipo) VALUES (247, 'CALIBRA', 1, 1);
INSERT INTO modelo (idModelo, denominacao, idMarca, idTipo) VALUES (248, 'CAMARO', 1, 1);
INSERT INTO modelo (idModelo, denominacao, idMarca, idTipo) VALUES (249, 'CAPRICE', 1, 1);
INSERT INTO modelo (idModelo, denominacao, idMarca, idTipo) VALUES (250, 'CAPTIVA', 1, 1);
INSERT INTO modelo (idModelo, denominacao, idMarca, idTipo) VALUES (251, 'CARAVAN', 1, 1);
INSERT INTO modelo (idModelo, denominacao, idMarca, idTipo) VALUES (252, 'CAVALIER', 1, 1);
INSERT INTO modelo (idModelo, denominacao, idMarca, idTipo) VALUES (256, 'CHEYNNE', 1, 1);
INSERT INTO modelo (idModelo, denominacao, idMarca, idTipo) VALUES (258, 'COBALT', 1, 1);
INSERT INTO modelo (idModelo, denominacao, idMarca, idTipo) VALUES (262, 'CORVETTE', 1, 1);
INSERT INTO modelo (idModelo, denominacao, idMarca, idTipo) VALUES (266, 'IPANEMA', 1, 1);
INSERT INTO modelo (idModelo, denominacao, idMarca, idTipo) VALUES (267, 'KADETT', 1, 1);
INSERT INTO modelo (idModelo, denominacao, idMarca, idTipo) VALUES (268, 'LUMINA', 1, 1);
INSERT INTO modelo (idModelo, denominacao, idMarca, idTipo) VALUES (269, 'MALIBU', 1, 1);
INSERT INTO modelo (idModelo, denominacao, idMarca, idTipo) VALUES (271, 'MERIVA', 1, 1);
INSERT INTO modelo (idModelo, denominacao, idMarca, idTipo) VALUES (272, 'MONTANA', 1, 1);
INSERT INTO modelo (idModelo, denominacao, idMarca, idTipo) VALUES (276, 'PRISMA', 1, 1);
INSERT INTO modelo (idModelo, denominacao, idMarca, idTipo) VALUES (280, 'SILVERADO', 1, 1);
INSERT INTO modelo (idModelo, denominacao, idMarca, idTipo) VALUES (282, 'SONOMA', 1, 1);
INSERT INTO modelo (idModelo, denominacao, idMarca, idTipo) VALUES (283, 'SPACEVAN', 1, 1);
INSERT INTO modelo (idModelo, denominacao, idMarca, idTipo) VALUES (285, 'SUBURBAN', 1, 1);
INSERT INTO modelo (idModelo, denominacao, idMarca, idTipo) VALUES (287, 'SYCLONE', 1, 1);
INSERT INTO modelo (idModelo, denominacao, idMarca, idTipo) VALUES (289, 'TRACKER', 1, 1);
INSERT INTO modelo (idModelo, denominacao, idMarca, idTipo) VALUES (290, 'TRAFIC', 1, 1);
INSERT INTO modelo (idModelo, denominacao, idMarca, idTipo) VALUES (291, 'VECTRA', 1, 1);
INSERT INTO modelo (idModelo, denominacao, idMarca, idTipo) VALUES (292, 'VERANEIO', 1, 1);
INSERT INTO modelo (idModelo, denominacao, idMarca, idTipo) VALUES (293, 'ZAFIRA', 1, 1);
INSERT INTO modelo (idModelo, denominacao, idMarca, idTipo) VALUES (295, 'BR-800', 17, 1);
INSERT INTO modelo (idModelo, denominacao, idMarca, idTipo) VALUES (296, 'CARAJAS', 17, 1);
INSERT INTO modelo (idModelo, denominacao, idMarca, idTipo) VALUES (297, 'TOCANTINS', 17, 1);
INSERT INTO modelo (idModelo, denominacao, idMarca, idTipo) VALUES (298, 'XAVANTE', 17, 1);
INSERT INTO modelo (idModelo, denominacao, idMarca, idTipo) VALUES (300, 'TOWNER', 76, 1);
INSERT INTO modelo (idModelo, denominacao, idMarca, idTipo) VALUES (301, 'ACCORD', 7, 1);
INSERT INTO modelo (idModelo, denominacao, idMarca, idTipo) VALUES (306, 'ODYSSEY', 7, 1);
INSERT INTO modelo (idModelo, denominacao, idMarca, idTipo) VALUES (307, 'PASSPORT', 7, 1);
INSERT INTO modelo (idModelo, denominacao, idMarca, idTipo) VALUES (308, 'PRELUDE', 7, 1);
INSERT INTO modelo (idModelo, denominacao, idMarca, idTipo) VALUES (309, 'ACCENT', 14, 1);
INSERT INTO modelo (idModelo, denominacao, idMarca, idTipo) VALUES (314, 'ELANTRA', 14, 1);
INSERT INTO modelo (idModelo, denominacao, idMarca, idTipo) VALUES (316, 'GALLOPER', 14, 1);
INSERT INTO modelo (idModelo, denominacao, idMarca, idTipo) VALUES (317, 'GENESIS', 14, 1);
INSERT INTO modelo (idModelo, denominacao, idMarca, idTipo) VALUES (324, 'MATRIX', 14, 1);
INSERT INTO modelo (idModelo, denominacao, idMarca, idTipo) VALUES (325, 'PORTER', 14, 1);
INSERT INTO modelo (idModelo, denominacao, idMarca, idTipo) VALUES (326, 'SANTA FE', 14, 1);
INSERT INTO modelo (idModelo, denominacao, idMarca, idTipo) VALUES (327, 'SCOUPE', 14, 1);
INSERT INTO modelo (idModelo, denominacao, idMarca, idTipo) VALUES (328, 'SONATA', 14, 1);
INSERT INTO modelo (idModelo, denominacao, idMarca, idTipo) VALUES (329, 'TERRACAN', 14, 1);
INSERT INTO modelo (idModelo, denominacao, idMarca, idTipo) VALUES (330, 'TRAJET', 14, 1);
INSERT INTO modelo (idModelo, denominacao, idMarca, idTipo) VALUES (331, 'TUCSON', 14, 1);
INSERT INTO modelo (idModelo, denominacao, idMarca, idTipo) VALUES (332, 'VELOSTER', 14, 1);
INSERT INTO modelo (idModelo, denominacao, idMarca, idTipo) VALUES (333, 'VERACRUZ', 14, 1);
INSERT INTO modelo (idModelo, denominacao, idMarca, idTipo) VALUES (335, 'HOMBRE', 84, 1);
INSERT INTO modelo (idModelo, denominacao, idMarca, idTipo) VALUES (340, 'DAIMLER', 86, 1);
INSERT INTO modelo (idModelo, denominacao, idMarca, idTipo) VALUES (341, 'S-TYPE', 86, 1);
INSERT INTO modelo (idModelo, denominacao, idMarca, idTipo) VALUES (342, 'X-TYPE', 86, 1);
INSERT INTO modelo (idModelo, denominacao, idMarca, idTipo) VALUES (345, 'MODELOS XJ', 86, 1);
INSERT INTO modelo (idModelo, denominacao, idMarca, idTipo) VALUES (352, 'MODELOS XK', 86, 1);
INSERT INTO modelo (idModelo, denominacao, idMarca, idTipo) VALUES (354, 'CHEROKEE', 87, 1);
INSERT INTO modelo (idModelo, denominacao, idMarca, idTipo) VALUES (355, 'COMMANDER', 87, 1);
INSERT INTO modelo (idModelo, denominacao, idMarca, idTipo) VALUES (356, 'COMPASS', 87, 1);
INSERT INTO modelo (idModelo, denominacao, idMarca, idTipo) VALUES (357, 'GRAND CHEROKEE', 87, 1);
INSERT INTO modelo (idModelo, denominacao, idMarca, idTipo) VALUES (358, 'WRANGLER', 87, 1);
INSERT INTO modelo (idModelo, denominacao, idMarca, idTipo) VALUES (359, 'TOPIC VAN', 88, 1);
INSERT INTO modelo (idModelo, denominacao, idMarca, idTipo) VALUES (360, 'JIPE MONTEZ', 89, 1);
INSERT INTO modelo (idModelo, denominacao, idMarca, idTipo) VALUES (361, 'PICAPE MONTEZ', 89, 1);
INSERT INTO modelo (idModelo, denominacao, idMarca, idTipo) VALUES (364, 'CADENZA', 16, 1);
INSERT INTO modelo (idModelo, denominacao, idMarca, idTipo) VALUES (365, 'CARENS', 16, 1);
INSERT INTO modelo (idModelo, denominacao, idMarca, idTipo) VALUES (366, 'CARNIVAL', 16, 1);
INSERT INTO modelo (idModelo, denominacao, idMarca, idTipo) VALUES (367, 'CERATO', 16, 1);
INSERT INTO modelo (idModelo, denominacao, idMarca, idTipo) VALUES (369, 'CLARUS', 16, 1);
INSERT INTO modelo (idModelo, denominacao, idMarca, idTipo) VALUES (370, 'MAGENTIS', 16, 1);
INSERT INTO modelo (idModelo, denominacao, idMarca, idTipo) VALUES (371, 'MOHAVE', 16, 1);
INSERT INTO modelo (idModelo, denominacao, idMarca, idTipo) VALUES (372, 'OPIRUS', 16, 1);
INSERT INTO modelo (idModelo, denominacao, idMarca, idTipo) VALUES (373, 'OPTIMA', 16, 1);
INSERT INTO modelo (idModelo, denominacao, idMarca, idTipo) VALUES (374, 'PICANTO', 16, 1);
INSERT INTO modelo (idModelo, denominacao, idMarca, idTipo) VALUES (375, 'SEPHIA', 16, 1);
INSERT INTO modelo (idModelo, denominacao, idMarca, idTipo) VALUES (377, 'SORENTO', 16, 1);
INSERT INTO modelo (idModelo, denominacao, idMarca, idTipo) VALUES (379, 'SPORTAGE', 16, 1);
INSERT INTO modelo (idModelo, denominacao, idMarca, idTipo) VALUES (382, 'SAMARA', 94, 1);
INSERT INTO modelo (idModelo, denominacao, idMarca, idTipo) VALUES (383, 'GALLARDO', 12, 1);
INSERT INTO modelo (idModelo, denominacao, idMarca, idTipo) VALUES (384, 'MURCIELAGO', 12, 1);
INSERT INTO modelo (idModelo, denominacao, idMarca, idTipo) VALUES (385, 'DEFENDER', 96, 1);
INSERT INTO modelo (idModelo, denominacao, idMarca, idTipo) VALUES (386, 'DISCOVERY', 96, 1);
INSERT INTO modelo (idModelo, denominacao, idMarca, idTipo) VALUES (389, 'FREELANDER', 96, 1);
INSERT INTO modelo (idModelo, denominacao, idMarca, idTipo) VALUES (391, 'NEW RANGE', 96, 1);
INSERT INTO modelo (idModelo, denominacao, idMarca, idTipo) VALUES (392, 'RANGE ROVER', 96, 1);
INSERT INTO modelo (idModelo, denominacao, idMarca, idTipo) VALUES (397, 'IS-300', 97, 1);
INSERT INTO modelo (idModelo, denominacao, idMarca, idTipo) VALUES (407, 'ESPRIT', 101, 1);
INSERT INTO modelo (idModelo, denominacao, idMarca, idTipo) VALUES (408, 'SCORPIO', 102, 1);
INSERT INTO modelo (idModelo, denominacao, idMarca, idTipo) VALUES (414, 'GHIBLI', 104, 1);
INSERT INTO modelo (idModelo, denominacao, idMarca, idTipo) VALUES (415, 'GRANCABRIO', 104, 1);
INSERT INTO modelo (idModelo, denominacao, idMarca, idTipo) VALUES (416, 'GRANSPORT', 104, 1);
INSERT INTO modelo (idModelo, denominacao, idMarca, idTipo) VALUES (417, 'GRANTURISMO', 104, 1);
INSERT INTO modelo (idModelo, denominacao, idMarca, idTipo) VALUES (418, 'QUATTROPORTE', 104, 1);
INSERT INTO modelo (idModelo, denominacao, idMarca, idTipo) VALUES (419, 'SHAMAL', 104, 1);
INSERT INTO modelo (idModelo, denominacao, idMarca, idTipo) VALUES (420, 'SPIDER', 104, 1);
INSERT INTO modelo (idModelo, denominacao, idMarca, idTipo) VALUES (422, 'PICK-UP', 106, 1);
INSERT INTO modelo (idModelo, denominacao, idMarca, idTipo) VALUES (426, 'B-2500', 108, 1);
INSERT INTO modelo (idModelo, denominacao, idMarca, idTipo) VALUES (428, 'MILLENIA', 108, 1);
INSERT INTO modelo (idModelo, denominacao, idMarca, idTipo) VALUES (432, 'NAVAJO', 108, 1);
INSERT INTO modelo (idModelo, denominacao, idMarca, idTipo) VALUES (433, 'PROTEGE', 108, 1);
INSERT INTO modelo (idModelo, denominacao, idMarca, idTipo) VALUES (467, 'CLASSE A', 4, 1);
INSERT INTO modelo (idModelo, denominacao, idMarca, idTipo) VALUES (468, 'CLASSE B', 4, 1);
INSERT INTO modelo (idModelo, denominacao, idMarca, idTipo) VALUES (469, 'CLASSE R', 4, 1);
INSERT INTO modelo (idModelo, denominacao, idMarca, idTipo) VALUES (498, 'CLASSE GLK', 4, 1);
INSERT INTO modelo (idModelo, denominacao, idMarca, idTipo) VALUES (531, 'SPRINTER', 4, 1);
INSERT INTO modelo (idModelo, denominacao, idMarca, idTipo) VALUES (532, 'MYSTIQUE', 110, 1);
INSERT INTO modelo (idModelo, denominacao, idMarca, idTipo) VALUES (536, 'COOPER', 113, 1);
INSERT INTO modelo (idModelo, denominacao, idMarca, idTipo) VALUES (539, 'AIRTREK', 111, 1);
INSERT INTO modelo (idModelo, denominacao, idMarca, idTipo) VALUES (542, 'DIAMANT', 111, 1);
INSERT INTO modelo (idModelo, denominacao, idMarca, idTipo) VALUES (543, 'ECLIPSE', 111, 1);
INSERT INTO modelo (idModelo, denominacao, idMarca, idTipo) VALUES (545, 'GALANT', 111, 1);
INSERT INTO modelo (idModelo, denominacao, idMarca, idTipo) VALUES (546, 'GRANDIS', 111, 1);
INSERT INTO modelo (idModelo, denominacao, idMarca, idTipo) VALUES (549, 'LANCER', 111, 1);
INSERT INTO modelo (idModelo, denominacao, idMarca, idTipo) VALUES (550, 'MIRAGE', 111, 1);
INSERT INTO modelo (idModelo, denominacao, idMarca, idTipo) VALUES (551, 'MONTERO', 111, 1);
INSERT INTO modelo (idModelo, denominacao, idMarca, idTipo) VALUES (552, 'OUTLANDER', 111, 1);
INSERT INTO modelo (idModelo, denominacao, idMarca, idTipo) VALUES (553, 'PAJERO', 111, 1);
INSERT INTO modelo (idModelo, denominacao, idMarca, idTipo) VALUES (554, 'SPACE WAGON', 111, 1);
INSERT INTO modelo (idModelo, denominacao, idMarca, idTipo) VALUES (555, 'BG-TRUCK', 114, 1);
INSERT INTO modelo (idModelo, denominacao, idMarca, idTipo) VALUES (557, 'ALTIMA', 43, 1);
INSERT INTO modelo (idModelo, denominacao, idMarca, idTipo) VALUES (560, 'FRONTIER', 43, 1);
INSERT INTO modelo (idModelo, denominacao, idMarca, idTipo) VALUES (562, 'KING-CAB', 43, 1);
INSERT INTO modelo (idModelo, denominacao, idMarca, idTipo) VALUES (563, 'LIVINA', 43, 1);
INSERT INTO modelo (idModelo, denominacao, idMarca, idTipo) VALUES (565, 'MAXIMA', 43, 1);
INSERT INTO modelo (idModelo, denominacao, idMarca, idTipo) VALUES (567, 'MURANO', 43, 1);
INSERT INTO modelo (idModelo, denominacao, idMarca, idTipo) VALUES (569, 'PATHFINDER', 43, 1);
INSERT INTO modelo (idModelo, denominacao, idMarca, idTipo) VALUES (571, 'PRIMERA', 43, 1);
INSERT INTO modelo (idModelo, denominacao, idMarca, idTipo) VALUES (573, 'SENTRA', 43, 1);
INSERT INTO modelo (idModelo, denominacao, idMarca, idTipo) VALUES (574, 'STANZA', 43, 1);
INSERT INTO modelo (idModelo, denominacao, idMarca, idTipo) VALUES (576, 'TERRANO', 43, 1);
INSERT INTO modelo (idModelo, denominacao, idMarca, idTipo) VALUES (579, 'X-TRAIL', 43, 1);
INSERT INTO modelo (idModelo, denominacao, idMarca, idTipo) VALUES (580, 'XTERRA', 43, 1);
INSERT INTO modelo (idModelo, denominacao, idMarca, idTipo) VALUES (602, 'HOGGAR', 22, 1);
INSERT INTO modelo (idModelo, denominacao, idMarca, idTipo) VALUES (603, 'PARTNER', 22, 1);
INSERT INTO modelo (idModelo, denominacao, idMarca, idTipo) VALUES (605, 'GRAN VOYAGER', 123, 1);
INSERT INTO modelo (idModelo, denominacao, idMarca, idTipo) VALUES (606, 'SUNDANCE', 123, 1);
INSERT INTO modelo (idModelo, denominacao, idMarca, idTipo) VALUES (607, 'TRANS-AM', 69, 1);
INSERT INTO modelo (idModelo, denominacao, idMarca, idTipo) VALUES (608, 'TRANS-SPORT', 69, 1);
INSERT INTO modelo (idModelo, denominacao, idMarca, idTipo) VALUES (612, 'BOXSTER', 70, 1);
INSERT INTO modelo (idModelo, denominacao, idMarca, idTipo) VALUES (613, 'CAYENNE', 70, 1);
INSERT INTO modelo (idModelo, denominacao, idMarca, idTipo) VALUES (614, 'CAYMAN', 70, 1);
INSERT INTO modelo (idModelo, denominacao, idMarca, idTipo) VALUES (615, 'PANAMERA', 70, 1);
INSERT INTO modelo (idModelo, denominacao, idMarca, idTipo) VALUES (617, '21 SEDAN', 24, 1);
INSERT INTO modelo (idModelo, denominacao, idMarca, idTipo) VALUES (619, 'DUSTER', 24, 1);
INSERT INTO modelo (idModelo, denominacao, idMarca, idTipo) VALUES (620, 'EXPRESS', 24, 1);
INSERT INTO modelo (idModelo, denominacao, idMarca, idTipo) VALUES (621, 'FLUENCE', 24, 1);
INSERT INTO modelo (idModelo, denominacao, idMarca, idTipo) VALUES (622, 'KANGOO', 24, 1);
INSERT INTO modelo (idModelo, denominacao, idMarca, idTipo) VALUES (623, 'LAGUNA', 24, 1);
INSERT INTO modelo (idModelo, denominacao, idMarca, idTipo) VALUES (625, 'MASTER', 24, 1);
INSERT INTO modelo (idModelo, denominacao, idMarca, idTipo) VALUES (626, 'MEGANE', 24, 1);
INSERT INTO modelo (idModelo, denominacao, idMarca, idTipo) VALUES (627, 'SAFRANE', 24, 1);
INSERT INTO modelo (idModelo, denominacao, idMarca, idTipo) VALUES (628, 'SANDERO', 24, 1);
INSERT INTO modelo (idModelo, denominacao, idMarca, idTipo) VALUES (629, 'SCENIC', 24, 1);
INSERT INTO modelo (idModelo, denominacao, idMarca, idTipo) VALUES (630, 'SYMBOL', 24, 1);
INSERT INTO modelo (idModelo, denominacao, idMarca, idTipo) VALUES (631, 'TRAFIC', 24, 1);
INSERT INTO modelo (idModelo, denominacao, idMarca, idTipo) VALUES (632, 'TWINGO', 24, 1);
INSERT INTO modelo (idModelo, denominacao, idMarca, idTipo) VALUES (636, 'CORDOBA', 130, 1);
INSERT INTO modelo (idModelo, denominacao, idMarca, idTipo) VALUES (641, 'FORTWO', 142, 1);
INSERT INTO modelo (idModelo, denominacao, idMarca, idTipo) VALUES (642, 'ACTYON SPORTS', 21, 1);
INSERT INTO modelo (idModelo, denominacao, idMarca, idTipo) VALUES (643, 'CHAIRMAN', 21, 1);
INSERT INTO modelo (idModelo, denominacao, idMarca, idTipo) VALUES (644, 'ISTANA', 21, 1);
INSERT INTO modelo (idModelo, denominacao, idMarca, idTipo) VALUES (645, 'KORANDO', 21, 1);
INSERT INTO modelo (idModelo, denominacao, idMarca, idTipo) VALUES (648, 'REXTON', 21, 1);
INSERT INTO modelo (idModelo, denominacao, idMarca, idTipo) VALUES (649, 'FORESTER', 8, 1);
INSERT INTO modelo (idModelo, denominacao, idMarca, idTipo) VALUES (650, 'IMPREZA', 8, 1);
INSERT INTO modelo (idModelo, denominacao, idMarca, idTipo) VALUES (651, 'LEGACY', 8, 1);
INSERT INTO modelo (idModelo, denominacao, idMarca, idTipo) VALUES (652, 'OUTBACK', 8, 1);
INSERT INTO modelo (idModelo, denominacao, idMarca, idTipo) VALUES (654, 'TRIBECA', 8, 1);
INSERT INTO modelo (idModelo, denominacao, idMarca, idTipo) VALUES (656, 'BALENO', 59, 1);
INSERT INTO modelo (idModelo, denominacao, idMarca, idTipo) VALUES (657, 'GRAND VITARA', 59, 1);
INSERT INTO modelo (idModelo, denominacao, idMarca, idTipo) VALUES (662, 'SUPER CARRY', 59, 1);
INSERT INTO modelo (idModelo, denominacao, idMarca, idTipo) VALUES (665, 'VITARA', 59, 1);
INSERT INTO modelo (idModelo, denominacao, idMarca, idTipo) VALUES (666, 'WAGON R', 59, 1);
INSERT INTO modelo (idModelo, denominacao, idMarca, idTipo) VALUES (668, 'AVALON', 23, 1);
INSERT INTO modelo (idModelo, denominacao, idMarca, idTipo) VALUES (669, 'BANDEIRANTE', 23, 1);
INSERT INTO modelo (idModelo, denominacao, idMarca, idTipo) VALUES (671, 'CELICA', 23, 1);
INSERT INTO modelo (idModelo, denominacao, idMarca, idTipo) VALUES (672, 'COROLLA', 23, 1);
INSERT INTO modelo (idModelo, denominacao, idMarca, idTipo) VALUES (673, 'CORONA', 23, 1);
INSERT INTO modelo (idModelo, denominacao, idMarca, idTipo) VALUES (675, 'LAND CRUISER', 23, 1);
INSERT INTO modelo (idModelo, denominacao, idMarca, idTipo) VALUES (678, 'PREVIA', 23, 1);
INSERT INTO modelo (idModelo, denominacao, idMarca, idTipo) VALUES (682, 'PANTANAL', 149, 1);
INSERT INTO modelo (idModelo, denominacao, idMarca, idTipo) VALUES (685, '400 SERIES', 53, 1);
INSERT INTO modelo (idModelo, denominacao, idMarca, idTipo) VALUES (688, '900 SERIES', 53, 1);
INSERT INTO modelo (idModelo, denominacao, idMarca, idTipo) VALUES (700, 'AMAROK', 2, 1);
INSERT INTO modelo (idModelo, denominacao, idMarca, idTipo) VALUES (701, 'APOLLO', 2, 1);
INSERT INTO modelo (idModelo, denominacao, idMarca, idTipo) VALUES (703, 'CARAVELLE', 2, 1);
INSERT INTO modelo (idModelo, denominacao, idMarca, idTipo) VALUES (704, 'CORRADO', 2, 1);
INSERT INTO modelo (idModelo, denominacao, idMarca, idTipo) VALUES (707, 'EUROVAN', 2, 1);
INSERT INTO modelo (idModelo, denominacao, idMarca, idTipo) VALUES (717, 'PARATI', 2, 1);
INSERT INTO modelo (idModelo, denominacao, idMarca, idTipo) VALUES (718, 'PASSAT', 2, 1);
INSERT INTO modelo (idModelo, denominacao, idMarca, idTipo) VALUES (719, 'POINTER', 2, 1);
INSERT INTO modelo (idModelo, denominacao, idMarca, idTipo) VALUES (722, 'SANTANA', 2, 1);
INSERT INTO modelo (idModelo, denominacao, idMarca, idTipo) VALUES (723, 'SAVEIRO', 2, 1);
INSERT INTO modelo (idModelo, denominacao, idMarca, idTipo) VALUES (725, 'SPACEFOX', 2, 1);
INSERT INTO modelo (idModelo, denominacao, idMarca, idTipo) VALUES (726, 'TIGUAN', 2, 1);
INSERT INTO modelo (idModelo, denominacao, idMarca, idTipo) VALUES (727, 'TOUAREG', 2, 1);
INSERT INTO modelo (idModelo, denominacao, idMarca, idTipo) VALUES (729, 'VOYAGE', 2, 1);
INSERT INTO modelo (idModelo, denominacao, idMarca, idTipo) VALUES (755, 'BRASILIA', 2, 1);
INSERT INTO modelo (idModelo, denominacao, idMarca, idTipo) VALUES (756, 'BRASILVAN', 13, 1);
INSERT INTO modelo (idModelo, denominacao, idMarca, idTipo) VALUES (775, 'CORCEL', 13, 1);
INSERT INTO modelo (idModelo, denominacao, idMarca, idTipo) VALUES (803, 'PALIO WEEKEND', 3, 1);
INSERT INTO modelo (idModelo, denominacao, idMarca, idTipo) VALUES (806, 'FOCUS SEDAN', 13, 1);
INSERT INTO modelo (idModelo, denominacao, idMarca, idTipo) VALUES (807, 'FIESTA SEDAN', 13, 1);
INSERT INTO modelo (idModelo, denominacao, idMarca, idTipo) VALUES (808, 'FIESTA TRAIL', 13, 1);
INSERT INTO modelo (idModelo, denominacao, idMarca, idTipo) VALUES (810, '207 SW', 22, 1);
INSERT INTO modelo (idModelo, denominacao, idMarca, idTipo) VALUES (811, 'ESCORT SW', 13, 1);
INSERT INTO modelo (idModelo, denominacao, idMarca, idTipo) VALUES (812, '307 SEDAN', 22, 1);
INSERT INTO modelo (idModelo, denominacao, idMarca, idTipo) VALUES (813, '307 SW', 22, 1);
INSERT INTO modelo (idModelo, denominacao, idMarca, idTipo) VALUES (815, 'C4 PALLAS', 5, 1);
INSERT INTO modelo (idModelo, denominacao, idMarca, idTipo) VALUES (816, 'C4 PICASSO', 5, 1);
INSERT INTO modelo (idModelo, denominacao, idMarca, idTipo) VALUES (817, 'C4 VTR', 5, 1);
INSERT INTO modelo (idModelo, denominacao, idMarca, idTipo) VALUES (818, 'CLIO SEDAN', 24, 1);
INSERT INTO modelo (idModelo, denominacao, idMarca, idTipo) VALUES (819, 'COROLLA FIELDER', 23, 1);
INSERT INTO modelo (idModelo, denominacao, idMarca, idTipo) VALUES (824, 'HILUX SW4', 23, 1);
INSERT INTO modelo (idModelo, denominacao, idMarca, idTipo) VALUES (825, 'MEGANE GRAND TOUR', 24, 1);
INSERT INTO modelo (idModelo, denominacao, idMarca, idTipo) VALUES (827, 'SANDERO STEPWAY', 24, 1);
INSERT INTO modelo (idModelo, denominacao, idMarca, idTipo) VALUES (829, 'XSARA PICASSO', 5, 1);
INSERT INTO modelo (idModelo, denominacao, idMarca, idTipo) VALUES (1360, 'COLHEITADEIRA', 131, 1);
INSERT INTO modelo (idModelo, denominacao, idMarca, idTipo) VALUES (1361, 'PICKUP F75', 158, 1);
INSERT INTO modelo (idModelo, denominacao, idMarca, idTipo) VALUES (1365, 'BEL AIR', 1, 1);
INSERT INTO modelo (idModelo, denominacao, idMarca, idTipo) VALUES (1373, 'BRASIL', 1, 1);
INSERT INTO modelo (idModelo, denominacao, idMarca, idTipo) VALUES (1377, 'POLARA', 18, 1);
INSERT INTO modelo (idModelo, denominacao, idMarca, idTipo) VALUES (1383, 'FALCON', 13, 1);
INSERT INTO modelo (idModelo, denominacao, idMarca, idTipo) VALUES (1384, 'GALAXIE', 13, 1);
INSERT INTO modelo (idModelo, denominacao, idMarca, idTipo) VALUES (1386, 'MAVERICK', 13, 1);
INSERT INTO modelo (idModelo, denominacao, idMarca, idTipo) VALUES (1387, 'MODELO A', 13, 1);
INSERT INTO modelo (idModelo, denominacao, idMarca, idTipo) VALUES (1388, 'NEW FIESTA', 13, 1);
INSERT INTO modelo (idModelo, denominacao, idMarca, idTipo) VALUES (1389, 'LINHA FX', 82, 1);
INSERT INTO modelo (idModelo, denominacao, idMarca, idTipo) VALUES (1395, 'TIBURON', 14, 1);
INSERT INTO modelo (idModelo, denominacao, idMarca, idTipo) VALUES (1404, 'CLASSE CLC', 4, 1);
INSERT INTO modelo (idModelo, denominacao, idMarca, idTipo) VALUES (1405, 'CLASSE CLS', 4, 1);
INSERT INTO modelo (idModelo, denominacao, idMarca, idTipo) VALUES (1408, 'MONTEREY', 110, 1);
INSERT INTO modelo (idModelo, denominacao, idMarca, idTipo) VALUES (1411, 'TOPSPORT', 114, 1);
INSERT INTO modelo (idModelo, denominacao, idMarca, idTipo) VALUES (1421, 'AUSTIN', 115, 1);
INSERT INTO modelo (idModelo, denominacao, idMarca, idTipo) VALUES (1426, 'CONVERSÍVEL', 175, 1);
INSERT INTO modelo (idModelo, denominacao, idMarca, idTipo) VALUES (1427, 'SUPERMINI', 17, 1);
INSERT INTO modelo (idModelo, denominacao, idMarca, idTipo) VALUES (1429, 'TOPOLINO', 3, 1);
INSERT INTO modelo (idModelo, denominacao, idMarca, idTipo) VALUES (1432, 'VARIANT', 2, 1);
INSERT INTO modelo (idModelo, denominacao, idMarca, idTipo) VALUES (1454, 'CANDANGO', 57, 1);
INSERT INTO modelo (idModelo, denominacao, idMarca, idTipo) VALUES (1466, 'RECORB', 258, 1);
INSERT INTO modelo (idModelo, denominacao, idMarca, idTipo) VALUES (1467, 'POLAUTO', 2, 1);
INSERT INTO modelo (idModelo, denominacao, idMarca, idTipo) VALUES (1508, 'GORDINI', 24, 1);
INSERT INTO modelo (idModelo, denominacao, idMarca, idTipo) VALUES (1982, 'SERIE Z', 36, 1);
INSERT INTO modelo (idModelo, denominacao, idMarca, idTipo) VALUES (1983, 'CLASSE SLK', 4, 1);
INSERT INTO modelo (idModelo, denominacao, idMarca, idTipo) VALUES (1984, 'CLASSE C', 4, 1);
INSERT INTO modelo (idModelo, denominacao, idMarca, idTipo) VALUES (1985, 'CLASSE E', 4, 1);
INSERT INTO modelo (idModelo, denominacao, idMarca, idTipo) VALUES (1986, 'CLASSE CL', 4, 1);
INSERT INTO modelo (idModelo, denominacao, idMarca, idTipo) VALUES (1987, 'CLASSE CLK', 4, 1);
INSERT INTO modelo (idModelo, denominacao, idMarca, idTipo) VALUES (1988, 'CLASSE S', 4, 1);
INSERT INTO modelo (idModelo, denominacao, idMarca, idTipo) VALUES (1989, 'CLASSE SL', 4, 1);
INSERT INTO modelo (idModelo, denominacao, idMarca, idTipo) VALUES (1990, 'CLASSE SLS', 4, 1);
INSERT INTO modelo (idModelo, denominacao, idMarca, idTipo) VALUES (1991, 'CLASSE G', 4, 1);
INSERT INTO modelo (idModelo, denominacao, idMarca, idTipo) VALUES (1992, 'CLASSE GL', 4, 1);
INSERT INTO modelo (idModelo, denominacao, idMarca, idTipo) VALUES (1993, 'CLASSE M', 4, 1);
INSERT INTO modelo (idModelo, denominacao, idMarca, idTipo) VALUES (2067, '350 GT', 12, 1);
INSERT INTO modelo (idModelo, denominacao, idMarca, idTipo) VALUES (2068, '400 GT', 12, 1);
INSERT INTO modelo (idModelo, denominacao, idMarca, idTipo) VALUES (2070, 'ISLERO', 12, 1);
INSERT INTO modelo (idModelo, denominacao, idMarca, idTipo) VALUES (2071, 'ESPADA', 12, 1);
INSERT INTO modelo (idModelo, denominacao, idMarca, idTipo) VALUES (2072, 'COUNTACH', 12, 1);
INSERT INTO modelo (idModelo, denominacao, idMarca, idTipo) VALUES (2073, 'DIABLO', 12, 1);
INSERT INTO modelo (idModelo, denominacao, idMarca, idTipo) VALUES (2074, 'ZAGATO', 12, 1);
INSERT INTO modelo (idModelo, denominacao, idMarca, idTipo) VALUES (2077, 'REVENTON', 12, 1);
INSERT INTO modelo (idModelo, denominacao, idMarca, idTipo) VALUES (2078, 'ANKONIAN', 12, 1);
INSERT INTO modelo (idModelo, denominacao, idMarca, idTipo) VALUES (2080, 'AVENTADOR', 12, 1);
INSERT INTO modelo (idModelo, denominacao, idMarca, idTipo) VALUES (2081, 'SESTO ELEMENTO', 12, 1);
INSERT INTO modelo (idModelo, denominacao, idMarca, idTipo) VALUES (2082, 'J3 TURIN', 15, 1);
INSERT INTO modelo (idModelo, denominacao, idMarca, idTipo) VALUES (2084, 'SANDERO GT', 24, 1);
INSERT INTO modelo (idModelo, denominacao, idMarca, idTipo) VALUES (2088, 'TRAILBLAZER', 1, 1);
INSERT INTO modelo (idModelo, denominacao, idMarca, idTipo) VALUES (2097, 'C3 PICASSO', 5, 1);
INSERT INTO modelo (idModelo, denominacao, idMarca, idTipo) VALUES (2098, 'GRAND C4 PICASSO', 5, 1);
INSERT INTO modelo (idModelo, denominacao, idMarca, idTipo) VALUES (2099, 'JUMPER MINIBUS', 5, 1);
INSERT INTO modelo (idModelo, denominacao, idMarca, idTipo) VALUES (2100, 'JUMPER VETRATO', 5, 1);
INSERT INTO modelo (idModelo, denominacao, idMarca, idTipo) VALUES (2101, '207 SEDAN', 22, 1);
INSERT INTO modelo (idModelo, denominacao, idMarca, idTipo) VALUES (2102, '207 QUIKSILVER', 22, 1);
INSERT INTO modelo (idModelo, denominacao, idMarca, idTipo) VALUES (2103, '207 ESCAPADE', 22, 1);
INSERT INTO modelo (idModelo, denominacao, idMarca, idTipo) VALUES (2104, '308 CC', 22, 1);
INSERT INTO modelo (idModelo, denominacao, idMarca, idTipo) VALUES (2105, 'BOXER PASSAGEIRO', 22, 1);
INSERT INTO modelo (idModelo, denominacao, idMarca, idTipo) VALUES (2106, 'NEW FIESTA SEDAN', 13, 1);
INSERT INTO modelo (idModelo, denominacao, idMarca, idTipo) VALUES (2108, 'TRANSIT PASSAGEIRO', 13, 1);
INSERT INTO modelo (idModelo, denominacao, idMarca, idTipo) VALUES (2109, 'TRANSIT CHASSI', 13, 1);
INSERT INTO modelo (idModelo, denominacao, idMarca, idTipo) VALUES (2110, 'A4 AVANT', 32, 1);
INSERT INTO modelo (idModelo, denominacao, idMarca, idTipo) VALUES (2111, 'S4 AVANT', 32, 1);
INSERT INTO modelo (idModelo, denominacao, idMarca, idTipo) VALUES (2112, 'A5 SPORTBACK', 32, 1);
INSERT INTO modelo (idModelo, denominacao, idMarca, idTipo) VALUES (2113, 'A5 CABRIOLET', 32, 1);
INSERT INTO modelo (idModelo, denominacao, idMarca, idTipo) VALUES (2114, 'S5 COUPE', 32, 1);
INSERT INTO modelo (idModelo, denominacao, idMarca, idTipo) VALUES (2115, 'S5 SPORTBACK', 32, 1);
INSERT INTO modelo (idModelo, denominacao, idMarca, idTipo) VALUES (2116, 'S5 CABRIOLET', 32, 1);
INSERT INTO modelo (idModelo, denominacao, idMarca, idTipo) VALUES (2117, 'A6 AVANT', 32, 1);
INSERT INTO modelo (idModelo, denominacao, idMarca, idTipo) VALUES (2118, 'A6 ALLROAD', 32, 1);
INSERT INTO modelo (idModelo, denominacao, idMarca, idTipo) VALUES (2119, 'S6 AVANT', 32, 1);
INSERT INTO modelo (idModelo, denominacao, idMarca, idTipo) VALUES (2121, 'TT ROADSTER', 32, 1);
INSERT INTO modelo (idModelo, denominacao, idMarca, idTipo) VALUES (2123, 'TT RS ROADSTER', 32, 1);
INSERT INTO modelo (idModelo, denominacao, idMarca, idTipo) VALUES (2124, 'TTS ROADSTER', 32, 1);
INSERT INTO modelo (idModelo, denominacao, idMarca, idTipo) VALUES (2125, 'R8 SPYDER', 32, 1);
INSERT INTO modelo (idModelo, denominacao, idMarca, idTipo) VALUES (2127, 'R8 GT SPYDER', 32, 1);
INSERT INTO modelo (idModelo, denominacao, idMarca, idTipo) VALUES (2130, '458 SPIDER', 10, 1);
INSERT INTO modelo (idModelo, denominacao, idMarca, idTipo) VALUES (2131, '458 ITALIA', 10, 1);
INSERT INTO modelo (idModelo, denominacao, idMarca, idTipo) VALUES (2135, 'CHALLENGE', 10, 1);
INSERT INTO modelo (idModelo, denominacao, idMarca, idTipo) VALUES (2136, 'SUPERAMERICA', 10, 1);
INSERT INTO modelo (idModelo, denominacao, idMarca, idTipo) VALUES (2137, 'F430 SPIDER', 10, 1);
INSERT INTO modelo (idModelo, denominacao, idMarca, idTipo) VALUES (2139, '612 SESSANTA', 10, 1);
INSERT INTO modelo (idModelo, denominacao, idMarca, idTipo) VALUES (2140, '599 GTB', 10, 1);
INSERT INTO modelo (idModelo, denominacao, idMarca, idTipo) VALUES (2141, 'SCUDERIA SPIDER', 10, 1);
INSERT INTO modelo (idModelo, denominacao, idMarca, idTipo) VALUES (2143, '456 GT', 10, 1);
INSERT INTO modelo (idModelo, denominacao, idMarca, idTipo) VALUES (2144, '348 GTS', 10, 1);
INSERT INTO modelo (idModelo, denominacao, idMarca, idTipo) VALUES (2145, '348 SPIDER', 10, 1);
INSERT INTO modelo (idModelo, denominacao, idMarca, idTipo) VALUES (2147, 'F355 SPIDER', 10, 1);
INSERT INTO modelo (idModelo, denominacao, idMarca, idTipo) VALUES (2149, '355 SPIDER', 10, 1);
INSERT INTO modelo (idModelo, denominacao, idMarca, idTipo) VALUES (2150, '360 MODENA', 10, 1);
INSERT INTO modelo (idModelo, denominacao, idMarca, idTipo) VALUES (2151, 'PAJERO FULL', 111, 1);
INSERT INTO modelo (idModelo, denominacao, idMarca, idTipo) VALUES (2152, 'PAJERO DAKAR', 111, 1);
INSERT INTO modelo (idModelo, denominacao, idMarca, idTipo) VALUES (2153, 'PAJERO TR4', 111, 1);
INSERT INTO modelo (idModelo, denominacao, idMarca, idTipo) VALUES (2154, 'LANCER SPORTBACK', 111, 1);
INSERT INTO modelo (idModelo, denominacao, idMarca, idTipo) VALUES (2155, 'LANCER EVOLUTION', 111, 1);
INSERT INTO modelo (idModelo, denominacao, idMarca, idTipo) VALUES (2156, 'L200 TRITON SAVANA', 111, 1);
INSERT INTO modelo (idModelo, denominacao, idMarca, idTipo) VALUES (2157, 'L200 TRITON', 111, 1);
INSERT INTO modelo (idModelo, denominacao, idMarca, idTipo) VALUES (2159, 'LIVINA X-GEAR', 43, 1);
INSERT INTO modelo (idModelo, denominacao, idMarca, idTipo) VALUES (2160, 'GRAND LIVINA', 43, 1);
INSERT INTO modelo (idModelo, denominacao, idMarca, idTipo) VALUES (2161, 'NEW ACTYON SPORTS', 21, 1);
INSERT INTO modelo (idModelo, denominacao, idMarca, idTipo) VALUES (2165, 'SPIDER', 114, 1);
INSERT INTO modelo (idModelo, denominacao, idMarca, idTipo) VALUES (2166, 'KABRIO', 114, 1);
INSERT INTO modelo (idModelo, denominacao, idMarca, idTipo) VALUES (2168, 'SAGA II', 114, 1);
INSERT INTO modelo (idModelo, denominacao, idMarca, idTipo) VALUES (2171, 'GAIOLA', 295, 1);
INSERT INTO modelo (idModelo, denominacao, idMarca, idTipo) VALUES (2176, 'CHALLENGER', 18, 1);
INSERT INTO modelo (idModelo, denominacao, idMarca, idTipo) VALUES (2178, 'LE BARON', 18, 1);
INSERT INTO modelo (idModelo, denominacao, idMarca, idTipo) VALUES (2179, 'CORDOBA', 18, 1);
INSERT INTO modelo (idModelo, denominacao, idMarca, idTipo) VALUES (2180, 'CHARGER', 18, 1);
INSERT INTO modelo (idModelo, denominacao, idMarca, idTipo) VALUES (2181, 'WINDSOR', 19, 1);
INSERT INTO modelo (idModelo, denominacao, idMarca, idTipo) VALUES (2183, 'CROSSFIRE', 19, 1);
INSERT INTO modelo (idModelo, denominacao, idMarca, idTipo) VALUES (2184, 'CORDOBA', 19, 1);
INSERT INTO modelo (idModelo, denominacao, idMarca, idTipo) VALUES (2185, 'ESCALADE', 155, 1);
INSERT INTO modelo (idModelo, denominacao, idMarca, idTipo) VALUES (2186, 'RIVIERA', 41, 1);
INSERT INTO modelo (idModelo, denominacao, idMarca, idTipo) VALUES (2188, 'CENTURY', 41, 1);
INSERT INTO modelo (idModelo, denominacao, idMarca, idTipo) VALUES (2189, 'APOLLO', 41, 1);
INSERT INTO modelo (idModelo, denominacao, idMarca, idTipo) VALUES (2190, 'CENTURION', 41, 1);
INSERT INTO modelo (idModelo, denominacao, idMarca, idTipo) VALUES (2192, 'ELECTRA', 41, 1);
INSERT INTO modelo (idModelo, denominacao, idMarca, idTipo) VALUES (2193, 'ESTATE WAGON', 41, 1);
INSERT INTO modelo (idModelo, denominacao, idMarca, idTipo) VALUES (2194, 'GRAN SPORT', 41, 1);
INSERT INTO modelo (idModelo, denominacao, idMarca, idTipo) VALUES (2196, 'INVICTA', 41, 1);
INSERT INTO modelo (idModelo, denominacao, idMarca, idTipo) VALUES (2197, 'LESABRE', 41, 1);
INSERT INTO modelo (idModelo, denominacao, idMarca, idTipo) VALUES (2198, 'LIMITED', 41, 1);
INSERT INTO modelo (idModelo, denominacao, idMarca, idTipo) VALUES (2199, 'PARK AVENUE', 41, 1);
INSERT INTO modelo (idModelo, denominacao, idMarca, idTipo) VALUES (2200, 'RAINIER', 41, 1);
INSERT INTO modelo (idModelo, denominacao, idMarca, idTipo) VALUES (2201, 'REATTA', 41, 1);
INSERT INTO modelo (idModelo, denominacao, idMarca, idTipo) VALUES (2203, 'RENDEZVOUS', 41, 1);
INSERT INTO modelo (idModelo, denominacao, idMarca, idTipo) VALUES (2204, 'ROADMASTER', 41, 1);
INSERT INTO modelo (idModelo, denominacao, idMarca, idTipo) VALUES (2205, 'ROYAUM', 41, 1);
INSERT INTO modelo (idModelo, denominacao, idMarca, idTipo) VALUES (2206, 'SKYHAWK', 41, 1);
INSERT INTO modelo (idModelo, denominacao, idMarca, idTipo) VALUES (2207, 'SKYLARK', 41, 1);
INSERT INTO modelo (idModelo, denominacao, idMarca, idTipo) VALUES (2208, 'SOMERSET', 41, 1);
INSERT INTO modelo (idModelo, denominacao, idMarca, idTipo) VALUES (2209, 'SPECIAL', 41, 1);
INSERT INTO modelo (idModelo, denominacao, idMarca, idTipo) VALUES (2210, 'SPORT WAGON', 41, 1);
INSERT INTO modelo (idModelo, denominacao, idMarca, idTipo) VALUES (2212, 'TERRAZA', 41, 1);
INSERT INTO modelo (idModelo, denominacao, idMarca, idTipo) VALUES (2213, 'WILDCAT', 41, 1);
INSERT INTO modelo (idModelo, denominacao, idMarca, idTipo) VALUES (2214, 'LACROSSE', 41, 1);
INSERT INTO modelo (idModelo, denominacao, idMarca, idTipo) VALUES (2215, 'ENCLAVE', 41, 1);
INSERT INTO modelo (idModelo, denominacao, idMarca, idTipo) VALUES (2219, 'LUCERNE', 41, 1);
INSERT INTO modelo (idModelo, denominacao, idMarca, idTipo) VALUES (2230, 'SIERRA', 13, 1);
INSERT INTO modelo (idModelo, denominacao, idMarca, idTipo) VALUES (2231, 'BROUGHAM', 51, 1);
INSERT INTO modelo (idModelo, denominacao, idMarca, idTipo) VALUES (2232, 'CHAIRMAN', 51, 1);
INSERT INTO modelo (idModelo, denominacao, idMarca, idTipo) VALUES (2234, 'GENTRA', 51, 1);
INSERT INTO modelo (idModelo, denominacao, idMarca, idTipo) VALUES (2235, 'MAEPSY', 51, 1);
INSERT INTO modelo (idModelo, denominacao, idMarca, idTipo) VALUES (2236, 'ISTANA', 51, 1);
INSERT INTO modelo (idModelo, denominacao, idMarca, idTipo) VALUES (2238, 'KORANDO', 51, 1);
INSERT INTO modelo (idModelo, denominacao, idMarca, idTipo) VALUES (2239, 'LACETTI', 51, 1);
INSERT INTO modelo (idModelo, denominacao, idMarca, idTipo) VALUES (2240, 'LEMANS', 51, 1);
INSERT INTO modelo (idModelo, denominacao, idMarca, idTipo) VALUES (2246, 'ROYALE PRINCE', 51, 1);
INSERT INTO modelo (idModelo, denominacao, idMarca, idTipo) VALUES (2247, 'ROYALE SALON', 51, 1);
INSERT INTO modelo (idModelo, denominacao, idMarca, idTipo) VALUES (2248, 'STATESMAN', 51, 1);
INSERT INTO modelo (idModelo, denominacao, idMarca, idTipo) VALUES (2250, 'WINSTORM', 51, 1);
INSERT INTO modelo (idModelo, denominacao, idMarca, idTipo) VALUES (2261, 'CUSTOM ROYAL', 18, 1);
INSERT INTO modelo (idModelo, denominacao, idMarca, idTipo) VALUES (2262, 'CLUB COUPE', 1, 1);
INSERT INTO modelo (idModelo, denominacao, idMarca, idTipo) VALUES (2263, 'MAGNUM', 18, 1);
INSERT INTO modelo (idModelo, denominacao, idMarca, idTipo) VALUES (2264, 'GMC 100', 1, 1);
INSERT INTO modelo (idModelo, denominacao, idMarca, idTipo) VALUES (2265, 'SOLSTICE', 69, 1);
INSERT INTO modelo (idModelo, denominacao, idMarca, idTipo) VALUES (2266, 'ITAMARATY', 158, 1);
INSERT INTO modelo (idModelo, denominacao, idMarca, idTipo) VALUES (2267, 'MARK V', 86, 1);
INSERT INTO modelo (idModelo, denominacao, idMarca, idTipo) VALUES (2269, 'CHAMPION', 145, 1);
INSERT INTO modelo (idModelo, denominacao, idMarca, idTipo) VALUES (2270, 'BALILLA', 3, 1);
INSERT INTO modelo (idModelo, denominacao, idMarca, idTipo) VALUES (2271, 'INTERLAGOS', 158, 1);
INSERT INTO modelo (idModelo, denominacao, idMarca, idTipo) VALUES (2274, 'SPEEDSTER 356', 70, 1);
INSERT INTO modelo (idModelo, denominacao, idMarca, idTipo) VALUES (2275, 'TOPIC FURGAO', 88, 1);
INSERT INTO modelo (idModelo, denominacao, idMarca, idTipo) VALUES (2276, 'TOPIC ESCOLAR', 88, 1);
INSERT INTO modelo (idModelo, denominacao, idMarca, idTipo) VALUES (2280, 'CLASSE TE', 4, 1);
INSERT INTO modelo (idModelo, denominacao, idMarca, idTipo) VALUES (2294, 'MEGANE SEDAN', 24, 1);
INSERT INTO modelo (idModelo, denominacao, idMarca, idTipo) VALUES (2295, 'A4 CABRIOLET', 32, 1);
INSERT INTO modelo (idModelo, denominacao, idMarca, idTipo) VALUES (2298, 'LINHA G', 82, 1);
INSERT INTO modelo (idModelo, denominacao, idMarca, idTipo) VALUES (2299, 'LINHA G COUPE', 82, 1);
INSERT INTO modelo (idModelo, denominacao, idMarca, idTipo) VALUES (2300, 'LINHA G CONVERSIVEL', 82, 1);
INSERT INTO modelo (idModelo, denominacao, idMarca, idTipo) VALUES (2301, 'LINHA M', 82, 1);
INSERT INTO modelo (idModelo, denominacao, idMarca, idTipo) VALUES (2302, 'LINHA EX', 82, 1);
INSERT INTO modelo (idModelo, denominacao, idMarca, idTipo) VALUES (2303, 'LINHA JX', 82, 1);
INSERT INTO modelo (idModelo, denominacao, idMarca, idTipo) VALUES (2304, 'LINHA QX', 82, 1);
INSERT INTO modelo (idModelo, denominacao, idMarca, idTipo) VALUES (2305, 'MODELOS XF', 86, 1);
INSERT INTO modelo (idModelo, denominacao, idMarca, idTipo) VALUES (2306, 'F-TYPE', 86, 1);
INSERT INTO modelo (idModelo, denominacao, idMarca, idTipo) VALUES (2307, 'MARK VII', 86, 1);
INSERT INTO modelo (idModelo, denominacao, idMarca, idTipo) VALUES (2308, 'MARK VIII', 86, 1);
INSERT INTO modelo (idModelo, denominacao, idMarca, idTipo) VALUES (2309, 'MARK IX', 86, 1);
INSERT INTO modelo (idModelo, denominacao, idMarca, idTipo) VALUES (2310, 'MARK X', 86, 1);
INSERT INTO modelo (idModelo, denominacao, idMarca, idTipo) VALUES (2311, 'E-TYPE', 86, 1);
INSERT INTO modelo (idModelo, denominacao, idMarca, idTipo) VALUES (2312, 'C-TYPE', 86, 1);
INSERT INTO modelo (idModelo, denominacao, idMarca, idTipo) VALUES (2313, 'D-TYPE', 86, 1);
INSERT INTO modelo (idModelo, denominacao, idMarca, idTipo) VALUES (2314, 'MARK I', 86, 1);
INSERT INTO modelo (idModelo, denominacao, idMarca, idTipo) VALUES (2315, 'MARK II', 86, 1);
INSERT INTO modelo (idModelo, denominacao, idMarca, idTipo) VALUES (2347, 'SPYDER', 124, 1);
INSERT INTO modelo (idModelo, denominacao, idMarca, idTipo) VALUES (2378, 'AIRWAVE', 7, 1);
INSERT INTO modelo (idModelo, denominacao, idMarca, idTipo) VALUES (2380, 'BALLADE', 7, 1);
INSERT INTO modelo (idModelo, denominacao, idMarca, idTipo) VALUES (2383, 'CONCERTO', 7, 1);
INSERT INTO modelo (idModelo, denominacao, idMarca, idTipo) VALUES (2385, 'DOMANI', 7, 1);
INSERT INTO modelo (idModelo, denominacao, idMarca, idTipo) VALUES (2387, 'ELEMENT', 7, 1);
INSERT INTO modelo (idModelo, denominacao, idMarca, idTipo) VALUES (2388, 'EV PLUS', 7, 1);
INSERT INTO modelo (idModelo, denominacao, idMarca, idTipo) VALUES (2394, 'INSIGHT', 7, 1);
INSERT INTO modelo (idModelo, denominacao, idMarca, idTipo) VALUES (2397, 'LIFE DUNK', 7, 1);
INSERT INTO modelo (idModelo, denominacao, idMarca, idTipo) VALUES (2399, 'MOBILIO', 7, 1);
INSERT INTO modelo (idModelo, denominacao, idMarca, idTipo) VALUES (2401, 'ORTHIA', 7, 1);
INSERT INTO modelo (idModelo, denominacao, idMarca, idTipo) VALUES (2402, 'PARTNER VAN', 7, 1);
INSERT INTO modelo (idModelo, denominacao, idMarca, idTipo) VALUES (2404, 'RIDGELINE', 7, 1);
INSERT INTO modelo (idModelo, denominacao, idMarca, idTipo) VALUES (2409, 'STEPWGN', 7, 1);
INSERT INTO modelo (idModelo, denominacao, idMarca, idTipo) VALUES (2410, 'STREAM', 7, 1);
INSERT INTO modelo (idModelo, denominacao, idMarca, idTipo) VALUES (2446, 'MR WAGON', 59, 1);
INSERT INTO modelo (idModelo, denominacao, idMarca, idTipo) VALUES (2448, 'VERONA', 59, 1);
INSERT INTO modelo (idModelo, denominacao, idMarca, idTipo) VALUES (2477, 'JEEP CJ', 158, 1);
INSERT INTO modelo (idModelo, denominacao, idMarca, idTipo) VALUES (2479, '306 CABRIOLET', 22, 1);
INSERT INTO modelo (idModelo, denominacao, idMarca, idTipo) VALUES (2484, 'BELCAR', 57, 1);
INSERT INTO modelo (idModelo, denominacao, idMarca, idTipo) VALUES (2492, '407 SW', 22, 1);
INSERT INTO modelo (idModelo, denominacao, idMarca, idTipo) VALUES (2493, '307 CC', 22, 1);
INSERT INTO modelo (idModelo, denominacao, idMarca, idTipo) VALUES (2499, 'STYLELINE', 1, 1);
INSERT INTO modelo (idModelo, denominacao, idMarca, idTipo) VALUES (2500, 'ANGLIA', 13, 1);
INSERT INTO modelo (idModelo, denominacao, idMarca, idTipo) VALUES (2510, 'SPORTSMAN', 54, 1);
INSERT INTO modelo (idModelo, denominacao, idMarca, idTipo) VALUES (2514, '21 NEVADA', 24, 1);
INSERT INTO modelo (idModelo, denominacao, idMarca, idTipo) VALUES (2515, 'VEYRON', 11, 1);
INSERT INTO modelo (idModelo, denominacao, idMarca, idTipo) VALUES (2517, '306 SW', 22, 1);
INSERT INTO modelo (idModelo, denominacao, idMarca, idTipo) VALUES (2532, 'SPYDER 550', 70, 1);
INSERT INTO modelo (idModelo, denominacao, idMarca, idTipo) VALUES (2533, '380 GTB', 10, 1);
INSERT INTO modelo (idModelo, denominacao, idMarca, idTipo) VALUES (2536, 'KINGSWAY', 18, 1);
INSERT INTO modelo (idModelo, denominacao, idMarca, idTipo) VALUES (2540, 'IMPALA', 1, 1);
INSERT INTO modelo (idModelo, denominacao, idMarca, idTipo) VALUES (2542, 'GRAND BLAZER', 1, 1);
INSERT INTO modelo (idModelo, denominacao, idMarca, idTipo) VALUES (2555, '100 SERIES', 53, 1);
INSERT INTO modelo (idModelo, denominacao, idMarca, idTipo) VALUES (2558, '200 SERIES', 53, 1);
INSERT INTO modelo (idModelo, denominacao, idMarca, idTipo) VALUES (2559, '300 SERIES', 53, 1);
INSERT INTO modelo (idModelo, denominacao, idMarca, idTipo) VALUES (2562, '700 SERIES', 53, 1);
INSERT INTO modelo (idModelo, denominacao, idMarca, idTipo) VALUES (2563, 'AMAZON', 53, 1);
INSERT INTO modelo (idModelo, denominacao, idMarca, idTipo) VALUES (2573, 'DE LUXE', 13, 1);
INSERT INTO modelo (idModelo, denominacao, idMarca, idTipo) VALUES (2574, 'CUSTOM', 13, 1);
INSERT INTO modelo (idModelo, denominacao, idMarca, idTipo) VALUES (2575, 'T-BUCKET', 13, 1);
INSERT INTO modelo (idModelo, denominacao, idMarca, idTipo) VALUES (2588, 'PAJERO FULL 3D', 111, 1);
INSERT INTO modelo (idModelo, denominacao, idMarca, idTipo) VALUES (2589, 'PAJERO SPORT', 111, 1);
INSERT INTO modelo (idModelo, denominacao, idMarca, idTipo) VALUES (2590, '120 CABRIO', 36, 1);
INSERT INTO modelo (idModelo, denominacao, idMarca, idTipo) VALUES (2591, '320 TOURING', 36, 1);
INSERT INTO modelo (idModelo, denominacao, idMarca, idTipo) VALUES (2592, '330 CABRIO', 36, 1);
INSERT INTO modelo (idModelo, denominacao, idMarca, idTipo) VALUES (2593, 'SERIE 5 TOURING', 36, 1);
INSERT INTO modelo (idModelo, denominacao, idMarca, idTipo) VALUES (2594, 'SERIE 6 CABRIO', 36, 1);
INSERT INTO modelo (idModelo, denominacao, idMarca, idTipo) VALUES (2595, 'SERIE M CONVERSIVEL', 36, 1);
INSERT INTO modelo (idModelo, denominacao, idMarca, idTipo) VALUES (2596, 'M5 TOURING', 36, 1);
INSERT INTO modelo (idModelo, denominacao, idMarca, idTipo) VALUES (2597, 'SERIE Z ROADSTER', 36, 1);
INSERT INTO modelo (idModelo, denominacao, idMarca, idTipo) VALUES (2599, 'KA SPORT', 13, 1);
INSERT INTO modelo (idModelo, denominacao, idMarca, idTipo) VALUES (2605, 'CERATO KOUP', 16, 1);
INSERT INTO modelo (idModelo, denominacao, idMarca, idTipo) VALUES (2608, 'COROLLA XRS', 23, 1);
INSERT INTO modelo (idModelo, denominacao, idMarca, idTipo) VALUES (2609, 'ETIOS SEDAN', 23, 1);
INSERT INTO modelo (idModelo, denominacao, idMarca, idTipo) VALUES (2611, 'FREESTYLE', 13, 1);
INSERT INTO modelo (idModelo, denominacao, idMarca, idTipo) VALUES (2612, 'COUGAR', 110, 1);
INSERT INTO modelo (idModelo, denominacao, idMarca, idTipo) VALUES (2615, 'XUV 500', 102, 1);
INSERT INTO modelo (idModelo, denominacao, idMarca, idTipo) VALUES (2619, 'BOLERO', 102, 1);
INSERT INTO modelo (idModelo, denominacao, idMarca, idTipo) VALUES (2622, 'LEGEND', 102, 1);
INSERT INTO modelo (idModelo, denominacao, idMarca, idTipo) VALUES (2624, 'ARMADA', 102, 1);
INSERT INTO modelo (idModelo, denominacao, idMarca, idTipo) VALUES (2625, 'CHASSI', 102, 1);
INSERT INTO modelo (idModelo, denominacao, idMarca, idTipo) VALUES (2626, 'SCORPIO PICK-UP', 102, 1);
INSERT INTO modelo (idModelo, denominacao, idMarca, idTipo) VALUES (2627, 'STAR TRUCK', 6, 1);
INSERT INTO modelo (idModelo, denominacao, idMarca, idTipo) VALUES (2629, 'STAR VAN CARGO', 6, 1);
INSERT INTO modelo (idModelo, denominacao, idMarca, idTipo) VALUES (2630, 'STAR VAN PASSAGEIROS', 6, 1);
INSERT INTO modelo (idModelo, denominacao, idMarca, idTipo) VALUES (2632, 'ALVORADA', 141, 1);
INSERT INTO modelo (idModelo, denominacao, idMarca, idTipo) VALUES (2633, 'CHAMBORD', 141, 1);
INSERT INTO modelo (idModelo, denominacao, idMarca, idTipo) VALUES (2637, 'PROFISSIONAL', 141, 1);
INSERT INTO modelo (idModelo, denominacao, idMarca, idTipo) VALUES (2639, 'VEDETTE', 141, 1);
INSERT INTO modelo (idModelo, denominacao, idMarca, idTipo) VALUES (2640, 'ARONDE', 141, 1);
INSERT INTO modelo (idModelo, denominacao, idMarca, idTipo) VALUES (2649, 'CHEVETTE', 1, 1);
INSERT INTO modelo (idModelo, denominacao, idMarca, idTipo) VALUES (2655, 'BAVARIA', 36, 1);
INSERT INTO modelo (idModelo, denominacao, idMarca, idTipo) VALUES (2656, 'C-2800', 36, 1);
INSERT INTO modelo (idModelo, denominacao, idMarca, idTipo) VALUES (2659, '318 CABRIO', 36, 1);
INSERT INTO modelo (idModelo, denominacao, idMarca, idTipo) VALUES (2660, '325 CABRIO', 36, 1);
INSERT INTO modelo (idModelo, denominacao, idMarca, idTipo) VALUES (2675, 'MATRIX 4X4', 341, 1);
INSERT INTO modelo (idModelo, denominacao, idMarca, idTipo) VALUES (2696, 'A9 CARGO', 132, 1);
INSERT INTO modelo (idModelo, denominacao, idMarca, idTipo) VALUES (2698, 'T20 BAU', 132, 1);
INSERT INTO modelo (idModelo, denominacao, idMarca, idTipo) VALUES (2704, 'SUPER 90 COUPE', 64, 1);
INSERT INTO modelo (idModelo, denominacao, idMarca, idTipo) VALUES (2706, 'ITAIPU', 17, 1);
INSERT INTO modelo (idModelo, denominacao, idMarca, idTipo) VALUES (2709, 'MOTOMACHINE', 17, 1);
INSERT INTO modelo (idModelo, denominacao, idMarca, idTipo) VALUES (2710, 'BUGATO', 17, 1);
INSERT INTO modelo (idModelo, denominacao, idMarca, idTipo) VALUES (2716, 'CAICARA', 57, 1);
INSERT INTO modelo (idModelo, denominacao, idMarca, idTipo) VALUES (2717, 'CARCARA', 57, 1);
INSERT INTO modelo (idModelo, denominacao, idMarca, idTipo) VALUES (2718, 'FISSORE', 57, 1);
INSERT INTO modelo (idModelo, denominacao, idMarca, idTipo) VALUES (2719, 'MALZONI', 57, 1);
INSERT INTO modelo (idModelo, denominacao, idMarca, idTipo) VALUES (2720, 'VEMAGUET', 57, 1);
INSERT INTO modelo (idModelo, denominacao, idMarca, idTipo) VALUES (2727, 'C4 LOUNGE', 5, 1);
INSERT INTO modelo (idModelo, denominacao, idMarca, idTipo) VALUES (2730, 'LUCENA', 147, 1);
INSERT INTO modelo (idModelo, denominacao, idMarca, idTipo) VALUES (2731, 'SEVETSE', 147, 1);
INSERT INTO modelo (idModelo, denominacao, idMarca, idTipo) VALUES (2756, 'CLASSE CLA', 4, 1);
INSERT INTO modelo (idModelo, denominacao, idMarca, idTipo) VALUES (2757, 'CLASSE V', 4, 1);
INSERT INTO modelo (idModelo, denominacao, idMarca, idTipo) VALUES (2761, 'CLASSE S CLASSICO', 4, 1);
INSERT INTO modelo (idModelo, denominacao, idMarca, idTipo) VALUES (2810, 'PICK-UP', 345, 1);
INSERT INTO modelo (idModelo, denominacao, idMarca, idTipo) VALUES (2823, 'C3 SOLARIS', 5, 1);
INSERT INTO modelo (idModelo, denominacao, idMarca, idTipo) VALUES (2824, 'C3 XTR', 5, 1);
INSERT INTO modelo (idModelo, denominacao, idMarca, idTipo) VALUES (2825, 'C4 SOLARIS', 5, 1);
INSERT INTO modelo (idModelo, denominacao, idMarca, idTipo) VALUES (2826, 'C5 BREAK/TOURER', 5, 1);
INSERT INTO modelo (idModelo, denominacao, idMarca, idTipo) VALUES (2827, 'XSARA BREAK', 5, 1);
INSERT INTO modelo (idModelo, denominacao, idMarca, idTipo) VALUES (2828, 'XSARA VTS', 5, 1);
INSERT INTO modelo (idModelo, denominacao, idMarca, idTipo) VALUES (2829, 'XANTIA BREAK', 5, 1);
INSERT INTO modelo (idModelo, denominacao, idMarca, idTipo) VALUES (2830, 'XM BREAK', 5, 1);
INSERT INTO modelo (idModelo, denominacao, idMarca, idTipo) VALUES (2836, 'C3 PLURIEL', 5, 1);
INSERT INTO modelo (idModelo, denominacao, idMarca, idTipo) VALUES (2840, 'C-CROSSER', 5, 1);
INSERT INTO modelo (idModelo, denominacao, idMarca, idTipo) VALUES (2844, 'CX BREAK', 5, 1);
INSERT INTO modelo (idModelo, denominacao, idMarca, idTipo) VALUES (2847, 'GS/GSA', 5, 1);
INSERT INTO modelo (idModelo, denominacao, idMarca, idTipo) VALUES (2848, 'GS/GSA BREAK', 5, 1);
INSERT INTO modelo (idModelo, denominacao, idMarca, idTipo) VALUES (2849, 'MEHARI', 5, 1);
INSERT INTO modelo (idModelo, denominacao, idMarca, idTipo) VALUES (2852, 'ELYSEE', 5, 1);
INSERT INTO modelo (idModelo, denominacao, idMarca, idTipo) VALUES (2853, 'MASTER MINIBUS', 24, 1);
INSERT INTO modelo (idModelo, denominacao, idMarca, idTipo) VALUES (2855, 'CELER SEDAN', 47, 1);
INSERT INTO modelo (idModelo, denominacao, idMarca, idTipo) VALUES (2856, 'CIELO SEDAN', 47, 1);
INSERT INTO modelo (idModelo, denominacao, idMarca, idTipo) VALUES (2857, 'A1 SPORTBACK', 32, 1);
INSERT INTO modelo (idModelo, denominacao, idMarca, idTipo) VALUES (2858, 'A1 QUATTRO', 32, 1);
INSERT INTO modelo (idModelo, denominacao, idMarca, idTipo) VALUES (2859, 'A3 SPORTBACK', 32, 1);
INSERT INTO modelo (idModelo, denominacao, idMarca, idTipo) VALUES (2860, 'RS4 AVANT', 32, 1);
INSERT INTO modelo (idModelo, denominacao, idMarca, idTipo) VALUES (2861, 'A8L W12', 32, 1);
INSERT INTO modelo (idModelo, denominacao, idMarca, idTipo) VALUES (2862, 'R8 V10', 32, 1);
INSERT INTO modelo (idModelo, denominacao, idMarca, idTipo) VALUES (2863, 'RANGER CD', 13, 1);
INSERT INTO modelo (idModelo, denominacao, idMarca, idTipo) VALUES (2874, 'FIT TWIST', 7, 1);
INSERT INTO modelo (idModelo, denominacao, idMarca, idTipo) VALUES (2878, 'MONDEO SW', 13, 1);
INSERT INTO modelo (idModelo, denominacao, idMarca, idTipo) VALUES (2879, 'ESCORT SEDAN', 13, 1);
INSERT INTO modelo (idModelo, denominacao, idMarca, idTipo) VALUES (2880, 'ESCORT CONVERSIVEL', 13, 1);
INSERT INTO modelo (idModelo, denominacao, idMarca, idTipo) VALUES (2884, 'CORISCO', 1, 1);
INSERT INTO modelo (idModelo, denominacao, idMarca, idTipo) VALUES (2885, 'CHEVELLE', 1, 1);
INSERT INTO modelo (idModelo, denominacao, idMarca, idTipo) VALUES (2886, 'EXCURSION', 13, 1);
INSERT INTO modelo (idModelo, denominacao, idMarca, idTipo) VALUES (2887, 'TOURAN', 2, 1);
INSERT INTO modelo (idModelo, denominacao, idMarca, idTipo) VALUES (2890, 'F-10000', 13, 1);
INSERT INTO modelo (idModelo, denominacao, idMarca, idTipo) VALUES (2891, 'HOGGAR ESCAPADE', 22, 1);
INSERT INTO modelo (idModelo, denominacao, idMarca, idTipo) VALUES (2901, 'PHAETON', 13, 1);
INSERT INTO modelo (idModelo, denominacao, idMarca, idTipo) VALUES (2913, 'TRANSPORTER', 2, 1);
INSERT INTO modelo (idModelo, denominacao, idMarca, idTipo) VALUES (2914, 'GRAND BESTA', 16, 1);
INSERT INTO modelo (idModelo, denominacao, idMarca, idTipo) VALUES (2922, '300C TOURING', 19, 1);
INSERT INTO modelo (idModelo, denominacao, idMarca, idTipo) VALUES (2928, 'TORINO', 13, 1);
INSERT INTO modelo (idModelo, denominacao, idMarca, idTipo) VALUES (2931, 'VENTURE', 1, 1);
INSERT INTO modelo (idModelo, denominacao, idMarca, idTipo) VALUES (2932, 'FLEETLINE', 1, 1);
INSERT INTO modelo (idModelo, denominacao, idMarca, idTipo) VALUES (2933, 'FLEETMASTER', 1, 1);
INSERT INTO modelo (idModelo, denominacao, idMarca, idTipo) VALUES (2934, 'DELUXE', 1, 1);
INSERT INTO modelo (idModelo, denominacao, idMarca, idTipo) VALUES (2936, 'ESCORT XR3', 13, 1);
INSERT INTO modelo (idModelo, denominacao, idMarca, idTipo) VALUES (2937, 'MASTER', 1, 1);
INSERT INTO modelo (idModelo, denominacao, idMarca, idTipo) VALUES (2938, 'TORONADO', 120, 1);
INSERT INTO modelo (idModelo, denominacao, idMarca, idTipo) VALUES (2941, 'DELUXE', 120, 1);
INSERT INTO modelo (idModelo, denominacao, idMarca, idTipo) VALUES (2942, 'SERIES 60', 120, 1);
INSERT INTO modelo (idModelo, denominacao, idMarca, idTipo) VALUES (2943, 'SERIES 70', 120, 1);
INSERT INTO modelo (idModelo, denominacao, idMarca, idTipo) VALUES (2944, 'SERIES 80', 120, 1);
INSERT INTO modelo (idModelo, denominacao, idMarca, idTipo) VALUES (2945, 'SERIES 90', 120, 1);
INSERT INTO modelo (idModelo, denominacao, idMarca, idTipo) VALUES (2946, 'STARFIRE', 120, 1);
INSERT INTO modelo (idModelo, denominacao, idMarca, idTipo) VALUES (2948, 'CUTLASS', 120, 1);
INSERT INTO modelo (idModelo, denominacao, idMarca, idTipo) VALUES (2949, 'CUTLASS SUPREME', 120, 1);
INSERT INTO modelo (idModelo, denominacao, idMarca, idTipo) VALUES (2950, 'CUTLASS SALON', 120, 1);
INSERT INTO modelo (idModelo, denominacao, idMarca, idTipo) VALUES (2951, 'CUTLASS CALAIS', 120, 1);
INSERT INTO modelo (idModelo, denominacao, idMarca, idTipo) VALUES (2952, 'CUTLASS CIERA', 120, 1);
INSERT INTO modelo (idModelo, denominacao, idMarca, idTipo) VALUES (2953, 'CUSTOM CRUISER', 120, 1);
INSERT INTO modelo (idModelo, denominacao, idMarca, idTipo) VALUES (2954, 'VISTA CRUISER', 120, 1);
INSERT INTO modelo (idModelo, denominacao, idMarca, idTipo) VALUES (2957, 'FIRENZA', 120, 1);
INSERT INTO modelo (idModelo, denominacao, idMarca, idTipo) VALUES (2958, 'ACHIEVA', 120, 1);
INSERT INTO modelo (idModelo, denominacao, idMarca, idTipo) VALUES (2960, 'AURORA', 120, 1);
INSERT INTO modelo (idModelo, denominacao, idMarca, idTipo) VALUES (2961, 'BRAVADA', 120, 1);
INSERT INTO modelo (idModelo, denominacao, idMarca, idTipo) VALUES (2962, 'INTRIGUE', 120, 1);
INSERT INTO modelo (idModelo, denominacao, idMarca, idTipo) VALUES (2963, 'SILHOUETTE', 120, 1);
INSERT INTO modelo (idModelo, denominacao, idMarca, idTipo) VALUES (2972, 'SUPERBIRD', 123, 1);
INSERT INTO modelo (idModelo, denominacao, idMarca, idTipo) VALUES (2974, 'SPECIAL', 123, 1);
INSERT INTO modelo (idModelo, denominacao, idMarca, idTipo) VALUES (2975, 'PROWLER', 123, 1);
INSERT INTO modelo (idModelo, denominacao, idMarca, idTipo) VALUES (2976, 'TRAIL DUSTER', 123, 1);
INSERT INTO modelo (idModelo, denominacao, idMarca, idTipo) VALUES (2977, 'VOYAGER', 123, 1);
INSERT INTO modelo (idModelo, denominacao, idMarca, idTipo) VALUES (2985, 'EXPRESS', 123, 1);
INSERT INTO modelo (idModelo, denominacao, idMarca, idTipo) VALUES (2986, 'VOYAGER EXPRESSO', 123, 1);
INSERT INTO modelo (idModelo, denominacao, idMarca, idTipo) VALUES (2989, 'CARAVELLE', 123, 1);
INSERT INTO modelo (idModelo, denominacao, idMarca, idTipo) VALUES (2990, 'STATION WAGON', 123, 1);
INSERT INTO modelo (idModelo, denominacao, idMarca, idTipo) VALUES (2991, 'MODEL Q', 123, 1);
INSERT INTO modelo (idModelo, denominacao, idMarca, idTipo) VALUES (2992, 'MODEL P6', 123, 1);
INSERT INTO modelo (idModelo, denominacao, idMarca, idTipo) VALUES (2993, 'DB9 COUPE', 31, 1);
INSERT INTO modelo (idModelo, denominacao, idMarca, idTipo) VALUES (2994, 'DB9 VOLANTE', 31, 1);
INSERT INTO modelo (idModelo, denominacao, idMarca, idTipo) VALUES (2995, 'VIRAGE COUPE', 31, 1);
INSERT INTO modelo (idModelo, denominacao, idMarca, idTipo) VALUES (2996, 'RAPIDE S', 31, 1);
INSERT INTO modelo (idModelo, denominacao, idMarca, idTipo) VALUES (2997, 'V12 VANTAGE', 31, 1);
INSERT INTO modelo (idModelo, denominacao, idMarca, idTipo) VALUES (2998, 'V8 VANTAGE COUPE', 31, 1);
INSERT INTO modelo (idModelo, denominacao, idMarca, idTipo) VALUES (2999, 'V8 VANTAGE ROADSTER', 31, 1);
INSERT INTO modelo (idModelo, denominacao, idMarca, idTipo) VALUES (3000, 'V8 VANTAGE S COUPE', 31, 1);
INSERT INTO modelo (idModelo, denominacao, idMarca, idTipo) VALUES (3001, 'V8 VANTAGE S ROADSTER', 31, 1);
INSERT INTO modelo (idModelo, denominacao, idMarca, idTipo) VALUES (3002, 'VANQUISH COUPE', 31, 1);
INSERT INTO modelo (idModelo, denominacao, idMarca, idTipo) VALUES (3003, 'VANQUISH VOLANTE', 31, 1);
INSERT INTO modelo (idModelo, denominacao, idMarca, idTipo) VALUES (3004, 'V12 ZAGATO', 31, 1);
INSERT INTO modelo (idModelo, denominacao, idMarca, idTipo) VALUES (3008, 'DBS VOLANTE', 31, 1);
INSERT INTO modelo (idModelo, denominacao, idMarca, idTipo) VALUES (3009, 'CYGNET', 31, 1);
INSERT INTO modelo (idModelo, denominacao, idMarca, idTipo) VALUES (3010, 'ONE-77', 31, 1);
INSERT INTO modelo (idModelo, denominacao, idMarca, idTipo) VALUES (3017, 'CABRIO', 113, 1);
INSERT INTO modelo (idModelo, denominacao, idMarca, idTipo) VALUES (3019, 'ROADSTER', 113, 1);
INSERT INTO modelo (idModelo, denominacao, idMarca, idTipo) VALUES (3020, 'COUNTRYMAN', 113, 1);
INSERT INTO modelo (idModelo, denominacao, idMarca, idTipo) VALUES (3021, 'PACEMAN', 113, 1);
INSERT INTO modelo (idModelo, denominacao, idMarca, idTipo) VALUES (3022, 'JOHN COOPER WORKS', 113, 1);
INSERT INTO modelo (idModelo, denominacao, idMarca, idTipo) VALUES (3024, 'NEW XV', 8, 1);
INSERT INTO modelo (idModelo, denominacao, idMarca, idTipo) VALUES (3025, 'IMPREZA WRX HATCH', 8, 1);
INSERT INTO modelo (idModelo, denominacao, idMarca, idTipo) VALUES (3026, 'IMPREZA WRX STI HATCH', 8, 1);
INSERT INTO modelo (idModelo, denominacao, idMarca, idTipo) VALUES (3027, 'IMPREZA WRX STI SEDAN', 8, 1);
INSERT INTO modelo (idModelo, denominacao, idMarca, idTipo) VALUES (3028, 'IMPREZA WRX SEDAN', 8, 1);
INSERT INTO modelo (idModelo, denominacao, idMarca, idTipo) VALUES (3030, 'ETIOS CROSS', 23, 1);
INSERT INTO modelo (idModelo, denominacao, idMarca, idTipo) VALUES (3031, 'HURACAN', 12, 1);
INSERT INTO modelo (idModelo, denominacao, idMarca, idTipo) VALUES (3080, 'EXPLORER', 195, 1);
INSERT INTO modelo (idModelo, denominacao, idMarca, idTipo) VALUES (4964, 'FORTWO CABRIO', 142, 1);
INSERT INTO modelo (idModelo, denominacao, idMarca, idTipo) VALUES (4974, 'AC 2000', 26, 1);
INSERT INTO modelo (idModelo, denominacao, idMarca, idTipo) VALUES (4975, 'AVIATOR', 99, 1);
INSERT INTO modelo (idModelo, denominacao, idMarca, idTipo) VALUES (4976, 'BLACKWOOD', 99, 1);
INSERT INTO modelo (idModelo, denominacao, idMarca, idTipo) VALUES (4978, 'CONTINENTAL', 99, 1);
INSERT INTO modelo (idModelo, denominacao, idMarca, idTipo) VALUES (4981, 'MARK LT', 99, 1);
INSERT INTO modelo (idModelo, denominacao, idMarca, idTipo) VALUES (4986, 'NAVIGATOR', 99, 1);
INSERT INTO modelo (idModelo, denominacao, idMarca, idTipo) VALUES (4987, 'PREMIERE', 99, 1);
INSERT INTO modelo (idModelo, denominacao, idMarca, idTipo) VALUES (4988, 'TOWN CAR', 99, 1);
INSERT INTO modelo (idModelo, denominacao, idMarca, idTipo) VALUES (4989, 'VERSAILLES', 99, 1);
INSERT INTO modelo (idModelo, denominacao, idMarca, idTipo) VALUES (4990, 'ZEPHYR', 99, 1);
INSERT INTO modelo (idModelo, denominacao, idMarca, idTipo) VALUES (4991, 'CLASSIC', 1, 1);
INSERT INTO modelo (idModelo, denominacao, idMarca, idTipo) VALUES (4992, 'ACTYON', 21, 1);
INSERT INTO modelo (idModelo, denominacao, idMarca, idTipo) VALUES (5003, 'MARAJO', 1, 1);
INSERT INTO modelo (idModelo, denominacao, idMarca, idTipo) VALUES (5004, 'SUPREMA', 1, 1);
INSERT INTO modelo (idModelo, denominacao, idMarca, idTipo) VALUES (5005, 'NEW BEETLE', 2, 1);
INSERT INTO modelo (idModelo, denominacao, idMarca, idTipo) VALUES (5006, 'QUANTUM', 2, 1);
INSERT INTO modelo (idModelo, denominacao, idMarca, idTipo) VALUES (5007, 'CROSSFOX', 2, 1);
INSERT INTO modelo (idModelo, denominacao, idMarca, idTipo) VALUES (5014, 'RENEGADE', 87, 1);
INSERT INTO modelo (idModelo, denominacao, idMarca, idTipo) VALUES (5015, 'DUSTER OROCH', 24, 1);
INSERT INTO modelo (idModelo, denominacao, idMarca, idTipo) VALUES (5016, 'SANDERO RS', 24, 1);
INSERT INTO modelo (idModelo, denominacao, idMarca, idTipo) VALUES (5018, 'GRAND SANTA FE', 14, 1);
INSERT INTO modelo (idModelo, denominacao, idMarca, idTipo) VALUES (5019, 'GOLF VARIANT', 2, 1);
INSERT INTO modelo (idModelo, denominacao, idMarca, idTipo) VALUES (5020, 'SPACE CROSS', 2, 1);
INSERT INTO modelo (idModelo, denominacao, idMarca, idTipo) VALUES (5022, 'QUORIS', 16, 1);
INSERT INTO modelo (idModelo, denominacao, idMarca, idTipo) VALUES (5023, 'GRAND CARNIVAL', 16, 1);
INSERT INTO modelo (idModelo, denominacao, idMarca, idTipo) VALUES (5027, 'KA SEDAN', 13, 1);
INSERT INTO modelo (idModelo, denominacao, idMarca, idTipo) VALUES (5028, 'FOCUS FASTBACK', 13, 1);
INSERT INTO modelo (idModelo, denominacao, idMarca, idTipo) VALUES (765, 'CB 600 HORNET', 7, 2);
INSERT INTO modelo (idModelo, denominacao, idMarca, idTipo) VALUES (766, 'CBR 1000F', 7, 2);
INSERT INTO modelo (idModelo, denominacao, idMarca, idTipo) VALUES (767, 'FIREBLADE CBR', 7, 2);
INSERT INTO modelo (idModelo, denominacao, idMarca, idTipo) VALUES (768, 'CBR 450', 7, 2);
INSERT INTO modelo (idModelo, denominacao, idMarca, idTipo) VALUES (769, 'CBR 600', 7, 2);
INSERT INTO modelo (idModelo, denominacao, idMarca, idTipo) VALUES (771, 'TWISTER CBX 250', 7, 2);
INSERT INTO modelo (idModelo, denominacao, idMarca, idTipo) VALUES (772, 'CBX 750F', 7, 2);
INSERT INTO modelo (idModelo, denominacao, idMarca, idTipo) VALUES (773, 'CG FAN', 7, 2);
INSERT INTO modelo (idModelo, denominacao, idMarca, idTipo) VALUES (774, 'CG TITAN', 7, 2);
INSERT INTO modelo (idModelo, denominacao, idMarca, idTipo) VALUES (777, 'CRYPTON T115', 135, 2);
INSERT INTO modelo (idModelo, denominacao, idMarca, idTipo) VALUES (779, 'V-STROM DL', 59, 2);
INSERT INTO modelo (idModelo, denominacao, idMarca, idTipo) VALUES (780, 'DT 200', 135, 2);
INSERT INTO modelo (idModelo, denominacao, idMarca, idTipo) VALUES (781, 'ELEFANTRE', 27, 2);
INSERT INTO modelo (idModelo, denominacao, idMarca, idTipo) VALUES (783, 'FUTURE', 140, 2);
INSERT INTO modelo (idModelo, denominacao, idMarca, idTipo) VALUES (785, 'GR 500', 136, 2);
INSERT INTO modelo (idModelo, denominacao, idMarca, idTipo) VALUES (786, 'GRI 50', 136, 2);
INSERT INTO modelo (idModelo, denominacao, idMarca, idTipo) VALUES (788, 'GSX-R GIXXER/SRAD', 59, 2);
INSERT INTO modelo (idModelo, denominacao, idMarca, idTipo) VALUES (791, 'FAZER YS250', 135, 2);
INSERT INTO modelo (idModelo, denominacao, idMarca, idTipo) VALUES (792, 'FACTOR YBR125', 135, 2);
INSERT INTO modelo (idModelo, denominacao, idMarca, idTipo) VALUES (796, 'YZF R1', 135, 2);
INSERT INTO modelo (idModelo, denominacao, idMarca, idTipo) VALUES (800, 'VIRAGO 250', 135, 2);
INSERT INTO modelo (idModelo, denominacao, idMarca, idTipo) VALUES (835, 'ELEFANT', 27, 2);
INSERT INTO modelo (idModelo, denominacao, idMarca, idTipo) VALUES (837, 'JUNIOR', 27, 2);
INSERT INTO modelo (idModelo, denominacao, idMarca, idTipo) VALUES (839, 'SUPER CITY', 27, 2);
INSERT INTO modelo (idModelo, denominacao, idMarca, idTipo) VALUES (842, 'AME-110', 177, 2);
INSERT INTO modelo (idModelo, denominacao, idMarca, idTipo) VALUES (843, 'AME-150', 177, 2);
INSERT INTO modelo (idModelo, denominacao, idMarca, idTipo) VALUES (844, 'AME-250', 177, 2);
INSERT INTO modelo (idModelo, denominacao, idMarca, idTipo) VALUES (845, 'AME-LX', 177, 2);
INSERT INTO modelo (idModelo, denominacao, idMarca, idTipo) VALUES (846, 'AREA-51', 178, 2);
INSERT INTO modelo (idModelo, denominacao, idMarca, idTipo) VALUES (847, 'CLASSIC', 178, 2);
INSERT INTO modelo (idModelo, denominacao, idMarca, idTipo) VALUES (848, 'LEONARDO', 178, 2);
INSERT INTO modelo (idModelo, denominacao, idMarca, idTipo) VALUES (850, 'PEGASO', 178, 2);
INSERT INTO modelo (idModelo, denominacao, idMarca, idTipo) VALUES (853, 'RSV MILLE', 178, 2);
INSERT INTO modelo (idModelo, denominacao, idMarca, idTipo) VALUES (855, 'SCARABEO', 178, 2);
INSERT INTO modelo (idModelo, denominacao, idMarca, idTipo) VALUES (859, 'SR RACING', 178, 2);
INSERT INTO modelo (idModelo, denominacao, idMarca, idTipo) VALUES (860, 'SR WWW', 178, 2);
INSERT INTO modelo (idModelo, denominacao, idMarca, idTipo) VALUES (861, 'CALIFFONE', 179, 2);
INSERT INTO modelo (idModelo, denominacao, idMarca, idTipo) VALUES (862, 'MASTER', 179, 2);
INSERT INTO modelo (idModelo, denominacao, idMarca, idTipo) VALUES (863, 'SKEGIA', 179, 2);
INSERT INTO modelo (idModelo, denominacao, idMarca, idTipo) VALUES (864, 'CHAMPION', 180, 2);
INSERT INTO modelo (idModelo, denominacao, idMarca, idTipo) VALUES (865, 'CLASSIC', 180, 2);
INSERT INTO modelo (idModelo, denominacao, idMarca, idTipo) VALUES (877, 'MANTRA', 183, 2);
INSERT INTO modelo (idModelo, denominacao, idMarca, idTipo) VALUES (882, 'G650GS', 36, 2);
INSERT INTO modelo (idModelo, denominacao, idMarca, idTipo) VALUES (891, 'S1000RR', 36, 2);
INSERT INTO modelo (idModelo, denominacao, idMarca, idTipo) VALUES (892, 'ELEGANT', 184, 2);
INSERT INTO modelo (idModelo, denominacao, idMarca, idTipo) VALUES (896, 'ZANELLA', 184, 2);
INSERT INTO modelo (idModelo, denominacao, idMarca, idTipo) VALUES (898, 'CAN-AM', 186, 2);
INSERT INTO modelo (idModelo, denominacao, idMarca, idTipo) VALUES (902, 'FIREBOLT', 187, 2);
INSERT INTO modelo (idModelo, denominacao, idMarca, idTipo) VALUES (904, 'LIGHTNING', 187, 2);
INSERT INTO modelo (idModelo, denominacao, idMarca, idTipo) VALUES (905, 'ULYSSES', 187, 2);
INSERT INTO modelo (idModelo, denominacao, idMarca, idTipo) VALUES (908, 'CANYON', 190, 2);
INSERT INTO modelo (idModelo, denominacao, idMarca, idTipo) VALUES (909, 'ELEFANT', 190, 2);
INSERT INTO modelo (idModelo, denominacao, idMarca, idTipo) VALUES (910, 'GRAN CANYON', 190, 2);
INSERT INTO modelo (idModelo, denominacao, idMarca, idTipo) VALUES (912, 'NAVIGATOR', 190, 2);
INSERT INTO modelo (idModelo, denominacao, idMarca, idTipo) VALUES (913, 'PLANET', 190, 2);
INSERT INTO modelo (idModelo, denominacao, idMarca, idTipo) VALUES (914, 'ROADSTER', 190, 2);
INSERT INTO modelo (idModelo, denominacao, idMarca, idTipo) VALUES (915, 'V-RAPTOR', 190, 2);
INSERT INTO modelo (idModelo, denominacao, idMarca, idTipo) VALUES (917, 'MOBILETE', 191, 2);
INSERT INTO modelo (idModelo, denominacao, idMarca, idTipo) VALUES (919, 'ALTINO', 192, 2);
INSERT INTO modelo (idModelo, denominacao, idMarca, idTipo) VALUES (920, 'MESSAGE', 192, 2);
INSERT INTO modelo (idModelo, denominacao, idMarca, idTipo) VALUES (926, 'APACHE', 193, 2);
INSERT INTO modelo (idModelo, denominacao, idMarca, idTipo) VALUES (927, 'CITYCOM', 193, 2);
INSERT INTO modelo (idModelo, denominacao, idMarca, idTipo) VALUES (928, 'KANSAS', 193, 2);
INSERT INTO modelo (idModelo, denominacao, idMarca, idTipo) VALUES (932, 'ROADWIN', 193, 2);
INSERT INTO modelo (idModelo, denominacao, idMarca, idTipo) VALUES (937, 'DY100-31', 194, 2);
INSERT INTO modelo (idModelo, denominacao, idMarca, idTipo) VALUES (938, 'DY110-20', 194, 2);
INSERT INTO modelo (idModelo, denominacao, idMarca, idTipo) VALUES (939, 'DY125-18', 194, 2);
INSERT INTO modelo (idModelo, denominacao, idMarca, idTipo) VALUES (940, 'DY125-36A', 194, 2);
INSERT INTO modelo (idModelo, denominacao, idMarca, idTipo) VALUES (941, 'DY125-37', 194, 2);
INSERT INTO modelo (idModelo, denominacao, idMarca, idTipo) VALUES (942, 'DY125-5', 194, 2);
INSERT INTO modelo (idModelo, denominacao, idMarca, idTipo) VALUES (943, 'DY125-52', 194, 2);
INSERT INTO modelo (idModelo, denominacao, idMarca, idTipo) VALUES (944, 'DY150-12', 194, 2);
INSERT INTO modelo (idModelo, denominacao, idMarca, idTipo) VALUES (946, 'SUMMER', 195, 2);
INSERT INTO modelo (idModelo, denominacao, idMarca, idTipo) VALUES (947, 'DY125-8', 195, 2);
INSERT INTO modelo (idModelo, denominacao, idMarca, idTipo) VALUES (949, 'PHANTON', 195, 2);
INSERT INTO modelo (idModelo, denominacao, idMarca, idTipo) VALUES (951, 'DY150GY', 195, 2);
INSERT INTO modelo (idModelo, denominacao, idMarca, idTipo) VALUES (952, 'CARGO 150', 195, 2);
INSERT INTO modelo (idModelo, denominacao, idMarca, idTipo) VALUES (953, 'CARGO 200', 195, 2);
INSERT INTO modelo (idModelo, denominacao, idMarca, idTipo) VALUES (954, 'DY250-2', 195, 2);
INSERT INTO modelo (idModelo, denominacao, idMarca, idTipo) VALUES (955, 'ATLANTIS', 196, 2);
INSERT INTO modelo (idModelo, denominacao, idMarca, idTipo) VALUES (957, 'PREDATOR', 196, 2);
INSERT INTO modelo (idModelo, denominacao, idMarca, idTipo) VALUES (958, 'RED BULLET', 196, 2);
INSERT INTO modelo (idModelo, denominacao, idMarca, idTipo) VALUES (959, 'REPLICAS', 196, 2);
INSERT INTO modelo (idModelo, denominacao, idMarca, idTipo) VALUES (969, 'DESMOSEDICI', 197, 2);
INSERT INTO modelo (idModelo, denominacao, idMarca, idTipo) VALUES (970, 'DIAVEL', 197, 2);
INSERT INTO modelo (idModelo, denominacao, idMarca, idTipo) VALUES (971, 'HYPERMOTARD', 197, 2);
INSERT INTO modelo (idModelo, denominacao, idMarca, idTipo) VALUES (972, 'MONSTER', 197, 2);
INSERT INTO modelo (idModelo, denominacao, idMarca, idTipo) VALUES (973, 'MULTISTRADA', 197, 2);
INSERT INTO modelo (idModelo, denominacao, idMarca, idTipo) VALUES (974, 'SPORTCLASSIC', 197, 2);
INSERT INTO modelo (idModelo, denominacao, idMarca, idTipo) VALUES (978, 'STREETFIGHTER', 197, 2);
INSERT INTO modelo (idModelo, denominacao, idMarca, idTipo) VALUES (979, 'MIRAGE', 198, 2);
INSERT INTO modelo (idModelo, denominacao, idMarca, idTipo) VALUES (981, 'ONE RACING', 198, 2);
INSERT INTO modelo (idModelo, denominacao, idMarca, idTipo) VALUES (984, 'FY100-10A', 200, 2);
INSERT INTO modelo (idModelo, denominacao, idMarca, idTipo) VALUES (985, 'FY125-19', 200, 2);
INSERT INTO modelo (idModelo, denominacao, idMarca, idTipo) VALUES (986, 'FY125-20', 200, 2);
INSERT INTO modelo (idModelo, denominacao, idMarca, idTipo) VALUES (987, 'FY125EY-2', 200, 2);
INSERT INTO modelo (idModelo, denominacao, idMarca, idTipo) VALUES (988, 'FY125Y-3', 200, 2);
INSERT INTO modelo (idModelo, denominacao, idMarca, idTipo) VALUES (989, 'FY150-3', 200, 2);
INSERT INTO modelo (idModelo, denominacao, idMarca, idTipo) VALUES (990, 'FY150T-18', 200, 2);
INSERT INTO modelo (idModelo, denominacao, idMarca, idTipo) VALUES (992, 'GR08T4', 136, 2);
INSERT INTO modelo (idModelo, denominacao, idMarca, idTipo) VALUES (993, 'GR 125S/ST', 136, 2);
INSERT INTO modelo (idModelo, denominacao, idMarca, idTipo) VALUES (995, 'GR125T3', 136, 2);
INSERT INTO modelo (idModelo, denominacao, idMarca, idTipo) VALUES (996, 'GR125U', 136, 2);
INSERT INTO modelo (idModelo, denominacao, idMarca, idTipo) VALUES (997, 'GR 125Z', 136, 2);
INSERT INTO modelo (idModelo, denominacao, idMarca, idTipo) VALUES (998, 'GR 150P/PI', 136, 2);
INSERT INTO modelo (idModelo, denominacao, idMarca, idTipo) VALUES (1000, 'GR150ST', 136, 2);
INSERT INTO modelo (idModelo, denominacao, idMarca, idTipo) VALUES (1001, 'GR150T3', 136, 2);
INSERT INTO modelo (idModelo, denominacao, idMarca, idTipo) VALUES (1002, 'GR150TI', 136, 2);
INSERT INTO modelo (idModelo, denominacao, idMarca, idTipo) VALUES (1003, 'GR150U', 136, 2);
INSERT INTO modelo (idModelo, denominacao, idMarca, idTipo) VALUES (1004, 'GR250T3', 136, 2);
INSERT INTO modelo (idModelo, denominacao, idMarca, idTipo) VALUES (1005, 'ENDUCROSS', 201, 2);
INSERT INTO modelo (idModelo, denominacao, idMarca, idTipo) VALUES (1006, 'ROOKIE ENDURO', 201, 2);
INSERT INTO modelo (idModelo, denominacao, idMarca, idTipo) VALUES (1009, 'PAMPERA', 201, 2);
INSERT INTO modelo (idModelo, denominacao, idMarca, idTipo) VALUES (1010, 'TX BOY', 201, 2);
INSERT INTO modelo (idModelo, denominacao, idMarca, idTipo) VALUES (1012, 'TXT ROOKIE', 201, 2);
INSERT INTO modelo (idModelo, denominacao, idMarca, idTipo) VALUES (1014, 'RUNNER', 202, 2);
INSERT INTO modelo (idModelo, denominacao, idMarca, idTipo) VALUES (1015, 'SAFARI', 202, 2);
INSERT INTO modelo (idModelo, denominacao, idMarca, idTipo) VALUES (1018, 'HB-110', 203, 2);
INSERT INTO modelo (idModelo, denominacao, idMarca, idTipo) VALUES (1019, 'HB-125', 203, 2);
INSERT INTO modelo (idModelo, denominacao, idMarca, idTipo) VALUES (1020, 'HB-150', 203, 2);
INSERT INTO modelo (idModelo, denominacao, idMarca, idTipo) VALUES (1022, 'SOFTAIL', 204, 2);
INSERT INTO modelo (idModelo, denominacao, idMarca, idTipo) VALUES (1026, 'TOURING ROAD KING', 204, 2);
INSERT INTO modelo (idModelo, denominacao, idMarca, idTipo) VALUES (1027, 'TOURING ELECTRA GLIDE', 204, 2);
INSERT INTO modelo (idModelo, denominacao, idMarca, idTipo) VALUES (1041, 'LEGION', 205, 2);
INSERT INTO modelo (idModelo, denominacao, idMarca, idTipo) VALUES (1044, 'STREAM', 206, 2);
INSERT INTO modelo (idModelo, denominacao, idMarca, idTipo) VALUES (1045, 'AMERICA', 7, 2);
INSERT INTO modelo (idModelo, denominacao, idMarca, idTipo) VALUES (1047, 'CB 1000R', 7, 2);
INSERT INTO modelo (idModelo, denominacao, idMarca, idTipo) VALUES (1048, 'CB 1300', 7, 2);
INSERT INTO modelo (idModelo, denominacao, idMarca, idTipo) VALUES (1049, 'SUPERBLACKBIRD CBR 1100XX', 7, 2);
INSERT INTO modelo (idModelo, denominacao, idMarca, idTipo) VALUES (1050, 'CBR 250', 7, 2);
INSERT INTO modelo (idModelo, denominacao, idMarca, idTipo) VALUES (1052, 'AERO CBX 150', 7, 2);
INSERT INTO modelo (idModelo, denominacao, idMarca, idTipo) VALUES (1053, 'STRADA CBX 200', 7, 2);
INSERT INTO modelo (idModelo, denominacao, idMarca, idTipo) VALUES (1054, 'CH 125R', 7, 2);
INSERT INTO modelo (idModelo, denominacao, idMarca, idTipo) VALUES (1061, 'GL GOLD WING', 7, 2);
INSERT INTO modelo (idModelo, denominacao, idMarca, idTipo) VALUES (1063, 'MAGNA VF 750C', 7, 2);
INSERT INTO modelo (idModelo, denominacao, idMarca, idTipo) VALUES (1064, 'NX 200/250', 7, 2);
INSERT INTO modelo (idModelo, denominacao, idMarca, idTipo) VALUES (1066, 'NX 350 SAHARA', 7, 2);
INSERT INTO modelo (idModelo, denominacao, idMarca, idTipo) VALUES (1067, 'NX 400 FALCON', 7, 2);
INSERT INTO modelo (idModelo, denominacao, idMarca, idTipo) VALUES (1069, 'NXR BROS', 7, 2);
INSERT INTO modelo (idModelo, denominacao, idMarca, idTipo) VALUES (1070, 'POP 100', 7, 2);
INSERT INTO modelo (idModelo, denominacao, idMarca, idTipo) VALUES (1074, 'SUPER HAWK', 7, 2);
INSERT INTO modelo (idModelo, denominacao, idMarca, idTipo) VALUES (1077, 'VALKYRIE', 7, 2);
INSERT INTO modelo (idModelo, denominacao, idMarca, idTipo) VALUES (1078, 'VFR 1200', 7, 2);
INSERT INTO modelo (idModelo, denominacao, idMarca, idTipo) VALUES (1084, 'VARADERO XL 1000V', 7, 2);
INSERT INTO modelo (idModelo, denominacao, idMarca, idTipo) VALUES (1086, 'XL 700V TRANSALP', 7, 2);
INSERT INTO modelo (idModelo, denominacao, idMarca, idTipo) VALUES (1089, 'VLR 350', 7, 2);
INSERT INTO modelo (idModelo, denominacao, idMarca, idTipo) VALUES (1092, 'TORNADO XR 250', 7, 2);
INSERT INTO modelo (idModelo, denominacao, idMarca, idTipo) VALUES (1094, 'XRE 300', 7, 2);
INSERT INTO modelo (idModelo, denominacao, idMarca, idTipo) VALUES (1106, 'ACTION', 209, 2);
INSERT INTO modelo (idModelo, denominacao, idMarca, idTipo) VALUES (1108, 'MATRIX', 209, 2);
INSERT INTO modelo (idModelo, denominacao, idMarca, idTipo) VALUES (1109, 'MOVING', 209, 2);
INSERT INTO modelo (idModelo, denominacao, idMarca, idTipo) VALUES (1111, 'VINTAGE', 209, 2);
INSERT INTO modelo (idModelo, denominacao, idMarca, idTipo) VALUES (1112, 'WARRIOR', 209, 2);
INSERT INTO modelo (idModelo, denominacao, idMarca, idTipo) VALUES (1115, 'BARHOG', 211, 2);
INSERT INTO modelo (idModelo, denominacao, idMarca, idTipo) VALUES (1116, 'PROSTREET', 211, 2);
INSERT INTO modelo (idModelo, denominacao, idMarca, idTipo) VALUES (1117, 'SPYDER', 211, 2);
INSERT INTO modelo (idModelo, denominacao, idMarca, idTipo) VALUES (1118, 'ATLANTIC', 212, 2);
INSERT INTO modelo (idModelo, denominacao, idMarca, idTipo) VALUES (1122, 'PEGASUS', 212, 2);
INSERT INTO modelo (idModelo, denominacao, idMarca, idTipo) VALUES (1130, 'COMET GT 650', 133, 2);
INSERT INTO modelo (idModelo, denominacao, idMarca, idTipo) VALUES (1131, 'COMET GT-R 650', 133, 2);
INSERT INTO modelo (idModelo, denominacao, idMarca, idTipo) VALUES (1132, 'CRUISE', 133, 2);
INSERT INTO modelo (idModelo, denominacao, idMarca, idTipo) VALUES (1141, 'MIRAGE', 133, 2);
INSERT INTO modelo (idModelo, denominacao, idMarca, idTipo) VALUES (1142, 'MOTOKAR', 133, 2);
INSERT INTO modelo (idModelo, denominacao, idMarca, idTipo) VALUES (1147, 'SUPER CAB', 133, 2);
INSERT INTO modelo (idModelo, denominacao, idMarca, idTipo) VALUES (1151, 'AVAJET', 170, 2);
INSERT INTO modelo (idModelo, denominacao, idMarca, idTipo) VALUES (1152, 'CONCOURS', 170, 2);
INSERT INTO modelo (idModelo, denominacao, idMarca, idTipo) VALUES (1153, 'D-TRACKER', 170, 2);
INSERT INTO modelo (idModelo, denominacao, idMarca, idTipo) VALUES (1156, 'KLX 110/140', 170, 2);
INSERT INTO modelo (idModelo, denominacao, idMarca, idTipo) VALUES (1157, 'KX 100/125', 170, 2);
INSERT INTO modelo (idModelo, denominacao, idMarca, idTipo) VALUES (1160, 'NINJA 250', 170, 2);
INSERT INTO modelo (idModelo, denominacao, idMarca, idTipo) VALUES (1161, 'VERSYS', 170, 2);
INSERT INTO modelo (idModelo, denominacao, idMarca, idTipo) VALUES (1162, 'VOYAGER', 170, 2);
INSERT INTO modelo (idModelo, denominacao, idMarca, idTipo) VALUES (1163, 'VULCAN', 170, 2);
INSERT INTO modelo (idModelo, denominacao, idMarca, idTipo) VALUES (1169, 'PEOPLE', 214, 2);
INSERT INTO modelo (idModelo, denominacao, idMarca, idTipo) VALUES (1186, 'MOTO TRUCK', 216, 2);
INSERT INTO modelo (idModelo, denominacao, idMarca, idTipo) VALUES (1187, 'QUATTOR', 217, 2);
INSERT INTO modelo (idModelo, denominacao, idMarca, idTipo) VALUES (1188, 'FORMIGAO', 218, 2);
INSERT INTO modelo (idModelo, denominacao, idMarca, idTipo) VALUES (1191, 'DE LUXE', 219, 2);
INSERT INTO modelo (idModelo, denominacao, idMarca, idTipo) VALUES (1192, 'E RETRO', 219, 2);
INSERT INTO modelo (idModelo, denominacao, idMarca, idTipo) VALUES (1194, 'TRICICLO', 220, 2);
INSERT INTO modelo (idModelo, denominacao, idMarca, idTipo) VALUES (1196, 'SPIDER', 221, 2);
INSERT INTO modelo (idModelo, denominacao, idMarca, idTipo) VALUES (1202, 'CALIFORNIA', 223, 2);
INSERT INTO modelo (idModelo, denominacao, idMarca, idTipo) VALUES (1205, 'LE MANS', 223, 2);
INSERT INTO modelo (idModelo, denominacao, idMarca, idTipo) VALUES (1207, 'BRUTALE', 225, 2);
INSERT INTO modelo (idModelo, denominacao, idMarca, idTipo) VALUES (1209, 'BIG FORCE', 226, 2);
INSERT INTO modelo (idModelo, denominacao, idMarca, idTipo) VALUES (1210, 'BLACK STAR', 226, 2);
INSERT INTO modelo (idModelo, denominacao, idMarca, idTipo) VALUES (1213, 'FENIX GOLD', 226, 2);
INSERT INTO modelo (idModelo, denominacao, idMarca, idTipo) VALUES (1216, 'HALLEY', 226, 2);
INSERT INTO modelo (idModelo, denominacao, idMarca, idTipo) VALUES (1218, 'JURASIC', 226, 2);
INSERT INTO modelo (idModelo, denominacao, idMarca, idTipo) VALUES (1224, 'SPYDER', 226, 2);
INSERT INTO modelo (idModelo, denominacao, idMarca, idTipo) VALUES (1225, 'STREET', 226, 2);
INSERT INTO modelo (idModelo, denominacao, idMarca, idTipo) VALUES (1231, 'BR III', 228, 2);
INSERT INTO modelo (idModelo, denominacao, idMarca, idTipo) VALUES (1233, 'ELYSEO', 22, 2);
INSERT INTO modelo (idModelo, denominacao, idMarca, idTipo) VALUES (1234, 'SCOOTELEC', 22, 2);
INSERT INTO modelo (idModelo, denominacao, idMarca, idTipo) VALUES (1235, 'SPEEDAKE', 22, 2);
INSERT INTO modelo (idModelo, denominacao, idMarca, idTipo) VALUES (1236, 'SPEEDFIGHT', 22, 2);
INSERT INTO modelo (idModelo, denominacao, idMarca, idTipo) VALUES (1238, 'TREKKER', 22, 2);
INSERT INTO modelo (idModelo, denominacao, idMarca, idTipo) VALUES (1239, 'VIVACITY', 22, 2);
INSERT INTO modelo (idModelo, denominacao, idMarca, idTipo) VALUES (1240, 'ZENITH', 22, 2);
INSERT INTO modelo (idModelo, denominacao, idMarca, idTipo) VALUES (1241, 'BEVERLY', 229, 2);
INSERT INTO modelo (idModelo, denominacao, idMarca, idTipo) VALUES (1242, 'LIBERTY', 229, 2);
INSERT INTO modelo (idModelo, denominacao, idMarca, idTipo) VALUES (1245, 'RUNNER', 229, 2);
INSERT INTO modelo (idModelo, denominacao, idMarca, idTipo) VALUES (1248, 'BLACK JACK', 230, 2);
INSERT INTO modelo (idModelo, denominacao, idMarca, idTipo) VALUES (1249, 'FENIX GOLD', 230, 2);
INSERT INTO modelo (idModelo, denominacao, idMarca, idTipo) VALUES (1251, 'SPYDER', 230, 2);
INSERT INTO modelo (idModelo, denominacao, idMarca, idTipo) VALUES (1254, 'PASSING', 231, 2);
INSERT INTO modelo (idModelo, denominacao, idMarca, idTipo) VALUES (1255, 'RACING 200', 132, 2);
INSERT INTO modelo (idModelo, denominacao, idMarca, idTipo) VALUES (1256, 'SCROSS', 232, 2);
INSERT INTO modelo (idModelo, denominacao, idMarca, idTipo) VALUES (1260, 'HUNTER', 140, 2);
INSERT INTO modelo (idModelo, denominacao, idMarca, idTipo) VALUES (1265, 'STX MOTARD', 140, 2);
INSERT INTO modelo (idModelo, denominacao, idMarca, idTipo) VALUES (1266, 'SUPER FIFTY', 140, 2);
INSERT INTO modelo (idModelo, denominacao, idMarca, idTipo) VALUES (1267, 'VBLADE', 140, 2);
INSERT INTO modelo (idModelo, denominacao, idMarca, idTipo) VALUES (1269, 'WEB EVO', 140, 2);
INSERT INTO modelo (idModelo, denominacao, idMarca, idTipo) VALUES (1270, 'ADDRESS', 59, 2);
INSERT INTO modelo (idModelo, denominacao, idMarca, idTipo) VALUES (1272, 'BANDIT 250', 59, 2);
INSERT INTO modelo (idModelo, denominacao, idMarca, idTipo) VALUES (1273, 'BOULEVARD', 59, 2);
INSERT INTO modelo (idModelo, denominacao, idMarca, idTipo) VALUES (1274, 'BURGMAN AN', 59, 2);
INSERT INTO modelo (idModelo, denominacao, idMarca, idTipo) VALUES (1278, 'FREEWIND 650', 59, 2);
INSERT INTO modelo (idModelo, denominacao, idMarca, idTipo) VALUES (1279, 'GS 500', 59, 2);
INSERT INTO modelo (idModelo, denominacao, idMarca, idTipo) VALUES (1282, 'INTRUDER', 59, 2);
INSERT INTO modelo (idModelo, denominacao, idMarca, idTipo) VALUES (1283, 'KATANA', 59, 2);
INSERT INTO modelo (idModelo, denominacao, idMarca, idTipo) VALUES (1284, 'LETS II', 59, 2);
INSERT INTO modelo (idModelo, denominacao, idMarca, idTipo) VALUES (1286, 'MARAUDER GZ', 59, 2);
INSERT INTO modelo (idModelo, denominacao, idMarca, idTipo) VALUES (1288, 'RM 250', 59, 2);
INSERT INTO modelo (idModelo, denominacao, idMarca, idTipo) VALUES (1289, 'SAVAGE', 59, 2);
INSERT INTO modelo (idModelo, denominacao, idMarca, idTipo) VALUES (1291, 'VX 800', 59, 2);
INSERT INTO modelo (idModelo, denominacao, idMarca, idTipo) VALUES (1292, 'TRIMOTO', 233, 2);
INSERT INTO modelo (idModelo, denominacao, idMarca, idTipo) VALUES (1296, 'STAR 50', 234, 2);
INSERT INTO modelo (idModelo, denominacao, idMarca, idTipo) VALUES (1297, 'WORK 125', 234, 2);
INSERT INTO modelo (idModelo, denominacao, idMarca, idTipo) VALUES (1298, 'SKY 125', 234, 2);
INSERT INTO modelo (idModelo, denominacao, idMarca, idTipo) VALUES (1299, 'FLY 135', 234, 2);
INSERT INTO modelo (idModelo, denominacao, idMarca, idTipo) VALUES (1301, 'ADVENTURER', 148, 2);
INSERT INTO modelo (idModelo, denominacao, idMarca, idTipo) VALUES (1302, 'BONNEVILLE', 148, 2);
INSERT INTO modelo (idModelo, denominacao, idMarca, idTipo) VALUES (1303, 'DAYTONA', 148, 2);
INSERT INTO modelo (idModelo, denominacao, idMarca, idTipo) VALUES (1304, 'LEGEND', 148, 2);
INSERT INTO modelo (idModelo, denominacao, idMarca, idTipo) VALUES (1305, 'ROCKET', 148, 2);
INSERT INTO modelo (idModelo, denominacao, idMarca, idTipo) VALUES (1306, 'SCRAMBLER', 148, 2);
INSERT INTO modelo (idModelo, denominacao, idMarca, idTipo) VALUES (1307, 'SPEED TRIPLE', 148, 2);
INSERT INTO modelo (idModelo, denominacao, idMarca, idTipo) VALUES (1308, 'SPRINT', 148, 2);
INSERT INTO modelo (idModelo, denominacao, idMarca, idTipo) VALUES (1309, 'STREET TRIPLE', 148, 2);
INSERT INTO modelo (idModelo, denominacao, idMarca, idTipo) VALUES (1310, 'THRUXTON', 148, 2);
INSERT INTO modelo (idModelo, denominacao, idMarca, idTipo) VALUES (1311, 'THUNDERBIRD', 148, 2);
INSERT INTO modelo (idModelo, denominacao, idMarca, idTipo) VALUES (1313, 'TRIDENT', 148, 2);
INSERT INTO modelo (idModelo, denominacao, idMarca, idTipo) VALUES (1314, 'TROPHY', 148, 2);
INSERT INTO modelo (idModelo, denominacao, idMarca, idTipo) VALUES (1315, 'TT-600', 148, 2);
INSERT INTO modelo (idModelo, denominacao, idMarca, idTipo) VALUES (1316, 'REBELLIAN', 235, 2);
INSERT INTO modelo (idModelo, denominacao, idMarca, idTipo) VALUES (1317, 'TRITON', 235, 2);
INSERT INTO modelo (idModelo, denominacao, idMarca, idTipo) VALUES (1318, 'VTHUNDER', 235, 2);
INSERT INTO modelo (idModelo, denominacao, idMarca, idTipo) VALUES (1328, 'MAJESTY', 135, 2);
INSERT INTO modelo (idModelo, denominacao, idMarca, idTipo) VALUES (1331, 'NEO AT', 135, 2);
INSERT INTO modelo (idModelo, denominacao, idMarca, idTipo) VALUES (1333, 'RD 135', 135, 2);
INSERT INTO modelo (idModelo, denominacao, idMarca, idTipo) VALUES (1335, 'ROYAL STAR', 135, 2);
INSERT INTO modelo (idModelo, denominacao, idMarca, idTipo) VALUES (1338, 'TDR 180', 135, 2);
INSERT INTO modelo (idModelo, denominacao, idMarca, idTipo) VALUES (1341, 'V-MAX 1200', 135, 2);
INSERT INTO modelo (idModelo, denominacao, idMarca, idTipo) VALUES (1342, 'WR 250F', 135, 2);
INSERT INTO modelo (idModelo, denominacao, idMarca, idTipo) VALUES (1345, 'XT 660R', 135, 2);
INSERT INTO modelo (idModelo, denominacao, idMarca, idTipo) VALUES (1346, 'XTZ 125', 135, 2);
INSERT INTO modelo (idModelo, denominacao, idMarca, idTipo) VALUES (1348, 'MIDNIGHT STAR XVS', 135, 2);
INSERT INTO modelo (idModelo, denominacao, idMarca, idTipo) VALUES (1363, 'YES EN 125', 59, 2);
INSERT INTO modelo (idModelo, denominacao, idMarca, idTipo) VALUES (1393, 'SHADOW', 7, 2);
INSERT INTO modelo (idModelo, denominacao, idMarca, idTipo) VALUES (1450, 'LAMBRETA', 253, 2);
INSERT INTO modelo (idModelo, denominacao, idMarca, idTipo) VALUES (1518, 'SCOOTER', 269, 2);
INSERT INTO modelo (idModelo, denominacao, idMarca, idTipo) VALUES (1968, 'JAGUAR', 176, 2);
INSERT INTO modelo (idModelo, denominacao, idMarca, idTipo) VALUES (2011, 'ZS 200', 281, 2);
INSERT INTO modelo (idModelo, denominacao, idMarca, idTipo) VALUES (2012, 'BW 125', 282, 2);
INSERT INTO modelo (idModelo, denominacao, idMarca, idTipo) VALUES (2065, 'WALK MACHINE', 294, 2);
INSERT INTO modelo (idModelo, denominacao, idMarca, idTipo) VALUES (2173, 'NC 700X', 7, 2);
INSERT INTO modelo (idModelo, denominacao, idMarca, idTipo) VALUES (2174, 'DRAG STAR', 135, 2);
INSERT INTO modelo (idModelo, denominacao, idMarca, idTipo) VALUES (2223, 'B-KING GSX 1300', 59, 2);
INSERT INTO modelo (idModelo, denominacao, idMarca, idTipo) VALUES (2227, '125 ZS', 281, 2);
INSERT INTO modelo (idModelo, denominacao, idMarca, idTipo) VALUES (2293, 'CRF 110/150', 7, 2);
INSERT INTO modelo (idModelo, denominacao, idMarca, idTipo) VALUES (2317, 'LANDER XTZ 250', 135, 2);
INSERT INTO modelo (idModelo, denominacao, idMarca, idTipo) VALUES (2329, 'LIBERO', 135, 2);
INSERT INTO modelo (idModelo, denominacao, idMarca, idTipo) VALUES (2330, 'GLADIATOR', 135, 2);
INSERT INTO modelo (idModelo, denominacao, idMarca, idTipo) VALUES (2333, 'PASSOL', 135, 2);
INSERT INTO modelo (idModelo, denominacao, idMarca, idTipo) VALUES (2335, 'YZ 85LW', 135, 2);
INSERT INTO modelo (idModelo, denominacao, idMarca, idTipo) VALUES (2336, 'V-STAR', 135, 2);
INSERT INTO modelo (idModelo, denominacao, idMarca, idTipo) VALUES (2340, 'MORPHOUS', 135, 2);
INSERT INTO modelo (idModelo, denominacao, idMarca, idTipo) VALUES (2343, 'LAGEND', 135, 2);
INSERT INTO modelo (idModelo, denominacao, idMarca, idTipo) VALUES (2416, 'STUNNER', 7, 2);
INSERT INTO modelo (idModelo, denominacao, idMarca, idTipo) VALUES (2419, 'BOLDOR CB 900', 7, 2);
INSERT INTO modelo (idModelo, denominacao, idMarca, idTipo) VALUES (2420, 'CBF 600', 7, 2);
INSERT INTO modelo (idModelo, denominacao, idMarca, idTipo) VALUES (2421, 'CBR 400RR', 7, 2);
INSERT INTO modelo (idModelo, denominacao, idMarca, idTipo) VALUES (2423, 'CBX 1000', 7, 2);
INSERT INTO modelo (idModelo, denominacao, idMarca, idTipo) VALUES (2424, 'CD 125', 7, 2);
INSERT INTO modelo (idModelo, denominacao, idMarca, idTipo) VALUES (2425, 'ML 125', 7, 2);
INSERT INTO modelo (idModelo, denominacao, idMarca, idTipo) VALUES (2426, 'NSR 500', 7, 2);
INSERT INTO modelo (idModelo, denominacao, idMarca, idTipo) VALUES (2430, 'PAN-EUROPEAN ST', 7, 2);
INSERT INTO modelo (idModelo, denominacao, idMarca, idTipo) VALUES (2432, 'TURUNA 125', 7, 2);
INSERT INTO modelo (idModelo, denominacao, idMarca, idTipo) VALUES (2436, 'AFRICA TWIN XRV 750', 7, 2);
INSERT INTO modelo (idModelo, denominacao, idMarca, idTipo) VALUES (2437, 'MZ 250', 297, 2);
INSERT INTO modelo (idModelo, denominacao, idMarca, idTipo) VALUES (2439, 'RALLYE', 297, 2);
INSERT INTO modelo (idModelo, denominacao, idMarca, idTipo) VALUES (2440, 'PASSEIO', 297, 2);
INSERT INTO modelo (idModelo, denominacao, idMarca, idTipo) VALUES (2449, 'BANDIT 400', 59, 2);
INSERT INTO modelo (idModelo, denominacao, idMarca, idTipo) VALUES (2450, 'BANDIT 600', 59, 2);
INSERT INTO modelo (idModelo, denominacao, idMarca, idTipo) VALUES (2452, 'BANDIT GSF 750', 59, 2);
INSERT INTO modelo (idModelo, denominacao, idMarca, idTipo) VALUES (2453, 'BANDIT 1200', 59, 2);
INSERT INTO modelo (idModelo, denominacao, idMarca, idTipo) VALUES (2455, 'HAYABUSA', 59, 2);
INSERT INTO modelo (idModelo, denominacao, idMarca, idTipo) VALUES (2456, 'INTRUDER CUSTOM', 59, 2);
INSERT INTO modelo (idModelo, denominacao, idMarca, idTipo) VALUES (2459, 'MARAUDER VZ', 59, 2);
INSERT INTO modelo (idModelo, denominacao, idMarca, idTipo) VALUES (2460, 'CG CARGO/JOB', 7, 2);
INSERT INTO modelo (idModelo, denominacao, idMarca, idTipo) VALUES (2462, 'EXPLORER', 27, 2);
INSERT INTO modelo (idModelo, denominacao, idMarca, idTipo) VALUES (2467, 'ELIMINATOR', 170, 2);
INSERT INTO modelo (idModelo, denominacao, idMarca, idTipo) VALUES (2471, 'SUPER SHERPA', 170, 2);
INSERT INTO modelo (idModelo, denominacao, idMarca, idTipo) VALUES (2474, 'NINJA 1400', 170, 2);
INSERT INTO modelo (idModelo, denominacao, idMarca, idTipo) VALUES (2481, 'CG 125', 7, 2);
INSERT INTO modelo (idModelo, denominacao, idMarca, idTipo) VALUES (2491, 'PACIFIC COAST', 7, 2);
INSERT INTO modelo (idModelo, denominacao, idMarca, idTipo) VALUES (2495, 'CG TODAY', 7, 2);
INSERT INTO modelo (idModelo, denominacao, idMarca, idTipo) VALUES (2501, 'FZR1000', 135, 2);
INSERT INTO modelo (idModelo, denominacao, idMarca, idTipo) VALUES (2503, 'AMAZONAS', 213, 2);
INSERT INTO modelo (idModelo, denominacao, idMarca, idTipo) VALUES (2511, 'CB 125', 7, 2);
INSERT INTO modelo (idModelo, denominacao, idMarca, idTipo) VALUES (2518, 'PHOENIX 50', 132, 2);
INSERT INTO modelo (idModelo, denominacao, idMarca, idTipo) VALUES (2519, 'INDIANAPOLIS 200', 132, 2);
INSERT INTO modelo (idModelo, denominacao, idMarca, idTipo) VALUES (2520, 'F35/F40', 132, 2);
INSERT INTO modelo (idModelo, denominacao, idMarca, idTipo) VALUES (2521, 'X2 250', 132, 2);
INSERT INTO modelo (idModelo, denominacao, idMarca, idTipo) VALUES (2522, 'MAX 150', 132, 2);
INSERT INTO modelo (idModelo, denominacao, idMarca, idTipo) VALUES (2523, 'NEW WAVE 125', 132, 2);
INSERT INTO modelo (idModelo, denominacao, idMarca, idTipo) VALUES (2524, 'EXPLORER 150', 132, 2);
INSERT INTO modelo (idModelo, denominacao, idMarca, idTipo) VALUES (2527, 'RD 350 VIUVA NEGRA', 135, 2);
INSERT INTO modelo (idModelo, denominacao, idMarca, idTipo) VALUES (2530, 'XY 250', 132, 2);
INSERT INTO modelo (idModelo, denominacao, idMarca, idTipo) VALUES (2545, 'RED HUNTER', 299, 2);
INSERT INTO modelo (idModelo, denominacao, idMarca, idTipo) VALUES (2548, 'GOLDEN ARROW', 299, 2);
INSERT INTO modelo (idModelo, denominacao, idMarca, idTipo) VALUES (2668, 'WAKE 500', 341, 2);
INSERT INTO modelo (idModelo, denominacao, idMarca, idTipo) VALUES (2669, 'OUTCROSS', 341, 2);
INSERT INTO modelo (idModelo, denominacao, idMarca, idTipo) VALUES (2670, 'JOY PLUS', 341, 2);
INSERT INTO modelo (idModelo, denominacao, idMarca, idTipo) VALUES (2671, 'PASSION', 341, 2);
INSERT INTO modelo (idModelo, denominacao, idMarca, idTipo) VALUES (2673, 'PIT BULL', 341, 2);
INSERT INTO modelo (idModelo, denominacao, idMarca, idTipo) VALUES (2674, 'BRUTTUS', 341, 2);
INSERT INTO modelo (idModelo, denominacao, idMarca, idTipo) VALUES (2676, 'UFO 50', 342, 2);
INSERT INTO modelo (idModelo, denominacao, idMarca, idTipo) VALUES (2677, 'LF250ST', 342, 2);
INSERT INTO modelo (idModelo, denominacao, idMarca, idTipo) VALUES (2678, 'FOX 150R', 342, 2);
INSERT INTO modelo (idModelo, denominacao, idMarca, idTipo) VALUES (2679, 'LF400ST', 342, 2);
INSERT INTO modelo (idModelo, denominacao, idMarca, idTipo) VALUES (2680, 'VR 150 WIND', 342, 2);
INSERT INTO modelo (idModelo, denominacao, idMarca, idTipo) VALUES (2681, 'HERCULES 200', 342, 2);
INSERT INTO modelo (idModelo, denominacao, idMarca, idTipo) VALUES (2682, 'ONIX 50R', 342, 2);
INSERT INTO modelo (idModelo, denominacao, idMarca, idTipo) VALUES (2683, 'HS 150 FIRE', 342, 2);
INSERT INTO modelo (idModelo, denominacao, idMarca, idTipo) VALUES (2684, 'JET 50', 132, 2);
INSERT INTO modelo (idModelo, denominacao, idMarca, idTipo) VALUES (2685, 'RETRO 50', 132, 2);
INSERT INTO modelo (idModelo, denominacao, idMarca, idTipo) VALUES (2686, 'NEW 50', 132, 2);
INSERT INTO modelo (idModelo, denominacao, idMarca, idTipo) VALUES (2687, 'EAGLE 50', 132, 2);
INSERT INTO modelo (idModelo, denominacao, idMarca, idTipo) VALUES (2688, 'SUPER SMART 50', 132, 2);
INSERT INTO modelo (idModelo, denominacao, idMarca, idTipo) VALUES (2689, 'NEW 200', 132, 2);
INSERT INTO modelo (idModelo, denominacao, idMarca, idTipo) VALUES (2690, 'CARGO 200', 132, 2);
INSERT INTO modelo (idModelo, denominacao, idMarca, idTipo) VALUES (2691, 'BRAVO 200', 132, 2);
INSERT INTO modelo (idModelo, denominacao, idMarca, idTipo) VALUES (2692, 'STRONG 250', 132, 2);
INSERT INTO modelo (idModelo, denominacao, idMarca, idTipo) VALUES (2693, 'FUTURE 150', 132, 2);
INSERT INTO modelo (idModelo, denominacao, idMarca, idTipo) VALUES (2700, 'KN 150', 343, 2);
INSERT INTO modelo (idModelo, denominacao, idMarca, idTipo) VALUES (2701, 'KN 125 S', 343, 2);
INSERT INTO modelo (idModelo, denominacao, idMarca, idTipo) VALUES (2702, 'KN 50 S', 343, 2);
INSERT INTO modelo (idModelo, denominacao, idMarca, idTipo) VALUES (2703, 'IZY 50', 209, 2);
INSERT INTO modelo (idModelo, denominacao, idMarca, idTipo) VALUES (2762, 'AIRHEAD', 36, 2);
INSERT INTO modelo (idModelo, denominacao, idMarca, idTipo) VALUES (2764, 'F650GS', 36, 2);
INSERT INTO modelo (idModelo, denominacao, idMarca, idTipo) VALUES (2765, 'F650CS', 36, 2);
INSERT INTO modelo (idModelo, denominacao, idMarca, idTipo) VALUES (2766, 'F800GS', 36, 2);
INSERT INTO modelo (idModelo, denominacao, idMarca, idTipo) VALUES (2769, 'K1200R', 36, 2);
INSERT INTO modelo (idModelo, denominacao, idMarca, idTipo) VALUES (2770, 'K1300R', 36, 2);
INSERT INTO modelo (idModelo, denominacao, idMarca, idTipo) VALUES (2771, 'K1200GT', 36, 2);
INSERT INTO modelo (idModelo, denominacao, idMarca, idTipo) VALUES (2772, 'K1300GT', 36, 2);
INSERT INTO modelo (idModelo, denominacao, idMarca, idTipo) VALUES (2773, 'K1200GS', 36, 2);
INSERT INTO modelo (idModelo, denominacao, idMarca, idTipo) VALUES (2774, 'K1200S', 36, 2);
INSERT INTO modelo (idModelo, denominacao, idMarca, idTipo) VALUES (2782, 'R1200C', 36, 2);
INSERT INTO modelo (idModelo, denominacao, idMarca, idTipo) VALUES (2783, 'R1150GS', 36, 2);
INSERT INTO modelo (idModelo, denominacao, idMarca, idTipo) VALUES (2784, 'R1200RT', 36, 2);
INSERT INTO modelo (idModelo, denominacao, idMarca, idTipo) VALUES (2812, 'SPORTSTER', 204, 2);
INSERT INTO modelo (idModelo, denominacao, idMarca, idTipo) VALUES (2816, 'TOURING STREET GLIDE', 204, 2);
INSERT INTO modelo (idModelo, denominacao, idMarca, idTipo) VALUES (2902, 'XTZ 250 TENERE', 135, 2);
INSERT INTO modelo (idModelo, denominacao, idMarca, idTipo) VALUES (2903, 'XT 225', 135, 2);
INSERT INTO modelo (idModelo, denominacao, idMarca, idTipo) VALUES (2904, 'XT 660Z TENERE', 135, 2);
INSERT INTO modelo (idModelo, denominacao, idMarca, idTipo) VALUES (2905, 'XT 1200Z SUPER TENERE', 135, 2);
INSERT INTO modelo (idModelo, denominacao, idMarca, idTipo) VALUES (2906, 'MOBY 50', 234, 2);
INSERT INTO modelo (idModelo, denominacao, idMarca, idTipo) VALUES (2907, 'JOTO 135', 234, 2);
INSERT INTO modelo (idModelo, denominacao, idMarca, idTipo) VALUES (2908, 'MONTEZ 250', 234, 2);
INSERT INTO modelo (idModelo, denominacao, idMarca, idTipo) VALUES (2909, 'DUNNA 600', 234, 2);
INSERT INTO modelo (idModelo, denominacao, idMarca, idTipo) VALUES (2923, 'FAZER FZ6', 135, 2);
INSERT INTO modelo (idModelo, denominacao, idMarca, idTipo) VALUES (2924, 'FAZER YS150', 135, 2);
INSERT INTO modelo (idModelo, denominacao, idMarca, idTipo) VALUES (2925, 'FAZER FZ1', 135, 2);
INSERT INTO modelo (idModelo, denominacao, idMarca, idTipo) VALUES (2926, 'YZF 600R', 135, 2);
INSERT INTO modelo (idModelo, denominacao, idMarca, idTipo) VALUES (2927, 'YZF R6', 135, 2);
INSERT INTO modelo (idModelo, denominacao, idMarca, idTipo) VALUES (2965, 'CRF 230/250', 7, 2);
INSERT INTO modelo (idModelo, denominacao, idMarca, idTipo) VALUES (2966, 'CRF 450', 7, 2);
INSERT INTO modelo (idModelo, denominacao, idMarca, idTipo) VALUES (2968, 'NX 650 DOMINATOR', 7, 2);
INSERT INTO modelo (idModelo, denominacao, idMarca, idTipo) VALUES (2969, 'CR 250', 7, 2);
INSERT INTO modelo (idModelo, denominacao, idMarca, idTipo) VALUES (2970, 'CR 125', 7, 2);
INSERT INTO modelo (idModelo, denominacao, idMarca, idTipo) VALUES (3113, 'OUTLANDER 400', 358, 2);
INSERT INTO modelo (idModelo, denominacao, idMarca, idTipo) VALUES (3114, 'OUTLANDER 500', 358, 2);
INSERT INTO modelo (idModelo, denominacao, idMarca, idTipo) VALUES (3115, 'OUTLANDER 650', 358, 2);
INSERT INTO modelo (idModelo, denominacao, idMarca, idTipo) VALUES (3116, 'OUTLANDER 800R', 358, 2);
INSERT INTO modelo (idModelo, denominacao, idMarca, idTipo) VALUES (3117, 'OUTLANDER MAX 400', 358, 2);
INSERT INTO modelo (idModelo, denominacao, idMarca, idTipo) VALUES (3118, 'OUTLANDER MAX 500', 358, 2);
INSERT INTO modelo (idModelo, denominacao, idMarca, idTipo) VALUES (3119, 'OUTLANDER MAX 650', 358, 2);
INSERT INTO modelo (idModelo, denominacao, idMarca, idTipo) VALUES (3120, 'OUTLANDER MAX 800R', 358, 2);
INSERT INTO modelo (idModelo, denominacao, idMarca, idTipo) VALUES (3121, 'OUTLANDER MAX LTD 800R', 358, 2);
INSERT INTO modelo (idModelo, denominacao, idMarca, idTipo) VALUES (3122, 'RENEGADE 500', 358, 2);
INSERT INTO modelo (idModelo, denominacao, idMarca, idTipo) VALUES (3123, 'RENEGADE 800R', 358, 2);
INSERT INTO modelo (idModelo, denominacao, idMarca, idTipo) VALUES (3124, 'DS 250', 358, 2);
INSERT INTO modelo (idModelo, denominacao, idMarca, idTipo) VALUES (3125, 'DS 450', 358, 2);
INSERT INTO modelo (idModelo, denominacao, idMarca, idTipo) VALUES (3129, 'NINJA 1000', 170, 2);
INSERT INTO modelo (idModelo, denominacao, idMarca, idTipo) VALUES (3130, 'NINJA 600', 170, 2);
INSERT INTO modelo (idModelo, denominacao, idMarca, idTipo) VALUES (3131, 'NINJA 300', 170, 2);
INSERT INTO modelo (idModelo, denominacao, idMarca, idTipo) VALUES (3132, 'NINJA 1100', 170, 2);
INSERT INTO modelo (idModelo, denominacao, idMarca, idTipo) VALUES (3133, 'NINJA 900', 170, 2);
INSERT INTO modelo (idModelo, denominacao, idMarca, idTipo) VALUES (3134, 'NINJA 700', 170, 2);
INSERT INTO modelo (idModelo, denominacao, idMarca, idTipo) VALUES (3135, 'NINJA 1200', 170, 2);
INSERT INTO modelo (idModelo, denominacao, idMarca, idTipo) VALUES (3139, 'VERSYS CITY', 170, 2);
INSERT INTO modelo (idModelo, denominacao, idMarca, idTipo) VALUES (3140, 'VERSYS GRAND TOURER', 170, 2);
INSERT INTO modelo (idModelo, denominacao, idMarca, idTipo) VALUES (3141, 'VERSYS TOURER', 170, 2);
INSERT INTO modelo (idModelo, denominacao, idMarca, idTipo) VALUES (3142, 'VERSYS 1000', 170, 2);
INSERT INTO modelo (idModelo, denominacao, idMarca, idTipo) VALUES (3143, 'KX 450/500', 170, 2);
INSERT INTO modelo (idModelo, denominacao, idMarca, idTipo) VALUES (3144, 'KX 250', 170, 2);
INSERT INTO modelo (idModelo, denominacao, idMarca, idTipo) VALUES (3145, 'KX 65/85', 170, 2);
INSERT INTO modelo (idModelo, denominacao, idMarca, idTipo) VALUES (3146, 'KLX 400/450', 170, 2);
INSERT INTO modelo (idModelo, denominacao, idMarca, idTipo) VALUES (3147, 'KLX 250/300', 170, 2);
INSERT INTO modelo (idModelo, denominacao, idMarca, idTipo) VALUES (3152, 'YFM 700R', 135, 2);
INSERT INTO modelo (idModelo, denominacao, idMarca, idTipo) VALUES (3153, 'GRIZZLY', 135, 2);
INSERT INTO modelo (idModelo, denominacao, idMarca, idTipo) VALUES (3169, '125 SX', 344, 2);
INSERT INTO modelo (idModelo, denominacao, idMarca, idTipo) VALUES (3170, '150 SX', 344, 2);
INSERT INTO modelo (idModelo, denominacao, idMarca, idTipo) VALUES (3171, '250 SX', 344, 2);
INSERT INTO modelo (idModelo, denominacao, idMarca, idTipo) VALUES (3172, '350 SX', 344, 2);
INSERT INTO modelo (idModelo, denominacao, idMarca, idTipo) VALUES (3173, '450 SX-F', 344, 2);
INSERT INTO modelo (idModelo, denominacao, idMarca, idTipo) VALUES (3174, '350 EXC', 344, 2);
INSERT INTO modelo (idModelo, denominacao, idMarca, idTipo) VALUES (3175, '500 EXC', 344, 2);
INSERT INTO modelo (idModelo, denominacao, idMarca, idTipo) VALUES (3176, '150 XC', 344, 2);
INSERT INTO modelo (idModelo, denominacao, idMarca, idTipo) VALUES (3177, '250 XC', 344, 2);
INSERT INTO modelo (idModelo, denominacao, idMarca, idTipo) VALUES (3178, '300 XC', 344, 2);
INSERT INTO modelo (idModelo, denominacao, idMarca, idTipo) VALUES (3180, '450 XC-F/W', 344, 2);
INSERT INTO modelo (idModelo, denominacao, idMarca, idTipo) VALUES (3181, '200 XC', 344, 2);
INSERT INTO modelo (idModelo, denominacao, idMarca, idTipo) VALUES (3183, '690 ENDURO R', 344, 2);
INSERT INTO modelo (idModelo, denominacao, idMarca, idTipo) VALUES (3184, '1190 ADVENTURE', 344, 2);
INSERT INTO modelo (idModelo, denominacao, idMarca, idTipo) VALUES (3185, '990 SM T', 344, 2);
INSERT INTO modelo (idModelo, denominacao, idMarca, idTipo) VALUES (3186, '990 ADVENTURE BAJA', 344, 2);
INSERT INTO modelo (idModelo, denominacao, idMarca, idTipo) VALUES (3187, '690 DUKE', 344, 2);
INSERT INTO modelo (idModelo, denominacao, idMarca, idTipo) VALUES (3188, '1190 RC8 R', 344, 2);
INSERT INTO modelo (idModelo, denominacao, idMarca, idTipo) VALUES (3189, 'ACX 250F', 359, 2);
INSERT INTO modelo (idModelo, denominacao, idMarca, idTipo) VALUES (3190, 'HOTZOO SPORT 90', 359, 2);
INSERT INTO modelo (idModelo, denominacao, idMarca, idTipo) VALUES (3191, 'SPORTLANDER 150R', 359, 2);
INSERT INTO modelo (idModelo, denominacao, idMarca, idTipo) VALUES (3192, 'SPORTLANDER 250XR', 359, 2);
INSERT INTO modelo (idModelo, denominacao, idMarca, idTipo) VALUES (3193, 'SPORTLANDER 350ZX', 359, 2);
INSERT INTO modelo (idModelo, denominacao, idMarca, idTipo) VALUES (3194, 'SPORTLANDER 450TR', 359, 2);
INSERT INTO modelo (idModelo, denominacao, idMarca, idTipo) VALUES (3195, 'QUADRILANDER 300', 359, 2);
INSERT INTO modelo (idModelo, denominacao, idMarca, idTipo) VALUES (3196, 'QUADRILANDER 400', 359, 2);
INSERT INTO modelo (idModelo, denominacao, idMarca, idTipo) VALUES (3197, 'QUADRILANDER 600', 359, 2);
INSERT INTO modelo (idModelo, denominacao, idMarca, idTipo) VALUES (3198, 'FRONTLANDER 500', 359, 2);
INSERT INTO modelo (idModelo, denominacao, idMarca, idTipo) VALUES (3199, 'FRONTLANDER 800 EFI', 359, 2);
INSERT INTO modelo (idModelo, denominacao, idMarca, idTipo) VALUES (3201, '525 XC', 344, 2);
INSERT INTO modelo (idModelo, denominacao, idMarca, idTipo) VALUES (3202, '505 SX', 344, 2);
INSERT INTO modelo (idModelo, denominacao, idMarca, idTipo) VALUES (3203, '450 XC', 344, 2);
INSERT INTO modelo (idModelo, denominacao, idMarca, idTipo) VALUES (3204, '450 SX', 344, 2);
INSERT INTO modelo (idModelo, denominacao, idMarca, idTipo) VALUES (3205, 'VENICE 50', 132, 2);
INSERT INTO modelo (idModelo, denominacao, idMarca, idTipo) VALUES (3206, 'LIBERTY 50', 132, 2);
INSERT INTO modelo (idModelo, denominacao, idMarca, idTipo) VALUES (3207, 'BIKE 50', 132, 2);
INSERT INTO modelo (idModelo, denominacao, idMarca, idTipo) VALUES (3208, 'JET 125', 132, 2);
INSERT INTO modelo (idModelo, denominacao, idMarca, idTipo) VALUES (3209, 'CUSTOM 250', 132, 2);
INSERT INTO modelo (idModelo, denominacao, idMarca, idTipo) VALUES (3210, 'DISCOVER 250', 132, 2);
INSERT INTO modelo (idModelo, denominacao, idMarca, idTipo) VALUES (4362, 'RZR 570', 171, 2);
INSERT INTO modelo (idModelo, denominacao, idMarca, idTipo) VALUES (4363, 'RZR 800', 171, 2);
INSERT INTO modelo (idModelo, denominacao, idMarca, idTipo) VALUES (4364, 'RZR 800 XC', 171, 2);
INSERT INTO modelo (idModelo, denominacao, idMarca, idTipo) VALUES (4365, 'RZR S 800', 171, 2);
INSERT INTO modelo (idModelo, denominacao, idMarca, idTipo) VALUES (4366, 'RZR 900', 171, 2);
INSERT INTO modelo (idModelo, denominacao, idMarca, idTipo) VALUES (4367, 'RZR XP 1000', 171, 2);
INSERT INTO modelo (idModelo, denominacao, idMarca, idTipo) VALUES (4368, 'RZR 4 800', 171, 2);
INSERT INTO modelo (idModelo, denominacao, idMarca, idTipo) VALUES (4369, 'RZR 4 900', 171, 2);
INSERT INTO modelo (idModelo, denominacao, idMarca, idTipo) VALUES (4370, 'RZR 4 1000', 171, 2);
INSERT INTO modelo (idModelo, denominacao, idMarca, idTipo) VALUES (4371, 'RANGER 6X6', 171, 2);
INSERT INTO modelo (idModelo, denominacao, idMarca, idTipo) VALUES (4372, 'RANGER 800', 171, 2);
INSERT INTO modelo (idModelo, denominacao, idMarca, idTipo) VALUES (4373, 'RANGER DIESEL', 171, 2);
INSERT INTO modelo (idModelo, denominacao, idMarca, idTipo) VALUES (4374, 'RANGER XP 900', 171, 2);
INSERT INTO modelo (idModelo, denominacao, idMarca, idTipo) VALUES (4375, 'RANGER 400', 171, 2);
INSERT INTO modelo (idModelo, denominacao, idMarca, idTipo) VALUES (4376, 'RANGER 570', 171, 2);
INSERT INTO modelo (idModelo, denominacao, idMarca, idTipo) VALUES (4377, 'RANGER 800 MIDSIZE', 171, 2);
INSERT INTO modelo (idModelo, denominacao, idMarca, idTipo) VALUES (4378, 'RANGER EV', 171, 2);
INSERT INTO modelo (idModelo, denominacao, idMarca, idTipo) VALUES (4379, 'RANGER CREW 570', 171, 2);
INSERT INTO modelo (idModelo, denominacao, idMarca, idTipo) VALUES (4380, 'RANGER CREW 800', 171, 2);
INSERT INTO modelo (idModelo, denominacao, idMarca, idTipo) VALUES (4381, 'RANGER CREW DIESEL', 171, 2);
INSERT INTO modelo (idModelo, denominacao, idMarca, idTipo) VALUES (4382, 'RANGER CREW 900', 171, 2);
INSERT INTO modelo (idModelo, denominacao, idMarca, idTipo) VALUES (4383, 'SPORTSMAN 550 EPS', 171, 2);
INSERT INTO modelo (idModelo, denominacao, idMarca, idTipo) VALUES (4384, 'SPORTSMAN 570', 171, 2);
INSERT INTO modelo (idModelo, denominacao, idMarca, idTipo) VALUES (4385, 'SPORTSMAN 400 HO', 171, 2);
INSERT INTO modelo (idModelo, denominacao, idMarca, idTipo) VALUES (4386, 'SPORTSMAN WV850 HO', 171, 2);
INSERT INTO modelo (idModelo, denominacao, idMarca, idTipo) VALUES (4387, 'SPORTSMAN XP 850', 171, 2);
INSERT INTO modelo (idModelo, denominacao, idMarca, idTipo) VALUES (4388, 'SPORTSMAN 800 EFI', 171, 2);
INSERT INTO modelo (idModelo, denominacao, idMarca, idTipo) VALUES (4389, 'SPORTSMAN BIG BOSS 6X6 800', 171, 2);
INSERT INTO modelo (idModelo, denominacao, idMarca, idTipo) VALUES (4390, 'SCRAMBLER XP 850 HO', 171, 2);
INSERT INTO modelo (idModelo, denominacao, idMarca, idTipo) VALUES (4391, 'SCRAMBLER XP 1000 EPS', 171, 2);
INSERT INTO modelo (idModelo, denominacao, idMarca, idTipo) VALUES (4392, 'SPORTSMAN TOURING 850', 171, 2);
INSERT INTO modelo (idModelo, denominacao, idMarca, idTipo) VALUES (4393, 'SPORTSMAN TOURING 570', 171, 2);
INSERT INTO modelo (idModelo, denominacao, idMarca, idTipo) VALUES (4394, 'SPORTSMAN TOURING 550', 171, 2);
INSERT INTO modelo (idModelo, denominacao, idMarca, idTipo) VALUES (4395, 'SPORTSMAN X2 550', 171, 2);
INSERT INTO modelo (idModelo, denominacao, idMarca, idTipo) VALUES (4396, 'PHOENIX 200', 171, 2);
INSERT INTO modelo (idModelo, denominacao, idMarca, idTipo) VALUES (4397, 'RZR 170', 171, 2);
INSERT INTO modelo (idModelo, denominacao, idMarca, idTipo) VALUES (4398, 'OUTLAW 90', 171, 2);
INSERT INTO modelo (idModelo, denominacao, idMarca, idTipo) VALUES (4399, 'SPORTSMAN 90', 171, 2);
INSERT INTO modelo (idModelo, denominacao, idMarca, idTipo) VALUES (4400, 'OUTLAW 50', 171, 2);
INSERT INTO modelo (idModelo, denominacao, idMarca, idTipo) VALUES (4401, 'BRUTUS', 171, 2);
INSERT INTO modelo (idModelo, denominacao, idMarca, idTipo) VALUES (4402, 'CROSS ROADS 8-BALL', 483, 2);
INSERT INTO modelo (idModelo, denominacao, idMarca, idTipo) VALUES (4403, 'CROSS ROADS CLASSIC', 483, 2);
INSERT INTO modelo (idModelo, denominacao, idMarca, idTipo) VALUES (4404, 'CROSS COUNTRY 8-BALL', 483, 2);
INSERT INTO modelo (idModelo, denominacao, idMarca, idTipo) VALUES (4405, 'CROSS COUNTRY', 483, 2);
INSERT INTO modelo (idModelo, denominacao, idMarca, idTipo) VALUES (4406, 'NESS CROSS COUNTRY', 483, 2);
INSERT INTO modelo (idModelo, denominacao, idMarca, idTipo) VALUES (4407, 'VISION TOUR', 483, 2);
INSERT INTO modelo (idModelo, denominacao, idMarca, idTipo) VALUES (4408, 'CROSS COUNTRY TOUR', 483, 2);
INSERT INTO modelo (idModelo, denominacao, idMarca, idTipo) VALUES (4409, 'CROSS COUNTRY TOUR ANNIVERSARY', 483, 2);
INSERT INTO modelo (idModelo, denominacao, idMarca, idTipo) VALUES (4410, 'VEGAS 8-BALL', 483, 2);
INSERT INTO modelo (idModelo, denominacao, idMarca, idTipo) VALUES (4411, 'HIGH-BALL', 483, 2);
INSERT INTO modelo (idModelo, denominacao, idMarca, idTipo) VALUES (4412, 'HAMMER 8-BALL', 483, 2);
INSERT INTO modelo (idModelo, denominacao, idMarca, idTipo) VALUES (4413, 'BOARDWALK', 483, 2);
INSERT INTO modelo (idModelo, denominacao, idMarca, idTipo) VALUES (4414, 'JACKPOT', 483, 2);
INSERT INTO modelo (idModelo, denominacao, idMarca, idTipo) VALUES (4416, 'ZACH NESS CROSS COUNTRY', 483, 2);
INSERT INTO modelo (idModelo, denominacao, idMarca, idTipo) VALUES (4417, 'HARD-BALL', 483, 2);
INSERT INTO modelo (idModelo, denominacao, idMarca, idTipo) VALUES (4418, 'NESS VISION', 483, 2);
INSERT INTO modelo (idModelo, denominacao, idMarca, idTipo) VALUES (4419, 'CORY NESS CROSS COUNTRY TOUR', 483, 2);
INSERT INTO modelo (idModelo, denominacao, idMarca, idTipo) VALUES (4420, 'CHIEF CLASSIC', 484, 2);
INSERT INTO modelo (idModelo, denominacao, idMarca, idTipo) VALUES (4421, 'CHIEF VINTAGE', 484, 2);
INSERT INTO modelo (idModelo, denominacao, idMarca, idTipo) VALUES (4422, 'CHIEFTAIN', 484, 2);
INSERT INTO modelo (idModelo, denominacao, idMarca, idTipo) VALUES (4459, 'COOL STAR 125', 98, 2);
INSERT INTO modelo (idModelo, denominacao, idMarca, idTipo) VALUES (4461, 'JOJO 110', 98, 2);
INSERT INTO modelo (idModelo, denominacao, idMarca, idTipo) VALUES (4464, 'KP150F', 98, 2);
INSERT INTO modelo (idModelo, denominacao, idMarca, idTipo) VALUES (4467, 'POWER KING', 98, 2);
INSERT INTO modelo (idModelo, denominacao, idMarca, idTipo) VALUES (4469, 'GLOW 110S', 98, 2);
INSERT INTO modelo (idModelo, denominacao, idMarca, idTipo) VALUES (4471, 'POWER MAN 250', 98, 2);
INSERT INTO modelo (idModelo, denominacao, idMarca, idTipo) VALUES (4474, 'STEED 250', 98, 2);
INSERT INTO modelo (idModelo, denominacao, idMarca, idTipo) VALUES (4475, 'TRAVELLER', 98, 2);
INSERT INTO modelo (idModelo, denominacao, idMarca, idTipo) VALUES (4477, 'PK110F', 98, 2);
INSERT INTO modelo (idModelo, denominacao, idMarca, idTipo) VALUES (4914, 'F2 PLUS', 532, 2);
INSERT INTO modelo (idModelo, denominacao, idMarca, idTipo) VALUES (4915, 'SUPER F2', 532, 2);
INSERT INTO modelo (idModelo, denominacao, idMarca, idTipo) VALUES (4916, 'SUPER F1', 532, 2);
INSERT INTO modelo (idModelo, denominacao, idMarca, idTipo) VALUES (4917, 'SUPER F3', 532, 2);
INSERT INTO modelo (idModelo, denominacao, idMarca, idTipo) VALUES (4918, 'BVX 125', 532, 2);
INSERT INTO modelo (idModelo, denominacao, idMarca, idTipo) VALUES (4919, 'BVX 130 STREET', 532, 2);
INSERT INTO modelo (idModelo, denominacao, idMarca, idTipo) VALUES (4920, 'BVX 150 S1', 532, 2);
INSERT INTO modelo (idModelo, denominacao, idMarca, idTipo) VALUES (4921, 'TR 150 D6', 532, 2);
INSERT INTO modelo (idModelo, denominacao, idMarca, idTipo) VALUES (4922, 'AX 200', 532, 2);
INSERT INTO modelo (idModelo, denominacao, idMarca, idTipo) VALUES (4923, 'BVX 200', 532, 2);
INSERT INTO modelo (idModelo, denominacao, idMarca, idTipo) VALUES (4924, 'BX 260', 532, 2);
INSERT INTO modelo (idModelo, denominacao, idMarca, idTipo) VALUES (4925, 'BR 250 D1', 532, 2);
INSERT INTO modelo (idModelo, denominacao, idMarca, idTipo) VALUES (4926, 'CARGO 260', 532, 2);
INSERT INTO modelo (idModelo, denominacao, idMarca, idTipo) VALUES (4928, 'COMET GT 250', 133, 2);
INSERT INTO modelo (idModelo, denominacao, idMarca, idTipo) VALUES (4929, 'COMET GT-R 250', 133, 2);
INSERT INTO modelo (idModelo, denominacao, idMarca, idTipo) VALUES (4935, 'FZR600', 135, 2);
INSERT INTO modelo (idModelo, denominacao, idMarca, idTipo) VALUES (4936, 'FZR400', 135, 2);
INSERT INTO modelo (idModelo, denominacao, idMarca, idTipo) VALUES (4937, 'FZR250', 135, 2);
INSERT INTO modelo (idModelo, denominacao, idMarca, idTipo) VALUES (4942, 'XS1100', 135, 2);
INSERT INTO modelo (idModelo, denominacao, idMarca, idTipo) VALUES (4944, 'SRX 400', 135, 2);
INSERT INTO modelo (idModelo, denominacao, idMarca, idTipo) VALUES (4945, 'SRX 600', 135, 2);
INSERT INTO modelo (idModelo, denominacao, idMarca, idTipo) VALUES (4946, 'V-MAX 1680', 135, 2);
INSERT INTO modelo (idModelo, denominacao, idMarca, idTipo) VALUES (4947, 'FJR1300', 135, 2);
INSERT INTO modelo (idModelo, denominacao, idMarca, idTipo) VALUES (4948, 'XTZ 750 SUPER TENERE', 135, 2);
INSERT INTO modelo (idModelo, denominacao, idMarca, idTipo) VALUES (4949, 'XT 600', 135, 2);
INSERT INTO modelo (idModelo, denominacao, idMarca, idTipo) VALUES (4950, 'VIRAGO 400', 135, 2);
INSERT INTO modelo (idModelo, denominacao, idMarca, idTipo) VALUES (4951, 'VIRAGO 535', 135, 2);
INSERT INTO modelo (idModelo, denominacao, idMarca, idTipo) VALUES (4952, 'VIRAGO 750', 135, 2);
INSERT INTO modelo (idModelo, denominacao, idMarca, idTipo) VALUES (4953, 'VIRAGO 1400', 135, 2);
INSERT INTO modelo (idModelo, denominacao, idMarca, idTipo) VALUES (4954, 'XZ 550', 135, 2);
INSERT INTO modelo (idModelo, denominacao, idMarca, idTipo) VALUES (4955, 'YZR 500', 135, 2);
INSERT INTO modelo (idModelo, denominacao, idMarca, idTipo) VALUES (4956, 'WR 450F', 135, 2);
INSERT INTO modelo (idModelo, denominacao, idMarca, idTipo) VALUES (4957, 'TZ 250', 135, 2);
INSERT INTO modelo (idModelo, denominacao, idMarca, idTipo) VALUES (4958, 'YZ 125', 135, 2);
INSERT INTO modelo (idModelo, denominacao, idMarca, idTipo) VALUES (4959, 'YZ 250', 135, 2);
INSERT INTO modelo (idModelo, denominacao, idMarca, idTipo) VALUES (4960, 'YZ 450', 135, 2);
INSERT INTO modelo (idModelo, denominacao, idMarca, idTipo) VALUES (4962, 'XR 180', 135, 2);
INSERT INTO modelo (idModelo, denominacao, idMarca, idTipo) VALUES (4963, 'TT 125', 135, 2);
INSERT INTO modelo (idModelo, denominacao, idMarca, idTipo) VALUES (4994, 'ALPINA', 185, 2);
INSERT INTO modelo (idModelo, denominacao, idMarca, idTipo) VALUES (4996, 'NEVADA', 185, 2);
INSERT INTO modelo (idModelo, denominacao, idMarca, idTipo) VALUES (4997, 'WINSTAR', 185, 2);
INSERT INTO modelo (idModelo, denominacao, idMarca, idTipo) VALUES (4998, 'ELEKTRA', 185, 2);
INSERT INTO modelo (idModelo, denominacao, idMarca, idTipo) VALUES (4999, 'TEXANA', 185, 2);
INSERT INTO modelo (idModelo, denominacao, idMarca, idTipo) VALUES (5000, 'ALTINO', 185, 2);
INSERT INTO modelo (idModelo, denominacao, idMarca, idTipo) VALUES (5001, 'AQUILA', 185, 2);
INSERT INTO modelo (idModelo, denominacao, idMarca, idTipo) VALUES (5002, 'DAYSTAR ROUTIER', 185, 2);
INSERT INTO modelo (idModelo, denominacao, idMarca, idTipo) VALUES (1452, 'TRAILER', 164, 3);
INSERT INTO modelo (idModelo, denominacao, idMarca, idTipo) VALUES (1453, 'F-12000', 13, 3);
INSERT INTO modelo (idModelo, denominacao, idMarca, idTipo) VALUES (1461, 'MASCARELLO', 2, 3);
INSERT INTO modelo (idModelo, denominacao, idMarca, idTipo) VALUES (1462, 'GRANMICRO', 2, 3);
INSERT INTO modelo (idModelo, denominacao, idMarca, idTipo) VALUES (1482, 'ONIBUS', 263, 3);
INSERT INTO modelo (idModelo, denominacao, idMarca, idTipo) VALUES (1483, 'GUINDASTE', 266, 3);
INSERT INTO modelo (idModelo, denominacao, idMarca, idTipo) VALUES (1511, 'EMPILHADEIRA', 266, 3);
INSERT INTO modelo (idModelo, denominacao, idMarca, idTipo) VALUES (1536, 'D-12000', 1, 3);
INSERT INTO modelo (idModelo, denominacao, idMarca, idTipo) VALUES (1537, 'D-13000', 1, 3);
INSERT INTO modelo (idModelo, denominacao, idMarca, idTipo) VALUES (1538, 'D-14000', 1, 3);
INSERT INTO modelo (idModelo, denominacao, idMarca, idTipo) VALUES (1542, 'D-6000', 1, 3);
INSERT INTO modelo (idModelo, denominacao, idMarca, idTipo) VALUES (1627, 'F-11000', 13, 3);
INSERT INTO modelo (idModelo, denominacao, idMarca, idTipo) VALUES (1629, 'F-13000', 13, 3);
INSERT INTO modelo (idModelo, denominacao, idMarca, idTipo) VALUES (1630, 'F-14000', 13, 3);
INSERT INTO modelo (idModelo, denominacao, idMarca, idTipo) VALUES (1631, 'F-16000', 13, 3);
INSERT INTO modelo (idModelo, denominacao, idMarca, idTipo) VALUES (1632, 'F-19000', 13, 3);
INSERT INTO modelo (idModelo, denominacao, idMarca, idTipo) VALUES (1633, 'F-2000', 13, 3);
INSERT INTO modelo (idModelo, denominacao, idMarca, idTipo) VALUES (1634, 'F-21000', 13, 3);
INSERT INTO modelo (idModelo, denominacao, idMarca, idTipo) VALUES (1635, 'F-22000', 13, 3);
INSERT INTO modelo (idModelo, denominacao, idMarca, idTipo) VALUES (1638, 'F-4000', 13, 3);
INSERT INTO modelo (idModelo, denominacao, idMarca, idTipo) VALUES (1639, 'F-7000', 13, 3);
INSERT INTO modelo (idModelo, denominacao, idMarca, idTipo) VALUES (1640, 'F-MAXX', 13, 3);
INSERT INTO modelo (idModelo, denominacao, idMarca, idTipo) VALUES (1641, '12-170', 1, 3);
INSERT INTO modelo (idModelo, denominacao, idMarca, idTipo) VALUES (1642, '14-190', 1, 3);
INSERT INTO modelo (idModelo, denominacao, idMarca, idTipo) VALUES (1643, '15-190', 1, 3);
INSERT INTO modelo (idModelo, denominacao, idMarca, idTipo) VALUES (1644, '16-220', 1, 3);
INSERT INTO modelo (idModelo, denominacao, idMarca, idTipo) VALUES (1651, 'CITYCLASS', 85, 3);
INSERT INTO modelo (idModelo, denominacao, idMarca, idTipo) VALUES (1652, 'CURSOR', 85, 3);
INSERT INTO modelo (idModelo, denominacao, idMarca, idTipo) VALUES (1661, 'EUROCARGO', 85, 3);
INSERT INTO modelo (idModelo, denominacao, idMarca, idTipo) VALUES (1664, 'EUROTECH', 85, 3);
INSERT INTO modelo (idModelo, denominacao, idMarca, idTipo) VALUES (1665, 'EUROTRAKKER', 85, 3);
INSERT INTO modelo (idModelo, denominacao, idMarca, idTipo) VALUES (1666, 'POWERSTAR', 85, 3);
INSERT INTO modelo (idModelo, denominacao, idMarca, idTipo) VALUES (1667, 'STRALIS', 85, 3);
INSERT INTO modelo (idModelo, denominacao, idMarca, idTipo) VALUES (1670, 'TECTOR', 85, 3);
INSERT INTO modelo (idModelo, denominacao, idMarca, idTipo) VALUES (1671, 'TRAKKER', 85, 3);
INSERT INTO modelo (idModelo, denominacao, idMarca, idTipo) VALUES (1672, 'VERTIS', 85, 3);
INSERT INTO modelo (idModelo, denominacao, idMarca, idTipo) VALUES (1694, '1944-S', 4, 3);
INSERT INTO modelo (idModelo, denominacao, idMarca, idTipo) VALUES (1709, 'ACCELO', 4, 3);
INSERT INTO modelo (idModelo, denominacao, idMarca, idTipo) VALUES (1710, 'ACTROS', 4, 3);
INSERT INTO modelo (idModelo, denominacao, idMarca, idTipo) VALUES (1712, 'ATILIS', 4, 3);
INSERT INTO modelo (idModelo, denominacao, idMarca, idTipo) VALUES (1717, 'L-1117', 4, 3);
INSERT INTO modelo (idModelo, denominacao, idMarca, idTipo) VALUES (1718, 'L-1118', 4, 3);
INSERT INTO modelo (idModelo, denominacao, idMarca, idTipo) VALUES (1721, 'L-1313', 4, 3);
INSERT INTO modelo (idModelo, denominacao, idMarca, idTipo) VALUES (1722, 'L-1314', 4, 3);
INSERT INTO modelo (idModelo, denominacao, idMarca, idTipo) VALUES (1724, 'L-1317', 4, 3);
INSERT INTO modelo (idModelo, denominacao, idMarca, idTipo) VALUES (1726, 'L-1319', 4, 3);
INSERT INTO modelo (idModelo, denominacao, idMarca, idTipo) VALUES (1730, 'L-1514', 4, 3);
INSERT INTO modelo (idModelo, denominacao, idMarca, idTipo) VALUES (1732, 'L-1517', 4, 3);
INSERT INTO modelo (idModelo, denominacao, idMarca, idTipo) VALUES (1744, 'L-2014', 4, 3);
INSERT INTO modelo (idModelo, denominacao, idMarca, idTipo) VALUES (1745, 'L-2017', 4, 3);
INSERT INTO modelo (idModelo, denominacao, idMarca, idTipo) VALUES (1746, 'L-2213', 4, 3);
INSERT INTO modelo (idModelo, denominacao, idMarca, idTipo) VALUES (1747, 'L-2214', 4, 3);
INSERT INTO modelo (idModelo, denominacao, idMarca, idTipo) VALUES (1748, 'L-2215', 4, 3);
INSERT INTO modelo (idModelo, denominacao, idMarca, idTipo) VALUES (1749, 'L-2216', 4, 3);
INSERT INTO modelo (idModelo, denominacao, idMarca, idTipo) VALUES (1750, 'L-2217', 4, 3);
INSERT INTO modelo (idModelo, denominacao, idMarca, idTipo) VALUES (1752, 'L-2220', 4, 3);
INSERT INTO modelo (idModelo, denominacao, idMarca, idTipo) VALUES (1753, 'L-2225', 4, 3);
INSERT INTO modelo (idModelo, denominacao, idMarca, idTipo) VALUES (1754, 'L-2314', 4, 3);
INSERT INTO modelo (idModelo, denominacao, idMarca, idTipo) VALUES (1755, 'L-2318', 4, 3);
INSERT INTO modelo (idModelo, denominacao, idMarca, idTipo) VALUES (1756, 'L-2325', 4, 3);
INSERT INTO modelo (idModelo, denominacao, idMarca, idTipo) VALUES (1771, 'LS-1632', 4, 3);
INSERT INTO modelo (idModelo, denominacao, idMarca, idTipo) VALUES (1780, 'LS-1941', 4, 3);
INSERT INTO modelo (idModelo, denominacao, idMarca, idTipo) VALUES (1783, 'DURASTAR', 275, 3);
INSERT INTO modelo (idModelo, denominacao, idMarca, idTipo) VALUES (1784, 'INTERNATIONAL', 275, 3);
INSERT INTO modelo (idModelo, denominacao, idMarca, idTipo) VALUES (1840, '11-130', 2, 3);
INSERT INTO modelo (idModelo, denominacao, idMarca, idTipo) VALUES (1841, '11-140', 2, 3);
INSERT INTO modelo (idModelo, denominacao, idMarca, idTipo) VALUES (1842, '12-170', 2, 3);
INSERT INTO modelo (idModelo, denominacao, idMarca, idTipo) VALUES (1843, '12-180', 2, 3);
INSERT INTO modelo (idModelo, denominacao, idMarca, idTipo) VALUES (1844, '13-130', 2, 3);
INSERT INTO modelo (idModelo, denominacao, idMarca, idTipo) VALUES (1845, '13-150', 2, 3);
INSERT INTO modelo (idModelo, denominacao, idMarca, idTipo) VALUES (1846, '13-170', 2, 3);
INSERT INTO modelo (idModelo, denominacao, idMarca, idTipo) VALUES (1849, '14-140', 2, 3);
INSERT INTO modelo (idModelo, denominacao, idMarca, idTipo) VALUES (1850, '14-150', 2, 3);
INSERT INTO modelo (idModelo, denominacao, idMarca, idTipo) VALUES (1851, '14-170', 2, 3);
INSERT INTO modelo (idModelo, denominacao, idMarca, idTipo) VALUES (1852, '14-180', 2, 3);
INSERT INTO modelo (idModelo, denominacao, idMarca, idTipo) VALUES (1853, '14-200', 2, 3);
INSERT INTO modelo (idModelo, denominacao, idMarca, idTipo) VALUES (1854, '14-210', 2, 3);
INSERT INTO modelo (idModelo, denominacao, idMarca, idTipo) VALUES (1855, '14-220', 2, 3);
INSERT INTO modelo (idModelo, denominacao, idMarca, idTipo) VALUES (1856, '15-170', 2, 3);
INSERT INTO modelo (idModelo, denominacao, idMarca, idTipo) VALUES (1859, '16-170', 2, 3);
INSERT INTO modelo (idModelo, denominacao, idMarca, idTipo) VALUES (1860, '16-200', 2, 3);
INSERT INTO modelo (idModelo, denominacao, idMarca, idTipo) VALUES (1861, '16-210', 2, 3);
INSERT INTO modelo (idModelo, denominacao, idMarca, idTipo) VALUES (1862, '16-220', 2, 3);
INSERT INTO modelo (idModelo, denominacao, idMarca, idTipo) VALUES (1863, '16-300', 2, 3);
INSERT INTO modelo (idModelo, denominacao, idMarca, idTipo) VALUES (1864, '17-180', 2, 3);
INSERT INTO modelo (idModelo, denominacao, idMarca, idTipo) VALUES (1866, '17-210', 2, 3);
INSERT INTO modelo (idModelo, denominacao, idMarca, idTipo) VALUES (1867, '17-220', 2, 3);
INSERT INTO modelo (idModelo, denominacao, idMarca, idTipo) VALUES (1869, '17-280', 2, 3);
INSERT INTO modelo (idModelo, denominacao, idMarca, idTipo) VALUES (1870, '17-300', 2, 3);
INSERT INTO modelo (idModelo, denominacao, idMarca, idTipo) VALUES (1871, '17-310', 2, 3);
INSERT INTO modelo (idModelo, denominacao, idMarca, idTipo) VALUES (1873, '17-330', 2, 3);
INSERT INTO modelo (idModelo, denominacao, idMarca, idTipo) VALUES (1874, '18-310', 2, 3);
INSERT INTO modelo (idModelo, denominacao, idMarca, idTipo) VALUES (1876, '19-330', 2, 3);
INSERT INTO modelo (idModelo, denominacao, idMarca, idTipo) VALUES (1878, '19-390', 2, 3);
INSERT INTO modelo (idModelo, denominacao, idMarca, idTipo) VALUES (1879, '22-140', 2, 3);
INSERT INTO modelo (idModelo, denominacao, idMarca, idTipo) VALUES (1880, '22-160', 2, 3);
INSERT INTO modelo (idModelo, denominacao, idMarca, idTipo) VALUES (1881, '22-210', 2, 3);
INSERT INTO modelo (idModelo, denominacao, idMarca, idTipo) VALUES (1882, '23-210', 2, 3);
INSERT INTO modelo (idModelo, denominacao, idMarca, idTipo) VALUES (1883, '23-220', 2, 3);
INSERT INTO modelo (idModelo, denominacao, idMarca, idTipo) VALUES (1884, '23-250', 2, 3);
INSERT INTO modelo (idModelo, denominacao, idMarca, idTipo) VALUES (1885, '23-310', 2, 3);
INSERT INTO modelo (idModelo, denominacao, idMarca, idTipo) VALUES (1886, '24-220', 2, 3);
INSERT INTO modelo (idModelo, denominacao, idMarca, idTipo) VALUES (1888, '24-280', 2, 3);
INSERT INTO modelo (idModelo, denominacao, idMarca, idTipo) VALUES (1890, '24-330', 2, 3);
INSERT INTO modelo (idModelo, denominacao, idMarca, idTipo) VALUES (1893, '25-390', 2, 3);
INSERT INTO modelo (idModelo, denominacao, idMarca, idTipo) VALUES (1894, '26-220', 2, 3);
INSERT INTO modelo (idModelo, denominacao, idMarca, idTipo) VALUES (1896, '26-280', 2, 3);
INSERT INTO modelo (idModelo, denominacao, idMarca, idTipo) VALUES (1897, '26-300', 2, 3);
INSERT INTO modelo (idModelo, denominacao, idMarca, idTipo) VALUES (1898, '26-310', 2, 3);
INSERT INTO modelo (idModelo, denominacao, idMarca, idTipo) VALUES (1900, '26-390', 2, 3);
INSERT INTO modelo (idModelo, denominacao, idMarca, idTipo) VALUES (1902, '31-280', 2, 3);
INSERT INTO modelo (idModelo, denominacao, idMarca, idTipo) VALUES (1903, '31-310', 2, 3);
INSERT INTO modelo (idModelo, denominacao, idMarca, idTipo) VALUES (1905, '31-330', 2, 3);
INSERT INTO modelo (idModelo, denominacao, idMarca, idTipo) VALUES (1907, '31-390', 2, 3);
INSERT INTO modelo (idModelo, denominacao, idMarca, idTipo) VALUES (1908, '35-300', 2, 3);
INSERT INTO modelo (idModelo, denominacao, idMarca, idTipo) VALUES (1909, '40-300', 2, 3);
INSERT INTO modelo (idModelo, denominacao, idMarca, idTipo) VALUES (1925, 'FH SERIES', 53, 3);
INSERT INTO modelo (idModelo, denominacao, idMarca, idTipo) VALUES (1926, 'FH GLOBETROTTER SERIES', 53, 3);
INSERT INTO modelo (idModelo, denominacao, idMarca, idTipo) VALUES (1938, 'FM SERIES', 53, 3);
INSERT INTO modelo (idModelo, denominacao, idMarca, idTipo) VALUES (1944, 'FMX SERIES', 53, 3);
INSERT INTO modelo (idModelo, denominacao, idMarca, idTipo) VALUES (1951, 'N SERIES', 53, 3);
INSERT INTO modelo (idModelo, denominacao, idMarca, idTipo) VALUES (1953, 'NH SERIES', 53, 3);
INSERT INTO modelo (idModelo, denominacao, idMarca, idTipo) VALUES (1954, 'NL SERIES', 53, 3);
INSERT INTO modelo (idModelo, denominacao, idMarca, idTipo) VALUES (1956, 'VM SERIES', 53, 3);
INSERT INTO modelo (idModelo, denominacao, idMarca, idTipo) VALUES (1994, '11-160', 2, 3);
INSERT INTO modelo (idModelo, denominacao, idMarca, idTipo) VALUES (1995, '12-140', 2, 3);
INSERT INTO modelo (idModelo, denominacao, idMarca, idTipo) VALUES (1996, '17-230', 2, 3);
INSERT INTO modelo (idModelo, denominacao, idMarca, idTipo) VALUES (1997, '24-230', 2, 3);
INSERT INTO modelo (idModelo, denominacao, idMarca, idTipo) VALUES (1998, '28-440', 2, 3);
INSERT INTO modelo (idModelo, denominacao, idMarca, idTipo) VALUES (1999, '29-440', 2, 3);
INSERT INTO modelo (idModelo, denominacao, idMarca, idTipo) VALUES (2000, '31-440', 2, 3);
INSERT INTO modelo (idModelo, denominacao, idMarca, idTipo) VALUES (2001, '33-440', 2, 3);
INSERT INTO modelo (idModelo, denominacao, idMarca, idTipo) VALUES (2002, '16-180', 2, 3);
INSERT INTO modelo (idModelo, denominacao, idMarca, idTipo) VALUES (2003, '17-240', 2, 3);
INSERT INTO modelo (idModelo, denominacao, idMarca, idTipo) VALUES (2004, '17-260', 2, 3);
INSERT INTO modelo (idModelo, denominacao, idMarca, idTipo) VALUES (2005, '18-320', 2, 3);
INSERT INTO modelo (idModelo, denominacao, idMarca, idTipo) VALUES (2006, '18-330', 2, 3);
INSERT INTO modelo (idModelo, denominacao, idMarca, idTipo) VALUES (2007, '15-210', 2, 3);
INSERT INTO modelo (idModelo, denominacao, idMarca, idTipo) VALUES (2021, 'BI-TREM', 284, 3);
INSERT INTO modelo (idModelo, denominacao, idMarca, idTipo) VALUES (2022, 'BITREM', 285, 3);
INSERT INTO modelo (idModelo, denominacao, idMarca, idTipo) VALUES (2024, 'D-1200', 1, 3);
INSERT INTO modelo (idModelo, denominacao, idMarca, idTipo) VALUES (2025, 'F-3500', 13, 3);
INSERT INTO modelo (idModelo, denominacao, idMarca, idTipo) VALUES (2033, 'MARTA-ROCHA', 1, 3);
INSERT INTO modelo (idModelo, denominacao, idMarca, idTipo) VALUES (2062, 'MOTOR-HOME', 270, 3);
INSERT INTO modelo (idModelo, denominacao, idMarca, idTipo) VALUES (2064, 'PA CARREGADEIRA', 292, 3);
INSERT INTO modelo (idModelo, denominacao, idMarca, idTipo) VALUES (2085, 'MICRO-ONIBUS', 263, 3);
INSERT INTO modelo (idModelo, denominacao, idMarca, idTipo) VALUES (2355, 'LK-140', 242, 3);
INSERT INTO modelo (idModelo, denominacao, idMarca, idTipo) VALUES (2359, 'BR-115', 242, 3);
INSERT INTO modelo (idModelo, denominacao, idMarca, idTipo) VALUES (2363, 'BR-116', 242, 3);
INSERT INTO modelo (idModelo, denominacao, idMarca, idTipo) VALUES (2577, 'CONSTELLATION', 2, 3);
INSERT INTO modelo (idModelo, denominacao, idMarca, idTipo) VALUES (2578, 'DELIVERY', 2, 3);
INSERT INTO modelo (idModelo, denominacao, idMarca, idTipo) VALUES (2579, 'WORKER', 2, 3);
INSERT INTO modelo (idModelo, denominacao, idMarca, idTipo) VALUES (2712, 'ESCAVADEIRA', 266, 3);
INSERT INTO modelo (idModelo, denominacao, idMarca, idTipo) VALUES (2714, 'GUINCHO', 266, 3);
INSERT INTO modelo (idModelo, denominacao, idMarca, idTipo) VALUES (2715, 'CARREGADEIRA', 266, 3);
INSERT INTO modelo (idModelo, denominacao, idMarca, idTipo) VALUES (2723, 'MOTONIVELADORA', 266, 3);
INSERT INTO modelo (idModelo, denominacao, idMarca, idTipo) VALUES (2889, 'TANQUE', 266, 3);
INSERT INTO modelo (idModelo, denominacao, idMarca, idTipo) VALUES (2892, 'POLIGUINDASTE', 266, 3);
INSERT INTO modelo (idModelo, denominacao, idMarca, idTipo) VALUES (2894, 'F-8000', 13, 3);
INSERT INTO modelo (idModelo, denominacao, idMarca, idTipo) VALUES (2900, 'PERFURATRIZ', 266, 3);
INSERT INTO modelo (idModelo, denominacao, idMarca, idTipo) VALUES (2930, 'D-11000', 1, 3);
INSERT INTO modelo (idModelo, denominacao, idMarca, idTipo) VALUES (2971, 'FL SERIES', 53, 3);
INSERT INTO categoria_cnh (idCategoriaCNH, descricao) VALUES ('ACC', 'Habilita pessoas conduzam veículos de duas rodas com até 50 cm3 de cilindrada, as conhecidas "cinquentinhas".');
INSERT INTO categoria_cnh (idCategoriaCNH, descricao) VALUES ('A', 'Habilita a conduzir veículos de duas ou três rodas, com mais que 50 de cilindrada. Além disso, também é possível conduzir os ciclomotores da categoria ACC.');
INSERT INTO categoria_cnh (idCategoriaCNH, descricao) VALUES ('B', 'Habilita o condutor a conduzir veículos de quatro rodas com até 3,5 toneladas de peso bruto total e capacidade para até oito passageiros, além do motorista (nove ocupantes no total). Quadriciclos estão inclusos nesta classe.');
INSERT INTO categoria_cnh (idCategoriaCNH, descricao) VALUES ('C', 'Habilita o condutor a dirigir todos os tipos de automóveis da categoria B, e também os veículos de carga, não articulados, com mais de 3,5 toneladas de peso bruto total. São exemplos os caminhões, tratores, máquinas agrícolas e de movimentação de carga.');
INSERT INTO categoria_cnh (idCategoriaCNH, descricao) VALUES ('D', 'Habilita o condutor a dirigir veículos para o transporte de passageiros que acomodem mais de 8 passageiros. Aqui, entram os ônibus, micro-ônibus e vans. Com ela, o condutor também pode comandar todos os veículos inclusos nos tipos de CNH B e C.');
INSERT INTO categoria_cnh (idCategoriaCNH, descricao) VALUES ('E', 'Todos os veículos inclusos nos tipos de CNH B, C e D. Além disso, ele também pode dirigir veículos com unidades acopladas que excedam 6 toneladas. Aqui estão as carretas e caminhões com reboques e semirreboques articulados. Por fim, é necessário ter a carteira E para conduzir carros puxando trailers.');
INSERT INTO condutor (idCadastro, cpf, nome, dataNasc, idCategoriaCNH, endereco, bairro, idCidade, situacaoCNH) VALUES (1, '85931746048', 'Lucas Freitas', '1962-03-16', 'A', 'Jardim Lívia Oliveira, 7', 'Bonfim', 'FAM', 'R');
INSERT INTO condutor (idCadastro, cpf, nome, dataNasc, idCategoriaCNH, endereco, bairro, idCidade, situacaoCNH) VALUES (2, '83076912496', 'Sofia da Cunha', '1996-07-20', 'B', 'Distrito Luiz Henrique Martins, 85', 'Palmares', 'AAG', 'R');
INSERT INTO condutor (idCadastro, cpf, nome, dataNasc, idCategoriaCNH, endereco, bairro, idCidade, situacaoCNH) VALUES (3, '61752048911', 'Dra. Laís Azevedo', '1987-02-13', 'A', 'Fazenda de Cavalcanti, 55', 'Paquetá', 'PMM', 'R');
INSERT INTO condutor (idCadastro, cpf, nome, dataNasc, idCategoriaCNH, endereco, bairro, idCidade, situacaoCNH) VALUES (4, '69210843703', 'Rafael da Mata', '1940-02-06', 'E', 'Parque Luiz Miguel Nogueira, 42', 'Jardim Montanhês', 'FPG', 'R');
INSERT INTO condutor (idCadastro, cpf, nome, dataNasc, idCategoriaCNH, endereco, bairro, idCidade, situacaoCNH) VALUES (5, '76803459101', 'Daniela Rezende', '1987-07-23', 'E', 'Fazenda Maria Sophia Correia, 8', 'São Damião', 'SUP', 'R');
INSERT INTO condutor (idCadastro, cpf, nome, dataNasc, idCategoriaCNH, endereco, bairro, idCidade, situacaoCNH) VALUES (6, '40782591620', 'Luna Oliveira', '1950-08-11', 'C', 'Campo Gonçalves, 6', 'Olaria', 'FFM', 'R');
INSERT INTO condutor (idCadastro, cpf, nome, dataNasc, idCategoriaCNH, endereco, bairro, idCidade, situacaoCNH) VALUES (7, '30675842956', 'Alana Moraes', '1979-01-18', 'B', 'Estação Souza, 652', 'Belvedere', 'BAS', 'R');
INSERT INTO condutor (idCadastro, cpf, nome, dataNasc, idCategoriaCNH, endereco, bairro, idCidade, situacaoCNH) VALUES (8, '46709813584', 'Srta. Manuela Porto', '1970-07-10', 'C', 'Quadra de Cavalcanti, 5', 'Itapoa', 'PIC', 'R');
INSERT INTO condutor (idCadastro, cpf, nome, dataNasc, idCategoriaCNH, endereco, bairro, idCidade, situacaoCNH) VALUES (9, '97503216859', 'Fernanda Duarte', '1997-01-21', 'E', 'Conjunto Bianca Aragão, 42', 'Barroca', 'SEN', 'R');
INSERT INTO condutor (idCadastro, cpf, nome, dataNasc, idCategoriaCNH, endereco, bairro, idCidade, situacaoCNH) VALUES (10, '65823709447', 'Marcelo Almeida', '1978-07-22', 'C', 'Distrito Ian Farias, 92', 'Eymard', 'BVF', 'R');
INSERT INTO condutor (idCadastro, cpf, nome, dataNasc, idCategoriaCNH, endereco, bairro, idCidade, situacaoCNH) VALUES (11, '69507482300', 'Cauã da Mota', '1978-08-11', 'C', 'Vale da Cruz, 86', 'Caiçaras', 'RPP', 'R');
INSERT INTO condutor (idCadastro, cpf, nome, dataNasc, idCategoriaCNH, endereco, bairro, idCidade, situacaoCNH) VALUES (12, '89035462106', 'Lorenzo da Cunha', '1987-07-02', 'C', 'Lagoa de Santos, 65', 'Havaí', 'LAM', 'R');
INSERT INTO condutor (idCadastro, cpf, nome, dataNasc, idCategoriaCNH, endereco, bairro, idCidade, situacaoCNH) VALUES (13, '32801745979', 'Dra. Sabrina Alves', '1969-01-21', 'E', 'Loteamento de Ribeiro, 12', 'Novo Aarão Reis', 'BTP', 'R');
INSERT INTO condutor (idCadastro, cpf, nome, dataNasc, idCategoriaCNH, endereco, bairro, idCidade, situacaoCNH) VALUES (14, '03459286105', 'Luiz Miguel Nogueira', '1999-09-22', 'A', 'Colônia Viana', 'Vila Nossa Senhora Do Rosário', 'AIM', 'R');
INSERT INTO condutor (idCadastro, cpf, nome, dataNasc, idCategoriaCNH, endereco, bairro, idCidade, situacaoCNH) VALUES (15, '29587634128', 'Luna Carvalho', '1991-06-11', 'C', 'Recanto Laura Lopes, 81', 'Suzana', 'FPF', 'R');
INSERT INTO condutor (idCadastro, cpf, nome, dataNasc, idCategoriaCNH, endereco, bairro, idCidade, situacaoCNH) VALUES (16, '15397208450', 'Vitor Hugo Monteiro', '1948-12-03', 'E', 'Rua Maria Cecília da Rosa, 6', 'Vila Maria', 'COD', 'R');
INSERT INTO condutor (idCadastro, cpf, nome, dataNasc, idCategoriaCNH, endereco, bairro, idCidade, situacaoCNH) VALUES (17, '64739518228', 'Lucca Moura', '1987-03-11', 'B', 'Loteamento Brenda Costa, 95', 'Das Industrias I', 'CSC', 'R');
INSERT INTO condutor (idCadastro, cpf, nome, dataNasc, idCategoriaCNH, endereco, bairro, idCidade, situacaoCNH) VALUES (18, '03475918684', 'Mariane Silveira', '1989-02-06', 'E', 'Viaduto Souza, 71', 'Zilah Sposito', 'ASC', 'R');
INSERT INTO condutor (idCadastro, cpf, nome, dataNasc, idCategoriaCNH, endereco, bairro, idCidade, situacaoCNH) VALUES (19, '52849167355', 'Cecília da Paz', '1986-12-10', 'B', 'Ladeira de Moraes, 85', 'Boa Vista', 'AAM', 'R');
INSERT INTO condutor (idCadastro, cpf, nome, dataNasc, idCategoriaCNH, endereco, bairro, idCidade, situacaoCNH) VALUES (20, '29184073560', 'Thiago Costela', '1953-07-10', 'B', 'Setor da Cruz, 52', 'Pindorama', 'FRC', 'R');
INSERT INTO condutor (idCadastro, cpf, nome, dataNasc, idCategoriaCNH, endereco, bairro, idCidade, situacaoCNH) VALUES (21, '38617904593', 'Lavínia Aragão', '1968-06-11', 'D', 'Avenida da Paz, 240', 'Marieta 2ª Seção', 'VPP', 'R');
INSERT INTO condutor (idCadastro, cpf, nome, dataNasc, idCategoriaCNH, endereco, bairro, idCidade, situacaoCNH) VALUES (22, '57463082180', 'Beatriz da Mota', '1964-05-13', 'B', 'Ladeira Caldeira, 854', 'Liberdade', 'FPC', 'R');
INSERT INTO condutor (idCadastro, cpf, nome, dataNasc, idCategoriaCNH, endereco, bairro, idCidade, situacaoCNH) VALUES (23, '18603472580', 'Gustavo Henrique da Mata', '1979-07-19', 'D', 'Vila Rodrigues, 509', 'Grajaú', 'NVG', 'R');
INSERT INTO condutor (idCadastro, cpf, nome, dataNasc, idCategoriaCNH, endereco, bairro, idCidade, situacaoCNH) VALUES (24, '60354928198', 'João Lucas das Neves', '1997-03-21', 'B', 'Avenida de Cavalcanti, 227', 'Vitoria', 'NAG', 'R');
INSERT INTO condutor (idCadastro, cpf, nome, dataNasc, idCategoriaCNH, endereco, bairro, idCidade, situacaoCNH) VALUES (25, '18259706458', 'Joana Cardoso', '1965-09-24', 'A', 'Campo de Alves, 8', 'São Bento', 'DAC', 'R');
INSERT INTO condutor (idCadastro, cpf, nome, dataNasc, idCategoriaCNH, endereco, bairro, idCidade, situacaoCNH) VALUES (26, '83170245635', 'Henrique Monteiro', '1959-07-17', 'B', 'Sítio Rafael das Neves, 6', 'Guaratã', 'NVG', 'R');
INSERT INTO condutor (idCadastro, cpf, nome, dataNasc, idCategoriaCNH, endereco, bairro, idCidade, situacaoCNH) VALUES (27, '48510692785', 'Srta. Laura Vieira', '1957-12-08', 'A', 'Sítio de Barros, 40', 'Providencia', 'JCG', 'R');
INSERT INTO condutor (idCadastro, cpf, nome, dataNasc, idCategoriaCNH, endereco, bairro, idCidade, situacaoCNH) VALUES (28, '47590821314', 'Sr. Thales Lima', '1990-03-11', 'C', 'Avenida Mariana Melo, 62', 'Vila Oeste', 'BAF', 'R');
INSERT INTO condutor (idCadastro, cpf, nome, dataNasc, idCategoriaCNH, endereco, bairro, idCidade, situacaoCNH) VALUES (29, '56143927855', 'Fernando da Paz', '1938-12-22', 'B', 'Trevo Moura, 276', 'Vila Paquetá', 'BAG', 'R');
INSERT INTO condutor (idCadastro, cpf, nome, dataNasc, idCategoriaCNH, endereco, bairro, idCidade, situacaoCNH) VALUES (30, '34906185215', 'Maria Vitória da Cruz', '1983-02-05', 'E', 'Praia Nascimento, 65', 'Vila Formosa', 'RGA', 'R');
INSERT INTO condutor (idCadastro, cpf, nome, dataNasc, idCategoriaCNH, endereco, bairro, idCidade, situacaoCNH) VALUES (31, '68174053271', 'Anthony Moreira', '1964-05-01', 'C', 'Parque Davi Luiz da Cruz', 'Nova Suíça', 'JPV', 'R');
INSERT INTO condutor (idCadastro, cpf, nome, dataNasc, idCategoriaCNH, endereco, bairro, idCidade, situacaoCNH) VALUES (32, '43082569765', 'Eduardo Cunha', '1980-04-12', 'A', 'Fazenda Ana Vieira, 90', 'Minas Brasil', 'MFP', 'R');
INSERT INTO condutor (idCadastro, cpf, nome, dataNasc, idCategoriaCNH, endereco, bairro, idCidade, situacaoCNH) VALUES (33, '72054319805', 'Cecília Souza', '1951-06-24', 'B', 'Distrito Barbosa, 1', 'Ápia', 'CDA', 'R');
INSERT INTO condutor (idCadastro, cpf, nome, dataNasc, idCategoriaCNH, endereco, bairro, idCidade, situacaoCNH) VALUES (34, '14507638984', 'Daniel Martins', '1991-08-26', 'C', 'Praça de Novaes, 71', 'Itaipu', 'SPG', 'R');
INSERT INTO condutor (idCadastro, cpf, nome, dataNasc, idCategoriaCNH, endereco, bairro, idCidade, situacaoCNH) VALUES (35, '37698150259', 'Enzo Vieira', '1949-12-10', 'B', 'Favela da Mota, 39', 'Vila Nova Cachoeirinha 1ª Seção', 'NVV', 'R');
INSERT INTO condutor (idCadastro, cpf, nome, dataNasc, idCategoriaCNH, endereco, bairro, idCidade, situacaoCNH) VALUES (36, '27519038602', 'Fernando Novaes', '1979-11-10', 'A', 'Morro de da Cunha, 39', 'Universitário', 'DMM', 'R');
INSERT INTO condutor (idCadastro, cpf, nome, dataNasc, idCategoriaCNH, endereco, bairro, idCidade, situacaoCNH) VALUES (37, '45930167206', 'Maria Clara Oliveira', '1986-05-09', 'B', 'Loteamento de Costela, 1', 'Pirineus', 'RRA', 'R');
INSERT INTO condutor (idCadastro, cpf, nome, dataNasc, idCategoriaCNH, endereco, bairro, idCidade, situacaoCNH) VALUES (38, '05134876975', 'Sr. Carlos Eduardo Araújo', '1944-11-25', 'D', 'Avenida da Conceição, 17', 'Conjunto Novo Dom Bosco', 'SMD', 'R');
INSERT INTO condutor (idCadastro, cpf, nome, dataNasc, idCategoriaCNH, endereco, bairro, idCidade, situacaoCNH) VALUES (39, '07195486320', 'Eduardo Teixeira', '1956-09-07', 'E', 'Vereda de Caldeira, 41', 'Vila Barragem Santa Lúcia', 'CNG', 'R');
INSERT INTO condutor (idCadastro, cpf, nome, dataNasc, idCategoriaCNH, endereco, bairro, idCidade, situacaoCNH) VALUES (40, '54379168255', 'Lucas Nunes', '1997-10-03', 'C', 'Aeroporto Sales', 'Belvedere', 'RPS', 'R');
INSERT INTO condutor (idCadastro, cpf, nome, dataNasc, idCategoriaCNH, endereco, bairro, idCidade, situacaoCNH) VALUES (41, '24530761916', 'Srta. Olivia Almeida', '1959-03-05', 'D', 'Trecho de Pereira, 80', 'Vila Aeroporto', 'CAP', 'R');
INSERT INTO condutor (idCadastro, cpf, nome, dataNasc, idCategoriaCNH, endereco, bairro, idCidade, situacaoCNH) VALUES (42, '18629405333', 'Bryan Jesus', '1958-10-14', 'E', 'Chácara Campos, 251', 'São Gabriel', 'COA', 'R');
INSERT INTO condutor (idCadastro, cpf, nome, dataNasc, idCategoriaCNH, endereco, bairro, idCidade, situacaoCNH) VALUES (43, '24930865115', 'Anthony Costela', '1954-06-16', 'A', 'Trecho Duarte, 9', 'Alpes', 'RSP', 'R');
INSERT INTO condutor (idCadastro, cpf, nome, dataNasc, idCategoriaCNH, endereco, bairro, idCidade, situacaoCNH) VALUES (44, '62109843551', 'Pedro Lucas Souza', '1945-07-10', 'A', 'Parque Stephany Silveira, 62', 'Luxemburgo', 'CTV', 'R');
INSERT INTO condutor (idCadastro, cpf, nome, dataNasc, idCategoriaCNH, endereco, bairro, idCidade, situacaoCNH) VALUES (45, '71465903801', 'Carolina da Luz', '1992-01-19', 'B', 'Núcleo de Nogueira, 91', 'Vitoria', 'NAG', 'R');
INSERT INTO condutor (idCadastro, cpf, nome, dataNasc, idCategoriaCNH, endereco, bairro, idCidade, situacaoCNH) VALUES (46, '36027549874', 'Srta. Maria Fernanda da Rocha', '1978-11-28', 'E', 'Viela Fogaça', 'Vila Nova Cachoeirinha 1ª Seção', 'BVM', 'R');
INSERT INTO condutor (idCadastro, cpf, nome, dataNasc, idCategoriaCNH, endereco, bairro, idCidade, situacaoCNH) VALUES (47, '90183724631', 'Dr. Cauê Freitas', '1951-02-26', 'A', 'Viaduto Jesus, 530', 'Paquetá', 'VLP', 'R');
INSERT INTO condutor (idCadastro, cpf, nome, dataNasc, idCategoriaCNH, endereco, bairro, idCidade, situacaoCNH) VALUES (48, '20895647338', 'João Vitor Rezende', '1958-03-02', 'C', 'Avenida de Moreira, 74', 'Vila Suzana Segunda Seção', 'MDP', 'R');
INSERT INTO condutor (idCadastro, cpf, nome, dataNasc, idCategoriaCNH, endereco, bairro, idCidade, situacaoCNH) VALUES (49, '75241630880', 'Erick da Cunha', '2000-04-09', 'B', 'Área de da Cruz, 72', 'Anchieta', 'VRP', 'R');
INSERT INTO condutor (idCadastro, cpf, nome, dataNasc, idCategoriaCNH, endereco, bairro, idCidade, situacaoCNH) VALUES (50, '61059273470', 'Rebeca Vieira', '1964-06-27', 'D', 'Via Davi Lucca Nascimento, 478', 'Milionario', 'FAC', 'R');
INSERT INTO condutor (idCadastro, cpf, nome, dataNasc, idCategoriaCNH, endereco, bairro, idCidade, situacaoCNH) VALUES (51, '61973824582', 'Srta. Raquel Souza', '1959-12-22', 'D', 'Área de da Rosa, 5', 'Eymard', 'BVF', 'R');
INSERT INTO condutor (idCadastro, cpf, nome, dataNasc, idCategoriaCNH, endereco, bairro, idCidade, situacaoCNH) VALUES (52, '41295683709', 'Sofia Costela', '1996-02-06', 'C', 'Praia Bernardo Costela, 33', 'Vila Real 1ª Seção', 'COF', 'R');
INSERT INTO condutor (idCadastro, cpf, nome, dataNasc, idCategoriaCNH, endereco, bairro, idCidade, situacaoCNH) VALUES (53, '31802675930', 'Dra. Pietra Martins', '1977-11-16', 'B', 'Sítio Fernandes', 'Vila Santa Monica 2ª Seção', 'DFP', 'R');
INSERT INTO condutor (idCadastro, cpf, nome, dataNasc, idCategoriaCNH, endereco, bairro, idCidade, situacaoCNH) VALUES (54, '17534920680', 'Nicolas Cardoso', '1972-04-22', 'D', 'Viela da Cruz', 'Cruzeiro', 'PSO', 'R');
INSERT INTO condutor (idCadastro, cpf, nome, dataNasc, idCategoriaCNH, endereco, bairro, idCidade, situacaoCNH) VALUES (55, '48953762065', 'Srta. Maria Fernanda da Costa', '1941-12-03', 'B', 'Setor de Jesus', 'São Lucas', 'PDP', 'R');
INSERT INTO condutor (idCadastro, cpf, nome, dataNasc, idCategoriaCNH, endereco, bairro, idCidade, situacaoCNH) VALUES (56, '56738129068', 'Sr. Juan da Cruz', '1972-04-19', 'E', 'Esplanada de Pires, 7', 'Itapoa', 'NSP', 'R');
INSERT INTO condutor (idCadastro, cpf, nome, dataNasc, idCategoriaCNH, endereco, bairro, idCidade, situacaoCNH) VALUES (57, '71532480644', 'Theo das Neves', '1962-02-19', 'A', 'Rua de da Conceição, 60', 'Minas Caixa', 'AJG', 'R');
INSERT INTO condutor (idCadastro, cpf, nome, dataNasc, idCategoriaCNH, endereco, bairro, idCidade, situacaoCNH) VALUES (58, '57198462391', 'Thiago Melo', '1985-01-29', 'B', 'Chácara de Barbosa, 43', 'Comiteco', 'CAA', 'R');
INSERT INTO condutor (idCadastro, cpf, nome, dataNasc, idCategoriaCNH, endereco, bairro, idCidade, situacaoCNH) VALUES (59, '98374650265', 'Dra. Clara Viana', '1962-07-04', 'C', 'Feira de Dias, 4', 'Ernesto Nascimento', 'RON', 'R');
INSERT INTO condutor (idCadastro, cpf, nome, dataNasc, idCategoriaCNH, endereco, bairro, idCidade, situacaoCNH) VALUES (60, '16953842024', 'Cauã Castro', '1978-10-14', 'B', 'Morro de Peixoto, 32', 'Boa Vista', 'MOA', 'R');
INSERT INTO condutor (idCadastro, cpf, nome, dataNasc, idCategoriaCNH, endereco, bairro, idCidade, situacaoCNH) VALUES (61, '74516290316', 'Maysa Costa', '1971-07-04', 'C', 'Esplanada Gomes, 57', 'Vila Nova Gameleira 2ª Seção', 'FPG', 'R');
INSERT INTO condutor (idCadastro, cpf, nome, dataNasc, idCategoriaCNH, endereco, bairro, idCidade, situacaoCNH) VALUES (62, '21845096398', 'Maria Cecília Gomes', '1980-12-20', 'A', 'Núcleo de Alves, 343', 'Vila Suzana Segunda Seção', 'MDP', 'R');
INSERT INTO condutor (idCadastro, cpf, nome, dataNasc, idCategoriaCNH, endereco, bairro, idCidade, situacaoCNH) VALUES (63, '17035268480', 'Evelyn da Mota', '1975-11-10', 'B', 'Chácara Mendes, 367', 'Jardim São José', 'MCP', 'R');
INSERT INTO condutor (idCadastro, cpf, nome, dataNasc, idCategoriaCNH, endereco, bairro, idCidade, situacaoCNH) VALUES (64, '67243809529', 'Sr. Emanuel Monteiro', '1957-01-24', 'B', 'Alameda Azevedo, 1', 'Marajó', 'GGS', 'R');
INSERT INTO condutor (idCadastro, cpf, nome, dataNasc, idCategoriaCNH, endereco, bairro, idCidade, situacaoCNH) VALUES (65, '24695170876', 'Maria Fernanda Rocha', '1962-04-11', 'A', 'Via Davi Martins, 7', 'Vila São Gabriel Jacui', 'VPG', 'R');
INSERT INTO condutor (idCadastro, cpf, nome, dataNasc, idCategoriaCNH, endereco, bairro, idCidade, situacaoCNH) VALUES (66, '87620451994', 'Cecília Duarte', '1996-01-27', 'D', 'Rua da Luz, 5', 'Pindorama', 'COO', 'R');
INSERT INTO condutor (idCadastro, cpf, nome, dataNasc, idCategoriaCNH, endereco, bairro, idCidade, situacaoCNH) VALUES (67, '02594178667', 'Ana Lívia Peixoto', '1962-07-22', 'A', 'Viaduto Ana Julia da Mata, 44', 'Vila São Dimas', 'TOG', 'R');
INSERT INTO condutor (idCadastro, cpf, nome, dataNasc, idCategoriaCNH, endereco, bairro, idCidade, situacaoCNH) VALUES (68, '25160439889', 'Ana Sophia Oliveira', '1940-06-14', 'B', 'Praia Maria Cecília Nogueira, 3', 'Beija Flor', 'PAM', 'R');
INSERT INTO condutor (idCadastro, cpf, nome, dataNasc, idCategoriaCNH, endereco, bairro, idCidade, situacaoCNH) VALUES (69, '72483965164', 'Bernardo Novaes', '1964-05-13', 'E', 'Rodovia Sales, 94', 'Caetano Furquim', 'OAS', 'R');
INSERT INTO condutor (idCadastro, cpf, nome, dataNasc, idCategoriaCNH, endereco, bairro, idCidade, situacaoCNH) VALUES (70, '02459167334', 'Luiz Miguel Cardoso', '1942-05-31', 'A', 'Alameda de Freitas, 72', 'Ouro Preto', 'PNN', 'R');
INSERT INTO condutor (idCadastro, cpf, nome, dataNasc, idCategoriaCNH, endereco, bairro, idCidade, situacaoCNH) VALUES (71, '82910754332', 'Isabella da Costa', '1967-08-18', 'E', 'Viaduto de Caldeira, 20', 'Renascença', 'LGA', 'R');
INSERT INTO condutor (idCadastro, cpf, nome, dataNasc, idCategoriaCNH, endereco, bairro, idCidade, situacaoCNH) VALUES (72, '73451092832', 'Laura Gomes', '1964-06-10', 'E', 'Setor Kevin Nunes, 443', 'Guarani', 'LDM', 'R');
INSERT INTO condutor (idCadastro, cpf, nome, dataNasc, idCategoriaCNH, endereco, bairro, idCidade, situacaoCNH) VALUES (73, '84769320140', 'Larissa Cavalcanti', '1952-02-07', 'E', 'Condomínio Araújo, 15', 'Belvedere', 'BAS', 'R');
INSERT INTO condutor (idCadastro, cpf, nome, dataNasc, idCategoriaCNH, endereco, bairro, idCidade, situacaoCNH) VALUES (74, '24158930642', 'Thales Correia', '1976-04-17', 'B', 'Fazenda Larissa Nunes, 1', 'Granja Werneck', 'ACA', 'R');
INSERT INTO condutor (idCadastro, cpf, nome, dataNasc, idCategoriaCNH, endereco, bairro, idCidade, situacaoCNH) VALUES (75, '21059873621', 'Henrique Rezende', '1946-04-14', 'A', 'Fazenda Isaac Carvalho, 48', 'Alípio De Melo', 'RCC', 'R');
INSERT INTO condutor (idCadastro, cpf, nome, dataNasc, idCategoriaCNH, endereco, bairro, idCidade, situacaoCNH) VALUES (76, '21764085353', 'Vitor Gabriel Jesus', '1953-02-27', 'D', 'Colônia de Cardoso, 66', 'Suzana', 'REN', 'R');
INSERT INTO condutor (idCadastro, cpf, nome, dataNasc, idCategoriaCNH, endereco, bairro, idCidade, situacaoCNH) VALUES (77, '52679801458', 'Srta. Clara Almeida', '1996-05-24', 'B', 'Distrito da Rocha, 57', 'Vila Nova Dos Milionarios', 'MTM', 'R');
INSERT INTO condutor (idCadastro, cpf, nome, dataNasc, idCategoriaCNH, endereco, bairro, idCidade, situacaoCNH) VALUES (78, '69405187201', 'Marcos Vinicius Araújo', '1951-07-20', 'E', 'Fazenda Maria Cecília da Rocha, 5', 'Vila Nossa Senhora Do Rosário', 'AIM', 'R');
INSERT INTO condutor (idCadastro, cpf, nome, dataNasc, idCategoriaCNH, endereco, bairro, idCidade, situacaoCNH) VALUES (79, '63187295002', 'Nina Correia', '1970-03-22', 'D', 'Rodovia Pedro Miguel Cardoso, 8', 'Jonas Veiga', 'JDV', 'R');
INSERT INTO condutor (idCadastro, cpf, nome, dataNasc, idCategoriaCNH, endereco, bairro, idCidade, situacaoCNH) VALUES (80, '17438950204', 'Kevin Carvalho', '1946-08-01', 'A', 'Alameda Isis Almeida, 61', 'Vila União', 'ROF', 'R');
INSERT INTO condutor (idCadastro, cpf, nome, dataNasc, idCategoriaCNH, endereco, bairro, idCidade, situacaoCNH) VALUES (81, '69215837400', 'Maria Fernanda Costa', '1943-09-09', 'D', 'Vale Maria Vitória Vieira, 6', 'Vila Independencia 3ª Seção', 'BVM', 'R');
INSERT INTO condutor (idCadastro, cpf, nome, dataNasc, idCategoriaCNH, endereco, bairro, idCidade, situacaoCNH) VALUES (82, '16943528033', 'Sr. Francisco Duarte', '1966-01-12', 'B', 'Jardim de Correia, 3', 'Cachoeirinha', 'CTC', 'R');
INSERT INTO condutor (idCadastro, cpf, nome, dataNasc, idCategoriaCNH, endereco, bairro, idCidade, situacaoCNH) VALUES (83, '67013924580', 'Sra. Esther da Mota', '1999-03-29', 'E', 'Condomínio Lívia Duarte, 33', 'Biquinhas', 'DAC', 'R');
INSERT INTO condutor (idCadastro, cpf, nome, dataNasc, idCategoriaCNH, endereco, bairro, idCidade, situacaoCNH) VALUES (84, '14083659289', 'Maria Eduarda Araújo', '1991-07-10', 'C', 'Praça de Costela, 35', 'Palmares', 'GDS', 'R');
INSERT INTO condutor (idCadastro, cpf, nome, dataNasc, idCategoriaCNH, endereco, bairro, idCidade, situacaoCNH) VALUES (85, '12948537088', 'Sra. Pietra Jesus', '1947-06-09', 'D', 'Recanto Luiz Fernando Duarte, 280', 'Ouro Minas', 'FFM', 'R');
INSERT INTO condutor (idCadastro, cpf, nome, dataNasc, idCategoriaCNH, endereco, bairro, idCidade, situacaoCNH) VALUES (86, '18236740544', 'Davi Lucas Lima', '1950-11-14', 'A', 'Conjunto Ana Vitória Pinto, 9', 'Casa Branca', 'MDN', 'R');
INSERT INTO condutor (idCadastro, cpf, nome, dataNasc, idCategoriaCNH, endereco, bairro, idCidade, situacaoCNH) VALUES (87, '30145876993', 'Isabella Melo', '1975-04-24', 'D', 'Trecho de Campos, 45', 'Jonas Veiga', 'CAG', 'R');
INSERT INTO condutor (idCadastro, cpf, nome, dataNasc, idCategoriaCNH, endereco, bairro, idCidade, situacaoCNH) VALUES (88, '09136458260', 'Pedro Miguel Ribeiro', '1961-01-21', 'C', 'Praia de Cavalcanti, 2', 'Álvaro Camargos', 'GDC', 'R');
INSERT INTO condutor (idCadastro, cpf, nome, dataNasc, idCategoriaCNH, endereco, bairro, idCidade, situacaoCNH) VALUES (89, '38290651759', 'Benjamin Ribeiro', '1939-09-23', 'D', 'Jardim de Cardoso, 21', 'Jardim Alvorada', 'GPP', 'R');
INSERT INTO condutor (idCadastro, cpf, nome, dataNasc, idCategoriaCNH, endereco, bairro, idCidade, situacaoCNH) VALUES (90, '28059637177', 'Dr. Erick Monteiro', '1942-03-23', 'B', 'Morro Yuri Costela', 'Mirante', 'BAS', 'R');
INSERT INTO condutor (idCadastro, cpf, nome, dataNasc, idCategoriaCNH, endereco, bairro, idCidade, situacaoCNH) VALUES (91, '93840716250', 'Clara Rezende', '1963-10-08', 'A', 'Chácara Moreira', 'Coração Eucarístico', 'FVV', 'R');
INSERT INTO condutor (idCadastro, cpf, nome, dataNasc, idCategoriaCNH, endereco, bairro, idCidade, situacaoCNH) VALUES (92, '74859031288', 'Luiz Gustavo Rodrigues', '1944-07-18', 'D', 'Pátio Pedro Lucas Sales, 89', 'Nossa Senhora Da Aparecida', 'LSS', 'R');
INSERT INTO condutor (idCadastro, cpf, nome, dataNasc, idCategoriaCNH, endereco, bairro, idCidade, situacaoCNH) VALUES (93, '35401829779', 'Sarah Peixoto', '1980-09-10', 'A', 'Pátio Alexandre Lopes, 8', 'Coração De Jesus', 'MOP', 'R');
INSERT INTO condutor (idCadastro, cpf, nome, dataNasc, idCategoriaCNH, endereco, bairro, idCidade, situacaoCNH) VALUES (94, '10725493607', 'Dr. Luiz Felipe Sales', '1999-05-30', 'C', 'Loteamento Carvalho, 770', 'Mariano De Abreu', 'COP', 'R');
INSERT INTO condutor (idCadastro, cpf, nome, dataNasc, idCategoriaCNH, endereco, bairro, idCidade, situacaoCNH) VALUES (95, '92067145380', 'Dra. Helena Souza', '1970-01-19', 'C', 'Jardim da Luz, 70', 'Urca', 'OAS', 'R');
INSERT INTO condutor (idCadastro, cpf, nome, dataNasc, idCategoriaCNH, endereco, bairro, idCidade, situacaoCNH) VALUES (96, '24536187928', 'Luiza Correia', '1982-09-20', 'D', 'Avenida Clara das Neves, 8', 'Satelite', 'GDC', 'R');
INSERT INTO condutor (idCadastro, cpf, nome, dataNasc, idCategoriaCNH, endereco, bairro, idCidade, situacaoCNH) VALUES (97, '27418350988', 'Agatha Gonçalves', '1971-05-01', 'A', 'Morro da Mota, 94', 'Jardim América', 'SLP', 'R');
INSERT INTO condutor (idCadastro, cpf, nome, dataNasc, idCategoriaCNH, endereco, bairro, idCidade, situacaoCNH) VALUES (98, '75601348235', 'Gustavo Henrique Nascimento', '1945-07-14', 'B', 'Distrito de Santos, 78', 'Pilar', 'REM', 'R');
INSERT INTO condutor (idCadastro, cpf, nome, dataNasc, idCategoriaCNH, endereco, bairro, idCidade, situacaoCNH) VALUES (99, '92153068460', 'Alexandre da Rosa', '1974-02-28', 'C', 'Via de Gomes, 18', 'Nossa Senhora Aparecida', 'CSC', 'R');
INSERT INTO condutor (idCadastro, cpf, nome, dataNasc, idCategoriaCNH, endereco, bairro, idCidade, situacaoCNH) VALUES (100, '70341829579', 'Ana Júlia Vieira', '1967-09-17', 'E', 'Colônia de Almeida, 97', 'Vila Do Pombal', 'ROG', 'R');
INSERT INTO condutor (idCadastro, cpf, nome, dataNasc, idCategoriaCNH, endereco, bairro, idCidade, situacaoCNH) VALUES (101, '09631782450', 'Yuri Freitas', '1981-10-21', 'D', 'Alameda de Gonçalves', 'Acaba Mundo', 'DGN', 'R');
INSERT INTO condutor (idCadastro, cpf, nome, dataNasc, idCategoriaCNH, endereco, bairro, idCidade, situacaoCNH) VALUES (102, '60135974801', 'Laís Silveira', '1952-06-20', 'E', 'Morro Bernardo Silveira, 97', 'Barão Homem De Melo 3ª Seção', 'PPP', 'R');
INSERT INTO condutor (idCadastro, cpf, nome, dataNasc, idCategoriaCNH, endereco, bairro, idCidade, situacaoCNH) VALUES (103, '93067182413', 'Miguel Lopes', '1967-06-02', 'A', 'Vale Nogueira, 332', 'Vila Nossa Senhora Do Rosário', 'AIM', 'R');
INSERT INTO condutor (idCadastro, cpf, nome, dataNasc, idCategoriaCNH, endereco, bairro, idCidade, situacaoCNH) VALUES (104, '25193470823', 'Eduarda Pinto', '1970-08-17', 'D', 'Lagoa Emanuella Viana', 'Guarani', 'LDM', 'R');
INSERT INTO condutor (idCadastro, cpf, nome, dataNasc, idCategoriaCNH, endereco, bairro, idCidade, situacaoCNH) VALUES (105, '60952487365', 'Henrique Silveira', '1976-09-19', 'C', 'Morro Freitas, 708', 'Cruzeiro', 'SPG', 'R');
INSERT INTO condutor (idCadastro, cpf, nome, dataNasc, idCategoriaCNH, endereco, bairro, idCidade, situacaoCNH) VALUES (106, '91526834782', 'Larissa Gonçalves', '1998-04-12', 'D', 'Setor Rebeca Farias, 6', 'Santana Do Cafezal', 'GVP', 'R');
INSERT INTO condutor (idCadastro, cpf, nome, dataNasc, idCategoriaCNH, endereco, bairro, idCidade, situacaoCNH) VALUES (107, '79402835105', 'João Pedro da Costa', '1990-04-11', 'B', 'Condomínio de Castro, 6', 'Santa Rita', 'TCD', 'R');
INSERT INTO condutor (idCadastro, cpf, nome, dataNasc, idCategoriaCNH, endereco, bairro, idCidade, situacaoCNH) VALUES (108, '78693205102', 'Sr. Vitor Gabriel Silva', '1956-02-28', 'E', 'Colônia Ian Pinto, 58', 'Padre Eustáquio', 'NGS', 'R');
INSERT INTO condutor (idCadastro, cpf, nome, dataNasc, idCategoriaCNH, endereco, bairro, idCidade, situacaoCNH) VALUES (109, '90362471525', 'Luiz Felipe Pereira', '1993-02-21', 'D', 'Fazenda de Moura, 87', 'Alto Barroca', 'CDG', 'R');
INSERT INTO condutor (idCadastro, cpf, nome, dataNasc, idCategoriaCNH, endereco, bairro, idCidade, situacaoCNH) VALUES (110, '35467189093', 'Maria Vitória Fogaça', '1988-12-10', 'C', 'Alameda Ribeiro, 10', 'Serra Do Curral', 'MTG', 'R');
INSERT INTO condutor (idCadastro, cpf, nome, dataNasc, idCategoriaCNH, endereco, bairro, idCidade, situacaoCNH) VALUES (111, '79428103640', 'Davi Almeida', '1961-10-30', 'E', 'Residencial Monteiro, 97', 'Graça', 'SIA', 'R');
INSERT INTO condutor (idCadastro, cpf, nome, dataNasc, idCategoriaCNH, endereco, bairro, idCidade, situacaoCNH) VALUES (112, '03425876929', 'Miguel Rocha', '1948-10-17', 'D', 'Lagoa da Cunha, 86', 'Vila Satélite', 'CTM', 'R');
INSERT INTO condutor (idCadastro, cpf, nome, dataNasc, idCategoriaCNH, endereco, bairro, idCidade, situacaoCNH) VALUES (113, '05987126401', 'Beatriz Pinto', '1954-09-25', 'E', 'Alameda de Aragão, 70', 'Fazendinha', 'FMM', 'R');
INSERT INTO condutor (idCadastro, cpf, nome, dataNasc, idCategoriaCNH, endereco, bairro, idCidade, situacaoCNH) VALUES (114, '10753649810', 'Danilo Correia', '1940-10-27', 'D', 'Aeroporto de da Conceição, 50', 'Serra', 'NEN', 'R');
INSERT INTO condutor (idCadastro, cpf, nome, dataNasc, idCategoriaCNH, endereco, bairro, idCidade, situacaoCNH) VALUES (115, '65913078268', 'Henrique da Luz', '1940-12-09', 'C', 'Quadra Carvalho, 60', 'Ventosa', 'RSM', 'R');
INSERT INTO condutor (idCadastro, cpf, nome, dataNasc, idCategoriaCNH, endereco, bairro, idCidade, situacaoCNH) VALUES (116, '19780354620', 'Felipe Carvalho', '1994-10-25', 'D', 'Estrada de Novaes, 74', 'Vila Da Luz', 'CFG', 'R');
INSERT INTO condutor (idCadastro, cpf, nome, dataNasc, idCategoriaCNH, endereco, bairro, idCidade, situacaoCNH) VALUES (117, '87065914348', 'Felipe Vieira', '1971-09-11', 'D', 'Vale de Moura, 7', 'Vila Nova Cachoeirinha 3ª Seção', 'GOP', 'R');
INSERT INTO condutor (idCadastro, cpf, nome, dataNasc, idCategoriaCNH, endereco, bairro, idCidade, situacaoCNH) VALUES (118, '52634187955', 'Emilly Nunes', '1990-02-02', 'E', 'Estação de Nascimento, 32', 'São Lucas', 'MFO', 'R');
INSERT INTO condutor (idCadastro, cpf, nome, dataNasc, idCategoriaCNH, endereco, bairro, idCidade, situacaoCNH) VALUES (119, '92410685749', 'Dr. Davi Lucca Ferreira', '1990-01-22', 'C', 'Vila Pereira, 74', 'Ouro Minas', 'LDC', 'R');
INSERT INTO condutor (idCadastro, cpf, nome, dataNasc, idCategoriaCNH, endereco, bairro, idCidade, situacaoCNH) VALUES (120, '30175846901', 'Gabriel Nunes', '1960-01-28', 'D', 'Viela João Felipe Cardoso, 86', 'Santa Efigênia', 'GGS', 'R');
INSERT INTO condutor (idCadastro, cpf, nome, dataNasc, idCategoriaCNH, endereco, bairro, idCidade, situacaoCNH) VALUES (121, '49765013299', 'Yago Pereira', '1998-03-22', 'E', 'Ladeira de Gonçalves, 2', 'Coração Eucarístico', 'MPP', 'R');
INSERT INTO condutor (idCadastro, cpf, nome, dataNasc, idCategoriaCNH, endereco, bairro, idCidade, situacaoCNH) VALUES (122, '01269875485', 'Renan Jesus', '1966-08-24', 'E', 'Favela de Rezende, 8', 'Vila Minaslandia', 'BRP', 'R');
INSERT INTO condutor (idCadastro, cpf, nome, dataNasc, idCategoriaCNH, endereco, bairro, idCidade, situacaoCNH) VALUES (123, '70936521821', 'Gustavo Henrique Barros', '1955-05-28', 'A', 'Chácara da Costa, 44', 'Vila Do Pombal', 'BNP', 'R');
INSERT INTO condutor (idCadastro, cpf, nome, dataNasc, idCategoriaCNH, endereco, bairro, idCidade, situacaoCNH) VALUES (124, '49526308115', 'Noah Dias', '1942-01-22', 'B', 'Recanto Vitória Costela, 18', 'Unidas', 'MFP', 'R');
INSERT INTO condutor (idCadastro, cpf, nome, dataNasc, idCategoriaCNH, endereco, bairro, idCidade, situacaoCNH) VALUES (125, '07621893478', 'Matheus Gonçalves', '1956-01-26', 'C', 'Rua Ribeiro, 212', 'Marajó', 'GGS', 'R');
INSERT INTO condutor (idCadastro, cpf, nome, dataNasc, idCategoriaCNH, endereco, bairro, idCidade, situacaoCNH) VALUES (126, '49853670283', 'Ana Luiza da Rocha', '1967-08-07', 'B', 'Condomínio de Ramos, 62', 'Vila Santa Rosa', 'APF', 'R');
INSERT INTO condutor (idCadastro, cpf, nome, dataNasc, idCategoriaCNH, endereco, bairro, idCidade, situacaoCNH) VALUES (127, '34152907860', 'Sophia Pereira', '1973-06-03', 'C', 'Lago Isabel Cardoso, 4', 'São Cristóvão', 'LFD', 'R');
INSERT INTO condutor (idCadastro, cpf, nome, dataNasc, idCategoriaCNH, endereco, bairro, idCidade, situacaoCNH) VALUES (128, '52371694819', 'Kamilly Oliveira', '1939-08-03', 'C', 'Condomínio Samuel Ramos', 'Braúnas', 'NPG', 'R');
INSERT INTO condutor (idCadastro, cpf, nome, dataNasc, idCategoriaCNH, endereco, bairro, idCidade, situacaoCNH) VALUES (129, '86592410370', 'Leandro Teixeira', '1965-10-15', 'B', 'Avenida Barbosa', 'Nazare', 'VDS', 'R');
INSERT INTO condutor (idCadastro, cpf, nome, dataNasc, idCategoriaCNH, endereco, bairro, idCidade, situacaoCNH) VALUES (130, '03469721831', 'Dr. Antônio Moura', '1991-05-07', 'A', 'Conjunto André da Rosa', 'Virgínia', 'FPP', 'R');
INSERT INTO condutor (idCadastro, cpf, nome, dataNasc, idCategoriaCNH, endereco, bairro, idCidade, situacaoCNH) VALUES (131, '72308195630', 'Maria Clara Castro', '1940-05-06', 'C', 'Viaduto Pereira, 23', 'Vila Cloris', 'JPG', 'R');
INSERT INTO condutor (idCadastro, cpf, nome, dataNasc, idCategoriaCNH, endereco, bairro, idCidade, situacaoCNH) VALUES (132, '04539728105', 'Cauê Castro', '1969-09-06', 'C', 'Campo de da Conceição, 966', 'Jonas Veiga', 'CAG', 'R');
INSERT INTO condutor (idCadastro, cpf, nome, dataNasc, idCategoriaCNH, endereco, bairro, idCidade, situacaoCNH) VALUES (133, '28374691069', 'Ana Vitória Nunes', '1956-07-03', 'A', 'Lago João Vitor Moreira', 'Jardim São José', 'BRS', 'R');
INSERT INTO condutor (idCadastro, cpf, nome, dataNasc, idCategoriaCNH, endereco, bairro, idCidade, situacaoCNH) VALUES (134, '94718625076', 'Dra. Milena Pinto', '2000-11-29', 'B', 'Alameda Davi Lucca Novaes, 7', 'Jonas Veiga', 'CDC', 'R');
INSERT INTO condutor (idCadastro, cpf, nome, dataNasc, idCategoriaCNH, endereco, bairro, idCidade, situacaoCNH) VALUES (135, '14028567335', 'Benício Ribeiro', '1945-07-28', 'E', 'Pátio de Lopes, 24', 'Lagoinha', 'MCF', 'R');
INSERT INTO condutor (idCadastro, cpf, nome, dataNasc, idCategoriaCNH, endereco, bairro, idCidade, situacaoCNH) VALUES (136, '75218934097', 'Marina Monteiro', '1974-05-20', 'D', 'Setor Nathan Pereira, 98', 'Ermelinda', 'MFO', 'R');
INSERT INTO condutor (idCadastro, cpf, nome, dataNasc, idCategoriaCNH, endereco, bairro, idCidade, situacaoCNH) VALUES (137, '39572064800', 'Kamilly Azevedo', '1974-08-20', 'B', 'Pátio Caldeira, 72', 'Vila Antena', 'VIV', 'R');
INSERT INTO condutor (idCadastro, cpf, nome, dataNasc, idCategoriaCNH, endereco, bairro, idCidade, situacaoCNH) VALUES (138, '24653180717', 'Dra. Natália Cardoso', '1988-02-27', 'D', 'Jardim Ana Julia Fogaça, 22', 'Ventosa', 'ACM', 'R');
INSERT INTO condutor (idCadastro, cpf, nome, dataNasc, idCategoriaCNH, endereco, bairro, idCidade, situacaoCNH) VALUES (139, '10673284590', 'Enzo Peixoto', '1966-06-15', 'D', 'Lagoa Moraes, 6', 'Jardim Alvorada', 'CZA', 'R');
INSERT INTO condutor (idCadastro, cpf, nome, dataNasc, idCategoriaCNH, endereco, bairro, idCidade, situacaoCNH) VALUES (140, '49780362592', 'Maria Luiza Correia', '1950-05-12', 'A', 'Esplanada Rodrigues, 77', 'Nova Suíça', 'NAS', 'R');
INSERT INTO condutor (idCadastro, cpf, nome, dataNasc, idCategoriaCNH, endereco, bairro, idCidade, situacaoCNH) VALUES (141, '18564902702', 'Dr. João Gomes', '1960-05-23', 'C', 'Esplanada Moura, 4', 'Universitário', 'SGG', 'R');
INSERT INTO condutor (idCadastro, cpf, nome, dataNasc, idCategoriaCNH, endereco, bairro, idCidade, situacaoCNH) VALUES (142, '38024976510', 'Isabel Cunha', '1997-05-11', 'A', 'Vila de Costela, 337', 'Universitário', 'CPV', 'R');
INSERT INTO condutor (idCadastro, cpf, nome, dataNasc, idCategoriaCNH, endereco, bairro, idCidade, situacaoCNH) VALUES (143, '36720814931', 'Lucas Viana', '1972-10-11', 'A', 'Estação Erick Cardoso, 59', 'Boa Esperança', 'BRP', 'R');
INSERT INTO condutor (idCadastro, cpf, nome, dataNasc, idCategoriaCNH, endereco, bairro, idCidade, situacaoCNH) VALUES (144, '59208147304', 'Sophie Dias', '1966-05-15', 'E', 'Sítio Leandro Vieira, 95', 'Jaqueline', 'SIA', 'R');
INSERT INTO condutor (idCadastro, cpf, nome, dataNasc, idCategoriaCNH, endereco, bairro, idCidade, situacaoCNH) VALUES (145, '39482570197', 'Joana Caldeira', '1985-01-23', 'D', 'Núcleo de da Rocha, 63', 'Mala E Cuia', 'APN', 'R');
INSERT INTO condutor (idCadastro, cpf, nome, dataNasc, idCategoriaCNH, endereco, bairro, idCidade, situacaoCNH) VALUES (146, '78902456102', 'Gustavo Henrique da Cruz', '1974-04-29', 'E', 'Quadra de Ramos, 99', 'Cachoeirinha', 'NAS', 'R');
INSERT INTO condutor (idCadastro, cpf, nome, dataNasc, idCategoriaCNH, endereco, bairro, idCidade, situacaoCNH) VALUES (147, '39406258765', 'João Miguel Dias', '1964-08-27', 'C', 'Fazenda de da Paz, 20', 'Vila Jardim Leblon', 'RMD', 'R');
INSERT INTO condutor (idCadastro, cpf, nome, dataNasc, idCategoriaCNH, endereco, bairro, idCidade, situacaoCNH) VALUES (148, '50672183986', 'Lucas Gabriel Cardoso', '1979-03-30', 'A', 'Rodovia Rodrigues, 6', 'Camargos', 'ARA', 'R');
INSERT INTO condutor (idCadastro, cpf, nome, dataNasc, idCategoriaCNH, endereco, bairro, idCidade, situacaoCNH) VALUES (149, '14528709341', 'Srta. Sabrina Gonçalves', '1963-10-30', 'E', 'Avenida Milena Teixeira, 44', 'Santa Monica', 'VPM', 'R');
INSERT INTO condutor (idCadastro, cpf, nome, dataNasc, idCategoriaCNH, endereco, bairro, idCidade, situacaoCNH) VALUES (150, '68251947049', 'Maria Sophia Cardoso', '1941-03-05', 'E', 'Parque Almeida, 61', 'Savassi', 'VIV', 'R');
INSERT INTO condutor (idCadastro, cpf, nome, dataNasc, idCategoriaCNH, endereco, bairro, idCidade, situacaoCNH) VALUES (151, '87056924310', 'Joana da Conceição', '1987-10-25', 'E', 'Vila de Ribeiro, 77', 'Vila São João Batista', 'RMM', 'R');
INSERT INTO condutor (idCadastro, cpf, nome, dataNasc, idCategoriaCNH, endereco, bairro, idCidade, situacaoCNH) VALUES (152, '89651423005', 'Sra. Nina Oliveira', '1938-12-10', 'B', 'Recanto de Ramos', 'Pilar', 'COD', 'R');
INSERT INTO condutor (idCadastro, cpf, nome, dataNasc, idCategoriaCNH, endereco, bairro, idCidade, situacaoCNH) VALUES (153, '60135824753', 'André Gomes', '1945-10-13', 'E', 'Rodovia Mendes, 1', 'Maravilha', 'COM', 'R');
INSERT INTO condutor (idCadastro, cpf, nome, dataNasc, idCategoriaCNH, endereco, bairro, idCidade, situacaoCNH) VALUES (154, '64825709176', 'Milena da Cruz', '1991-12-23', 'A', 'Rodovia de da Rosa', 'Grajaú', 'ARG', 'R');
INSERT INTO condutor (idCadastro, cpf, nome, dataNasc, idCategoriaCNH, endereco, bairro, idCidade, situacaoCNH) VALUES (155, '10732586968', 'Manuela Novaes', '1956-05-25', 'E', 'Trecho Kamilly Melo, 11', 'Dom Bosco', 'LFG', 'R');
INSERT INTO condutor (idCadastro, cpf, nome, dataNasc, idCategoriaCNH, endereco, bairro, idCidade, situacaoCNH) VALUES (156, '47819623519', 'Mariane da Mota', '1963-10-03', 'D', 'Parque Melo, 73', 'Nazare', 'NMP', 'R');
INSERT INTO condutor (idCadastro, cpf, nome, dataNasc, idCategoriaCNH, endereco, bairro, idCidade, situacaoCNH) VALUES (157, '24930768187', 'Benjamin Vieira', '1945-09-26', 'A', 'Trecho Silva, 20', 'Santo André', 'LSP', 'R');
INSERT INTO condutor (idCadastro, cpf, nome, dataNasc, idCategoriaCNH, endereco, bairro, idCidade, situacaoCNH) VALUES (158, '35194602898', 'Laís da Costa', '1953-10-30', 'A', 'Largo Renan das Neves, 29', 'Pompéia', 'CPA', 'R');
INSERT INTO condutor (idCadastro, cpf, nome, dataNasc, idCategoriaCNH, endereco, bairro, idCidade, situacaoCNH) VALUES (159, '41083269542', 'Luiz Otávio Freitas', '1986-09-30', 'B', 'Quadra Daniela da Cunha, 8', 'Mantiqueira', 'PDP', 'R');
INSERT INTO condutor (idCadastro, cpf, nome, dataNasc, idCategoriaCNH, endereco, bairro, idCidade, situacaoCNH) VALUES (160, '51726390802', 'Eduarda Araújo', '1981-11-20', 'A', 'Condomínio Agatha Barbosa, 22', 'Vila Independencia 3ª Seção', 'MOG', 'R');
INSERT INTO condutor (idCadastro, cpf, nome, dataNasc, idCategoriaCNH, endereco, bairro, idCidade, situacaoCNH) VALUES (161, '96251437006', 'Henrique das Neves', '1989-10-23', 'E', 'Praia Rocha', 'Santo André', 'MDN', 'R');
INSERT INTO condutor (idCadastro, cpf, nome, dataNasc, idCategoriaCNH, endereco, bairro, idCidade, situacaoCNH) VALUES (162, '18590273423', 'Matheus Barbosa', '1993-03-05', 'A', 'Recanto Ana Carolina Peixoto, 7', 'Piraja', 'FPG', 'R');
INSERT INTO condutor (idCadastro, cpf, nome, dataNasc, idCategoriaCNH, endereco, bairro, idCidade, situacaoCNH) VALUES (163, '38279654119', 'Joana Costela', '1939-06-12', 'A', 'Vale de Rodrigues, 77', 'Mangueiras', 'FDV', 'R');
INSERT INTO condutor (idCadastro, cpf, nome, dataNasc, idCategoriaCNH, endereco, bairro, idCidade, situacaoCNH) VALUES (164, '50182396460', 'Maria Sophia Cunha', '1965-06-06', 'D', 'Fazenda Pedro Henrique da Cruz, 7', 'Pindorama', 'FRC', 'R');
INSERT INTO condutor (idCadastro, cpf, nome, dataNasc, idCategoriaCNH, endereco, bairro, idCidade, situacaoCNH) VALUES (165, '14629750380', 'Diego Silva', '1974-04-19', 'B', 'Jardim Evelyn Nunes, 84', 'Vila Das Oliveiras', 'FAP', 'R');
INSERT INTO condutor (idCadastro, cpf, nome, dataNasc, idCategoriaCNH, endereco, bairro, idCidade, situacaoCNH) VALUES (166, '39182754004', 'Antônio Teixeira', '1994-02-25', 'D', 'Setor de Nascimento, 24', 'Jardim Montanhês', 'SDS', 'R');
INSERT INTO condutor (idCadastro, cpf, nome, dataNasc, idCategoriaCNH, endereco, bairro, idCidade, situacaoCNH) VALUES (167, '14086239515', 'Rodrigo da Rosa', '1953-04-04', 'A', 'Viela Pires, 4', 'Vila Da Luz', 'TAD', 'R');
INSERT INTO condutor (idCadastro, cpf, nome, dataNasc, idCategoriaCNH, endereco, bairro, idCidade, situacaoCNH) VALUES (168, '84250731626', 'Murilo da Costa', '1984-07-07', 'A', 'Largo de Almeida, 32', 'Vila São João Batista', 'MIG', 'R');
INSERT INTO condutor (idCadastro, cpf, nome, dataNasc, idCategoriaCNH, endereco, bairro, idCidade, situacaoCNH) VALUES (169, '28016574335', 'Alexandre Silveira', '1987-05-19', 'E', 'Via de Mendes, 8', 'Vila Fumec', 'ASC', 'R');
INSERT INTO condutor (idCadastro, cpf, nome, dataNasc, idCategoriaCNH, endereco, bairro, idCidade, situacaoCNH) VALUES (170, '43120596752', 'Laís Araújo', '1946-03-30', 'D', 'Loteamento Martins, 21', 'Bernadete', 'CGC', 'R');
INSERT INTO condutor (idCadastro, cpf, nome, dataNasc, idCategoriaCNH, endereco, bairro, idCidade, situacaoCNH) VALUES (171, '75823940114', 'Letícia Moreira', '1962-06-02', 'B', 'Praça Ferreira, 14', 'Parque São Pedro', 'LSP', 'R');
INSERT INTO condutor (idCadastro, cpf, nome, dataNasc, idCategoriaCNH, endereco, bairro, idCidade, situacaoCNH) VALUES (172, '09362845792', 'Sra. Pietra Caldeira', '1972-03-17', 'B', 'Favela de Moura, 309', 'São Damião', 'DFP', 'R');
INSERT INTO condutor (idCadastro, cpf, nome, dataNasc, idCategoriaCNH, endereco, bairro, idCidade, situacaoCNH) VALUES (173, '85239670447', 'Dra. Ana Beatriz da Cunha', '1951-02-04', 'E', 'Fazenda de Ramos, 768', 'Nossa Senhora De Fátima', 'ASO', 'R');
INSERT INTO condutor (idCadastro, cpf, nome, dataNasc, idCategoriaCNH, endereco, bairro, idCidade, situacaoCNH) VALUES (174, '40827193505', 'Pedro Miguel Cardoso', '1995-07-20', 'A', 'Jardim da Luz, 42', 'Jaraguá', 'CRF', 'R');
INSERT INTO condutor (idCadastro, cpf, nome, dataNasc, idCategoriaCNH, endereco, bairro, idCidade, situacaoCNH) VALUES (175, '89624357137', 'Ana Beatriz Castro', '1953-07-04', 'A', 'Conjunto da Costa, 83', 'Suzana', 'SNP', 'R');
INSERT INTO condutor (idCadastro, cpf, nome, dataNasc, idCategoriaCNH, endereco, bairro, idCidade, situacaoCNH) VALUES (176, '90185432760', 'Calebe da Mota', '1999-10-02', 'C', 'Campo de Campos, 56', 'Vila De Sá', 'MLG', 'R');
INSERT INTO condutor (idCadastro, cpf, nome, dataNasc, idCategoriaCNH, endereco, bairro, idCidade, situacaoCNH) VALUES (177, '93562041799', 'Carolina Silveira', '1957-08-26', 'C', 'Passarela de Souza, 59', 'Novo São Lucas', 'CAN', 'R');
INSERT INTO condutor (idCadastro, cpf, nome, dataNasc, idCategoriaCNH, endereco, bairro, idCidade, situacaoCNH) VALUES (178, '17823465973', 'Ana Beatriz Ferreira', '1997-07-15', 'D', 'Estação Aragão', 'Vila Do Pombal', 'RNN', 'R');
INSERT INTO condutor (idCadastro, cpf, nome, dataNasc, idCategoriaCNH, endereco, bairro, idCidade, situacaoCNH) VALUES (179, '78253140932', 'Cauê Mendes', '1997-11-27', 'C', 'Trevo Guilherme Caldeira, 12', 'Vila Fumec', 'ANP', 'R');
INSERT INTO condutor (idCadastro, cpf, nome, dataNasc, idCategoriaCNH, endereco, bairro, idCidade, situacaoCNH) VALUES (180, '62915407894', 'Beatriz da Conceição', '1943-08-11', 'A', 'Vila Freitas, 56', 'Piraja', 'SDS', 'R');
INSERT INTO condutor (idCadastro, cpf, nome, dataNasc, idCategoriaCNH, endereco, bairro, idCidade, situacaoCNH) VALUES (181, '93261084731', 'Lavínia da Rosa', '1963-07-04', 'C', 'Rodovia Antônio Gonçalves', 'Buraco Quente', 'NAG', 'R');
INSERT INTO condutor (idCadastro, cpf, nome, dataNasc, idCategoriaCNH, endereco, bairro, idCidade, situacaoCNH) VALUES (182, '86345029106', 'Eloah Freitas', '1939-10-10', 'B', 'Praça Murilo da Luz, 10', 'Jardim Alvorada', 'MLG', 'R');
INSERT INTO condutor (idCadastro, cpf, nome, dataNasc, idCategoriaCNH, endereco, bairro, idCidade, situacaoCNH) VALUES (183, '31509762868', 'Laura da Paz', '1961-09-24', 'B', 'Feira de Azevedo, 41', 'Vila Esplanada', 'ASF', 'R');
INSERT INTO condutor (idCadastro, cpf, nome, dataNasc, idCategoriaCNH, endereco, bairro, idCidade, situacaoCNH) VALUES (184, '67495832100', 'Maria Julia Mendes', '2001-09-20', 'D', 'Parque de Cardoso, 8', 'Vila Vista Alegre', 'CCG', 'R');
INSERT INTO condutor (idCadastro, cpf, nome, dataNasc, idCategoriaCNH, endereco, bairro, idCidade, situacaoCNH) VALUES (185, '93580147684', 'Stephany Cardoso', '1974-04-05', 'B', 'Setor de Freitas, 83', 'Nossa Senhora Do Rosário', 'GCS', 'R');
INSERT INTO condutor (idCadastro, cpf, nome, dataNasc, idCategoriaCNH, endereco, bairro, idCidade, situacaoCNH) VALUES (186, '23491058732', 'Maria Luiza Silva', '1982-08-18', 'E', 'Estrada de Rocha, 13', 'Vila Piratininga Venda Nova', 'CCG', 'R');
INSERT INTO condutor (idCadastro, cpf, nome, dataNasc, idCategoriaCNH, endereco, bairro, idCidade, situacaoCNH) VALUES (187, '60428957374', 'Sr. Calebe Souza', '1970-01-11', 'B', 'Área Oliveira, 48', 'Grotinha', 'CGF', 'R');
INSERT INTO condutor (idCadastro, cpf, nome, dataNasc, idCategoriaCNH, endereco, bairro, idCidade, situacaoCNH) VALUES (188, '82019674378', 'Rafael Fernandes', '1951-08-18', 'C', 'Feira de Fogaça, 57', 'Nossa Senhora Da Conceição', 'LAM', 'R');
INSERT INTO condutor (idCadastro, cpf, nome, dataNasc, idCategoriaCNH, endereco, bairro, idCidade, situacaoCNH) VALUES (189, '53426708965', 'Maria Alice Duarte', '1952-05-28', 'A', 'Área Araújo, 33', 'Vila Califórnia', 'DFP', 'R');
INSERT INTO condutor (idCadastro, cpf, nome, dataNasc, idCategoriaCNH, endereco, bairro, idCidade, situacaoCNH) VALUES (190, '07532964892', 'Miguel Azevedo', '1979-02-25', 'C', 'Trevo Gomes, 333', 'Grota', 'MPD', 'R');
INSERT INTO condutor (idCadastro, cpf, nome, dataNasc, idCategoriaCNH, endereco, bairro, idCidade, situacaoCNH) VALUES (191, '92580147667', 'Nina Ramos', '1944-07-04', 'B', 'Passarela de Lima', 'Bacurau', 'RAA', 'R');
INSERT INTO condutor (idCadastro, cpf, nome, dataNasc, idCategoriaCNH, endereco, bairro, idCidade, situacaoCNH) VALUES (192, '03925687483', 'Letícia Pires', '1947-06-24', 'A', 'Jardim de Carvalho, 453', 'Vila Sesc', 'NGG', 'R');
INSERT INTO condutor (idCadastro, cpf, nome, dataNasc, idCategoriaCNH, endereco, bairro, idCidade, situacaoCNH) VALUES (193, '78659423038', 'Juliana Lima', '2000-09-21', 'A', 'Morro de Costela, 95', 'Vila Nova Gameleira 3ª Seção', 'PEA', 'R');
INSERT INTO condutor (idCadastro, cpf, nome, dataNasc, idCategoriaCNH, endereco, bairro, idCidade, situacaoCNH) VALUES (194, '65709241334', 'Dr. Thales Lima', '1991-03-03', 'E', 'Distrito Dias, 79', 'Ademar Maldonado', 'PIC', 'R');
INSERT INTO condutor (idCadastro, cpf, nome, dataNasc, idCategoriaCNH, endereco, bairro, idCidade, situacaoCNH) VALUES (195, '64053897157', 'Eduardo das Neves', '1941-04-10', 'D', 'Conjunto de Costa, 52', 'Indaiá', 'AAG', 'R');
INSERT INTO condutor (idCadastro, cpf, nome, dataNasc, idCategoriaCNH, endereco, bairro, idCidade, situacaoCNH) VALUES (196, '24713956864', 'Maria Julia Gomes', '1992-11-22', 'D', 'Recanto Bárbara Rodrigues', 'Tupi B', 'PUD', 'R');
INSERT INTO condutor (idCadastro, cpf, nome, dataNasc, idCategoriaCNH, endereco, bairro, idCidade, situacaoCNH) VALUES (197, '01956734252', 'Sra. Laura Costela', '1952-07-17', 'B', 'Conjunto de Ferreira, 203', 'Madre Gertrudes', 'NMP', 'R');
INSERT INTO condutor (idCadastro, cpf, nome, dataNasc, idCategoriaCNH, endereco, bairro, idCidade, situacaoCNH) VALUES (198, '24836715008', 'Davi Lucca Sales', '1992-09-26', 'D', 'Alameda Calebe Barros, 5', 'Glória', 'NGV', 'R');
INSERT INTO condutor (idCadastro, cpf, nome, dataNasc, idCategoriaCNH, endereco, bairro, idCidade, situacaoCNH) VALUES (199, '07295341625', 'Marcela Nunes', '1993-10-25', 'B', 'Morro da Rocha', 'Vila Formosa', 'STM', 'R');
INSERT INTO condutor (idCadastro, cpf, nome, dataNasc, idCategoriaCNH, endereco, bairro, idCidade, situacaoCNH) VALUES (200, '69245801730', 'Sr. Benjamin Aragão', '1971-01-12', 'D', 'Via Rocha', 'Vila Aeroporto Jaraguá', 'COD', 'R');
INSERT INTO condutor (idCadastro, cpf, nome, dataNasc, idCategoriaCNH, endereco, bairro, idCidade, situacaoCNH) VALUES (201, '46057298365', 'Alícia Pinto', '1986-11-10', 'C', 'Morro Costela, 695', 'Silveira', 'SGO', 'R');
INSERT INTO condutor (idCadastro, cpf, nome, dataNasc, idCategoriaCNH, endereco, bairro, idCidade, situacaoCNH) VALUES (202, '82637451017', 'Felipe Martins', '1950-05-02', 'E', 'Praia Correia', 'Carlos Prates', 'AGP', 'R');
INSERT INTO condutor (idCadastro, cpf, nome, dataNasc, idCategoriaCNH, endereco, bairro, idCidade, situacaoCNH) VALUES (203, '63950814701', 'Kevin Cardoso', '1949-07-07', 'A', 'Setor Ramos, 31', 'Nossa Senhora Da Conceição', 'SAA', 'R');
INSERT INTO condutor (idCadastro, cpf, nome, dataNasc, idCategoriaCNH, endereco, bairro, idCidade, situacaoCNH) VALUES (204, '04973562874', 'Laís Barbosa', '1946-11-13', 'B', 'Loteamento Pinto, 106', 'Vila Nova Paraíso', 'COD', 'R');
INSERT INTO condutor (idCadastro, cpf, nome, dataNasc, idCategoriaCNH, endereco, bairro, idCidade, situacaoCNH) VALUES (205, '29681705467', 'Yuri Vieira', '1998-02-27', 'D', 'Lago de da Rocha', 'Barreiro', 'RPP', 'R');
INSERT INTO condutor (idCadastro, cpf, nome, dataNasc, idCategoriaCNH, endereco, bairro, idCidade, situacaoCNH) VALUES (206, '47503692170', 'Srta. Sarah das Neves', '1987-03-09', 'A', 'Recanto de Moura, 73', 'Acaiaca', 'FPP', 'R');
INSERT INTO condutor (idCadastro, cpf, nome, dataNasc, idCategoriaCNH, endereco, bairro, idCidade, situacaoCNH) VALUES (207, '46857123071', 'Thomas Ferreira', '1948-04-26', 'A', 'Campo de Duarte, 36', 'Conjunto Celso Machado', 'CSF', 'R');
INSERT INTO condutor (idCadastro, cpf, nome, dataNasc, idCategoriaCNH, endereco, bairro, idCidade, situacaoCNH) VALUES (208, '87026349104', 'Sr. Vicente Caldeira', '1952-01-01', 'C', 'Viela Emanuel da Cunha, 792', 'Buritis', 'LDC', 'R');
INSERT INTO condutor (idCadastro, cpf, nome, dataNasc, idCategoriaCNH, endereco, bairro, idCidade, situacaoCNH) VALUES (209, '79825401397', 'Luiz Gustavo Sales', '1979-09-03', 'A', 'Rua Ribeiro, 79', 'Vila Santo Antônio Barroquinha', 'VPA', 'R');
INSERT INTO condutor (idCadastro, cpf, nome, dataNasc, idCategoriaCNH, endereco, bairro, idCidade, situacaoCNH) VALUES (210, '27865109377', 'Samuel Campos', '1987-10-26', 'A', 'Área Lucca Cardoso, 16', 'Suzana', 'SNP', 'R');
INSERT INTO condutor (idCadastro, cpf, nome, dataNasc, idCategoriaCNH, endereco, bairro, idCidade, situacaoCNH) VALUES (211, '34528619024', 'Ana Clara Santos', '1980-02-21', 'C', 'Recanto Stella Freitas, 60', 'Califórnia', 'CPV', 'R');
INSERT INTO condutor (idCadastro, cpf, nome, dataNasc, idCategoriaCNH, endereco, bairro, idCidade, situacaoCNH) VALUES (212, '80654123780', 'João Felipe da Cunha', '2000-11-09', 'A', 'Viela Renan Barros, 48', 'Bom Jesus', 'CDG', 'R');
INSERT INTO condutor (idCadastro, cpf, nome, dataNasc, idCategoriaCNH, endereco, bairro, idCidade, situacaoCNH) VALUES (213, '76948053157', 'Vicente Ramos', '1953-07-17', 'B', 'Morro Gomes, 27', 'Alto Dos Pinheiros', 'MAA', 'R');
INSERT INTO condutor (idCadastro, cpf, nome, dataNasc, idCategoriaCNH, endereco, bairro, idCidade, situacaoCNH) VALUES (214, '72369108487', 'Stella Nunes', '1974-09-29', 'C', 'Estação Cardoso', 'São João', 'TOG', 'R');
INSERT INTO condutor (idCadastro, cpf, nome, dataNasc, idCategoriaCNH, endereco, bairro, idCidade, situacaoCNH) VALUES (215, '47316895209', 'Bianca da Conceição', '1963-02-19', 'A', 'Distrito Pietra da Paz, 2', 'Nova Cintra', 'BAF', 'R');
INSERT INTO condutor (idCadastro, cpf, nome, dataNasc, idCategoriaCNH, endereco, bairro, idCidade, situacaoCNH) VALUES (216, '10749563893', 'Sr. Danilo da Rosa', '1966-05-23', 'D', 'Viela Ana Peixoto, 9', 'Delta', 'FPF', 'R');
INSERT INTO condutor (idCadastro, cpf, nome, dataNasc, idCategoriaCNH, endereco, bairro, idCidade, situacaoCNH) VALUES (217, '15407398648', 'Ana Clara da Costa', '1960-11-19', 'A', 'Praça Cardoso, 27', 'Vila Oeste', 'MAS', 'R');
INSERT INTO condutor (idCadastro, cpf, nome, dataNasc, idCategoriaCNH, endereco, bairro, idCidade, situacaoCNH) VALUES (218, '18794362564', 'Ana Sophia da Paz', '1951-08-29', 'C', 'Trecho Cavalcanti, 85', 'Maria Tereza', 'MAA', 'R');
INSERT INTO condutor (idCadastro, cpf, nome, dataNasc, idCategoriaCNH, endereco, bairro, idCidade, situacaoCNH) VALUES (219, '57841209304', 'Sophie Cardoso', '1972-10-29', 'E', 'Travessa Ferreira, 46', 'Prado', 'CCP', 'R');
INSERT INTO condutor (idCadastro, cpf, nome, dataNasc, idCategoriaCNH, endereco, bairro, idCidade, situacaoCNH) VALUES (220, '79260145830', 'Alexandre Vieira', '1942-06-11', 'B', 'Avenida de Mendes, 27', 'Esperança', 'CGF', 'R');
INSERT INTO condutor (idCadastro, cpf, nome, dataNasc, idCategoriaCNH, endereco, bairro, idCidade, situacaoCNH) VALUES (221, '40953176207', 'Sr. Matheus Nogueira', '1983-08-21', 'D', 'Estação Raul Rodrigues, 74', 'Belvedere', 'MDN', 'R');
INSERT INTO condutor (idCadastro, cpf, nome, dataNasc, idCategoriaCNH, endereco, bairro, idCidade, situacaoCNH) VALUES (222, '62750138426', 'Pietro Vieira', '1981-06-11', 'C', 'Estação Cavalcanti', 'Lagoa', 'MSO', 'R');
INSERT INTO condutor (idCadastro, cpf, nome, dataNasc, idCategoriaCNH, endereco, bairro, idCidade, situacaoCNH) VALUES (223, '97041628396', 'Ana Sophia Porto', '1980-08-25', 'C', 'Viela Vieira, 61', 'Bonfim', 'DDS', 'R');
INSERT INTO condutor (idCadastro, cpf, nome, dataNasc, idCategoriaCNH, endereco, bairro, idCidade, situacaoCNH) VALUES (224, '72485963100', 'Natália Gomes', '1949-06-09', 'A', 'Favela de das Neves, 64', 'Vila Nova Paraíso', 'COD', 'R');
INSERT INTO condutor (idCadastro, cpf, nome, dataNasc, idCategoriaCNH, endereco, bairro, idCidade, situacaoCNH) VALUES (225, '02749318696', 'Esther Teixeira', '1974-11-10', 'B', 'Passarela de Ramos, 44', 'Silveira', 'CTV', 'R');
INSERT INTO condutor (idCadastro, cpf, nome, dataNasc, idCategoriaCNH, endereco, bairro, idCidade, situacaoCNH) VALUES (226, '26741093516', 'Sra. Maria Cecília Pires', '1939-05-04', 'B', 'Passarela Davi Luiz Costa, 22', 'Novo Ouro Preto', 'MNM', 'R');
INSERT INTO condutor (idCadastro, cpf, nome, dataNasc, idCategoriaCNH, endereco, bairro, idCidade, situacaoCNH) VALUES (227, '26714053835', 'Juan Ferreira', '1966-02-24', 'C', 'Pátio Giovanna Gonçalves', 'Vila Inestan', 'ARA', 'R');
INSERT INTO condutor (idCadastro, cpf, nome, dataNasc, idCategoriaCNH, endereco, bairro, idCidade, situacaoCNH) VALUES (228, '14236587017', 'Dr. Davi Nunes', '1998-02-10', 'A', 'Lago Stephany Vieira, 247', 'Santa Inês', 'FNG', 'R');
INSERT INTO condutor (idCadastro, cpf, nome, dataNasc, idCategoriaCNH, endereco, bairro, idCidade, situacaoCNH) VALUES (229, '10527869368', 'Clarice Cavalcanti', '1946-03-16', 'C', 'Estrada Stella Pereira, 88', 'Monte São José', 'LMS', 'R');
INSERT INTO condutor (idCadastro, cpf, nome, dataNasc, idCategoriaCNH, endereco, bairro, idCidade, situacaoCNH) VALUES (230, '78295403656', 'Isabella Rocha', '1995-07-14', 'D', 'Esplanada Mendes, 61', 'Santa Isabel', 'CDG', 'R');
INSERT INTO condutor (idCadastro, cpf, nome, dataNasc, idCategoriaCNH, endereco, bairro, idCidade, situacaoCNH) VALUES (231, '67428510317', 'Melissa Cardoso', '1945-02-07', 'C', 'Conjunto Martins, 5', 'Ipiranga', 'APP', 'R');
INSERT INTO condutor (idCadastro, cpf, nome, dataNasc, idCategoriaCNH, endereco, bairro, idCidade, situacaoCNH) VALUES (232, '54089316251', 'Murilo Caldeira', '1982-01-10', 'D', 'Rodovia Thiago da Luz, 599', 'São José', 'PIC', 'R');
INSERT INTO condutor (idCadastro, cpf, nome, dataNasc, idCategoriaCNH, endereco, bairro, idCidade, situacaoCNH) VALUES (233, '75936204847', 'Bernardo da Costa', '1991-08-10', 'D', 'Residencial Sales, 81', 'Oeste', 'ANM', 'R');
INSERT INTO condutor (idCadastro, cpf, nome, dataNasc, idCategoriaCNH, endereco, bairro, idCidade, situacaoCNH) VALUES (234, '83965071475', 'Sr. Leandro Jesus', '1941-05-19', 'D', 'Praça de Lima, 7', 'Conjunto Taquaril', 'JTM', 'R');
INSERT INTO condutor (idCadastro, cpf, nome, dataNasc, idCategoriaCNH, endereco, bairro, idCidade, situacaoCNH) VALUES (235, '71429058323', 'Dr. Antônio Rezende', '1987-12-20', 'C', 'Lagoa Peixoto, 1', 'Xodo-Marize', 'CGA', 'R');
INSERT INTO condutor (idCadastro, cpf, nome, dataNasc, idCategoriaCNH, endereco, bairro, idCidade, situacaoCNH) VALUES (236, '43851967291', 'Stephany Castro', '1951-02-21', 'D', 'Viela Maria Clara Novaes, 27', 'Serra Do Curral', 'PPN', 'R');
INSERT INTO condutor (idCadastro, cpf, nome, dataNasc, idCategoriaCNH, endereco, bairro, idCidade, situacaoCNH) VALUES (237, '14532087988', 'Bruna Pires', '1965-06-10', 'E', 'Condomínio da Cruz, 16', 'Marajó', 'BON', 'R');
INSERT INTO condutor (idCadastro, cpf, nome, dataNasc, idCategoriaCNH, endereco, bairro, idCidade, situacaoCNH) VALUES (238, '39174506234', 'Sra. Emilly Rezende', '1976-10-24', 'C', 'Lagoa Isabelly da Paz, 696', 'Carlos Prates', 'OPD', 'R');
INSERT INTO condutor (idCadastro, cpf, nome, dataNasc, idCategoriaCNH, endereco, bairro, idCidade, situacaoCNH) VALUES (239, '13078946584', 'Ana Clara Silveira', '1950-04-16', 'C', 'Campo de Melo, 6', 'Vila Da Ária', 'OAS', 'R');
INSERT INTO condutor (idCadastro, cpf, nome, dataNasc, idCategoriaCNH, endereco, bairro, idCidade, situacaoCNH) VALUES (240, '59637204199', 'Paulo Nogueira', '1954-02-26', 'E', 'Colônia da Conceição, 31', 'Vila Nova Gameleira 2ª Seção', 'CPG', 'R');
INSERT INTO condutor (idCadastro, cpf, nome, dataNasc, idCategoriaCNH, endereco, bairro, idCidade, situacaoCNH) VALUES (241, '01597832677', 'Luigi Lima', '1988-04-23', 'E', 'Morro Ana Laura Fernandes, 3', 'Boa União 2ª Seção', 'CDC', 'R');
INSERT INTO condutor (idCadastro, cpf, nome, dataNasc, idCategoriaCNH, endereco, bairro, idCidade, situacaoCNH) VALUES (242, '86492357191', 'Ana Lívia Duarte', '1984-10-31', 'A', 'Pátio Heitor Sales', 'Caetano Furquim', 'NPG', 'R');
INSERT INTO condutor (idCadastro, cpf, nome, dataNasc, idCategoriaCNH, endereco, bairro, idCidade, situacaoCNH) VALUES (243, '83971625428', 'Diogo Almeida', '1993-03-01', 'C', 'Travessa Lopes, 8', 'Paraíso', 'MAS', 'R');
INSERT INTO condutor (idCadastro, cpf, nome, dataNasc, idCategoriaCNH, endereco, bairro, idCidade, situacaoCNH) VALUES (244, '67531492873', 'Rafaela Cunha', '1998-02-18', 'D', 'Largo Gabriel Cardoso, 3', 'Nova Pampulha', 'SAP', 'R');
INSERT INTO condutor (idCadastro, cpf, nome, dataNasc, idCategoriaCNH, endereco, bairro, idCidade, situacaoCNH) VALUES (245, '21968047549', 'Felipe Viana', '1961-12-12', 'A', 'Via Gustavo Henrique Nascimento, 68', 'Vila São Rafael', 'VDO', 'R');
INSERT INTO condutor (idCadastro, cpf, nome, dataNasc, idCategoriaCNH, endereco, bairro, idCidade, situacaoCNH) VALUES (246, '42178560911', 'Antônio Fogaça', '1954-10-28', 'B', 'Sítio Augusto Novaes', 'São Pedro', 'SPA', 'R');
INSERT INTO condutor (idCadastro, cpf, nome, dataNasc, idCategoriaCNH, endereco, bairro, idCidade, situacaoCNH) VALUES (247, '54763108271', 'Matheus Ramos', '1964-09-11', 'B', 'Núcleo Maria Alice Ramos', 'Cabana Do Pai Tomás', 'CAA', 'R');
INSERT INTO condutor (idCadastro, cpf, nome, dataNasc, idCategoriaCNH, endereco, bairro, idCidade, situacaoCNH) VALUES (248, '48056172920', 'Sr. João Gabriel Teixeira', '1997-12-21', 'A', 'Passarela Esther Ribeiro, 61', 'Vila Antena', 'ADG', 'R');
INSERT INTO condutor (idCadastro, cpf, nome, dataNasc, idCategoriaCNH, endereco, bairro, idCidade, situacaoCNH) VALUES (249, '19705638420', 'Srta. Natália Martins', '1953-05-27', 'E', 'Alameda de Caldeira, 92', 'Santo Agostinho', 'FPP', 'R');
INSERT INTO condutor (idCadastro, cpf, nome, dataNasc, idCategoriaCNH, endereco, bairro, idCidade, situacaoCNH) VALUES (250, '73694052810', 'Vicente Vieira', '1980-02-09', 'C', 'Feira da Rocha, 85', 'Conjunto Minas Caixa', 'CPS', 'R');
INSERT INTO condutor (idCadastro, cpf, nome, dataNasc, idCategoriaCNH, endereco, bairro, idCidade, situacaoCNH) VALUES (251, '62097413552', 'Dra. Isabelly Fogaça', '1960-04-18', 'E', 'Conjunto Martins, 3', 'Conjunto Paulo Vi', 'BVM', 'R');
INSERT INTO condutor (idCadastro, cpf, nome, dataNasc, idCategoriaCNH, endereco, bairro, idCidade, situacaoCNH) VALUES (252, '56710234835', 'Dra. Lavínia Almeida', '1973-01-23', 'D', 'Lagoa de Teixeira, 81', 'Bonfim', 'DDS', 'R');
INSERT INTO condutor (idCadastro, cpf, nome, dataNasc, idCategoriaCNH, endereco, bairro, idCidade, situacaoCNH) VALUES (253, '52604813998', 'Bruno da Rosa', '1979-07-10', 'D', 'Avenida Vitória Dias, 57', 'Olaria', 'MMG', 'R');
INSERT INTO condutor (idCadastro, cpf, nome, dataNasc, idCategoriaCNH, endereco, bairro, idCidade, situacaoCNH) VALUES (254, '97083542600', 'Sabrina Alves', '1984-08-12', 'A', 'Passarela de da Mota, 48', 'Vila Antena', 'CDA', 'R');
INSERT INTO condutor (idCadastro, cpf, nome, dataNasc, idCategoriaCNH, endereco, bairro, idCidade, situacaoCNH) VALUES (255, '29065318712', 'Kaique Moreira', '1981-03-21', 'C', 'Pátio de Cavalcanti, 7', 'Nossa Senhora Aparecida', 'MID', 'R');
INSERT INTO condutor (idCadastro, cpf, nome, dataNasc, idCategoriaCNH, endereco, bairro, idCidade, situacaoCNH) VALUES (256, '67089421511', 'Caio da Cunha', '1941-09-05', 'C', 'Morro de Caldeira, 699', 'Vila Independencia 3ª Seção', 'NGS', 'R');
INSERT INTO condutor (idCadastro, cpf, nome, dataNasc, idCategoriaCNH, endereco, bairro, idCidade, situacaoCNH) VALUES (257, '91438075693', 'Carlos Eduardo Ferreira', '1941-12-04', 'B', 'Campo Melo', 'Vila Vista Alegre', 'BTA', 'R');
INSERT INTO condutor (idCadastro, cpf, nome, dataNasc, idCategoriaCNH, endereco, bairro, idCidade, situacaoCNH) VALUES (258, '52480137635', 'Samuel Porto', '1979-07-22', 'E', 'Pátio de da Rosa, 4', 'Bandeirantes', 'LGA', 'R');
INSERT INTO condutor (idCadastro, cpf, nome, dataNasc, idCategoriaCNH, endereco, bairro, idCidade, situacaoCNH) VALUES (259, '64278109369', 'Letícia Peixoto', '1954-10-17', 'B', 'Praia Evelyn Souza, 15', 'Paraíso', 'NBA', 'R');
INSERT INTO condutor (idCadastro, cpf, nome, dataNasc, idCategoriaCNH, endereco, bairro, idCidade, situacaoCNH) VALUES (260, '80914362704', 'Alana Novaes', '1946-09-08', 'B', 'Distrito Fogaça', 'Candelaria', 'SLP', 'R');
INSERT INTO condutor (idCadastro, cpf, nome, dataNasc, idCategoriaCNH, endereco, bairro, idCidade, situacaoCNH) VALUES (261, '75261849020', 'Sra. Lara da Rocha', '1981-04-02', 'C', 'Setor Elisa Farias, 36', 'Carmo', 'CPO', 'R');
INSERT INTO condutor (idCadastro, cpf, nome, dataNasc, idCategoriaCNH, endereco, bairro, idCidade, situacaoCNH) VALUES (262, '67348219004', 'Carlos Eduardo Caldeira', '1960-09-20', 'B', 'Esplanada Souza, 89', 'Fazendinha', 'FGG', 'R');
INSERT INTO condutor (idCadastro, cpf, nome, dataNasc, idCategoriaCNH, endereco, bairro, idCidade, situacaoCNH) VALUES (263, '87504296120', 'João Lucas Freitas', '1969-05-22', 'D', 'Trecho Lima, 20', 'Caiçara - Adelaide', 'BSA', 'R');
INSERT INTO condutor (idCadastro, cpf, nome, dataNasc, idCategoriaCNH, endereco, bairro, idCidade, situacaoCNH) VALUES (264, '23715689455', 'Sarah Nunes', '1962-07-15', 'D', 'Setor de Caldeira, 968', 'Paquetá', 'VLP', 'R');
INSERT INTO condutor (idCadastro, cpf, nome, dataNasc, idCategoriaCNH, endereco, bairro, idCidade, situacaoCNH) VALUES (265, '10345628780', 'Sr. Isaac Farias', '1961-10-10', 'D', 'Condomínio Moreira, 15', 'Vila Sesc', 'NGG', 'R');
INSERT INTO condutor (idCadastro, cpf, nome, dataNasc, idCategoriaCNH, endereco, bairro, idCidade, situacaoCNH) VALUES (266, '91736285068', 'Antônio Ramos', '1974-01-23', 'E', 'Vereda Marcelo da Mata, 920', 'Bairro Das Indústrias Ii', 'TCD', 'R');
INSERT INTO condutor (idCadastro, cpf, nome, dataNasc, idCategoriaCNH, endereco, bairro, idCidade, situacaoCNH) VALUES (267, '29835601470', 'Srta. Sophia Martins', '1939-03-24', 'B', 'Viela Moura, 905', 'Conjunto Celso Machado', 'CSF', 'R');
INSERT INTO condutor (idCadastro, cpf, nome, dataNasc, idCategoriaCNH, endereco, bairro, idCidade, situacaoCNH) VALUES (268, '51489620702', 'Dra. Stella Costa', '1996-07-12', 'C', 'Largo de da Conceição', 'Dona Clara', 'CAN', 'R');
INSERT INTO condutor (idCadastro, cpf, nome, dataNasc, idCategoriaCNH, endereco, bairro, idCidade, situacaoCNH) VALUES (269, '28571409676', 'Juliana Araújo', '1998-11-26', 'B', 'Loteamento Vitória Barros, 33', 'Vitoria Da Conquista', 'MIA', 'R');
INSERT INTO condutor (idCadastro, cpf, nome, dataNasc, idCategoriaCNH, endereco, bairro, idCidade, situacaoCNH) VALUES (270, '78631024562', 'Sr. Miguel Fernandes', '1951-01-15', 'D', 'Conjunto de Nogueira, 66', 'Marçola', 'AGA', 'R');
INSERT INTO condutor (idCadastro, cpf, nome, dataNasc, idCategoriaCNH, endereco, bairro, idCidade, situacaoCNH) VALUES (271, '06174582353', 'Rafaela Melo', '1991-07-12', 'E', 'Condomínio Viana, 668', 'Anchieta', 'VRP', 'R');
INSERT INTO condutor (idCadastro, cpf, nome, dataNasc, idCategoriaCNH, endereco, bairro, idCidade, situacaoCNH) VALUES (272, '28453109788', 'Helena Lima', '1939-12-01', 'D', 'Esplanada Nunes, 51', 'Providencia', 'JCG', 'R');
INSERT INTO condutor (idCadastro, cpf, nome, dataNasc, idCategoriaCNH, endereco, bairro, idCidade, situacaoCNH) VALUES (273, '61723094803', 'João Miguel Gonçalves', '1962-01-17', 'E', 'Loteamento de Rocha, 27', 'Universitário', 'SGG', 'R');
INSERT INTO condutor (idCadastro, cpf, nome, dataNasc, idCategoriaCNH, endereco, bairro, idCidade, situacaoCNH) VALUES (274, '52438617071', 'Diego da Rosa', '1999-12-08', 'C', 'Viela Valentina Farias, 24', 'Vila Jardim Leblon', 'RMD', 'R');
INSERT INTO condutor (idCadastro, cpf, nome, dataNasc, idCategoriaCNH, endereco, bairro, idCidade, situacaoCNH) VALUES (275, '04287653947', 'Sra. Nicole da Costa', '1994-10-17', 'E', 'Largo Arthur Campos, 165', 'Europa', 'NDC', 'R');
INSERT INTO condutor (idCadastro, cpf, nome, dataNasc, idCategoriaCNH, endereco, bairro, idCidade, situacaoCNH) VALUES (276, '95031286768', 'Dr. Pedro Costa', '1983-06-24', 'A', 'Morro Gustavo Henrique Azevedo, 85', 'Vila Sumaré', 'FAM', 'R');
INSERT INTO condutor (idCadastro, cpf, nome, dataNasc, idCategoriaCNH, endereco, bairro, idCidade, situacaoCNH) VALUES (277, '28340916505', 'Antônio Ribeiro', '1993-11-18', 'A', 'Feira Porto, 52', 'São Marcos', 'JDV', 'R');
INSERT INTO condutor (idCadastro, cpf, nome, dataNasc, idCategoriaCNH, endereco, bairro, idCidade, situacaoCNH) VALUES (278, '01527438988', 'Pietro Freitas', '1942-04-05', 'D', 'Estrada André da Mata, 906', 'Mineirão', 'FAP', 'R');
INSERT INTO condutor (idCadastro, cpf, nome, dataNasc, idCategoriaCNH, endereco, bairro, idCidade, situacaoCNH) VALUES (279, '02134657952', 'Samuel Ramos', '1968-07-17', 'A', 'Avenida Luiz Fernando Alves, 24', 'Olhos Dágua', 'DMM', 'R');
INSERT INTO condutor (idCadastro, cpf, nome, dataNasc, idCategoriaCNH, endereco, bairro, idCidade, situacaoCNH) VALUES (280, '36954210889', 'Dra. Agatha Jesus', '1990-11-05', 'E', 'Lagoa Cavalcanti, 81', 'Alto Barroca', 'CDG', 'R');
INSERT INTO condutor (idCadastro, cpf, nome, dataNasc, idCategoriaCNH, endereco, bairro, idCidade, situacaoCNH) VALUES (281, '98307164575', 'Dra. Joana da Mota', '1991-11-23', 'E', 'Estrada Eduardo Gomes, 48', 'Paquetá', 'VLP', 'R');
INSERT INTO condutor (idCadastro, cpf, nome, dataNasc, idCategoriaCNH, endereco, bairro, idCidade, situacaoCNH) VALUES (282, '37218049613', 'Maysa Correia', '1950-05-29', 'C', 'Viaduto Thales Oliveira, 43', 'Jardim Alvorada', 'CZA', 'R');
INSERT INTO condutor (idCadastro, cpf, nome, dataNasc, idCategoriaCNH, endereco, bairro, idCidade, situacaoCNH) VALUES (283, '96012573812', 'João Felipe Vieira', '1989-07-12', 'E', 'Condomínio Alves, 222', 'Comiteco', 'DGN', 'R');
INSERT INTO condutor (idCadastro, cpf, nome, dataNasc, idCategoriaCNH, endereco, bairro, idCidade, situacaoCNH) VALUES (284, '17954086267', 'Evelyn da Rocha', '1969-12-25', 'E', 'Favela Costela, 88', 'São Benedito', 'RMM', 'R');
INSERT INTO condutor (idCadastro, cpf, nome, dataNasc, idCategoriaCNH, endereco, bairro, idCidade, situacaoCNH) VALUES (285, '79324051652', 'Eloah Moura', '1940-03-04', 'D', 'Praça Luiz Henrique da Mota, 40', 'Alto Das Antenas', 'MNN', 'R');
INSERT INTO condutor (idCadastro, cpf, nome, dataNasc, idCategoriaCNH, endereco, bairro, idCidade, situacaoCNH) VALUES (286, '79018456357', 'Ana Luiza Cardoso', '1988-06-16', 'A', 'Vale Teixeira, 45', 'Vila Betânia', 'GSV', 'R');
INSERT INTO condutor (idCadastro, cpf, nome, dataNasc, idCategoriaCNH, endereco, bairro, idCidade, situacaoCNH) VALUES (287, '07156342835', 'Ana Julia Cardoso', '1966-04-06', 'D', 'Pátio Rocha', 'Vila Jardim Alvorada', 'VLS', 'R');
INSERT INTO condutor (idCadastro, cpf, nome, dataNasc, idCategoriaCNH, endereco, bairro, idCidade, situacaoCNH) VALUES (288, '59032617443', 'Bianca Duarte', '1942-06-23', 'E', 'Vereda de Lima', 'Nossa Senhora Da Conceição', 'SAA', 'R');
INSERT INTO condutor (idCadastro, cpf, nome, dataNasc, idCategoriaCNH, endereco, bairro, idCidade, situacaoCNH) VALUES (289, '17324956882', 'Sophia Ramos', '1995-09-29', 'C', 'Aeroporto de Mendes', 'Palmares', 'CCA', 'R');
INSERT INTO condutor (idCadastro, cpf, nome, dataNasc, idCategoriaCNH, endereco, bairro, idCidade, situacaoCNH) VALUES (290, '78150392602', 'Ana Júlia Alves', '1984-04-19', 'C', 'Passarela da Mata, 8', 'Flamengo', 'LRA', 'R');
INSERT INTO condutor (idCadastro, cpf, nome, dataNasc, idCategoriaCNH, endereco, bairro, idCidade, situacaoCNH) VALUES (291, '47032968538', 'Henrique Barbosa', '1981-07-04', 'E', 'Favela da Rosa, 46', 'Santa Margarida', 'DIP', 'R');
INSERT INTO condutor (idCadastro, cpf, nome, dataNasc, idCategoriaCNH, endereco, bairro, idCidade, situacaoCNH) VALUES (292, '42571803662', 'Matheus Fernandes', '1943-08-21', 'B', 'Colônia Luiza Lopes, 15', 'Barroca', 'SEN', 'R');
INSERT INTO condutor (idCadastro, cpf, nome, dataNasc, idCategoriaCNH, endereco, bairro, idCidade, situacaoCNH) VALUES (293, '35982106712', 'Marcos Vinicius da Luz', '1953-03-10', 'D', 'Esplanada Caldeira, 4', 'Estoril', 'SAS', 'R');
INSERT INTO condutor (idCadastro, cpf, nome, dataNasc, idCategoriaCNH, endereco, bairro, idCidade, situacaoCNH) VALUES (294, '79301268469', 'Antônio Almeida', '1962-12-04', 'A', 'Fazenda de Barbosa, 28', 'Satelite', 'RSD', 'R');
INSERT INTO condutor (idCadastro, cpf, nome, dataNasc, idCategoriaCNH, endereco, bairro, idCidade, situacaoCNH) VALUES (295, '87690451276', 'Ryan da Conceição', '1986-11-20', 'D', 'Praia de Azevedo, 57', 'Mangueiras', 'VPM', 'R');
INSERT INTO condutor (idCadastro, cpf, nome, dataNasc, idCategoriaCNH, endereco, bairro, idCidade, situacaoCNH) VALUES (296, '38569027168', 'Julia Martins', '1980-10-04', 'E', 'Esplanada Vitor Gabriel Pereira, 98', 'Beira Linha', 'ARS', 'R');
INSERT INTO condutor (idCadastro, cpf, nome, dataNasc, idCategoriaCNH, endereco, bairro, idCidade, situacaoCNH) VALUES (297, '18642793031', 'Ana Júlia da Costa', '1963-08-15', 'A', 'Sítio Cauã Silveira', 'Lagoinha Leblon', 'SFO', 'R');
INSERT INTO condutor (idCadastro, cpf, nome, dataNasc, idCategoriaCNH, endereco, bairro, idCidade, situacaoCNH) VALUES (298, '02579468102', 'Lorena Rodrigues', '1942-01-04', 'D', 'Estrada da Costa, 80', 'Buraco Quente', 'NAG', 'R');
INSERT INTO condutor (idCadastro, cpf, nome, dataNasc, idCategoriaCNH, endereco, bairro, idCidade, situacaoCNH) VALUES (299, '31794628509', 'Ana Vitória Jesus', '1959-05-07', 'C', 'Via Emanuelly Nogueira, 9', 'Universo', 'JTM', 'R');
INSERT INTO condutor (idCadastro, cpf, nome, dataNasc, idCategoriaCNH, endereco, bairro, idCidade, situacaoCNH) VALUES (300, '90735682429', 'Cauã Rocha', '1985-07-12', 'E', 'Fazenda Gonçalves, 350', 'Vila Inestan', 'PEO', 'R');
INSERT INTO condutor (idCadastro, cpf, nome, dataNasc, idCategoriaCNH, endereco, bairro, idCidade, situacaoCNH) VALUES (301, '87321094669', 'Sra. Agatha Cavalcanti', '1948-07-11', 'D', 'Trevo Fernandes, 16', 'Penha', 'MGG', 'R');
INSERT INTO condutor (idCadastro, cpf, nome, dataNasc, idCategoriaCNH, endereco, bairro, idCidade, situacaoCNH) VALUES (302, '02486573992', 'Luiz Gustavo da Costa', '1958-11-19', 'E', 'Vila de Peixoto, 62', 'Santa Monica', 'CSG', 'R');
INSERT INTO condutor (idCadastro, cpf, nome, dataNasc, idCategoriaCNH, endereco, bairro, idCidade, situacaoCNH) VALUES (303, '94682075101', 'Ana Laura Monteiro', '1952-09-09', 'E', 'Campo Eduardo Cavalcanti, 65', 'Fazendinha', 'RAN', 'R');
INSERT INTO condutor (idCadastro, cpf, nome, dataNasc, idCategoriaCNH, endereco, bairro, idCidade, situacaoCNH) VALUES (304, '30465291805', 'Dra. Esther Cardoso', '1949-05-31', 'C', 'Esplanada de da Mata, 358', 'Universitário', 'VPA', 'R');
INSERT INTO condutor (idCadastro, cpf, nome, dataNasc, idCategoriaCNH, endereco, bairro, idCidade, situacaoCNH) VALUES (305, '95061734866', 'Ana Clara Barbosa', '1940-10-18', 'D', 'Praça de Rocha, 52', 'Vila Independencia 1ª Seção', 'BON', 'R');
INSERT INTO condutor (idCadastro, cpf, nome, dataNasc, idCategoriaCNH, endereco, bairro, idCidade, situacaoCNH) VALUES (306, '65871430910', 'Maria Luiza Castro', '1998-11-17', 'B', 'Núcleo Teixeira, 62', 'São Francisco', 'CES', 'R');
INSERT INTO condutor (idCadastro, cpf, nome, dataNasc, idCategoriaCNH, endereco, bairro, idCidade, situacaoCNH) VALUES (307, '01483695700', 'Kaique Araújo', '1976-10-07', 'D', 'Recanto João da Rocha, 21', 'Engenho Nogueira', 'ACM', 'R');
INSERT INTO condutor (idCadastro, cpf, nome, dataNasc, idCategoriaCNH, endereco, bairro, idCidade, situacaoCNH) VALUES (308, '38142697050', 'Clara Almeida', '1998-09-11', 'C', 'Avenida Davi Lucas Mendes, 46', 'Castanheira', 'DGN', 'R');
INSERT INTO condutor (idCadastro, cpf, nome, dataNasc, idCategoriaCNH, endereco, bairro, idCidade, situacaoCNH) VALUES (309, '42819360769', 'Leonardo da Mota', '1995-08-31', 'D', 'Ladeira Silveira, 35', 'Grajaú', 'COF', 'R');
INSERT INTO condutor (idCadastro, cpf, nome, dataNasc, idCategoriaCNH, endereco, bairro, idCidade, situacaoCNH) VALUES (310, '09687241322', 'Rebeca Jesus', '1986-04-14', 'A', 'Chácara Carvalho, 3', 'Laranjeiras', 'PAS', 'R');
INSERT INTO condutor (idCadastro, cpf, nome, dataNasc, idCategoriaCNH, endereco, bairro, idCidade, situacaoCNH) VALUES (311, '18297465020', 'Ana Sophia Araújo', '1971-04-04', 'E', 'Esplanada Esther Rocha, 7', 'Mineirão', 'PMM', 'R');
INSERT INTO condutor (idCadastro, cpf, nome, dataNasc, idCategoriaCNH, endereco, bairro, idCidade, situacaoCNH) VALUES (312, '54027318960', 'Cauê Pinto', '1943-07-03', 'E', 'Pátio Marcos Vinicius Dias, 7', 'Marçola', 'AGA', 'R');
INSERT INTO condutor (idCadastro, cpf, nome, dataNasc, idCategoriaCNH, endereco, bairro, idCidade, situacaoCNH) VALUES (313, '82317046553', 'Isadora da Mota', '1990-09-13', 'D', 'Conjunto Davi Lucas Peixoto', 'Ouro Preto', 'MSO', 'R');
INSERT INTO condutor (idCadastro, cpf, nome, dataNasc, idCategoriaCNH, endereco, bairro, idCidade, situacaoCNH) VALUES (314, '26405738108', 'Murilo Lopes', '2001-03-22', 'D', 'Área de Dias, 34', 'Santa Isabel', 'RAM', 'R');
INSERT INTO condutor (idCadastro, cpf, nome, dataNasc, idCategoriaCNH, endereco, bairro, idCidade, situacaoCNH) VALUES (315, '58492601701', 'Dr. Pietro da Cruz', '1948-09-03', 'C', 'Fazenda Carvalho', 'Floresta', 'RSP', 'R');
INSERT INTO condutor (idCadastro, cpf, nome, dataNasc, idCategoriaCNH, endereco, bairro, idCidade, situacaoCNH) VALUES (316, '10496872567', 'Emanuel Aragão', '1968-07-03', 'C', 'Sítio Cardoso, 462', 'Embaúbas', 'LOS', 'R');
INSERT INTO condutor (idCadastro, cpf, nome, dataNasc, idCategoriaCNH, endereco, bairro, idCidade, situacaoCNH) VALUES (317, '68351920460', 'Emanuel Azevedo', '1991-10-13', 'A', 'Rua Silveira, 21', 'Mala E Cuia', 'NVG', 'R');
INSERT INTO condutor (idCadastro, cpf, nome, dataNasc, idCategoriaCNH, endereco, bairro, idCidade, situacaoCNH) VALUES (318, '14987650258', 'Srta. Isabelly Santos', '1972-12-31', 'A', 'Favela Martins, 27', 'São Marcos', 'TSP', 'R');
INSERT INTO condutor (idCadastro, cpf, nome, dataNasc, idCategoriaCNH, endereco, bairro, idCidade, situacaoCNH) VALUES (319, '85346270108', 'Vicente Sales', '1973-06-15', 'A', 'Largo da Mata, 90', 'Nossa Senhora Da Conceição', 'SAA', 'R');
INSERT INTO condutor (idCadastro, cpf, nome, dataNasc, idCategoriaCNH, endereco, bairro, idCidade, situacaoCNH) VALUES (320, '91725408341', 'Srta. Laura Castro', '1959-06-02', 'D', 'Feira de Santos', 'Mangueiras', 'AAP', 'R');
INSERT INTO condutor (idCadastro, cpf, nome, dataNasc, idCategoriaCNH, endereco, bairro, idCidade, situacaoCNH) VALUES (321, '58603294151', 'Thales Rodrigues', '1943-08-01', 'A', 'Trecho de da Cunha', 'Camponesa 2ª Seção', 'BSA', 'R');
INSERT INTO condutor (idCadastro, cpf, nome, dataNasc, idCategoriaCNH, endereco, bairro, idCidade, situacaoCNH) VALUES (322, '70953148297', 'Maysa Barbosa', '1985-11-18', 'E', 'Distrito de Cardoso, 1', 'Nova Pampulha', 'RGA', 'R');
INSERT INTO condutor (idCadastro, cpf, nome, dataNasc, idCategoriaCNH, endereco, bairro, idCidade, situacaoCNH) VALUES (323, '84396570139', 'Dra. Nicole da Rosa', '1960-07-01', 'E', 'Lago de Melo, 52', 'Santa Amelia', 'CSD', 'R');
INSERT INTO condutor (idCadastro, cpf, nome, dataNasc, idCategoriaCNH, endereco, bairro, idCidade, situacaoCNH) VALUES (324, '98375206121', 'Sr. Isaac Farias', '1960-04-19', 'D', 'Estação Moreira, 5', 'Jonas Veiga', 'CPG', 'R');
INSERT INTO condutor (idCadastro, cpf, nome, dataNasc, idCategoriaCNH, endereco, bairro, idCidade, situacaoCNH) VALUES (325, '17062953830', 'Laura Vieira', '1951-01-24', 'D', 'Chácara Thiago Moura', 'Vila Dos Anjos', 'RPP', 'R');
INSERT INTO condutor (idCadastro, cpf, nome, dataNasc, idCategoriaCNH, endereco, bairro, idCidade, situacaoCNH) VALUES (326, '19538672437', 'Danilo Silva', '1946-05-25', 'B', 'Viela Sophia Oliveira, 669', 'Alípio De Melo', 'CTC', 'R');
INSERT INTO condutor (idCadastro, cpf, nome, dataNasc, idCategoriaCNH, endereco, bairro, idCidade, situacaoCNH) VALUES (327, '54687920365', 'Sophie Monteiro', '1983-07-29', 'B', 'Travessa de Carvalho', 'Nova Pampulha', 'SAP', 'R');
INSERT INTO condutor (idCadastro, cpf, nome, dataNasc, idCategoriaCNH, endereco, bairro, idCidade, situacaoCNH) VALUES (328, '48602139713', 'André Azevedo', '1992-02-22', 'A', 'Alameda de Silva, 832', 'Serra Verde', 'RGA', 'R');
INSERT INTO condutor (idCadastro, cpf, nome, dataNasc, idCategoriaCNH, endereco, bairro, idCidade, situacaoCNH) VALUES (329, '82174950332', 'Sabrina Fernandes', '2001-07-03', 'C', 'Fazenda Raul Martins', 'Universitário', 'VPA', 'R');
INSERT INTO condutor (idCadastro, cpf, nome, dataNasc, idCategoriaCNH, endereco, bairro, idCidade, situacaoCNH) VALUES (330, '03491568242', 'Pedro Lucas Costela', '1960-10-19', 'E', 'Praça de Ribeiro, 38', 'São João Batista', 'POC', 'R');
INSERT INTO condutor (idCadastro, cpf, nome, dataNasc, idCategoriaCNH, endereco, bairro, idCidade, situacaoCNH) VALUES (331, '97364520180', 'Sr. Luiz Miguel da Mota', '1971-03-04', 'A', 'Estação Pedro Lucas Sales, 1', 'Pedreira Padro Lopes', 'SPG', 'R');
INSERT INTO condutor (idCadastro, cpf, nome, dataNasc, idCategoriaCNH, endereco, bairro, idCidade, situacaoCNH) VALUES (332, '97165043810', 'Ian Campos', '1987-05-22', 'C', 'Fazenda Raquel Barros, 50', 'Ermelinda', 'LGV', 'R');
INSERT INTO condutor (idCadastro, cpf, nome, dataNasc, idCategoriaCNH, endereco, bairro, idCidade, situacaoCNH) VALUES (333, '74038195279', 'Sofia Santos', '1944-05-21', 'C', 'Esplanada Viana, 69', 'Vila São Geraldo', 'CCP', 'R');
INSERT INTO condutor (idCadastro, cpf, nome, dataNasc, idCategoriaCNH, endereco, bairro, idCidade, situacaoCNH) VALUES (334, '38719026595', 'Leandro Cunha', '1948-10-30', 'A', 'Trevo Miguel das Neves, 48', 'São João', 'FNP', 'R');
INSERT INTO condutor (idCadastro, cpf, nome, dataNasc, idCategoriaCNH, endereco, bairro, idCidade, situacaoCNH) VALUES (335, '76381042508', 'Vinicius da Costa', '1947-05-10', 'E', 'Estação Valentina Jesus, 377', 'Carlos Prates', 'LSG', 'R');
INSERT INTO condutor (idCadastro, cpf, nome, dataNasc, idCategoriaCNH, endereco, bairro, idCidade, situacaoCNH) VALUES (336, '47950632810', 'Nicolas Silveira', '1957-06-11', 'E', 'Campo de Almeida', 'Primeiro De Maio', 'AJG', 'R');
INSERT INTO condutor (idCadastro, cpf, nome, dataNasc, idCategoriaCNH, endereco, bairro, idCidade, situacaoCNH) VALUES (337, '25469380700', 'Nina Melo', '1971-05-27', 'D', 'Viela de Duarte, 69', 'Marmiteiros', 'PRS', 'R');
INSERT INTO condutor (idCadastro, cpf, nome, dataNasc, idCategoriaCNH, endereco, bairro, idCidade, situacaoCNH) VALUES (338, '81247605353', 'Eloah Ribeiro', '1944-09-19', 'E', 'Largo João Lucas Barros, 95', 'Horto Florestal', 'RRM', 'R');
INSERT INTO condutor (idCadastro, cpf, nome, dataNasc, idCategoriaCNH, endereco, bairro, idCidade, situacaoCNH) VALUES (339, '34712859032', 'Milena Silveira', '1986-08-02', 'A', 'Estrada de da Cruz', 'Alpes', 'SMD', 'R');
INSERT INTO condutor (idCadastro, cpf, nome, dataNasc, idCategoriaCNH, endereco, bairro, idCidade, situacaoCNH) VALUES (340, '49725681355', 'Mirella Fernandes', '1941-09-10', 'C', 'Vereda Cavalcanti, 33', 'Boa União 2ª Seção', 'PRC', 'R');
INSERT INTO condutor (idCadastro, cpf, nome, dataNasc, idCategoriaCNH, endereco, bairro, idCidade, situacaoCNH) VALUES (341, '82045713997', 'Leandro Freitas', '1939-03-25', 'B', 'Ladeira Valentina Moreira, 61', 'Vila São Dimas', 'FCF', 'R');
INSERT INTO condutor (idCadastro, cpf, nome, dataNasc, idCategoriaCNH, endereco, bairro, idCidade, situacaoCNH) VALUES (342, '81032475960', 'Alice Oliveira', '1949-11-25', 'D', 'Ladeira de da Rocha', 'Ermelinda', 'MFO', 'R');
INSERT INTO condutor (idCadastro, cpf, nome, dataNasc, idCategoriaCNH, endereco, bairro, idCidade, situacaoCNH) VALUES (343, '56183247090', 'Dr. Bruno Novaes', '1985-03-05', 'A', 'Quadra Carolina Teixeira, 33', 'Nova Vista', 'LFG', 'R');
INSERT INTO condutor (idCadastro, cpf, nome, dataNasc, idCategoriaCNH, endereco, bairro, idCidade, situacaoCNH) VALUES (344, '23418579060', 'Caroline Cunha', '1994-02-25', 'C', 'Viaduto Rodrigues, 75', 'Sagrada Família', 'FIP', 'R');
INSERT INTO condutor (idCadastro, cpf, nome, dataNasc, idCategoriaCNH, endereco, bairro, idCidade, situacaoCNH) VALUES (345, '68105942305', 'Maria Alice da Mota', '1942-03-25', 'C', 'Viela Barbosa, 631', 'Mirante', 'CEA', 'R');
INSERT INTO condutor (idCadastro, cpf, nome, dataNasc, idCategoriaCNH, endereco, bairro, idCidade, situacaoCNH) VALUES (346, '87192465364', 'Srta. Alexia Teixeira', '1997-08-23', 'D', 'Estrada Melissa Carvalho, 17', 'Jaraguá', 'CRF', 'R');
INSERT INTO condutor (idCadastro, cpf, nome, dataNasc, idCategoriaCNH, endereco, bairro, idCidade, situacaoCNH) VALUES (347, '57423918032', 'Cauã Jesus', '1949-01-30', 'A', 'Lagoa de Monteiro, 9', 'Monte São José', 'VSM', 'R');
INSERT INTO condutor (idCadastro, cpf, nome, dataNasc, idCategoriaCNH, endereco, bairro, idCidade, situacaoCNH) VALUES (348, '65903784283', 'Nicole da Mata', '1976-10-17', 'A', 'Trecho Rebeca Rodrigues, 14', 'Das Industrias I', 'CSC', 'R');
INSERT INTO condutor (idCadastro, cpf, nome, dataNasc, idCategoriaCNH, endereco, bairro, idCidade, situacaoCNH) VALUES (349, '03281546951', 'Lavínia Almeida', '1998-03-01', 'A', 'Largo Silveira', 'Madri', 'MCC', 'R');
INSERT INTO condutor (idCadastro, cpf, nome, dataNasc, idCategoriaCNH, endereco, bairro, idCidade, situacaoCNH) VALUES (350, '06987132496', 'Elisa Rocha', '1994-12-07', 'C', 'Avenida Cardoso, 31', 'Vila Calafate', 'RVP', 'R');
INSERT INTO condutor (idCadastro, cpf, nome, dataNasc, idCategoriaCNH, endereco, bairro, idCidade, situacaoCNH) VALUES (351, '32509817450', 'Sr. Bruno Gomes', '1945-03-31', 'B', 'Recanto Ian Ribeiro, 62', 'Santa Branca', 'VSS', 'R');
INSERT INTO condutor (idCadastro, cpf, nome, dataNasc, idCategoriaCNH, endereco, bairro, idCidade, situacaoCNH) VALUES (352, '49715206867', 'Maria Clara Costa', '2001-01-17', 'A', 'Chácara João Lucas Silva, 47', 'Vila Esplanada', 'ANP', 'R');
INSERT INTO condutor (idCadastro, cpf, nome, dataNasc, idCategoriaCNH, endereco, bairro, idCidade, situacaoCNH) VALUES (353, '28179350630', 'Dr. Lucca das Neves', '1955-08-06', 'D', 'Largo Emanuella Gomes', 'Vila Copasa', 'BBG', 'R');
INSERT INTO condutor (idCadastro, cpf, nome, dataNasc, idCategoriaCNH, endereco, bairro, idCidade, situacaoCNH) VALUES (354, '45610287308', 'Manuela Ferreira', '1943-06-20', 'B', 'Residencial de Silva, 7', 'Santa Isabel', 'CDG', 'R');
INSERT INTO condutor (idCadastro, cpf, nome, dataNasc, idCategoriaCNH, endereco, bairro, idCidade, situacaoCNH) VALUES (355, '23708914597', 'Sabrina Freitas', '1998-03-18', 'A', 'Vereda Rafael Lopes, 19', 'Nossa Senhora Da Aparecida', 'AAS', 'R');
INSERT INTO condutor (idCadastro, cpf, nome, dataNasc, idCategoriaCNH, endereco, bairro, idCidade, situacaoCNH) VALUES (356, '75284369092', 'Theo Lopes', '1943-04-18', 'C', 'Quadra Ana Julia Vieira, 845', 'Santa Isabel', 'RAM', 'R');
INSERT INTO condutor (idCadastro, cpf, nome, dataNasc, idCategoriaCNH, endereco, bairro, idCidade, situacaoCNH) VALUES (357, '49782056111', 'Bianca Barbosa', '2000-07-09', 'D', 'Praça Ana Vitória Gomes, 855', 'Vila Petropolis', 'DDS', 'R');
INSERT INTO condutor (idCadastro, cpf, nome, dataNasc, idCategoriaCNH, endereco, bairro, idCidade, situacaoCNH) VALUES (358, '72986541011', 'Antônio Caldeira', '1957-05-06', 'B', 'Favela Marina Ribeiro, 63', 'Satelite', 'RSD', 'R');
INSERT INTO condutor (idCadastro, cpf, nome, dataNasc, idCategoriaCNH, endereco, bairro, idCidade, situacaoCNH) VALUES (359, '04593276829', 'Helena Monteiro', '1987-05-25', 'D', 'Praia Yago da Paz, 41', 'Das Industrias I', 'CAF', 'R');
INSERT INTO condutor (idCadastro, cpf, nome, dataNasc, idCategoriaCNH, endereco, bairro, idCidade, situacaoCNH) VALUES (360, '04571398204', 'Daniel Santos', '1945-02-06', 'B', 'Ladeira de Viana, 42', 'Conjunto Bonsucesso', 'CSS', 'R');
INSERT INTO condutor (idCadastro, cpf, nome, dataNasc, idCategoriaCNH, endereco, bairro, idCidade, situacaoCNH) VALUES (361, '79284563038', 'Ana Carolina Lopes', '1990-05-07', 'D', 'Feira Bruno Mendes, 946', 'Cachoeirinha', 'CTC', 'R');
INSERT INTO condutor (idCadastro, cpf, nome, dataNasc, idCategoriaCNH, endereco, bairro, idCidade, situacaoCNH) VALUES (362, '61425708994', 'Melissa Nogueira', '1985-03-18', 'C', 'Estação Ana Vitória da Luz, 256', 'Santa Rosa', 'RMD', 'R');
INSERT INTO condutor (idCadastro, cpf, nome, dataNasc, idCategoriaCNH, endereco, bairro, idCidade, situacaoCNH) VALUES (363, '21704698340', 'Bruna Novaes', '1944-10-04', 'E', 'Estação Stephany Costela, 93', 'Santa Tereza', 'PMG', 'R');
INSERT INTO condutor (idCadastro, cpf, nome, dataNasc, idCategoriaCNH, endereco, bairro, idCidade, situacaoCNH) VALUES (364, '49856203783', 'Heloísa Pires', '1982-08-14', 'D', 'Conjunto Lima, 16', 'Santa Maria', 'PMG', 'R');
INSERT INTO condutor (idCadastro, cpf, nome, dataNasc, idCategoriaCNH, endereco, bairro, idCidade, situacaoCNH) VALUES (365, '57103986240', 'Sra. Cecília Nunes', '1984-07-22', 'D', 'Conjunto de Pereira, 13', 'Barão Homem De Melo 2ª Seção', 'NEA', 'R');
INSERT INTO condutor (idCadastro, cpf, nome, dataNasc, idCategoriaCNH, endereco, bairro, idCidade, situacaoCNH) VALUES (366, '20837195497', 'Guilherme Fernandes', '1965-02-25', 'B', 'Estrada Luiz Felipe Cunha, 502', 'Universitário', 'CPV', 'R');
INSERT INTO condutor (idCadastro, cpf, nome, dataNasc, idCategoriaCNH, endereco, bairro, idCidade, situacaoCNH) VALUES (367, '21057683930', 'Nina Lopes', '2000-09-13', 'C', 'Via de da Paz, 427', 'Cidade Nova', 'NSN', 'R');
INSERT INTO condutor (idCadastro, cpf, nome, dataNasc, idCategoriaCNH, endereco, bairro, idCidade, situacaoCNH) VALUES (368, '08724315923', 'Bryan Lopes', '1959-09-08', 'D', 'Vale Carvalho, 3', 'Dona Clara', 'RAP', 'R');
INSERT INTO condutor (idCadastro, cpf, nome, dataNasc, idCategoriaCNH, endereco, bairro, idCidade, situacaoCNH) VALUES (369, '42580719601', 'Carolina Azevedo', '1977-07-22', 'B', 'Travessa Alícia Barros, 39', 'Buraco Quente', 'NAG', 'R');
INSERT INTO condutor (idCadastro, cpf, nome, dataNasc, idCategoriaCNH, endereco, bairro, idCidade, situacaoCNH) VALUES (370, '46521093851', 'Igor Pereira', '1978-01-21', 'C', 'Travessa Pietra Moraes, 72', 'Jaraguá', 'ARG', 'R');
INSERT INTO condutor (idCadastro, cpf, nome, dataNasc, idCategoriaCNH, endereco, bairro, idCidade, situacaoCNH) VALUES (371, '39745801666', 'Joana da Mata', '1963-05-15', 'C', 'Setor Teixeira, 531', 'Beira Linha', 'CZA', 'R');
INSERT INTO condutor (idCadastro, cpf, nome, dataNasc, idCategoriaCNH, endereco, bairro, idCidade, situacaoCNH) VALUES (372, '48629173050', 'Milena Silveira', '1951-06-14', 'E', 'Recanto de Sales, 6', 'Antonio Ribeiro De Abreu 1ª Seção', 'FPF', 'R');
INSERT INTO condutor (idCadastro, cpf, nome, dataNasc, idCategoriaCNH, endereco, bairro, idCidade, situacaoCNH) VALUES (373, '27890645120', 'Lucca Nunes', '1980-09-04', 'C', 'Alameda de Cavalcanti, 20', 'Conjunto Lagoa', 'VLS', 'R');
INSERT INTO condutor (idCadastro, cpf, nome, dataNasc, idCategoriaCNH, endereco, bairro, idCidade, situacaoCNH) VALUES (374, '12386074978', 'Joana Nunes', '1995-10-03', 'E', 'Praça Viana, 885', 'Pompéia', 'ARG', 'R');
INSERT INTO condutor (idCadastro, cpf, nome, dataNasc, idCategoriaCNH, endereco, bairro, idCidade, situacaoCNH) VALUES (375, '37512986068', 'Sr. Nathan Pinto', '1999-05-29', 'D', 'Setor da Cruz, 37', 'Cinquentenário', 'BRS', 'R');
INSERT INTO condutor (idCadastro, cpf, nome, dataNasc, idCategoriaCNH, endereco, bairro, idCidade, situacaoCNH) VALUES (376, '73286410535', 'Sra. Bruna Sales', '1999-03-14', 'E', 'Estrada de Duarte, 55', 'Bonsucesso', 'VMP', 'R');
INSERT INTO condutor (idCadastro, cpf, nome, dataNasc, idCategoriaCNH, endereco, bairro, idCidade, situacaoCNH) VALUES (377, '72843065992', 'Yuri Peixoto', '1978-07-16', 'A', 'Lagoa Teixeira, 68', 'Vila Independencia 3ª Seção', 'BVM', 'R');
INSERT INTO condutor (idCadastro, cpf, nome, dataNasc, idCategoriaCNH, endereco, bairro, idCidade, situacaoCNH) VALUES (378, '87961542094', 'Benício das Neves', '1974-03-28', 'E', 'Jardim Nicolas Correia, 728', 'Madri', 'MCC', 'R');
INSERT INTO condutor (idCadastro, cpf, nome, dataNasc, idCategoriaCNH, endereco, bairro, idCidade, situacaoCNH) VALUES (379, '57261098302', 'Sra. Alice da Mota', '1974-09-16', 'B', 'Sítio de Costa, 98', 'Cenaculo', 'RAM', 'R');
INSERT INTO condutor (idCadastro, cpf, nome, dataNasc, idCategoriaCNH, endereco, bairro, idCidade, situacaoCNH) VALUES (380, '49310526815', 'Srta. Maria Cecília Caldeira', '1968-04-02', 'A', 'Distrito Caroline Viana, 15', 'Floresta', 'RSP', 'R');
INSERT INTO condutor (idCadastro, cpf, nome, dataNasc, idCategoriaCNH, endereco, bairro, idCidade, situacaoCNH) VALUES (381, '70859463265', 'Maria Alice Ramos', '1980-09-05', 'B', 'Trevo de Duarte, 77', 'Estrela', 'CGS', 'R');
INSERT INTO condutor (idCadastro, cpf, nome, dataNasc, idCategoriaCNH, endereco, bairro, idCidade, situacaoCNH) VALUES (382, '25907143606', 'Anthony Gonçalves', '1943-03-05', 'D', 'Trecho Luigi Gonçalves, 724', 'Serrano', 'CMM', 'R');
INSERT INTO condutor (idCadastro, cpf, nome, dataNasc, idCategoriaCNH, endereco, bairro, idCidade, situacaoCNH) VALUES (383, '95376018202', 'Emanuelly da Conceição', '1956-06-13', 'C', 'Praça Diogo Fogaça, 628', 'Indaiá', 'RPS', 'R');
INSERT INTO condutor (idCadastro, cpf, nome, dataNasc, idCategoriaCNH, endereco, bairro, idCidade, situacaoCNH) VALUES (384, '87261095303', 'Henrique Santos', '1973-04-29', 'C', 'Loteamento Castro, 40', 'Garças', 'MNP', 'R');
INSERT INTO condutor (idCadastro, cpf, nome, dataNasc, idCategoriaCNH, endereco, bairro, idCidade, situacaoCNH) VALUES (385, '86104573975', 'Fernanda Pereira', '1977-09-25', 'A', 'Rua Rocha, 1', 'Santa Margarida', 'MSO', 'R');
INSERT INTO condutor (idCadastro, cpf, nome, dataNasc, idCategoriaCNH, endereco, bairro, idCidade, situacaoCNH) VALUES (386, '36102745817', 'Davi Lucas Ramos', '1964-12-18', 'D', 'Largo Juliana Fernandes, 18', 'Vila Independencia 2ª Seção', 'FOD', 'R');
INSERT INTO condutor (idCadastro, cpf, nome, dataNasc, idCategoriaCNH, endereco, bairro, idCidade, situacaoCNH) VALUES (387, '13570269434', 'Srta. Alícia Castro', '1989-05-29', 'C', 'Avenida Pinto, 49', 'Beira Linha', 'MMD', 'R');
INSERT INTO condutor (idCadastro, cpf, nome, dataNasc, idCategoriaCNH, endereco, bairro, idCidade, situacaoCNH) VALUES (388, '14385270635', 'Sra. Isabel Silveira', '1945-10-10', 'E', 'Núcleo da Mota', 'Vila Nova Gameleira 2ª Seção', 'FPG', 'R');
INSERT INTO condutor (idCadastro, cpf, nome, dataNasc, idCategoriaCNH, endereco, bairro, idCidade, situacaoCNH) VALUES (389, '71432685007', 'Srta. Lara Fernandes', '1971-02-08', 'D', 'Loteamento de da Conceição, 44', 'Nossa Senhora Da Aparecida', 'LSS', 'R');
INSERT INTO condutor (idCadastro, cpf, nome, dataNasc, idCategoriaCNH, endereco, bairro, idCidade, situacaoCNH) VALUES (390, '81034256998', 'Fernanda Lima', '1945-11-19', 'D', 'Setor Murilo Ribeiro, 5', 'Vila Jardim Leblon', 'RMD', 'R');
INSERT INTO condutor (idCadastro, cpf, nome, dataNasc, idCategoriaCNH, endereco, bairro, idCidade, situacaoCNH) VALUES (391, '09685127395', 'Bernardo Fogaça', '1957-12-06', 'D', 'Recanto Cunha, 19', 'Alto Vera Cruz', 'PDP', 'R');
INSERT INTO condutor (idCadastro, cpf, nome, dataNasc, idCategoriaCNH, endereco, bairro, idCidade, situacaoCNH) VALUES (392, '08439512651', 'Calebe Mendes', '1949-06-09', 'A', 'Viela de Lopes, 650', 'Vila Santa Rosa', 'APF', 'R');
INSERT INTO condutor (idCadastro, cpf, nome, dataNasc, idCategoriaCNH, endereco, bairro, idCidade, situacaoCNH) VALUES (393, '08619274350', 'Dra. Amanda Pereira', '1997-11-03', 'C', 'Trevo de Mendes, 34', 'Goiania', 'CAG', 'R');
INSERT INTO condutor (idCadastro, cpf, nome, dataNasc, idCategoriaCNH, endereco, bairro, idCidade, situacaoCNH) VALUES (394, '90615283489', 'Maria Sophia Silveira', '1953-09-11', 'C', 'Aeroporto Lucca Pires, 860', 'Santa Efigênia', 'RSD', 'R');
INSERT INTO condutor (idCadastro, cpf, nome, dataNasc, idCategoriaCNH, endereco, bairro, idCidade, situacaoCNH) VALUES (395, '08274915305', 'Valentina Fogaça', '1978-10-01', 'C', 'Rua de Barbosa, 85', 'Floramar', 'RRM', 'R');
INSERT INTO condutor (idCadastro, cpf, nome, dataNasc, idCategoriaCNH, endereco, bairro, idCidade, situacaoCNH) VALUES (396, '48903561775', 'Thomas Dias', '1956-09-11', 'A', 'Trecho Lara Cavalcanti, 38', 'Vila Da Amizade', 'FAG', 'R');
INSERT INTO condutor (idCadastro, cpf, nome, dataNasc, idCategoriaCNH, endereco, bairro, idCidade, situacaoCNH) VALUES (397, '98742351600', 'Luiz Otávio da Cunha', '1983-08-12', 'E', 'Jardim Ana Júlia Peixoto', 'Conjunto Taquaril', 'JTM', 'R');
INSERT INTO condutor (idCadastro, cpf, nome, dataNasc, idCategoriaCNH, endereco, bairro, idCidade, situacaoCNH) VALUES (398, '87034519684', 'Ana Júlia Monteiro', '1971-07-05', 'E', 'Viela de Alves, 75', 'Oeste', 'ANM', 'R');
INSERT INTO condutor (idCadastro, cpf, nome, dataNasc, idCategoriaCNH, endereco, bairro, idCidade, situacaoCNH) VALUES (399, '59732406810', 'Amanda da Costa', '1982-09-21', 'B', 'Rua Enzo Gabriel Mendes, 4', 'Lorena', 'VIV', 'R');
INSERT INTO condutor (idCadastro, cpf, nome, dataNasc, idCategoriaCNH, endereco, bairro, idCidade, situacaoCNH) VALUES (400, '45796081276', 'Pedro Miguel Nogueira', '1940-10-08', 'B', 'Área João Guilherme das Neves, 731', 'Cônego Pinheiro 1ª Seção', 'STM', 'R');
INSERT INTO condutor (idCadastro, cpf, nome, dataNasc, idCategoriaCNH, endereco, bairro, idCidade, situacaoCNH) VALUES (401, '85634012970', 'Eduardo Viana', '1951-10-11', 'A', 'Travessa de Silva, 5', 'Vitoria Da Conquista', 'SSP', 'R');
INSERT INTO condutor (idCadastro, cpf, nome, dataNasc, idCategoriaCNH, endereco, bairro, idCidade, situacaoCNH) VALUES (402, '83059172404', 'Eduarda Lopes', '1942-03-20', 'C', 'Loteamento de Nunes, 69', 'Horto Florestal', 'VSG', 'R');
INSERT INTO condutor (idCadastro, cpf, nome, dataNasc, idCategoriaCNH, endereco, bairro, idCidade, situacaoCNH) VALUES (403, '19807245397', 'Maria Sophia Alves', '1972-05-17', 'B', 'Via Costela, 9', 'Flamengo', 'OMM', 'R');
INSERT INTO condutor (idCadastro, cpf, nome, dataNasc, idCategoriaCNH, endereco, bairro, idCidade, situacaoCNH) VALUES (404, '96512834755', 'Thiago Gonçalves', '1987-08-03', 'E', 'Distrito de Ribeiro, 9', 'Solar Do Barreiro', 'SGP', 'R');
INSERT INTO condutor (idCadastro, cpf, nome, dataNasc, idCategoriaCNH, endereco, bairro, idCidade, situacaoCNH) VALUES (405, '85172963464', 'Dra. Maria Cecília Costa', '1975-09-09', 'B', 'Sítio Pietro Gonçalves, 25', 'Dom Cabral', 'PRP', 'R');
INSERT INTO condutor (idCadastro, cpf, nome, dataNasc, idCategoriaCNH, endereco, bairro, idCidade, situacaoCNH) VALUES (406, '12389465005', 'Emanuelly da Conceição', '1971-02-19', 'E', 'Residencial Moraes, 85', 'Vila Aeroporto Jaraguá', 'CAP', 'R');
INSERT INTO condutor (idCadastro, cpf, nome, dataNasc, idCategoriaCNH, endereco, bairro, idCidade, situacaoCNH) VALUES (407, '38172956428', 'Enzo Ribeiro', '1967-08-15', 'A', 'Distrito de Alves, 86', 'Jardim Felicidade', 'CNG', 'R');
INSERT INTO condutor (idCadastro, cpf, nome, dataNasc, idCategoriaCNH, endereco, bairro, idCidade, situacaoCNH) VALUES (408, '59380421788', 'Vicente Rodrigues', '1989-05-29', 'C', 'Recanto das Neves, 266', 'Delta', 'CFG', 'R');
INSERT INTO condutor (idCadastro, cpf, nome, dataNasc, idCategoriaCNH, endereco, bairro, idCidade, situacaoCNH) VALUES (409, '19203857460', 'Srta. Brenda Freitas', '1959-10-31', 'C', 'Estação da Conceição, 22', 'Parque São José', 'LMP', 'R');
INSERT INTO condutor (idCadastro, cpf, nome, dataNasc, idCategoriaCNH, endereco, bairro, idCidade, situacaoCNH) VALUES (410, '20185439705', 'Davi Luiz Porto', '1984-07-17', 'B', 'Rodovia de Lopes, 225', 'Solimoes', 'MAS', 'R');
INSERT INTO condutor (idCadastro, cpf, nome, dataNasc, idCategoriaCNH, endereco, bairro, idCidade, situacaoCNH) VALUES (411, '40573169225', 'Ana Julia Farias', '1988-01-22', 'B', 'Viaduto da Cunha, 85', 'Boa Esperança', 'CRF', 'R');
INSERT INTO condutor (idCadastro, cpf, nome, dataNasc, idCategoriaCNH, endereco, bairro, idCidade, situacaoCNH) VALUES (412, '29758103423', 'Pedro Miguel Costa', '1955-07-30', 'D', 'Jardim Sabrina Martins, 22', 'Serra Do Curral', 'NVG', 'R');
INSERT INTO condutor (idCadastro, cpf, nome, dataNasc, idCategoriaCNH, endereco, bairro, idCidade, situacaoCNH) VALUES (413, '86135209442', 'Mariane Porto', '1985-02-24', 'C', 'Estrada Nina Pires, 78', 'Centro', 'GGS', 'R');
INSERT INTO condutor (idCadastro, cpf, nome, dataNasc, idCategoriaCNH, endereco, bairro, idCidade, situacaoCNH) VALUES (414, '86903521712', 'Sr. Miguel da Rocha', '1993-10-15', 'A', 'Esplanada Ana Sophia Alves, 65', 'Vila De Sá', 'MLG', 'R');
INSERT INTO condutor (idCadastro, cpf, nome, dataNasc, idCategoriaCNH, endereco, bairro, idCidade, situacaoCNH) VALUES (415, '21973048604', 'Arthur Oliveira', '1970-07-16', 'D', 'Praça Novaes, 92', 'Santa Cecilia', 'CUS', 'R');
INSERT INTO condutor (idCadastro, cpf, nome, dataNasc, idCategoriaCNH, endereco, bairro, idCidade, situacaoCNH) VALUES (416, '94370516820', 'Vitor Gabriel da Rosa', '1999-03-17', 'B', 'Ladeira Theo da Rocha, 56', 'Alto Vera Cruz', 'SSP', 'R');
INSERT INTO condutor (idCadastro, cpf, nome, dataNasc, idCategoriaCNH, endereco, bairro, idCidade, situacaoCNH) VALUES (417, '14578923088', 'Sr. Erick Porto', '1965-10-07', 'D', 'Fazenda Benício Nogueira, 5', 'Dona Clara', 'POC', 'R');
INSERT INTO condutor (idCadastro, cpf, nome, dataNasc, idCategoriaCNH, endereco, bairro, idCidade, situacaoCNH) VALUES (418, '05431279661', 'Sra. Ana Sophia Araújo', '1993-06-08', 'C', 'Praça Costa, 21', 'Alto Barroca', 'CDC', 'R');
INSERT INTO condutor (idCadastro, cpf, nome, dataNasc, idCategoriaCNH, endereco, bairro, idCidade, situacaoCNH) VALUES (419, '05837641262', 'Letícia Nascimento', '1961-01-24', 'B', 'Pátio Isaac Mendes, 9', 'Monte Azul', 'ASF', 'R');
INSERT INTO condutor (idCadastro, cpf, nome, dataNasc, idCategoriaCNH, endereco, bairro, idCidade, situacaoCNH) VALUES (420, '54386917209', 'Arthur Ramos', '1973-12-15', 'D', 'Trevo de Almeida, 86', 'Lourdes', 'AGC', 'R');
INSERT INTO condutor (idCadastro, cpf, nome, dataNasc, idCategoriaCNH, endereco, bairro, idCidade, situacaoCNH) VALUES (421, '36512980786', 'André Cavalcanti', '1944-06-02', 'E', 'Ladeira de Duarte, 5', 'Independência', 'CMM', 'R');
INSERT INTO condutor (idCadastro, cpf, nome, dataNasc, idCategoriaCNH, endereco, bairro, idCidade, situacaoCNH) VALUES (422, '95746820130', 'Antônio Ramos', '1979-03-15', 'C', 'Chácara Cunha, 97', 'Vila Antena', 'ASO', 'R');
INSERT INTO condutor (idCadastro, cpf, nome, dataNasc, idCategoriaCNH, endereco, bairro, idCidade, situacaoCNH) VALUES (423, '19850264306', 'Henrique Carvalho', '1984-09-26', 'C', 'Alameda Cecília Pinto, 923', 'Vila Esplanada', 'ASF', 'R');
INSERT INTO condutor (idCadastro, cpf, nome, dataNasc, idCategoriaCNH, endereco, bairro, idCidade, situacaoCNH) VALUES (424, '93180572450', 'Heloísa Jesus', '1980-07-06', 'C', 'Travessa Maria Fernanda Rezende, 25', 'Mangueiras', 'FDV', 'R');
INSERT INTO condutor (idCadastro, cpf, nome, dataNasc, idCategoriaCNH, endereco, bairro, idCidade, situacaoCNH) VALUES (425, '47613098575', 'Anthony Pinto', '1982-12-22', 'D', 'Condomínio de Nunes', 'São Benedito', 'CRO', 'R');
INSERT INTO condutor (idCadastro, cpf, nome, dataNasc, idCategoriaCNH, endereco, bairro, idCidade, situacaoCNH) VALUES (426, '38097154684', 'Agatha Lopes', '1968-07-04', 'C', 'Vale Arthur Ferreira, 56', 'Conjunto Paulo Vi', 'BVM', 'R');
INSERT INTO condutor (idCadastro, cpf, nome, dataNasc, idCategoriaCNH, endereco, bairro, idCidade, situacaoCNH) VALUES (427, '43968507193', 'Bryan Porto', '1989-06-04', 'B', 'Colônia da Conceição, 11', 'Madri', 'NMM', 'R');
INSERT INTO condutor (idCadastro, cpf, nome, dataNasc, idCategoriaCNH, endereco, bairro, idCidade, situacaoCNH) VALUES (428, '59243168070', 'Emanuelly Duarte', '1959-06-18', 'A', 'Praça Caldeira', 'Boa Vista', 'AAM', 'R');
INSERT INTO condutor (idCadastro, cpf, nome, dataNasc, idCategoriaCNH, endereco, bairro, idCidade, situacaoCNH) VALUES (429, '81275940676', 'Giovanna Cardoso', '1970-03-19', 'A', 'Esplanada Silva, 26', 'Cidade Jardim', 'CNN', 'R');
INSERT INTO condutor (idCadastro, cpf, nome, dataNasc, idCategoriaCNH, endereco, bairro, idCidade, situacaoCNH) VALUES (430, '56147328026', 'Srta. Elisa Melo', '1990-06-23', 'E', 'Parque Ramos, 44', 'Vila Pilar', 'FIP', 'R');
INSERT INTO condutor (idCadastro, cpf, nome, dataNasc, idCategoriaCNH, endereco, bairro, idCidade, situacaoCNH) VALUES (431, '72831459079', 'Alícia Rodrigues', '1993-02-14', 'B', 'Conjunto de Campos, 38', 'São Benedito', 'AEA', 'R');
INSERT INTO condutor (idCadastro, cpf, nome, dataNasc, idCategoriaCNH, endereco, bairro, idCidade, situacaoCNH) VALUES (432, '19546370207', 'Augusto Duarte', '1977-04-02', 'B', 'Jardim Sales, 3', 'Bandeirantes', 'NIP', 'R');
INSERT INTO condutor (idCadastro, cpf, nome, dataNasc, idCategoriaCNH, endereco, bairro, idCidade, situacaoCNH) VALUES (433, '70396128440', 'Dra. Sabrina Carvalho', '1992-06-05', 'D', 'Pátio Monteiro, 83', 'Álvaro Camargos', 'CTV', 'R');
INSERT INTO condutor (idCadastro, cpf, nome, dataNasc, idCategoriaCNH, endereco, bairro, idCidade, situacaoCNH) VALUES (434, '72934501841', 'Beatriz Teixeira', '1973-09-02', 'E', 'Travessa João Guilherme Barros, 33', 'Vila Aeroporto', 'VSV', 'R');
INSERT INTO condutor (idCadastro, cpf, nome, dataNasc, idCategoriaCNH, endereco, bairro, idCidade, situacaoCNH) VALUES (435, '57694203838', 'Lucas Farias', '1948-08-03', 'E', 'Distrito de Carvalho, 6', 'Ouro Preto', 'MTG', 'R');
INSERT INTO condutor (idCadastro, cpf, nome, dataNasc, idCategoriaCNH, endereco, bairro, idCidade, situacaoCNH) VALUES (436, '63457108900', 'Stephany Jesus', '1988-05-20', 'A', 'Alameda Agatha Cardoso, 2', 'Jardim Atlântico', 'BAG', 'R');
INSERT INTO condutor (idCadastro, cpf, nome, dataNasc, idCategoriaCNH, endereco, bairro, idCidade, situacaoCNH) VALUES (437, '96321485764', 'Sr. João Felipe Santos', '1963-10-03', 'B', 'Feira de Martins', 'São João', 'MOF', 'R');
INSERT INTO condutor (idCadastro, cpf, nome, dataNasc, idCategoriaCNH, endereco, bairro, idCidade, situacaoCNH) VALUES (438, '07635294199', 'Samuel Moura', '1973-10-18', 'C', 'Lago Caio Nascimento, 73', 'Pindura Saia', 'SPA', 'R');
INSERT INTO condutor (idCadastro, cpf, nome, dataNasc, idCategoriaCNH, endereco, bairro, idCidade, situacaoCNH) VALUES (439, '76029534106', 'Yuri Moreira', '1956-08-06', 'B', 'Praça Cardoso', 'Estoril', 'CNP', 'R');
INSERT INTO condutor (idCadastro, cpf, nome, dataNasc, idCategoriaCNH, endereco, bairro, idCidade, situacaoCNH) VALUES (440, '58694270374', 'Cecília Moraes', '1953-05-19', 'B', 'Recanto Duarte, 950', 'Bom Jesus', 'CDG', 'R');
INSERT INTO condutor (idCadastro, cpf, nome, dataNasc, idCategoriaCNH, endereco, bairro, idCidade, situacaoCNH) VALUES (441, '04592718305', 'Maria Viana', '1981-10-18', 'C', 'Conjunto Felipe Teixeira, 83', 'Fazendinha', 'FMM', 'R');
INSERT INTO condutor (idCadastro, cpf, nome, dataNasc, idCategoriaCNH, endereco, bairro, idCidade, situacaoCNH) VALUES (442, '24963781069', 'Maria Clara Moura', '1962-12-02', 'C', 'Travessa de Santos, 862', 'Jatobá', 'CAG', 'R');
INSERT INTO condutor (idCadastro, cpf, nome, dataNasc, idCategoriaCNH, endereco, bairro, idCidade, situacaoCNH) VALUES (443, '54618390298', 'Vitor Sales', '1952-01-10', 'B', 'Sítio Brenda Campos, 74', 'Itapoa', 'PIC', 'R');
INSERT INTO condutor (idCadastro, cpf, nome, dataNasc, idCategoriaCNH, endereco, bairro, idCidade, situacaoCNH) VALUES (444, '54937182609', 'Vicente Gonçalves', '1942-11-23', 'E', 'Feira Melo, 9', 'Rio Branco', 'AOG', 'R');
INSERT INTO condutor (idCadastro, cpf, nome, dataNasc, idCategoriaCNH, endereco, bairro, idCidade, situacaoCNH) VALUES (445, '86709452158', 'Maria Sophia Azevedo', '1981-03-21', 'C', 'Largo João Lucas Melo', 'Monte São José', 'TAD', 'R');
INSERT INTO condutor (idCadastro, cpf, nome, dataNasc, idCategoriaCNH, endereco, bairro, idCidade, situacaoCNH) VALUES (446, '56437180226', 'João Lucas Araújo', '1999-03-07', 'A', 'Colônia de Rocha, 34', 'Trevo', 'DAC', 'R');
INSERT INTO condutor (idCadastro, cpf, nome, dataNasc, idCategoriaCNH, endereco, bairro, idCidade, situacaoCNH) VALUES (447, '19586307484', 'Vitória Ferreira', '1999-11-13', 'A', 'Via Aragão, 141', 'Vila Aeroporto Jaraguá', 'CAP', 'R');
INSERT INTO condutor (idCadastro, cpf, nome, dataNasc, idCategoriaCNH, endereco, bairro, idCidade, situacaoCNH) VALUES (448, '84596120749', 'Sophia Farias', '1961-02-23', 'B', 'Trecho de Ramos, 72', 'Santa Tereza', 'PMG', 'R');
INSERT INTO condutor (idCadastro, cpf, nome, dataNasc, idCategoriaCNH, endereco, bairro, idCidade, situacaoCNH) VALUES (449, '42751038662', 'Marcos Vinicius Alves', '1967-03-20', 'A', 'Lago Ferreira', 'Diamante', 'MOD', 'R');
INSERT INTO condutor (idCadastro, cpf, nome, dataNasc, idCategoriaCNH, endereco, bairro, idCidade, situacaoCNH) VALUES (450, '89017523441', 'Melissa Fernandes', '1947-05-20', 'C', 'Morro Jesus, 8', 'Cinquentenário', 'BRS', 'R');
INSERT INTO condutor (idCadastro, cpf, nome, dataNasc, idCategoriaCNH, endereco, bairro, idCidade, situacaoCNH) VALUES (451, '95734081205', 'Bárbara Sales', '1963-11-12', 'B', 'Avenida de Duarte, 27', 'São Benedito', 'AEA', 'R');
INSERT INTO condutor (idCadastro, cpf, nome, dataNasc, idCategoriaCNH, endereco, bairro, idCidade, situacaoCNH) VALUES (452, '12853764982', 'Maria Luiza Moraes', '1989-01-11', 'C', 'Largo de Lima, 58', 'Vila Dos Anjos', 'CSC', 'R');
INSERT INTO condutor (idCadastro, cpf, nome, dataNasc, idCategoriaCNH, endereco, bairro, idCidade, situacaoCNH) VALUES (453, '96873401501', 'Maria Sophia Moreira', '1957-08-15', 'D', 'Via Ana da Costa, 8', 'Taquaril', 'FEA', 'R');
INSERT INTO condutor (idCadastro, cpf, nome, dataNasc, idCategoriaCNH, endereco, bairro, idCidade, situacaoCNH) VALUES (454, '72309856410', 'Gabrielly Gonçalves', '1981-09-27', 'A', 'Sítio Alves', 'Satelite', 'GDC', 'R');
INSERT INTO condutor (idCadastro, cpf, nome, dataNasc, idCategoriaCNH, endereco, bairro, idCidade, situacaoCNH) VALUES (455, '25738096410', 'Ana Luiza da Rosa', '1949-12-25', 'D', 'Travessa da Cruz, 4', 'Alto Barroca', 'CSD', 'R');
INSERT INTO condutor (idCadastro, cpf, nome, dataNasc, idCategoriaCNH, endereco, bairro, idCidade, situacaoCNH) VALUES (456, '59320176434', 'Miguel Freitas', '1986-01-04', 'B', 'Recanto de Silva, 26', 'Vila Formosa', 'NDM', 'R');
INSERT INTO condutor (idCadastro, cpf, nome, dataNasc, idCategoriaCNH, endereco, bairro, idCidade, situacaoCNH) VALUES (457, '13728965464', 'Giovanna Novaes', '1989-08-15', 'C', 'Vale Fernandes', 'Vila Nova Cachoeirinha 3ª Seção', 'AIM', 'R');
INSERT INTO condutor (idCadastro, cpf, nome, dataNasc, idCategoriaCNH, endereco, bairro, idCidade, situacaoCNH) VALUES (458, '17590263877', 'Bárbara Santos', '1988-01-15', 'C', 'Trecho Júlia Oliveira, 53', 'Jardim Montanhês', 'FPG', 'R');
INSERT INTO condutor (idCadastro, cpf, nome, dataNasc, idCategoriaCNH, endereco, bairro, idCidade, situacaoCNH) VALUES (459, '20176398422', 'Sr. Vicente Porto', '1942-09-24', 'C', 'Alameda Breno Costela', 'Vila Antena', 'CDA', 'R');
INSERT INTO condutor (idCadastro, cpf, nome, dataNasc, idCategoriaCNH, endereco, bairro, idCidade, situacaoCNH) VALUES (460, '13687452026', 'Evelyn Pires', '1987-07-01', 'B', 'Parque de Rocha, 88', 'Vila São Rafael', 'MAS', 'R');
INSERT INTO condutor (idCadastro, cpf, nome, dataNasc, idCategoriaCNH, endereco, bairro, idCidade, situacaoCNH) VALUES (461, '63985214042', 'Sr. Isaac Mendes', '1958-04-06', 'E', 'Sítio de Souza, 88', 'Lagoinha', 'SUP', 'R');
INSERT INTO condutor (idCadastro, cpf, nome, dataNasc, idCategoriaCNH, endereco, bairro, idCidade, situacaoCNH) VALUES (462, '83159742032', 'Bianca Monteiro', '1986-04-23', 'A', 'Trecho de Pereira, 9', 'Capitão Eduardo', 'SLV', 'R');
INSERT INTO condutor (idCadastro, cpf, nome, dataNasc, idCategoriaCNH, endereco, bairro, idCidade, situacaoCNH) VALUES (463, '62814703978', 'Maria Fernanda da Mata', '1959-11-05', 'B', 'Vereda de Fernandes, 838', 'Parque São José', 'RPS', 'R');
INSERT INTO condutor (idCadastro, cpf, nome, dataNasc, idCategoriaCNH, endereco, bairro, idCidade, situacaoCNH) VALUES (464, '03715289686', 'Clara da Mota', '1986-06-19', 'D', 'Estrada Moreira, 84', 'Independência', 'VLS', 'R');
INSERT INTO condutor (idCadastro, cpf, nome, dataNasc, idCategoriaCNH, endereco, bairro, idCidade, situacaoCNH) VALUES (465, '79603182559', 'Beatriz da Cruz', '1994-06-15', 'E', 'Quadra Henrique Viana, 946', 'Das Industrias I', 'CAF', 'R');
INSERT INTO condutor (idCadastro, cpf, nome, dataNasc, idCategoriaCNH, endereco, bairro, idCidade, situacaoCNH) VALUES (466, '78043652171', 'Luiz Fernando Barbosa', '1962-09-24', 'A', 'Vila de Novaes, 6', 'Granja Werneck', 'GOP', 'R');
INSERT INTO condutor (idCadastro, cpf, nome, dataNasc, idCategoriaCNH, endereco, bairro, idCidade, situacaoCNH) VALUES (467, '70592864111', 'Ana Júlia Rodrigues', '1980-01-05', 'A', 'Residencial Yago Viana', 'Centro', 'GGS', 'R');
INSERT INTO condutor (idCadastro, cpf, nome, dataNasc, idCategoriaCNH, endereco, bairro, idCidade, situacaoCNH) VALUES (468, '25436708153', 'Dra. Cecília Campos', '1948-07-30', 'E', 'Trecho Fernandes, 69', 'Jardim Atlântico', 'BAG', 'R');
INSERT INTO condutor (idCadastro, cpf, nome, dataNasc, idCategoriaCNH, endereco, bairro, idCidade, situacaoCNH) VALUES (469, '34692107561', 'Dra. Gabriela Martins', '1975-07-29', 'B', 'Passarela Heloísa Nogueira, 47', 'Vila Santo Antônio Barroquinha', 'VPA', 'R');
INSERT INTO condutor (idCadastro, cpf, nome, dataNasc, idCategoriaCNH, endereco, bairro, idCidade, situacaoCNH) VALUES (470, '70418692378', 'João Lucas Ramos', '1975-12-28', 'D', 'Viaduto Aragão, 84', 'Itatiaia', 'CEA', 'R');
INSERT INTO condutor (idCadastro, cpf, nome, dataNasc, idCategoriaCNH, endereco, bairro, idCidade, situacaoCNH) VALUES (471, '29870463169', 'Isis da Conceição', '1985-11-29', 'B', 'Recanto de Martins, 31', 'Frei Leopoldo', 'CSD', 'R');
INSERT INTO condutor (idCadastro, cpf, nome, dataNasc, idCategoriaCNH, endereco, bairro, idCidade, situacaoCNH) VALUES (472, '73259014888', 'Emanuella Moreira', '1950-11-14', 'C', 'Distrito Evelyn Vieira, 90', 'Vila Nossa Senhora Do Rosário', 'MAA', 'R');
INSERT INTO condutor (idCadastro, cpf, nome, dataNasc, idCategoriaCNH, endereco, bairro, idCidade, situacaoCNH) VALUES (473, '98416503206', 'Srta. Emilly Mendes', '1947-05-11', 'E', 'Recanto de Rezende, 7', 'Lagoinha', 'MRS', 'R');
INSERT INTO condutor (idCadastro, cpf, nome, dataNasc, idCategoriaCNH, endereco, bairro, idCidade, situacaoCNH) VALUES (474, '20185734626', 'Davi Lucca Moreira', '1986-11-15', 'A', 'Trevo Dias, 74', 'Candelaria', 'MOG', 'R');
INSERT INTO condutor (idCadastro, cpf, nome, dataNasc, idCategoriaCNH, endereco, bairro, idCidade, situacaoCNH) VALUES (475, '17064853280', 'Sra. Lívia Araújo', '1974-09-12', 'A', 'Passarela Isabel Nogueira, 12', 'Pindorama', 'RSD', 'R');
INSERT INTO condutor (idCadastro, cpf, nome, dataNasc, idCategoriaCNH, endereco, bairro, idCidade, situacaoCNH) VALUES (476, '18596403701', 'Alexia Lopes', '1989-05-01', 'A', 'Vila Gabrielly Sales, 26', 'Vila Cemig', 'COS', 'R');
INSERT INTO condutor (idCadastro, cpf, nome, dataNasc, idCategoriaCNH, endereco, bairro, idCidade, situacaoCNH) VALUES (477, '82065973447', 'Vicente Porto', '1946-07-02', 'D', 'Feira Caldeira, 78', 'Nova Suíça', 'NAS', 'R');
INSERT INTO condutor (idCadastro, cpf, nome, dataNasc, idCategoriaCNH, endereco, bairro, idCidade, situacaoCNH) VALUES (478, '13470629552', 'Ian Alves', '1959-05-09', 'E', 'Rua da Rocha, 53', 'Conjunto São Francisco De Assis', 'JPG', 'R');
INSERT INTO condutor (idCadastro, cpf, nome, dataNasc, idCategoriaCNH, endereco, bairro, idCidade, situacaoCNH) VALUES (479, '25483197682', 'Sr. Rafael Nascimento', '1959-12-30', 'D', 'Rua Francisco Rodrigues, 106', 'São Benedito', 'AEA', 'R');
INSERT INTO condutor (idCadastro, cpf, nome, dataNasc, idCategoriaCNH, endereco, bairro, idCidade, situacaoCNH) VALUES (480, '12780463562', 'Marina Fernandes', '1938-12-17', 'E', 'Estrada Pereira', 'Conjunto Paulo Vi', 'RDC', 'R');
INSERT INTO condutor (idCadastro, cpf, nome, dataNasc, idCategoriaCNH, endereco, bairro, idCidade, situacaoCNH) VALUES (481, '79084321669', 'Eduardo Castro', '1999-11-02', 'C', 'Campo Letícia Sales, 66', 'Delta', 'FPF', 'R');
INSERT INTO condutor (idCadastro, cpf, nome, dataNasc, idCategoriaCNH, endereco, bairro, idCidade, situacaoCNH) VALUES (482, '21967358419', 'Agatha Barros', '1950-10-05', 'A', 'Quadra Sophia Moraes, 7', 'Conjunto São Francisco De Assis', 'RMD', 'R');
INSERT INTO condutor (idCadastro, cpf, nome, dataNasc, idCategoriaCNH, endereco, bairro, idCidade, situacaoCNH) VALUES (483, '73261804580', 'Ian da Paz', '1977-07-14', 'E', 'Trecho de Aragão, 11', 'Senhor Dos Passos', 'SDM', 'R');
INSERT INTO condutor (idCadastro, cpf, nome, dataNasc, idCategoriaCNH, endereco, bairro, idCidade, situacaoCNH) VALUES (484, '38047925105', 'Srta. Clarice Teixeira', '1995-05-08', 'C', 'Alameda Carvalho, 6', 'Santa Rosa', 'RMD', 'R');
INSERT INTO condutor (idCadastro, cpf, nome, dataNasc, idCategoriaCNH, endereco, bairro, idCidade, situacaoCNH) VALUES (485, '31806425726', 'Dra. Giovanna Moura', '1941-01-04', 'A', 'Fazenda Lavínia Teixeira', 'Nossa Senhora Aparecida', 'CTM', 'R');
INSERT INTO condutor (idCadastro, cpf, nome, dataNasc, idCategoriaCNH, endereco, bairro, idCidade, situacaoCNH) VALUES (486, '15793604243', 'Dra. Isabelly Barbosa', '1985-05-05', 'E', 'Morro Costela, 9', 'Vila Nova Dos Milionarios', 'MTM', 'R');
INSERT INTO condutor (idCadastro, cpf, nome, dataNasc, idCategoriaCNH, endereco, bairro, idCidade, situacaoCNH) VALUES (487, '96185370484', 'Raul Silva', '1982-12-11', 'C', 'Travessa Costa, 33', 'Nova Suíça', 'JPV', 'R');
INSERT INTO condutor (idCadastro, cpf, nome, dataNasc, idCategoriaCNH, endereco, bairro, idCidade, situacaoCNH) VALUES (488, '93741806269', 'Emanuel Mendes', '1999-07-07', 'A', 'Colônia Kamilly Moura, 86', 'Vila Da Luz', 'CAN', 'R');
INSERT INTO condutor (idCadastro, cpf, nome, dataNasc, idCategoriaCNH, endereco, bairro, idCidade, situacaoCNH) VALUES (489, '94025673134', 'João Lucas Fernandes', '1991-02-28', 'E', 'Largo de Fernandes, 4', 'Mala E Cuia', 'NMM', 'R');
INSERT INTO condutor (idCadastro, cpf, nome, dataNasc, idCategoriaCNH, endereco, bairro, idCidade, situacaoCNH) VALUES (490, '76830295130', 'Sr. Enzo Porto', '1988-08-09', 'B', 'Viela da Conceição, 65', 'Bairro Das Indústrias Ii', 'CAG', 'R');
INSERT INTO condutor (idCadastro, cpf, nome, dataNasc, idCategoriaCNH, endereco, bairro, idCidade, situacaoCNH) VALUES (491, '28157964067', 'Lavínia Gonçalves', '1979-08-06', 'C', 'Passarela Martins', 'Nova Esperança', 'CPM', 'R');
INSERT INTO condutor (idCadastro, cpf, nome, dataNasc, idCategoriaCNH, endereco, bairro, idCidade, situacaoCNH) VALUES (492, '59780621377', 'Isis da Mota', '1995-05-15', 'A', 'Passarela de Araújo, 7', 'Paulo Vi', 'FSD', 'R');
INSERT INTO condutor (idCadastro, cpf, nome, dataNasc, idCategoriaCNH, endereco, bairro, idCidade, situacaoCNH) VALUES (493, '09658372465', 'Sra. Gabriela Correia', '2000-07-02', 'E', 'Viela Carvalho, 34', 'Vila União', 'COP', 'R');
INSERT INTO condutor (idCadastro, cpf, nome, dataNasc, idCategoriaCNH, endereco, bairro, idCidade, situacaoCNH) VALUES (494, '01527649334', 'Luana da Luz', '1992-11-30', 'D', 'Pátio de Costela', 'Engenho Nogueira', 'COS', 'R');
INSERT INTO condutor (idCadastro, cpf, nome, dataNasc, idCategoriaCNH, endereco, bairro, idCidade, situacaoCNH) VALUES (495, '24873906113', 'Luiz Fernando Farias', '1982-02-04', 'E', 'Colônia Ferreira, 43', 'Virgínia', 'PRS', 'R');
INSERT INTO condutor (idCadastro, cpf, nome, dataNasc, idCategoriaCNH, endereco, bairro, idCidade, situacaoCNH) VALUES (496, '32085174914', 'Dra. Amanda da Rocha', '1965-12-18', 'B', 'Condomínio de Campos, 7', 'Cinquentenário', 'RCG', 'R');
INSERT INTO condutor (idCadastro, cpf, nome, dataNasc, idCategoriaCNH, endereco, bairro, idCidade, situacaoCNH) VALUES (497, '64751038290', 'Lucas Gabriel da Cruz', '1972-01-06', 'E', 'Sítio Juliana Ferreira', 'Jardim Montanhês', 'SDS', 'R');
INSERT INTO condutor (idCadastro, cpf, nome, dataNasc, idCategoriaCNH, endereco, bairro, idCidade, situacaoCNH) VALUES (498, '42659731837', 'Fernando da Mata', '1952-07-20', 'B', 'Jardim Santos, 14', 'Vila Independencia 1ª Seção', 'PSO', 'R');
INSERT INTO condutor (idCadastro, cpf, nome, dataNasc, idCategoriaCNH, endereco, bairro, idCidade, situacaoCNH) VALUES (499, '83190257612', 'Isabel Nunes', '1964-04-27', 'A', 'Praia de Costa, 59', 'Alto Vera Cruz', 'AAA', 'R');
INSERT INTO condutor (idCadastro, cpf, nome, dataNasc, idCategoriaCNH, endereco, bairro, idCidade, situacaoCNH) VALUES (500, '83549267029', 'Dr. Pedro Miguel Souza', '1993-12-30', 'B', 'Vale Peixoto, 10', 'Novo Tupi', 'ACM', 'R');
INSERT INTO condutor (idCadastro, cpf, nome, dataNasc, idCategoriaCNH, endereco, bairro, idCidade, situacaoCNH) VALUES (501, '39068427547', 'Esther Barbosa', '1941-03-17', 'D', 'Ladeira Yago Almeida, 53', 'Barroca', 'SEN', 'R');
INSERT INTO condutor (idCadastro, cpf, nome, dataNasc, idCategoriaCNH, endereco, bairro, idCidade, situacaoCNH) VALUES (502, '18362945060', 'Lorena das Neves', '1968-03-12', 'D', 'Fazenda da Cunha, 675', 'Vila Suzana Segunda Seção', 'NSP', 'R');
INSERT INTO condutor (idCadastro, cpf, nome, dataNasc, idCategoriaCNH, endereco, bairro, idCidade, situacaoCNH) VALUES (503, '58743169066', 'Gabrielly Barbosa', '1944-06-05', 'D', 'Praça Pires, 52', 'Jardim Montanhês', 'CRM', 'R');
INSERT INTO condutor (idCadastro, cpf, nome, dataNasc, idCategoriaCNH, endereco, bairro, idCidade, situacaoCNH) VALUES (504, '74691253025', 'Fernando Duarte', '1993-10-12', 'A', 'Lagoa Lavínia da Rosa, 59', 'Cinquentenário', 'ARA', 'R');
INSERT INTO condutor (idCadastro, cpf, nome, dataNasc, idCategoriaCNH, endereco, bairro, idCidade, situacaoCNH) VALUES (505, '47958231628', 'Dra. Gabrielly Nunes', '1961-05-21', 'A', 'Largo de Carvalho, 57', 'Marieta 3ª Seção', 'LDM', 'R');
INSERT INTO condutor (idCadastro, cpf, nome, dataNasc, idCategoriaCNH, endereco, bairro, idCidade, situacaoCNH) VALUES (506, '40518396215', 'Carlos Eduardo da Rocha', '1971-08-15', 'C', 'Distrito Fogaça, 377', 'Esplanada', 'SFO', 'R');
INSERT INTO condutor (idCadastro, cpf, nome, dataNasc, idCategoriaCNH, endereco, bairro, idCidade, situacaoCNH) VALUES (507, '38790416520', 'Sofia Cunha', '1974-04-12', 'D', 'Viela de da Conceição, 48', 'Liberdade', 'SDS', 'R');
INSERT INTO condutor (idCadastro, cpf, nome, dataNasc, idCategoriaCNH, endereco, bairro, idCidade, situacaoCNH) VALUES (508, '54863129033', 'Vicente Mendes', '1968-05-09', 'D', 'Praia Esther Moura, 40', 'Madri', 'RAA', 'R');
INSERT INTO condutor (idCadastro, cpf, nome, dataNasc, idCategoriaCNH, endereco, bairro, idCidade, situacaoCNH) VALUES (509, '03875214960', 'Lorenzo Barbosa', '1989-02-25', 'D', 'Trevo Gomes, 7', 'Pilar', 'TID', 'R');
INSERT INTO condutor (idCadastro, cpf, nome, dataNasc, idCategoriaCNH, endereco, bairro, idCidade, situacaoCNH) VALUES (510, '37249580132', 'Natália Costa', '1971-10-05', 'E', 'Largo Castro, 62', 'Jardim Alvorada', 'CZA', 'R');
INSERT INTO condutor (idCadastro, cpf, nome, dataNasc, idCategoriaCNH, endereco, bairro, idCidade, situacaoCNH) VALUES (511, '19582307404', 'João Gabriel Vieira', '1978-07-25', 'E', 'Rodovia de Fernandes', 'Madri', 'RAA', 'R');
INSERT INTO condutor (idCadastro, cpf, nome, dataNasc, idCategoriaCNH, endereco, bairro, idCidade, situacaoCNH) VALUES (512, '63128075417', 'Maria Moreira', '1995-08-31', 'A', 'Travessa Sabrina da Conceição, 24', 'Goiania', 'RRM', 'R');
INSERT INTO condutor (idCadastro, cpf, nome, dataNasc, idCategoriaCNH, endereco, bairro, idCidade, situacaoCNH) VALUES (513, '05389276400', 'Ana Lívia Melo', '1996-02-25', 'B', 'Trevo Luana Teixeira, 3', 'Ademar Maldonado', 'CCA', 'R');
INSERT INTO condutor (idCadastro, cpf, nome, dataNasc, idCategoriaCNH, endereco, bairro, idCidade, situacaoCNH) VALUES (514, '21385460989', 'João Silva', '1961-12-14', 'E', 'Pátio Novaes, 6', 'Coração Eucarístico', 'MTG', 'R');
INSERT INTO condutor (idCadastro, cpf, nome, dataNasc, idCategoriaCNH, endereco, bairro, idCidade, situacaoCNH) VALUES (515, '63718592428', 'Elisa Pires', '1986-06-19', 'B', 'Passarela Aragão, 9', 'Fernão Dias', 'LSS', 'R');
INSERT INTO condutor (idCadastro, cpf, nome, dataNasc, idCategoriaCNH, endereco, bairro, idCidade, situacaoCNH) VALUES (516, '59412768001', 'Emanuella Santos', '1941-04-03', 'C', 'Estrada Thales Almeida, 33', 'Canadá', 'LGA', 'R');
INSERT INTO condutor (idCadastro, cpf, nome, dataNasc, idCategoriaCNH, endereco, bairro, idCidade, situacaoCNH) VALUES (517, '85203691703', 'João Gabriel Azevedo', '2001-06-25', 'D', 'Favela de Jesus, 82', 'Barroca', 'SEN', 'R');
INSERT INTO condutor (idCadastro, cpf, nome, dataNasc, idCategoriaCNH, endereco, bairro, idCidade, situacaoCNH) VALUES (518, '96235074883', 'Miguel Nunes', '1981-07-23', 'A', 'Recanto de Melo, 353', 'Vila Engenho Nogueira', 'PRP', 'R');
INSERT INTO condutor (idCadastro, cpf, nome, dataNasc, idCategoriaCNH, endereco, bairro, idCidade, situacaoCNH) VALUES (519, '16805947375', 'Davi Luiz Oliveira', '1986-10-29', 'B', 'Núcleo Maria Vitória da Costa', 'Beira Linha', 'ANM', 'R');
INSERT INTO condutor (idCadastro, cpf, nome, dataNasc, idCategoriaCNH, endereco, bairro, idCidade, situacaoCNH) VALUES (520, '63107954810', 'Ana Clara Castro', '1969-04-12', 'B', 'Travessa de Novaes', 'Vila Sumaré', 'FAM', 'R');
INSERT INTO condutor (idCadastro, cpf, nome, dataNasc, idCategoriaCNH, endereco, bairro, idCidade, situacaoCNH) VALUES (521, '61279830450', 'Marcelo Gomes', '1977-08-14', 'A', 'Vale de Caldeira, 145', 'Vila Sesc', 'MFO', 'R');
INSERT INTO condutor (idCadastro, cpf, nome, dataNasc, idCategoriaCNH, endereco, bairro, idCidade, situacaoCNH) VALUES (522, '37609258121', 'Dra. Maria Eduarda Rezende', '1962-10-07', 'B', 'Vale de Moura, 374', 'Mantiqueira', 'PDP', 'R');
INSERT INTO condutor (idCadastro, cpf, nome, dataNasc, idCategoriaCNH, endereco, bairro, idCidade, situacaoCNH) VALUES (523, '68359104298', 'Augusto Porto', '1968-07-19', 'C', 'Recanto de Porto, 49', 'Novo Santa Cecilia', 'CGC', 'R');
INSERT INTO condutor (idCadastro, cpf, nome, dataNasc, idCategoriaCNH, endereco, bairro, idCidade, situacaoCNH) VALUES (524, '69017482303', 'Breno Freitas', '1979-09-30', 'B', 'Sítio de Moraes', 'Carmo', 'CPO', 'R');
INSERT INTO condutor (idCadastro, cpf, nome, dataNasc, idCategoriaCNH, endereco, bairro, idCidade, situacaoCNH) VALUES (525, '69412807350', 'Cauã Lopes', '1976-12-11', 'A', 'Aeroporto de Viana, 50', 'Ernesto Nascimento', 'DFP', 'R');
INSERT INTO condutor (idCadastro, cpf, nome, dataNasc, idCategoriaCNH, endereco, bairro, idCidade, situacaoCNH) VALUES (526, '58274903188', 'Beatriz Lopes', '1992-11-16', 'B', 'Morro de da Conceição, 38', 'Tupi B', 'FPG', 'R');
INSERT INTO condutor (idCadastro, cpf, nome, dataNasc, idCategoriaCNH, endereco, bairro, idCidade, situacaoCNH) VALUES (527, '26901437552', 'Bárbara Oliveira', '1994-03-15', 'A', 'Quadra Stella da Cruz, 5', 'Califórnia', 'CPV', 'R');
INSERT INTO condutor (idCadastro, cpf, nome, dataNasc, idCategoriaCNH, endereco, bairro, idCidade, situacaoCNH) VALUES (528, '13980562786', 'Maria Vitória Sales', '1984-10-12', 'E', 'Lago Moraes, 544', 'Bacurau', 'NDS', 'R');
INSERT INTO condutor (idCadastro, cpf, nome, dataNasc, idCategoriaCNH, endereco, bairro, idCidade, situacaoCNH) VALUES (529, '07531268426', 'Isabelly Caldeira', '1966-09-18', 'A', 'Morro Mirella das Neves, 555', 'Vila Batik', 'PEO', 'R');
INSERT INTO condutor (idCadastro, cpf, nome, dataNasc, idCategoriaCNH, endereco, bairro, idCidade, situacaoCNH) VALUES (530, '42786915058', 'Lara Aragão', '1949-01-11', 'E', 'Quadra Maria Sophia Sales, 8', 'Silveira', 'JCG', 'R');
INSERT INTO condutor (idCadastro, cpf, nome, dataNasc, idCategoriaCNH, endereco, bairro, idCidade, situacaoCNH) VALUES (531, '21538467909', 'Juan Nascimento', '1956-03-15', 'E', 'Praça Carvalho, 16', 'Horto Florestal', 'MID', 'R');
INSERT INTO condutor (idCadastro, cpf, nome, dataNasc, idCategoriaCNH, endereco, bairro, idCidade, situacaoCNH) VALUES (532, '86532079456', 'Danilo da Mota', '1979-04-01', 'A', 'Viela de da Cunha, 33', 'Conjunto Celso Machado', 'TOG', 'R');
INSERT INTO condutor (idCadastro, cpf, nome, dataNasc, idCategoriaCNH, endereco, bairro, idCidade, situacaoCNH) VALUES (533, '19430285750', 'Bruna Vieira', '1999-11-29', 'C', 'Chácara Maria Luiza da Rosa, 396', 'Nossa Senhora Da Conceição', 'SAA', 'R');
INSERT INTO condutor (idCadastro, cpf, nome, dataNasc, idCategoriaCNH, endereco, bairro, idCidade, situacaoCNH) VALUES (534, '79340862104', 'Maria Vitória Cardoso', '1976-02-09', 'D', 'Estrada Helena Vieira, 218', 'Copacabana', 'CDO', 'R');
INSERT INTO condutor (idCadastro, cpf, nome, dataNasc, idCategoriaCNH, endereco, bairro, idCidade, situacaoCNH) VALUES (535, '84372596146', 'Luiz Felipe Cunha', '1971-06-01', 'B', 'Distrito de Carvalho, 40', 'Vila Da Amizade', 'SGP', 'R');
INSERT INTO condutor (idCadastro, cpf, nome, dataNasc, idCategoriaCNH, endereco, bairro, idCidade, situacaoCNH) VALUES (536, '67519803295', 'Noah Lima', '1972-05-18', 'E', 'Passarela Isabella Sales, 40', 'Nova Floresta', 'PAS', 'R');
INSERT INTO condutor (idCadastro, cpf, nome, dataNasc, idCategoriaCNH, endereco, bairro, idCidade, situacaoCNH) VALUES (537, '57963481246', 'Sr. Antônio Mendes', '1982-08-06', 'D', 'Chácara Bernardo da Mota, 7', 'Olhos Dágua', 'DMM', 'R');
INSERT INTO condutor (idCadastro, cpf, nome, dataNasc, idCategoriaCNH, endereco, bairro, idCidade, situacaoCNH) VALUES (538, '79438150250', 'Sr. Rafael Porto', '1983-12-31', 'D', 'Jardim Bianca Silva, 19', 'Marajó', 'MPG', 'R');
INSERT INTO condutor (idCadastro, cpf, nome, dataNasc, idCategoriaCNH, endereco, bairro, idCidade, situacaoCNH) VALUES (539, '90723651434', 'Maria Eduarda Campos', '1943-06-06', 'D', 'Passarela de da Rocha, 49', 'Pindorama', 'CAF', 'R');
INSERT INTO condutor (idCadastro, cpf, nome, dataNasc, idCategoriaCNH, endereco, bairro, idCidade, situacaoCNH) VALUES (540, '54721089694', 'Renan da Luz', '1961-11-19', 'D', 'Ladeira Farias, 99', 'Providencia', 'DAC', 'R');
INSERT INTO condutor (idCadastro, cpf, nome, dataNasc, idCategoriaCNH, endereco, bairro, idCidade, situacaoCNH) VALUES (541, '31785642928', 'Ana Nascimento', '1967-01-23', 'C', 'Viela Moraes, 61', 'Tirol', 'GCS', 'R');
INSERT INTO condutor (idCadastro, cpf, nome, dataNasc, idCategoriaCNH, endereco, bairro, idCidade, situacaoCNH) VALUES (542, '81732695482', 'Igor Carvalho', '1943-05-01', 'B', 'Rua Peixoto, 89', 'Conjunto Paulo Vi', 'PUD', 'R');
INSERT INTO condutor (idCadastro, cpf, nome, dataNasc, idCategoriaCNH, endereco, bairro, idCidade, situacaoCNH) VALUES (543, '53012749888', 'Isaac da Cruz', '1946-09-18', 'A', 'Estrada Luna Carvalho, 2', 'Granja Werneck', 'CMM', 'R');
INSERT INTO condutor (idCadastro, cpf, nome, dataNasc, idCategoriaCNH, endereco, bairro, idCidade, situacaoCNH) VALUES (544, '59273064116', 'Breno Alves', '1980-04-21', 'E', 'Praia Luiz Otávio Araújo', 'Delta', 'FPF', 'R');
INSERT INTO condutor (idCadastro, cpf, nome, dataNasc, idCategoriaCNH, endereco, bairro, idCidade, situacaoCNH) VALUES (545, '65270138417', 'João Miguel Pereira', '1950-05-02', 'A', 'Condomínio Dias, 80', 'Diamante', 'RAM', 'R');
INSERT INTO condutor (idCadastro, cpf, nome, dataNasc, idCategoriaCNH, endereco, bairro, idCidade, situacaoCNH) VALUES (546, '29184065702', 'Igor Rocha', '1952-01-16', 'E', 'Praça de Costela', 'Conjunto Taquaril', 'JTM', 'R');
INSERT INTO condutor (idCadastro, cpf, nome, dataNasc, idCategoriaCNH, endereco, bairro, idCidade, situacaoCNH) VALUES (547, '18635402707', 'Bruno da Cruz', '1946-06-07', 'E', 'Conjunto Davi Lucas Costa, 90', 'Glória', 'RMD', 'R');
INSERT INTO condutor (idCadastro, cpf, nome, dataNasc, idCategoriaCNH, endereco, bairro, idCidade, situacaoCNH) VALUES (548, '02463519851', 'Paulo Martins', '1957-06-21', 'A', 'Condomínio Olivia Ramos, 5', 'Vila Califórnia', 'FAC', 'R');
INSERT INTO condutor (idCadastro, cpf, nome, dataNasc, idCategoriaCNH, endereco, bairro, idCidade, situacaoCNH) VALUES (549, '90423687565', 'Stephany Fogaça', '1974-09-08', 'E', 'Vale de Caldeira, 4', 'Esplanada', 'ARS', 'R');
INSERT INTO condutor (idCadastro, cpf, nome, dataNasc, idCategoriaCNH, endereco, bairro, idCidade, situacaoCNH) VALUES (550, '35827964000', 'Dr. Nathan Mendes', '1960-03-11', 'C', 'Ladeira de Costa', 'Goiania', 'CAG', 'R');
INSERT INTO condutor (idCadastro, cpf, nome, dataNasc, idCategoriaCNH, endereco, bairro, idCidade, situacaoCNH) VALUES (551, '17692548030', 'Thomas Peixoto', '1957-04-12', 'D', 'Colônia Nogueira, 20', 'Grajaú', 'ARG', 'R');
INSERT INTO condutor (idCadastro, cpf, nome, dataNasc, idCategoriaCNH, endereco, bairro, idCidade, situacaoCNH) VALUES (552, '29457618076', 'Larissa Dias', '2001-09-26', 'D', 'Vale Cardoso, 18', 'Cinquentenário', 'BRS', 'R');
INSERT INTO condutor (idCadastro, cpf, nome, dataNasc, idCategoriaCNH, endereco, bairro, idCidade, situacaoCNH) VALUES (553, '69871435010', 'Igor das Neves', '1992-05-13', 'B', 'Área Teixeira, 623', 'Solimoes', 'MAS', 'R');
INSERT INTO condutor (idCadastro, cpf, nome, dataNasc, idCategoriaCNH, endereco, bairro, idCidade, situacaoCNH) VALUES (554, '47015896320', 'Lívia Moraes', '1947-10-18', 'D', 'Recanto Caldeira, 2', 'Ouro Minas', 'LDC', 'R');
INSERT INTO condutor (idCadastro, cpf, nome, dataNasc, idCategoriaCNH, endereco, bairro, idCidade, situacaoCNH) VALUES (555, '47803625983', 'Ana Luiza Almeida', '1972-07-31', 'A', 'Lago Júlia Nunes, 20', 'Solar Do Barreiro', 'SGP', 'R');
INSERT INTO condutor (idCadastro, cpf, nome, dataNasc, idCategoriaCNH, endereco, bairro, idCidade, situacaoCNH) VALUES (556, '81453920633', 'Maitê Correia', '1987-12-19', 'A', 'Chácara Maria Clara Farias, 7', 'Centro', 'NSN', 'R');
INSERT INTO condutor (idCadastro, cpf, nome, dataNasc, idCategoriaCNH, endereco, bairro, idCidade, situacaoCNH) VALUES (557, '15692403889', 'Dr. Luiz Fernando Melo', '1989-05-12', 'B', 'Colônia Sophia Farias, 84', 'São Geraldo', 'FGP', 'R');
INSERT INTO condutor (idCadastro, cpf, nome, dataNasc, idCategoriaCNH, endereco, bairro, idCidade, situacaoCNH) VALUES (558, '46532719099', 'Felipe Lopes', '1947-08-12', 'A', 'Estação Costela, 67', 'Marmiteiros', 'LVD', 'R');
INSERT INTO condutor (idCadastro, cpf, nome, dataNasc, idCategoriaCNH, endereco, bairro, idCidade, situacaoCNH) VALUES (559, '63980751457', 'Luna Porto', '1980-06-16', 'C', 'Estrada Gabrielly Mendes, 57', 'Pompéia', 'CPA', 'R');
INSERT INTO condutor (idCadastro, cpf, nome, dataNasc, idCategoriaCNH, endereco, bairro, idCidade, situacaoCNH) VALUES (560, '30965841766', 'Raquel Cavalcanti', '1995-11-18', 'A', 'Aeroporto Maria Sophia da Luz, 7', 'Paquetá', 'VLP', 'R');
INSERT INTO condutor (idCadastro, cpf, nome, dataNasc, idCategoriaCNH, endereco, bairro, idCidade, situacaoCNH) VALUES (561, '83269074131', 'Daniel Ferreira', '1986-11-28', 'A', 'Rodovia de Duarte, 35', 'Casa Branca', 'CAP', 'R');
INSERT INTO condutor (idCadastro, cpf, nome, dataNasc, idCategoriaCNH, endereco, bairro, idCidade, situacaoCNH) VALUES (562, '61348957255', 'Clara Nunes', '1983-11-20', 'C', 'Estrada Silva, 935', 'Antonio Ribeiro De Abreu 1ª Seção', 'FPF', 'R');
INSERT INTO condutor (idCadastro, cpf, nome, dataNasc, idCategoriaCNH, endereco, bairro, idCidade, situacaoCNH) VALUES (563, '91572084685', 'Davi Nunes', '1963-03-07', 'B', 'Alameda de Barbosa', 'Vila Suzana Segunda Seção', 'MDP', 'R');
INSERT INTO condutor (idCadastro, cpf, nome, dataNasc, idCategoriaCNH, endereco, bairro, idCidade, situacaoCNH) VALUES (564, '61308479557', 'João Gabriel Aragão', '1955-09-13', 'E', 'Via de Martins', 'Nazare', 'RMM', 'R');
INSERT INTO condutor (idCadastro, cpf, nome, dataNasc, idCategoriaCNH, endereco, bairro, idCidade, situacaoCNH) VALUES (565, '19037468500', 'Calebe Pires', '1986-11-27', 'E', 'Aeroporto Rocha, 7', 'Vila Nova Cachoeirinha 3ª Seção', 'AIM', 'R');
INSERT INTO condutor (idCadastro, cpf, nome, dataNasc, idCategoriaCNH, endereco, bairro, idCidade, situacaoCNH) VALUES (566, '54396780265', 'Eduardo Caldeira', '1955-05-03', 'C', 'Estação Gonçalves, 28', 'Diamante', 'MOD', 'R');
INSERT INTO condutor (idCadastro, cpf, nome, dataNasc, idCategoriaCNH, endereco, bairro, idCidade, situacaoCNH) VALUES (567, '30259871460', 'Emilly Pires', '1956-06-30', 'D', 'Ladeira Eduardo Campos, 96', 'Virgínia', 'FNG', 'R');
INSERT INTO condutor (idCadastro, cpf, nome, dataNasc, idCategoriaCNH, endereco, bairro, idCidade, situacaoCNH) VALUES (568, '15892407314', 'Maria Clara Freitas', '1975-12-13', 'C', 'Lago Davi Lucas da Cruz, 53', 'Céu Azul', 'VFF', 'R');
INSERT INTO condutor (idCadastro, cpf, nome, dataNasc, idCategoriaCNH, endereco, bairro, idCidade, situacaoCNH) VALUES (569, '68743251080', 'Murilo da Cruz', '2000-05-26', 'C', 'Favela Barbosa, 5', 'Vila Jardim Montanhes', 'CSS', 'R');
INSERT INTO condutor (idCadastro, cpf, nome, dataNasc, idCategoriaCNH, endereco, bairro, idCidade, situacaoCNH) VALUES (570, '02875346938', 'Dra. Heloísa Mendes', '1979-08-02', 'E', 'Chácara Luigi Freitas, 99', 'Nazare', 'LFD', 'R');
INSERT INTO condutor (idCadastro, cpf, nome, dataNasc, idCategoriaCNH, endereco, bairro, idCidade, situacaoCNH) VALUES (571, '08356249198', 'Sr. Luiz Gustavo Cardoso', '1948-05-04', 'C', 'Jardim Lavínia Correia, 6', 'Vila Olhos Dágua', 'DSS', 'R');
INSERT INTO especie (idEspecie, descricao) VALUES (1, 'de passageiros');
INSERT INTO especie (idEspecie, descricao) VALUES (2, 'de carga');
INSERT INTO especie (idEspecie, descricao) VALUES (3, 'misto');
INSERT INTO especie (idEspecie, descricao) VALUES (4, 'de competição');
INSERT INTO especie (idEspecie, descricao) VALUES (5, 'de tração');
INSERT INTO especie (idEspecie, descricao) VALUES (6, 'especial');
INSERT INTO especie (idEspecie, descricao) VALUES (7, 'de coleção');
INSERT INTO categoria_veiculo (idCategoria, descricao, idEspecie) VALUES (1, 'Particular', 1);
INSERT INTO categoria_veiculo (idCategoria, descricao, idEspecie) VALUES (2, 'Oficial', 1);
INSERT INTO categoria_veiculo (idCategoria, descricao, idEspecie) VALUES (3, 'Aprendizagem', 1);
INSERT INTO categoria_veiculo (idCategoria, descricao, idEspecie) VALUES (4, 'Aluguel', 1);
INSERT INTO categoria_veiculo (idCategoria, descricao, idEspecie) VALUES (5, 'Representação Diplomática', 1);
INSERT INTO categoria_veiculo (idCategoria, descricao, idEspecie) VALUES (6, 'Particular', 2);
INSERT INTO categoria_veiculo (idCategoria, descricao, idEspecie) VALUES (7, 'Oficial', 2);
INSERT INTO categoria_veiculo (idCategoria, descricao, idEspecie) VALUES (8, 'Aprendizagem', 2);
INSERT INTO categoria_veiculo (idCategoria, descricao, idEspecie) VALUES (9, 'Aluguel', 2);
INSERT INTO categoria_veiculo (idCategoria, descricao, idEspecie) VALUES (10, 'Representação Diplomática', 2);
INSERT INTO categoria_veiculo (idCategoria, descricao, idEspecie) VALUES (11, 'Particular', 3);
INSERT INTO categoria_veiculo (idCategoria, descricao, idEspecie) VALUES (12, 'Oficial', 3);
INSERT INTO categoria_veiculo (idCategoria, descricao, idEspecie) VALUES (13, 'Aprendizagem', 3);
INSERT INTO categoria_veiculo (idCategoria, descricao, idEspecie) VALUES (14, 'Aluguel', 3);
INSERT INTO categoria_veiculo (idCategoria, descricao, idEspecie) VALUES (15, 'Representação Diplomática', 3);
INSERT INTO categoria_veiculo (idCategoria, descricao, idEspecie) VALUES (16, 'Particular', 4);
INSERT INTO categoria_veiculo (idCategoria, descricao, idEspecie) VALUES (17, 'Oficial', 4);
INSERT INTO categoria_veiculo (idCategoria, descricao, idEspecie) VALUES (18, 'Aprendizagem', 4);
INSERT INTO categoria_veiculo (idCategoria, descricao, idEspecie) VALUES (19, 'Aluguel', 4);
INSERT INTO categoria_veiculo (idCategoria, descricao, idEspecie) VALUES (20, 'Representação Diplomática', 4);
INSERT INTO categoria_veiculo (idCategoria, descricao, idEspecie) VALUES (21, 'Particular', 5);
INSERT INTO categoria_veiculo (idCategoria, descricao, idEspecie) VALUES (22, 'Oficial', 5);
INSERT INTO categoria_veiculo (idCategoria, descricao, idEspecie) VALUES (23, 'Aprendizagem', 5);
INSERT INTO categoria_veiculo (idCategoria, descricao, idEspecie) VALUES (24, 'Aluguel', 5);
INSERT INTO categoria_veiculo (idCategoria, descricao, idEspecie) VALUES (25, 'Representação Diplomática', 5);
INSERT INTO categoria_veiculo (idCategoria, descricao, idEspecie) VALUES (26, 'Particular', 6);
INSERT INTO categoria_veiculo (idCategoria, descricao, idEspecie) VALUES (27, 'Oficial', 6);
INSERT INTO categoria_veiculo (idCategoria, descricao, idEspecie) VALUES (28, 'Aprendizagem', 6);
INSERT INTO categoria_veiculo (idCategoria, descricao, idEspecie) VALUES (29, 'Aluguel', 6);
INSERT INTO categoria_veiculo (idCategoria, descricao, idEspecie) VALUES (30, 'Representação Diplomática', 6);
INSERT INTO categoria_veiculo (idCategoria, descricao, idEspecie) VALUES (31, 'Particular', 7);
INSERT INTO categoria_veiculo (idCategoria, descricao, idEspecie) VALUES (32, 'Oficial', 7);
INSERT INTO categoria_veiculo (idCategoria, descricao, idEspecie) VALUES (33, 'Aprendizagem', 7);
INSERT INTO categoria_veiculo (idCategoria, descricao, idEspecie) VALUES (34, 'Aluguel', 7);
INSERT INTO categoria_veiculo (idCategoria, descricao, idEspecie) VALUES (35, 'Representação Diplomática', 7);
INSERT INTO veiculo (renavam, placa, ano, idCategoria, idProprietario, idModelo, idCidade, dataCompra, dataAquisicao, valor, situacao) VALUES ('74828102027', 'JRQ0202', 2017, 14, 77, 2985, 'MTM', '2017-04-07', '2017-04-07', '95009.13', 'R');
INSERT INTO veiculo (renavam, placa, ano, idCategoria, idProprietario, idModelo, idCidade, dataCompra, dataAquisicao, valor, situacao) VALUES ('73768623877', 'ILV2387', 1989, 21, 108, 2903, 'NGS', '1989-12-24', '1989-12-24', '94773.69', 'R');
INSERT INTO veiculo (renavam, placa, ano, idCategoria, idProprietario, idModelo, idCidade, dataCompra, dataAquisicao, valor, situacao) VALUES ('71786821999', 'GND2199', 1984, 19, 263, 2143, 'BSA', '1984-09-16', '1984-09-16', '12955.62', 'R');
INSERT INTO veiculo (renavam, placa, ano, idCategoria, idProprietario, idModelo, idCidade, dataCompra, dataAquisicao, valor, situacao) VALUES ('87818506267', 'WQU0626', 2001, 14, 328, 2440, 'RGA', '2001-08-02', '2001-08-02', '72744.22', 'R');
INSERT INTO veiculo (renavam, placa, ano, idCategoria, idProprietario, idModelo, idCidade, dataCompra, dataAquisicao, valor, situacao) VALUES ('78908540309', 'NZU4030', 1992, 19, 79, 4405, 'JDV', '1992-02-26', '1992-02-26', '45535.65', 'R');
INSERT INTO veiculo (renavam, placa, ano, idCategoria, idProprietario, idModelo, idCidade, dataCompra, dataAquisicao, valor, situacao) VALUES ('80868259754', 'PVR5975', 1973, 29, 248, 2686, 'ADG', '1973-01-27', '1973-01-27', '96081.39', 'R');
INSERT INTO veiculo (renavam, placa, ano, idCategoria, idProprietario, idModelo, idCidade, dataCompra, dataAquisicao, valor, situacao) VALUES ('81837894642', 'QSN9464', 2006, 22, 479, 1115, 'AEA', '2006-09-10', '2006-09-10', '5230.6', 'R');
INSERT INTO veiculo (renavam, placa, ano, idCategoria, idProprietario, idModelo, idCidade, dataCompra, dataAquisicao, valor, situacao) VALUES ('90758686531', 'ZKV8653', 1980, 4, 533, 839, 'SAA', '1980-03-18', '1980-03-18', '58428.14', 'R');
INSERT INTO veiculo (renavam, placa, ano, idCategoria, idProprietario, idModelo, idCidade, dataCompra, dataAquisicao, valor, situacao) VALUES ('72708467188', 'HFT6718', 1983, 13, 35, 1160, 'NVV', '1983-04-04', '1983-04-04', '45687.7', 'R');
INSERT INTO veiculo (renavam, placa, ano, idCategoria, idProprietario, idModelo, idCidade, dataCompra, dataAquisicao, valor, situacao) VALUES ('75788933630', 'KNY3363', 1989, 16, 260, 468, 'SLP', '1989-04-07', '1989-04-07', '72881.52', 'R');
INSERT INTO veiculo (renavam, placa, ano, idCategoria, idProprietario, idModelo, idCidade, dataCompra, dataAquisicao, valor, situacao) VALUES ('80748221806', 'PJR2180', 2017, 31, 161, 628, 'MDN', '2017-08-14', '2017-08-14', '54760.11', 'R');
INSERT INTO veiculo (renavam, placa, ano, idCategoria, idProprietario, idModelo, idCidade, dataCompra, dataAquisicao, valor, situacao) VALUES ('70887940766', 'FXO4076', 2011, 23, 404, 1238, 'SGP', '2011-01-05', '2011-01-05', '54384.89', 'R');
INSERT INTO veiculo (renavam, placa, ano, idCategoria, idProprietario, idModelo, idCidade, dataCompra, dataAquisicao, valor, situacao) VALUES ('69656863118', 'EAD6311', 1999, 25, 129, 2139, 'VDS', '1999-01-20', '1999-01-20', '17721.44', 'R');
INSERT INTO veiculo (renavam, placa, ano, idCategoria, idProprietario, idModelo, idCidade, dataCompra, dataAquisicao, valor, situacao) VALUES ('77677321617', 'MCI2161', 1993, 31, 172, 3178, 'DFP', '1993-08-28', '1993-08-28', '51921.4', 'R');
INSERT INTO veiculo (renavam, placa, ano, idCategoria, idProprietario, idModelo, idCidade, dataCompra, dataAquisicao, valor, situacao) VALUES ('707871764110', 'FNG7641', 1984, 17, 366, 3187, 'CPV', '1984-10-20', '1984-10-20', '50776.13', 'R');
INSERT INTO veiculo (renavam, placa, ano, idCategoria, idProprietario, idModelo, idCidade, dataCompra, dataAquisicao, valor, situacao) VALUES ('72909026448', 'HZZ2644', 1981, 7, 215, 844, 'BAF', '1981-05-17', '1981-05-17', '80405.59', 'R');
INSERT INTO veiculo (renavam, placa, ano, idCategoria, idProprietario, idModelo, idCidade, dataCompra, dataAquisicao, valor, situacao) VALUES ('74878816996', 'JWX1699', 1978, 4, 527, 4953, 'CPV', '1978-08-16', '1978-08-16', '50152.16', 'R');
INSERT INTO veiculo (renavam, placa, ano, idCategoria, idProprietario, idModelo, idCidade, dataCompra, dataAquisicao, valor, situacao) VALUES ('85847860700', 'UTN6070', 2016, 34, 259, 1305, 'NBA', '2016-05-05', '2016-05-05', '56266.27', 'R');
INSERT INTO veiculo (renavam, placa, ano, idCategoria, idProprietario, idModelo, idCidade, dataCompra, dataAquisicao, valor, situacao) VALUES ('83828315674', 'SRS1567', 1987, 17, 361, 2976, 'CTC', '1987-06-04', '1987-06-04', '79809.27', 'R');
INSERT INTO veiculo (renavam, placa, ano, idCategoria, idProprietario, idModelo, idCidade, dataCompra, dataAquisicao, valor, situacao) VALUES ('71726647690', 'GHB4769', 1985, 34, 389, 180, 'LSS', '1985-03-18', '1985-03-18', '78123.33', 'R');
INSERT INTO veiculo (renavam, placa, ano, idCategoria, idProprietario, idModelo, idCidade, dataCompra, dataAquisicao, valor, situacao) VALUES ('83748285396', 'SJR8539', 2006, 16, 559, 2453, 'CPA', '2006-06-11', '2006-06-11', '72968.1', 'R');
INSERT INTO veiculo (renavam, placa, ano, idCategoria, idProprietario, idModelo, idCidade, dataCompra, dataAquisicao, valor, situacao) VALUES ('88798402206', 'XOT0220', 1999, 3, 158, 208, 'CPA', '1999-08-09', '1999-08-09', '8126.27', 'R');
INSERT INTO veiculo (renavam, placa, ano, idCategoria, idProprietario, idModelo, idCidade, dataCompra, dataAquisicao, valor, situacao) VALUES ('75668881331', 'KBX8133', 1983, 25, 383, 1005, 'RPS', '1983-11-28', '1983-11-28', '1975.88', 'R');
INSERT INTO veiculo (renavam, placa, ano, idCategoria, idProprietario, idModelo, idCidade, dataCompra, dataAquisicao, valor, situacao) VALUES ('82687991344', 'RDO9134', 2002, 17, 291, 622, 'DIP', '2002-09-30', '2002-09-30', '7477.21', 'R');
INSERT INTO veiculo (renavam, placa, ano, idCategoria, idProprietario, idModelo, idCidade, dataCompra, dataAquisicao, valor, situacao) VALUES ('83848213052', 'STR1305', 2012, 6, 250, 2157, 'CPS', '2012-10-18', '2012-10-18', '92418.88', 'R');
INSERT INTO veiculo (renavam, placa, ano, idCategoria, idProprietario, idModelo, idCidade, dataCompra, dataAquisicao, valor, situacao) VALUES ('68858468475', 'DUT6847', 1980, 29, 514, 422, 'MTG', '1980-05-10', '1980-05-10', '19954.5', 'R');
INSERT INTO veiculo (renavam, placa, ano, idCategoria, idProprietario, idModelo, idCidade, dataCompra, dataAquisicao, valor, situacao) VALUES ('90868567561', 'ZVU6756', 1976, 30, 541, 2681, 'GCS', '1976-06-09', '1976-06-09', '64897.42', 'R');
INSERT INTO veiculo (renavam, placa, ano, idCategoria, idProprietario, idModelo, idCidade, dataCompra, dataAquisicao, valor, situacao) VALUES ('668473990810', 'BTI9908', 1986, 17, 566, 3003, 'MOD', '1986-12-15', '1986-12-15', '14195.9', 'R');
INSERT INTO veiculo (renavam, placa, ano, idCategoria, idProprietario, idModelo, idCidade, dataCompra, dataAquisicao, valor, situacao) VALUES ('82727988438', 'RHO8843', 1999, 25, 107, 4948, 'TCD', '1999-04-08', '1999-04-08', '6918.83', 'R');
INSERT INTO veiculo (renavam, placa, ano, idCategoria, idProprietario, idModelo, idCidade, dataCompra, dataAquisicao, valor, situacao) VALUES ('83728421987', 'SHT2198', 1980, 33, 375, 1333, 'BRS', '1980-08-26', '1980-08-26', '21000.95', 'R');
INSERT INTO veiculo (renavam, placa, ano, idCategoria, idProprietario, idModelo, idCidade, dataCompra, dataAquisicao, valor, situacao) VALUES ('71726810214', 'GHD1021', 1976, 35, 460, 2902, 'MAS', '1976-06-14', '1976-06-14', '15389.74', 'R');
INSERT INTO veiculo (renavam, placa, ano, idCategoria, idProprietario, idModelo, idCidade, dataCompra, dataAquisicao, valor, situacao) VALUES ('82736534851', 'RIA3485', 1991, 2, 88, 2680, 'GDC', '1991-07-28', '1991-07-28', '23574.24', 'R');
INSERT INTO veiculo (renavam, placa, ano, idCategoria, idProprietario, idModelo, idCidade, dataCompra, dataAquisicao, valor, situacao) VALUES ('89688474502', 'YDT7450', 2010, 3, 53, 998, 'DFP', '2010-05-31', '2010-05-31', '34991.63', 'R');
INSERT INTO veiculo (renavam, placa, ano, idCategoria, idProprietario, idModelo, idCidade, dataCompra, dataAquisicao, valor, situacao) VALUES ('90867787711', 'ZVM8771', 2007, 14, 40, 4370, 'RPS', '2007-08-04', '2007-08-04', '98014.78', 'R');
INSERT INTO veiculo (renavam, placa, ano, idCategoria, idProprietario, idModelo, idCidade, dataCompra, dataAquisicao, valor, situacao) VALUES ('67758255641', 'CKR5564', 1977, 2, 318, 2179, 'TSP', '1977-02-21', '1977-02-21', '26063.26', 'R');
INSERT INTO veiculo (renavam, placa, ano, idCategoria, idProprietario, idModelo, idCidade, dataCompra, dataAquisicao, valor, situacao) VALUES ('74878995130', 'JWY9513', 1976, 33, 117, 2927, 'GOP', '1976-08-01', '1976-08-01', '39194.8', 'R');
INSERT INTO veiculo (renavam, placa, ano, idCategoria, idProprietario, idModelo, idCidade, dataCompra, dataAquisicao, valor, situacao) VALUES ('70808774272', 'FPW7427', 1991, 5, 539, 374, 'CAF', '1991-11-20', '1991-11-20', '21456.55', 'R');
INSERT INTO veiculo (renavam, placa, ano, idCategoria, idProprietario, idModelo, idCidade, dataCompra, dataAquisicao, valor, situacao) VALUES ('78687272390', 'NDH7239', 1972, 30, 490, 3201, 'CAG', '1972-09-06', '1972-09-06', '91195.68', 'R');
INSERT INTO veiculo (renavam, placa, ano, idCategoria, idProprietario, idModelo, idCidade, dataCompra, dataAquisicao, valor, situacao) VALUES ('68857881360', 'DUN8136', 1986, 25, 176, 4953, 'MLG', '1986-11-15', '1986-11-15', '37711.34', 'R');
INSERT INTO veiculo (renavam, placa, ano, idCategoria, idProprietario, idModelo, idCidade, dataCompra, dataAquisicao, valor, situacao) VALUES ('74698056764', 'JEP5676', 1976, 35, 129, 219, 'VDS', '1976-08-16', '1976-08-16', '23652.4', 'R');
INSERT INTO veiculo (renavam, placa, ano, idCategoria, idProprietario, idModelo, idCidade, dataCompra, dataAquisicao, valor, situacao) VALUES ('74827096783', 'JRF9678', 1978, 20, 75, 846, 'RCC', '1978-01-10', '1978-01-10', '98930.62', 'R');
INSERT INTO veiculo (renavam, placa, ano, idCategoria, idProprietario, idModelo, idCidade, dataCompra, dataAquisicao, valor, situacao) VALUES ('85857005579', 'UUF0557', 1989, 20, 171, 4945, 'LSP', '1989-11-30', '1989-11-30', '50774.12', 'R');
INSERT INTO veiculo (renavam, placa, ano, idCategoria, idProprietario, idModelo, idCidade, dataCompra, dataAquisicao, valor, situacao) VALUES ('70658609808', 'FAV0980', 2016, 16, 26, 1851, 'NVG', '2016-07-07', '2016-07-07', '38309.83', 'R');
INSERT INTO veiculo (renavam, placa, ano, idCategoria, idProprietario, idModelo, idCidade, dataCompra, dataAquisicao, valor, situacao) VALUES ('87717120711', 'WGG2071', 1988, 25, 284, 2301, 'RMM', '1988-04-03', '1988-04-03', '62365.44', 'R');
INSERT INTO veiculo (renavam, placa, ano, idCategoria, idProprietario, idModelo, idCidade, dataCompra, dataAquisicao, valor, situacao) VALUES ('88818672599', 'XQV7259', 1971, 19, 501, 1283, 'SEN', '1971-02-24', '1971-02-24', '39295.1', 'R');
INSERT INTO veiculo (renavam, placa, ano, idCategoria, idProprietario, idModelo, idCidade, dataCompra, dataAquisicao, valor, situacao) VALUES ('79808601916', 'OPV0191', 2011, 30, 359, 1020, 'CAF', '2011-04-19', '2011-04-19', '89612.22', 'R');
INSERT INTO veiculo (renavam, placa, ano, idCategoria, idProprietario, idModelo, idCidade, dataCompra, dataAquisicao, valor, situacao) VALUES ('68737575564', 'DIK7556', 1994, 24, 209, 1209, 'VPA', '1994-08-31', '1994-08-31', '6178.66', 'R');
INSERT INTO veiculo (renavam, placa, ano, idCategoria, idProprietario, idModelo, idCidade, dataCompra, dataAquisicao, valor, situacao) VALUES ('77866658686', 'MVB5868', 1985, 8, 24, 3001, 'NAG', '1985-01-07', '1985-01-07', '9747.55', 'R');
INSERT INTO veiculo (renavam, placa, ano, idCategoria, idProprietario, idModelo, idCidade, dataCompra, dataAquisicao, valor, situacao) VALUES ('88838250851', 'XSR5085', 1992, 26, 390, 2816, 'RMD', '1992-12-29', '1992-12-29', '13174.47', 'R');
INSERT INTO veiculo (renavam, placa, ano, idCategoria, idProprietario, idModelo, idCidade, dataCompra, dataAquisicao, valor, situacao) VALUES ('72868420155', 'HVT2015', 2018, 35, 21, 2152, 'VPP', '2018-09-14', '2018-09-14', '86013.43', 'R');
INSERT INTO veiculo (renavam, placa, ano, idCategoria, idProprietario, idModelo, idCidade, dataCompra, dataAquisicao, valor, situacao) VALUES ('74808447967', 'JPT4796', 1990, 21, 515, 1015, 'LSS', '1990-12-22', '1990-12-22', '69947.44', 'R');
INSERT INTO veiculo (renavam, placa, ano, idCategoria, idProprietario, idModelo, idCidade, dataCompra, dataAquisicao, valor, situacao) VALUES ('78888665608', 'NXV6560', 1977, 20, 233, 1288, 'ANM', '1977-10-18', '1977-10-18', '42995.96', 'R');
INSERT INTO veiculo (renavam, placa, ano, idCategoria, idProprietario, idModelo, idCidade, dataCompra, dataAquisicao, valor, situacao) VALUES ('74846976556', 'JTE7655', 2019, 14, 290, 2314, 'LRA', '2019-07-06', '2019-07-06', '63327.25', 'R');
INSERT INTO veiculo (renavam, placa, ano, idCategoria, idProprietario, idModelo, idCidade, dataCompra, dataAquisicao, valor, situacao) VALUES ('89796836878', 'YOD3687', 1974, 5, 46, 2446, 'BVM', '1974-04-11', '1974-04-11', '96589.25', 'R');
INSERT INTO veiculo (renavam, placa, ano, idCategoria, idProprietario, idModelo, idCidade, dataCompra, dataAquisicao, valor, situacao) VALUES ('70737302845', 'FII0284', 2016, 30, 257, 5022, 'BTA', '2016-12-08', '2016-12-08', '7717.36', 'R');
INSERT INTO veiculo (renavam, placa, ano, idCategoria, idProprietario, idModelo, idCidade, dataCompra, dataAquisicao, valor, situacao) VALUES ('90758816362', 'ZKX1636', 2017, 18, 524, 2594, 'CPO', '2017-09-11', '2017-09-11', '20535.25', 'R');
INSERT INTO veiculo (renavam, placa, ano, idCategoria, idProprietario, idModelo, idCidade, dataCompra, dataAquisicao, valor, situacao) VALUES ('90706506214', 'ZFA0621', 1999, 12, 409, 3178, 'LMP', '1999-01-20', '1999-01-20', '48798.56', 'R');
INSERT INTO veiculo (renavam, placa, ano, idCategoria, idProprietario, idModelo, idCidade, dataCompra, dataAquisicao, valor, situacao) VALUES ('88846889696', 'XTD8969', 1980, 14, 295, 602, 'VPM', '1980-06-08', '1980-06-08', '5413.2', 'R');
INSERT INTO veiculo (renavam, placa, ano, idCategoria, idProprietario, idModelo, idCidade, dataCompra, dataAquisicao, valor, situacao) VALUES ('70717857124', 'FGN5712', 1982, 22, 489, 725, 'NMM', '1982-06-11', '1982-06-11', '36896.35', 'R');
INSERT INTO veiculo (renavam, placa, ano, idCategoria, idProprietario, idModelo, idCidade, dataCompra, dataAquisicao, valor, situacao) VALUES ('79878298058', 'OWR9805', 1975, 13, 304, 769, 'VPA', '1975-12-06', '1975-12-06', '35470.6', 'R');
INSERT INTO veiculo (renavam, placa, ano, idCategoria, idProprietario, idModelo, idCidade, dataCompra, dataAquisicao, valor, situacao) VALUES ('73897540234', 'IYK4023', 1986, 9, 54, 2409, 'PSO', '1986-03-03', '1986-03-03', '64833.66', 'R');
INSERT INTO veiculo (renavam, placa, ano, idCategoria, idProprietario, idModelo, idCidade, dataCompra, dataAquisicao, valor, situacao) VALUES ('68736543227', 'DIA4322', 1990, 8, 508, 222, 'RAA', '1990-10-23', '1990-10-23', '75422.6', 'R');
INSERT INTO veiculo (renavam, placa, ano, idCategoria, idProprietario, idModelo, idCidade, dataCompra, dataAquisicao, valor, situacao) VALUES ('70657529495', 'FAK2949', 1984, 12, 201, 4401, 'SGO', '1984-05-18', '1984-05-18', '65281.33', 'R');
INSERT INTO veiculo (renavam, placa, ano, idCategoria, idProprietario, idModelo, idCidade, dataCompra, dataAquisicao, valor, situacao) VALUES ('71668572263', 'GBU7226', 1970, 20, 343, 2852, 'LFG', '1970-09-07', '1970-09-07', '29572.27', 'R');
INSERT INTO veiculo (renavam, placa, ano, idCategoria, idProprietario, idModelo, idCidade, dataCompra, dataAquisicao, valor, situacao) VALUES ('77756879289', 'MKD7928', 2010, 29, 487, 4369, 'JPV', '2010-03-07', '2010-03-07', '88602.54', 'R');
INSERT INTO veiculo (renavam, placa, ano, idCategoria, idProprietario, idModelo, idCidade, dataCompra, dataAquisicao, valor, situacao) VALUES ('71698525204', 'GEU2520', 2014, 13, 388, 2310, 'FPG', '2014-10-28', '2014-10-28', '7089.77', 'R');
INSERT INTO veiculo (renavam, placa, ano, idCategoria, idProprietario, idModelo, idCidade, dataCompra, dataAquisicao, valor, situacao) VALUES ('77748923452', 'MJY2345', 1988, 10, 328, 602, 'RGA', '1988-12-18', '1988-12-18', '43311.39', 'R');
INSERT INTO veiculo (renavam, placa, ano, idCategoria, idProprietario, idModelo, idCidade, dataCompra, dataAquisicao, valor, situacao) VALUES ('76697138666', 'LEG3866', 2017, 30, 129, 1157, 'VDS', '2017-08-10', '2017-08-10', '45692.62', 'R');
INSERT INTO veiculo (renavam, placa, ano, idCategoria, idProprietario, idModelo, idCidade, dataCompra, dataAquisicao, valor, situacao) VALUES ('78897014193', 'NYF1419', 1999, 25, 229, 2240, 'LMS', '1999-06-14', '1999-06-14', '71041.78', 'R');
INSERT INTO veiculo (renavam, placa, ano, idCategoria, idProprietario, idModelo, idCidade, dataCompra, dataAquisicao, valor, situacao) VALUES ('77746612905', 'MJB1290', 2007, 31, 320, 372, 'AAP', '2007-12-17', '2007-12-17', '30711.5', 'R');
INSERT INTO veiculo (renavam, placa, ano, idCategoria, idProprietario, idModelo, idCidade, dataCompra, dataAquisicao, valor, situacao) VALUES ('76898683823', 'LYV8382', 1993, 29, 281, 815, 'VLP', '1993-01-12', '1993-01-12', '90174.76', 'R');
INSERT INTO veiculo (renavam, placa, ano, idCategoria, idProprietario, idModelo, idCidade, dataCompra, dataAquisicao, valor, situacao) VALUES ('88897228573', 'XYH2857', 2006, 4, 222, 2135, 'MSO', '2006-12-16', '2006-12-16', '3400.7', 'R');
INSERT INTO veiculo (renavam, placa, ano, idCategoria, idProprietario, idModelo, idCidade, dataCompra, dataAquisicao, valor, situacao) VALUES ('88798178926', 'XOQ7892', 1978, 21, 129, 1902, 'VDS', '1978-12-30', '1978-12-30', '80000.82', 'R');
INSERT INTO veiculo (renavam, placa, ano, idCategoria, idProprietario, idModelo, idCidade, dataCompra, dataAquisicao, valor, situacao) VALUES ('71767376020', 'GLI7602', 2016, 18, 294, 2503, 'RSD', '2016-12-21', '2016-12-21', '61329.15', 'R');
INSERT INTO veiculo (renavam, placa, ano, idCategoria, idProprietario, idModelo, idCidade, dataCompra, dataAquisicao, valor, situacao) VALUES ('76838097782', 'LSP9778', 2006, 28, 91, 243, 'FVV', '2006-10-22', '2006-10-22', '27721.91', 'R');
INSERT INTO veiculo (renavam, placa, ano, idCategoria, idProprietario, idModelo, idCidade, dataCompra, dataAquisicao, valor, situacao) VALUES ('90706905712', 'ZFE0571', 2006, 35, 309, 1156, 'COF', '2006-03-27', '2006-03-27', '30264.29', 'R');
INSERT INTO veiculo (renavam, placa, ano, idCategoria, idProprietario, idModelo, idCidade, dataCompra, dataAquisicao, valor, situacao) VALUES ('77798990315', 'MOY9031', 2018, 28, 70, 1694, 'PNN', '2018-04-02', '2018-04-02', '63573.26', 'R');
INSERT INTO veiculo (renavam, placa, ano, idCategoria, idProprietario, idModelo, idCidade, dataCompra, dataAquisicao, valor, situacao) VALUES ('66828687385', 'BRV8738', 1984, 27, 563, 2932, 'MDP', '1984-07-25', '1984-07-25', '68058.28', 'R');
INSERT INTO veiculo (renavam, placa, ano, idCategoria, idProprietario, idModelo, idCidade, dataCompra, dataAquisicao, valor, situacao) VALUES ('84807851613', 'TPN5161', 1982, 17, 321, 104, 'BSA', '1982-08-22', '1982-08-22', '34061.81', 'R');
INSERT INTO veiculo (renavam, placa, ano, idCategoria, idProprietario, idModelo, idCidade, dataCompra, dataAquisicao, valor, situacao) VALUES ('87816525329', 'WQA2532', 1987, 9, 421, 2314, 'CMM', '1987-08-22', '1987-08-22', '7616.22', 'R');
INSERT INTO veiculo (renavam, placa, ano, idCategoria, idProprietario, idModelo, idCidade, dataCompra, dataAquisicao, valor, situacao) VALUES ('82858145620', 'RUQ4562', 2003, 14, 102, 772, 'PPP', '2003-03-11', '2003-03-11', '80434.58', 'R');
INSERT INTO veiculo (renavam, placa, ano, idCategoria, idProprietario, idModelo, idCidade, dataCompra, dataAquisicao, valor, situacao) VALUES ('80887024899', 'PXF2489', 2017, 11, 293, 2685, 'SAS', '2017-09-11', '2017-09-11', '11819.14', 'R');
INSERT INTO veiculo (renavam, placa, ano, idCategoria, idProprietario, idModelo, idCidade, dataCompra, dataAquisicao, valor, situacao) VALUES ('88737023930', 'XIF2393', 2006, 7, 467, 1210, 'GGS', '2006-02-25', '2006-02-25', '11538.81', 'R');
INSERT INTO veiculo (renavam, placa, ano, idCategoria, idProprietario, idModelo, idCidade, dataCompra, dataAquisicao, valor, situacao) VALUES ('81717749572', 'QGM4957', 1988, 17, 480, 1404, 'RDC', '1988-03-31', '1988-03-31', '79290.37', 'R');
INSERT INTO veiculo (renavam, placa, ano, idCategoria, idProprietario, idModelo, idCidade, dataCompra, dataAquisicao, valor, situacao) VALUES ('74858208095', 'JUR0809', 2010, 35, 369, 2769, 'NAG', '2010-03-22', '2010-03-22', '45919.55', 'R');
INSERT INTO veiculo (renavam, placa, ano, idCategoria, idProprietario, idModelo, idCidade, dataCompra, dataAquisicao, valor, situacao) VALUES ('67669033988', 'CBZ3398', 1989, 12, 517, 932, 'SEN', '1989-04-14', '1989-04-14', '83694.34', 'R');
INSERT INTO veiculo (renavam, placa, ano, idCategoria, idProprietario, idModelo, idCidade, dataCompra, dataAquisicao, valor, situacao) VALUES ('85856980357', 'UUE8035', 1989, 34, 54, 4994, 'PSO', '1989-01-19', '1989-01-19', '85239.97', 'R');
INSERT INTO veiculo (renavam, placa, ano, idCategoria, idProprietario, idModelo, idCidade, dataCompra, dataAquisicao, valor, situacao) VALUES ('73748324564', 'IJS2456', 1996, 28, 192, 2481, 'NGG', '1996-01-08', '1996-01-08', '38167.17', 'R');
INSERT INTO veiculo (renavam, placa, ano, idCategoria, idProprietario, idModelo, idCidade, dataCompra, dataAquisicao, valor, situacao) VALUES ('65758083054', 'AKP8305', 1983, 33, 251, 2495, 'BVM', '1983-01-09', '1983-01-09', '40073.91', 'R');
INSERT INTO veiculo (renavam, placa, ano, idCategoria, idProprietario, idModelo, idCidade, dataCompra, dataAquisicao, valor, situacao) VALUES ('72747644699', 'HJL4469', 2001, 3, 344, 1245, 'FIP', '2001-06-23', '2001-06-23', '12124.36', 'R');
INSERT INTO veiculo (renavam, placa, ano, idCategoria, idProprietario, idModelo, idCidade, dataCompra, dataAquisicao, valor, situacao) VALUES ('81688042402', 'QDP4240', 2002, 12, 494, 2025, 'COS', '2002-10-02', '2002-10-02', '72454.69', 'R');
INSERT INTO veiculo (renavam, placa, ano, idCategoria, idProprietario, idModelo, idCidade, dataCompra, dataAquisicao, valor, situacao) VALUES ('80787961165', 'PNO6116', 2008, 8, 158, 988, 'CPA', '2008-01-24', '2008-01-24', '38253.81', 'R');
INSERT INTO veiculo (renavam, placa, ano, idCategoria, idProprietario, idModelo, idCidade, dataCompra, dataAquisicao, valor, situacao) VALUES ('796586885410', 'OAV8854', 1992, 34, 22, 1316, 'FPC', '1992-05-01', '1992-05-01', '75201.83', 'R');
INSERT INTO veiculo (renavam, placa, ano, idCategoria, idProprietario, idModelo, idCidade, dataCompra, dataAquisicao, valor, situacao) VALUES ('65806591344', 'APA9134', 2003, 9, 275, 620, 'NDC', '2003-12-27', '2003-12-27', '5413.18', 'R');
INSERT INTO veiculo (renavam, placa, ano, idCategoria, idProprietario, idModelo, idCidade, dataCompra, dataAquisicao, valor, situacao) VALUES ('86806633430', 'VPB3343', 1989, 35, 54, 1286, 'PSO', '1989-11-23', '1989-11-23', '16306.72', 'R');
INSERT INTO veiculo (renavam, placa, ano, idCategoria, idProprietario, idModelo, idCidade, dataCompra, dataAquisicao, valor, situacao) VALUES ('67806873192', 'CPD7319', 2013, 35, 402, 1454, 'VSG', '2013-01-19', '2013-01-19', '69257.72', 'R');
INSERT INTO veiculo (renavam, placa, ano, idCategoria, idProprietario, idModelo, idCidade, dataCompra, dataAquisicao, valor, situacao) VALUES ('88857887355', 'XUN8735', 1997, 6, 260, 2716, 'SLP', '1997-05-31', '1997-05-31', '78345.12', 'R');
INSERT INTO veiculo (renavam, placa, ano, idCategoria, idProprietario, idModelo, idCidade, dataCompra, dataAquisicao, valor, situacao) VALUES ('88838194692', 'XSQ9469', 1973, 4, 517, 341, 'SEN', '1973-09-25', '1973-09-25', '63992.34', 'R');
INSERT INTO veiculo (renavam, placa, ano, idCategoria, idProprietario, idModelo, idCidade, dataCompra, dataAquisicao, valor, situacao) VALUES ('71798509855', 'GOU0985', 1992, 31, 302, 2923, 'CSG', '1992-04-08', '1992-04-08', '21990.6', 'R');
INSERT INTO veiculo (renavam, placa, ano, idCategoria, idProprietario, idModelo, idCidade, dataCompra, dataAquisicao, valor, situacao) VALUES ('83798758581', 'SOW5858', 2005, 28, 495, 613, 'PRS', '2005-03-08', '2005-03-08', '34452.91', 'R');
INSERT INTO veiculo (renavam, placa, ano, idCategoria, idProprietario, idModelo, idCidade, dataCompra, dataAquisicao, valor, situacao) VALUES ('79718581932', 'OGU8193', 1978, 25, 158, 2432, 'CPA', '1978-05-24', '1978-05-24', '2905.23', 'R');
INSERT INTO veiculo (renavam, placa, ano, idCategoria, idProprietario, idModelo, idCidade, dataCompra, dataAquisicao, valor, situacao) VALUES ('72728070305', 'HHP7030', 1991, 3, 507, 1067, 'SDS', '1991-03-09', '1991-03-09', '19932.55', 'R');
INSERT INTO veiculo (renavam, placa, ano, idCategoria, idProprietario, idModelo, idCidade, dataCompra, dataAquisicao, valor, situacao) VALUES ('83687163644', 'SDG6364', 1992, 28, 160, 1003, 'MOG', '1992-10-13', '1992-10-13', '50400.6', 'R');
INSERT INTO veiculo (renavam, placa, ano, idCategoria, idProprietario, idModelo, idCidade, dataCompra, dataAquisicao, valor, situacao) VALUES ('66797577206', 'BOK7720', 1994, 22, 272, 1633, 'JCG', '1994-05-16', '1994-05-16', '7302.38', 'R');
INSERT INTO veiculo (renavam, placa, ano, idCategoria, idProprietario, idModelo, idCidade, dataCompra, dataAquisicao, valor, situacao) VALUES ('67697925561', 'CEO2556', 1983, 4, 310, 354, 'PAS', '1983-07-28', '1983-07-28', '20617.86', 'R');
INSERT INTO veiculo (renavam, placa, ano, idCategoria, idProprietario, idModelo, idCidade, dataCompra, dataAquisicao, valor, situacao) VALUES ('80667050343', 'PBF5034', 2000, 17, 470, 766, 'CEA', '2000-04-13', '2000-04-13', '17362.33', 'R');
INSERT INTO veiculo (renavam, placa, ano, idCategoria, idProprietario, idModelo, idCidade, dataCompra, dataAquisicao, valor, situacao) VALUES ('87866908027', 'WVE0802', 2007, 12, 57, 727, 'AJG', '2007-03-07', '2007-03-07', '58799.93', 'R');
INSERT INTO veiculo (renavam, placa, ano, idCategoria, idProprietario, idModelo, idCidade, dataCompra, dataAquisicao, valor, situacao) VALUES ('85797345875', 'UOI4587', 1973, 6, 183, 807, 'ASF', '1973-05-07', '1973-05-07', '1697.3', 'R');
INSERT INTO veiculo (renavam, placa, ano, idCategoria, idProprietario, idModelo, idCidade, dataCompra, dataAquisicao, valor, situacao) VALUES ('71738428999', 'GIT2899', 1973, 18, 311, 997, 'PMM', '1973-09-02', '1973-09-02', '13644.6', 'R');
INSERT INTO veiculo (renavam, placa, ano, idCategoria, idProprietario, idModelo, idCidade, dataCompra, dataAquisicao, valor, situacao) VALUES ('71836668463', 'GSB6846', 1992, 26, 106, 3153, 'GVP', '1992-01-21', '1992-01-21', '53378.35', 'R');
INSERT INTO veiculo (renavam, placa, ano, idCategoria, idProprietario, idModelo, idCidade, dataCompra, dataAquisicao, valor, situacao) VALUES ('78657766034', 'NAM6603', 2006, 29, 386, 2783, 'FOD', '2006-09-25', '2006-09-25', '95931.93', 'R');
INSERT INTO veiculo (renavam, placa, ano, idCategoria, idProprietario, idModelo, idCidade, dataCompra, dataAquisicao, valor, situacao) VALUES ('82757243201', 'RKH4320', 2000, 14, 520, 407, 'FAM', '2000-09-11', '2000-09-11', '79648.53', 'R');
INSERT INTO veiculo (renavam, placa, ano, idCategoria, idProprietario, idModelo, idCidade, dataCompra, dataAquisicao, valor, situacao) VALUES ('72826944644', 'HRE4464', 1991, 12, 87, 4390, 'CAG', '1991-07-07', '1991-07-07', '91042.39', 'R');
INSERT INTO veiculo (renavam, placa, ano, idCategoria, idProprietario, idModelo, idCidade, dataCompra, dataAquisicao, valor, situacao) VALUES ('75718653620', 'KGV5362', 1976, 4, 124, 2633, 'MFP', '1976-07-31', '1976-07-31', '83057.31', 'R');
INSERT INTO veiculo (renavam, placa, ano, idCategoria, idProprietario, idModelo, idCidade, dataCompra, dataAquisicao, valor, situacao) VALUES ('79708071826', 'OFP7182', 1979, 1, 175, 1014, 'SNP', '1979-02-19', '1979-02-19', '98963.76', 'R');
INSERT INTO veiculo (renavam, placa, ano, idCategoria, idProprietario, idModelo, idCidade, dataCompra, dataAquisicao, valor, situacao) VALUES ('75797257049', 'KOH5704', 1984, 1, 245, 2000, 'VDO', '1984-12-28', '1984-12-28', '90539.63', 'R');
INSERT INTO veiculo (renavam, placa, ano, idCategoria, idProprietario, idModelo, idCidade, dataCompra, dataAquisicao, valor, situacao) VALUES ('75797719026', 'KOM1902', 2017, 22, 146, 2965, 'NAS', '2017-09-18', '2017-09-18', '84029.71', 'R');
INSERT INTO veiculo (renavam, placa, ano, idCategoria, idProprietario, idModelo, idCidade, dataCompra, dataAquisicao, valor, situacao) VALUES ('83718962462', 'SGY6246', 1976, 6, 102, 2139, 'PPP', '1976-08-25', '1976-08-25', '32281.77', 'R');
INSERT INTO veiculo (renavam, placa, ano, idCategoria, idProprietario, idModelo, idCidade, dataCompra, dataAquisicao, valor, situacao) VALUES ('75788588585', 'KNU8858', 2001, 26, 78, 4917, 'AIM', '2001-09-20', '2001-09-20', '20479.68', 'R');
INSERT INTO veiculo (renavam, placa, ano, idCategoria, idProprietario, idModelo, idCidade, dataCompra, dataAquisicao, valor, situacao) VALUES ('77766879915', 'MLD7991', 1984, 2, 155, 269, 'LFG', '1984-07-01', '1984-07-01', '72858.26', 'R');
INSERT INTO veiculo (renavam, placa, ano, idCategoria, idProprietario, idModelo, idCidade, dataCompra, dataAquisicao, valor, situacao) VALUES ('82766739907', 'RLC3990', 1999, 32, 14, 1317, 'AIM', '1999-02-28', '1999-02-28', '59948.63', 'R');
INSERT INTO veiculo (renavam, placa, ano, idCategoria, idProprietario, idModelo, idCidade, dataCompra, dataAquisicao, valor, situacao) VALUES ('827068506410', 'RFD5064', 2006, 5, 566, 2971, 'MOD', '2006-10-23', '2006-10-23', '56162.98', 'R');
INSERT INTO veiculo (renavam, placa, ano, idCategoria, idProprietario, idModelo, idCidade, dataCompra, dataAquisicao, valor, situacao) VALUES ('88857085453', 'XUF8545', 2006, 7, 288, 4406, 'SAA', '2006-06-09', '2006-06-09', '37506.58', 'R');
INSERT INTO veiculo (renavam, placa, ano, idCategoria, idProprietario, idModelo, idCidade, dataCompra, dataAquisicao, valor, situacao) VALUES ('77817351289', 'MQI5128', 1986, 8, 153, 2977, 'COM', '1986-08-24', '1986-08-24', '50989.5', 'R');
INSERT INTO veiculo (renavam, placa, ano, idCategoria, idProprietario, idModelo, idCidade, dataCompra, dataAquisicao, valor, situacao) VALUES ('65888985775', 'AXY8577', 2005, 7, 364, 5015, 'PMG', '2005-07-12', '2005-07-12', '11450.9', 'R');
INSERT INTO veiculo (renavam, placa, ano, idCategoria, idProprietario, idModelo, idCidade, dataCompra, dataAquisicao, valor, situacao) VALUES ('79776818354', 'OMD1835', 1973, 26, 90, 2517, 'BAS', '1973-08-29', '1973-08-29', '54996.28', 'R');
INSERT INTO veiculo (renavam, placa, ano, idCategoria, idProprietario, idModelo, idCidade, dataCompra, dataAquisicao, valor, situacao) VALUES ('90736505887', 'ZIA0588', 2019, 28, 517, 2123, 'SEN', '2019-03-31', '2019-03-31', '76189.87', 'R');
INSERT INTO veiculo (renavam, placa, ano, idCategoria, idProprietario, idModelo, idCidade, dataCompra, dataAquisicao, valor, situacao) VALUES ('82857162270', 'RUG6227', 1999, 24, 290, 1671, 'LRA', '1999-06-24', '1999-06-24', '49092.2', 'R');
INSERT INTO veiculo (renavam, placa, ano, idCategoria, idProprietario, idModelo, idCidade, dataCompra, dataAquisicao, valor, situacao) VALUES ('74887422946', 'JXJ2294', 1975, 19, 433, 2682, 'CTV', '1975-02-27', '1975-02-27', '38293.74', 'R');
INSERT INTO veiculo (renavam, placa, ano, idCategoria, idProprietario, idModelo, idCidade, dataCompra, dataAquisicao, valor, situacao) VALUES ('84747883654', 'TJN8365', 1989, 22, 476, 2155, 'COS', '1989-12-21', '1989-12-21', '39275.46', 'R');
INSERT INTO veiculo (renavam, placa, ano, idCategoria, idProprietario, idModelo, idCidade, dataCompra, dataAquisicao, valor, situacao) VALUES ('70687909342', 'FDO0934', 1985, 18, 29, 14, 'BAG', '1985-04-10', '1985-04-10', '66323.87', 'R');
INSERT INTO veiculo (renavam, placa, ano, idCategoria, idProprietario, idModelo, idCidade, dataCompra, dataAquisicao, valor, situacao) VALUES ('79888647241', 'OXV4724', 1990, 9, 440, 1841, 'CDG', '1990-02-10', '1990-02-10', '53113.6', 'R');
INSERT INTO veiculo (renavam, placa, ano, idCategoria, idProprietario, idModelo, idCidade, dataCompra, dataAquisicao, valor, situacao) VALUES ('74657250086', 'JAH5008', 2008, 17, 272, 2235, 'JCG', '2008-03-09', '2008-03-09', '84361.41', 'R');
INSERT INTO veiculo (renavam, placa, ano, idCategoria, idProprietario, idModelo, idCidade, dataCompra, dataAquisicao, valor, situacao) VALUES ('78748764964', 'NJW6496', 1988, 31, 106, 1755, 'GVP', '1988-02-12', '1988-02-12', '20904.41', 'R');
INSERT INTO veiculo (renavam, placa, ano, idCategoria, idProprietario, idModelo, idCidade, dataCompra, dataAquisicao, valor, situacao) VALUES ('67737908212', 'CIO0821', 2002, 19, 300, 2304, 'PEO', '2002-06-08', '2002-06-08', '71417.67', 'R');
INSERT INTO veiculo (renavam, placa, ano, idCategoria, idProprietario, idModelo, idCidade, dataCompra, dataAquisicao, valor, situacao) VALUES ('82657380355', 'RAI8035', 2001, 35, 291, 226, 'DIP', '2001-04-22', '2001-04-22', '33980.6', 'R');
INSERT INTO veiculo (renavam, placa, ano, idCategoria, idProprietario, idModelo, idCidade, dataCompra, dataAquisicao, valor, situacao) VALUES ('74728509214', 'JHU0921', 1999, 5, 103, 417, 'AIM', '1999-10-10', '1999-10-10', '979.52', 'R');
INSERT INTO veiculo (renavam, placa, ano, idCategoria, idProprietario, idModelo, idCidade, dataCompra, dataAquisicao, valor, situacao) VALUES ('89677948168', 'YCO4816', 1998, 5, 397, 939, 'JTM', '1998-02-20', '1998-02-20', '2611.89', 'R');
INSERT INTO veiculo (renavam, placa, ano, idCategoria, idProprietario, idModelo, idCidade, dataCompra, dataAquisicao, valor, situacao) VALUES ('84907154183', 'TZG5418', 1992, 10, 90, 1122, 'BAS', '1992-06-28', '1992-06-28', '92528.7', 'R');
INSERT INTO veiculo (renavam, placa, ano, idCategoria, idProprietario, idModelo, idCidade, dataCompra, dataAquisicao, valor, situacao) VALUES ('69898197748', 'EYQ9774', 1974, 7, 190, 3207, 'MPD', '1974-07-04', '1974-07-04', '4393.14', 'R');
INSERT INTO veiculo (renavam, placa, ano, idCategoria, idProprietario, idModelo, idCidade, dataCompra, dataAquisicao, valor, situacao) VALUES ('81748034117', 'QJP3411', 1982, 22, 15, 1020, 'FPF', '1982-06-22', '1982-06-22', '97661.37', 'R');
INSERT INTO veiculo (renavam, placa, ano, idCategoria, idProprietario, idModelo, idCidade, dataCompra, dataAquisicao, valor, situacao) VALUES ('73868036701', 'IVP3670', 1970, 30, 95, 981, 'OAS', '1970-08-07', '1970-08-07', '83563.45', 'R');
INSERT INTO veiculo (renavam, placa, ano, idCategoria, idProprietario, idModelo, idCidade, dataCompra, dataAquisicao, valor, situacao) VALUES ('70888418753', 'FXT1875', 2014, 16, 286, 1141, 'GSV', '2014-11-23', '2014-11-23', '15744.2', 'R');
INSERT INTO veiculo (renavam, placa, ano, idCategoria, idProprietario, idModelo, idCidade, dataCompra, dataAquisicao, valor, situacao) VALUES ('68678111021', 'DCQ1102', 2010, 15, 71, 1236, 'LGA', '2010-07-23', '2010-07-23', '46868.71', 'R');
INSERT INTO veiculo (renavam, placa, ano, idCategoria, idProprietario, idModelo, idCidade, dataCompra, dataAquisicao, valor, situacao) VALUES ('72827670920', 'HRL7092', 1998, 30, 386, 574, 'FOD', '1998-03-06', '1998-03-06', '77972.97', 'R');
INSERT INTO veiculo (renavam, placa, ano, idCategoria, idProprietario, idModelo, idCidade, dataCompra, dataAquisicao, valor, situacao) VALUES ('74827835225', 'JRN3522', 2007, 25, 559, 4959, 'CPA', '2007-12-11', '2007-12-11', '14610.2', 'R');
INSERT INTO veiculo (renavam, placa, ano, idCategoria, idProprietario, idModelo, idCidade, dataCompra, dataAquisicao, valor, situacao) VALUES ('80808193943', 'PPQ9394', 1994, 25, 137, 3008, 'VIV', '1994-04-26', '1994-04-26', '7399.54', 'R');
INSERT INTO veiculo (renavam, placa, ano, idCategoria, idProprietario, idModelo, idCidade, dataCompra, dataAquisicao, valor, situacao) VALUES ('67838310665', 'CSS1066', 1983, 1, 302, 417, 'CSG', '1983-09-24', '1983-09-24', '22700.77', 'R');
INSERT INTO veiculo (renavam, placa, ano, idCategoria, idProprietario, idModelo, idCidade, dataCompra, dataAquisicao, valor, situacao) VALUES ('67869059638', 'CVZ5963', 1988, 2, 276, 1298, 'FAM', '1988-12-19', '1988-12-19', '96956.25', 'R');
INSERT INTO veiculo (renavam, placa, ano, idCategoria, idProprietario, idModelo, idCidade, dataCompra, dataAquisicao, valor, situacao) VALUES ('71786958331', 'GNE5833', 1997, 14, 567, 951, 'FNG', '1997-03-13', '1997-03-13', '3990.96', 'R');
INSERT INTO veiculo (renavam, placa, ano, idCategoria, idProprietario, idModelo, idCidade, dataCompra, dataAquisicao, valor, situacao) VALUES ('85888639413', 'UXV3941', 1980, 6, 430, 1142, 'FIP', '1980-11-29', '1980-11-29', '99643.32', 'R');
INSERT INTO veiculo (renavam, placa, ano, idCategoria, idProprietario, idModelo, idCidade, dataCompra, dataAquisicao, valor, situacao) VALUES ('85888893476', 'UXX9347', 1983, 14, 501, 355, 'SEN', '1983-11-10', '1983-11-10', '1618.1', 'R');
INSERT INTO veiculo (renavam, placa, ano, idCategoria, idProprietario, idModelo, idCidade, dataCompra, dataAquisicao, valor, situacao) VALUES ('66738813047', 'BIX1304', 1989, 6, 555, 352, 'SGP', '1989-09-16', '1989-09-16', '60118.6', 'R');
INSERT INTO veiculo (renavam, placa, ano, idCategoria, idProprietario, idModelo, idCidade, dataCompra, dataAquisicao, valor, situacao) VALUES ('90826864916', 'ZRD6491', 2005, 19, 270, 2302, 'AGA', '2005-07-01', '2005-07-01', '65620.8', 'R');
INSERT INTO veiculo (renavam, placa, ano, idCategoria, idProprietario, idModelo, idCidade, dataCompra, dataAquisicao, valor, situacao) VALUES ('70768888337', 'FLX8833', 2014, 5, 149, 2878, 'VPM', '2014-01-25', '2014-01-25', '98737.9', 'R');
INSERT INTO veiculo (renavam, placa, ano, idCategoria, idProprietario, idModelo, idCidade, dataCompra, dataAquisicao, valor, situacao) VALUES ('90707326902', 'ZFI2690', 1985, 35, 73, 4954, 'BAS', '1985-06-07', '1985-06-07', '68170.16', 'R');
INSERT INTO veiculo (renavam, placa, ano, idCategoria, idProprietario, idModelo, idCidade, dataCompra, dataAquisicao, valor, situacao) VALUES ('67728692326', 'CHV9232', 1983, 2, 2, 913, 'AAG', '1983-09-12', '1983-09-12', '75618.92', 'R');
INSERT INTO veiculo (renavam, placa, ano, idCategoria, idProprietario, idModelo, idCidade, dataCompra, dataAquisicao, valor, situacao) VALUES ('66717850830', 'BGN5083', 2013, 35, 85, 129, 'FFM', '2013-11-09', '2013-11-09', '19324.18', 'R');
INSERT INTO veiculo (renavam, placa, ano, idCategoria, idProprietario, idModelo, idCidade, dataCompra, dataAquisicao, valor, situacao) VALUES ('80746648098', 'PJB4809', 2015, 16, 132, 543, 'CAG', '2015-03-08', '2015-03-08', '45280.9', 'R');
INSERT INTO veiculo (renavam, placa, ano, idCategoria, idProprietario, idModelo, idCidade, dataCompra, dataAquisicao, valor, situacao) VALUES ('82698854904', 'REX5490', 2018, 10, 246, 2942, 'SPA', '2018-09-29', '2018-09-29', '82618.29', 'R');
INSERT INTO veiculo (renavam, placa, ano, idCategoria, idProprietario, idModelo, idCidade, dataCompra, dataAquisicao, valor, situacao) VALUES ('88716546748', 'XGA4674', 1996, 2, 88, 1045, 'GDC', '1996-03-05', '1996-03-05', '64658.88', 'R');
INSERT INTO veiculo (renavam, placa, ano, idCategoria, idProprietario, idModelo, idCidade, dataCompra, dataAquisicao, valor, situacao) VALUES ('86827855602', 'VRN5560', 2006, 25, 19, 2975, 'AAM', '2006-10-13', '2006-10-13', '45573.37', 'R');
INSERT INTO veiculo (renavam, placa, ano, idCategoria, idProprietario, idModelo, idCidade, dataCompra, dataAquisicao, valor, situacao) VALUES ('68697300136', 'DEI0013', 1977, 28, 235, 2190, 'CGA', '1977-08-18', '1977-08-18', '35667.33', 'R');
INSERT INTO veiculo (renavam, placa, ano, idCategoria, idProprietario, idModelo, idCidade, dataCompra, dataAquisicao, valor, situacao) VALUES ('817865525710', 'QNA5257', 2000, 1, 152, 2608, 'COD', '2000-05-20', '2000-05-20', '99481.78', 'R');
INSERT INTO veiculo (renavam, placa, ano, idCategoria, idProprietario, idModelo, idCidade, dataCompra, dataAquisicao, valor, situacao) VALUES ('68779014943', 'DMZ1494', 2014, 2, 297, 4945, 'SFO', '2014-06-11', '2014-06-11', '84212.77', 'R');
INSERT INTO veiculo (renavam, placa, ano, idCategoria, idProprietario, idModelo, idCidade, dataCompra, dataAquisicao, valor, situacao) VALUES ('83908058384', 'SZP5838', 1992, 1, 133, 1903, 'BRS', '1992-09-07', '1992-09-07', '66235.93', 'R');
INSERT INTO veiculo (renavam, placa, ano, idCategoria, idProprietario, idModelo, idCidade, dataCompra, dataAquisicao, valor, situacao) VALUES ('90888299058', 'ZXR9905', 1996, 32, 50, 2180, 'FAC', '1996-08-19', '1996-08-19', '33767.22', 'R');
INSERT INTO veiculo (renavam, placa, ano, idCategoria, idProprietario, idModelo, idCidade, dataCompra, dataAquisicao, valor, situacao) VALUES ('80858204949', 'PUR0494', 1975, 22, 20, 2207, 'FRC', '1975-11-29', '1975-11-29', '28515.92', 'R');
INSERT INTO veiculo (renavam, placa, ano, idCategoria, idProprietario, idModelo, idCidade, dataCompra, dataAquisicao, valor, situacao) VALUES ('69858875559', 'EUX7555', 2011, 13, 107, 366, 'TCD', '2011-05-01', '2011-05-01', '42850.59', 'R');
INSERT INTO veiculo (renavam, placa, ano, idCategoria, idProprietario, idModelo, idCidade, dataCompra, dataAquisicao, valor, situacao) VALUES ('65866836777', 'AVD3677', 1974, 10, 57, 2627, 'AJG', '1974-12-05', '1974-12-05', '68205.78', 'R');
INSERT INTO veiculo (renavam, placa, ano, idCategoria, idProprietario, idModelo, idCidade, dataCompra, dataAquisicao, valor, situacao) VALUES ('65777434363', 'AMJ3436', 2004, 29, 381, 214, 'CGS', '2004-05-13', '2004-05-13', '67366.32', 'R');
INSERT INTO veiculo (renavam, placa, ano, idCategoria, idProprietario, idModelo, idCidade, dataCompra, dataAquisicao, valor, situacao) VALUES ('86677788182', 'VCM8818', 1989, 5, 512, 4384, 'RRM', '1989-11-20', '1989-11-20', '80509.41', 'R');
INSERT INTO veiculo (renavam, placa, ano, idCategoria, idProprietario, idModelo, idCidade, dataCompra, dataAquisicao, valor, situacao) VALUES ('89838931059', 'YSY3105', 1977, 4, 562, 2200, 'FPF', '1977-09-14', '1977-09-14', '58193.59', 'R');
INSERT INTO veiculo (renavam, placa, ano, idCategoria, idProprietario, idModelo, idCidade, dataCompra, dataAquisicao, valor, situacao) VALUES ('728477388910', 'HTM3889', 1980, 33, 389, 682, 'LSS', '1980-06-05', '1980-06-05', '39704.95', 'R');
INSERT INTO veiculo (renavam, placa, ano, idCategoria, idProprietario, idModelo, idCidade, dataCompra, dataAquisicao, valor, situacao) VALUES ('80877799960', 'PWM9996', 1997, 21, 84, 408, 'GDS', '1997-05-15', '1997-05-15', '41452.4', 'R');
INSERT INTO veiculo (renavam, placa, ano, idCategoria, idProprietario, idModelo, idCidade, dataCompra, dataAquisicao, valor, situacao) VALUES ('67907426302', 'CZJ2630', 1975, 31, 241, 973, 'CDC', '1975-12-01', '1975-12-01', '77604.67', 'R');
INSERT INTO veiculo (renavam, placa, ano, idCategoria, idProprietario, idModelo, idCidade, dataCompra, dataAquisicao, valor, situacao) VALUES ('81828889976', 'QRX8997', 2008, 6, 137, 938, 'VIV', '2008-05-03', '2008-05-03', '97748.78', 'R');
INSERT INTO veiculo (renavam, placa, ano, idCategoria, idProprietario, idModelo, idCidade, dataCompra, dataAquisicao, valor, situacao) VALUES ('88896537459', 'XYA3745', 2003, 19, 567, 212, 'FNG', '2003-04-04', '2003-04-04', '53192.64', 'R');
INSERT INTO veiculo (renavam, placa, ano, idCategoria, idProprietario, idModelo, idCidade, dataCompra, dataAquisicao, valor, situacao) VALUES ('66688611551', 'BDV1155', 1996, 22, 405, 920, 'PRP', '1996-08-06', '1996-08-06', '27534.35', 'R');
INSERT INTO veiculo (renavam, placa, ano, idCategoria, idProprietario, idModelo, idCidade, dataCompra, dataAquisicao, valor, situacao) VALUES ('87807416709', 'WPJ1670', 2000, 1, 281, 939, 'VLP', '2000-02-15', '2000-02-15', '70100.6', 'R');
INSERT INTO veiculo (renavam, placa, ano, idCategoria, idProprietario, idModelo, idCidade, dataCompra, dataAquisicao, valor, situacao) VALUES ('67808040910', 'CPP4091', 1989, 5, 178, 2542, 'RNN', '1989-07-15', '1989-07-15', '7277.71', 'R');
INSERT INTO veiculo (renavam, placa, ano, idCategoria, idProprietario, idModelo, idCidade, dataCompra, dataAquisicao, valor, situacao) VALUES ('67748504541', 'CJU0454', 2008, 27, 508, 2062, 'RAA', '2008-06-09', '2008-06-09', '32736.86', 'R');
INSERT INTO veiculo (renavam, placa, ano, idCategoria, idProprietario, idModelo, idCidade, dataCompra, dataAquisicao, valor, situacao) VALUES ('72777878728', 'HMN7872', 1990, 3, 61, 3120, 'FPG', '1990-08-12', '1990-08-12', '86260.57', 'R');
INSERT INTO veiculo (renavam, placa, ano, idCategoria, idProprietario, idModelo, idCidade, dataCompra, dataAquisicao, valor, situacao) VALUES ('69797780790', 'EOM8079', 2012, 34, 400, 2992, 'STM', '2012-03-24', '2012-03-24', '71008.75', 'R');
INSERT INTO veiculo (renavam, placa, ano, idCategoria, idProprietario, idModelo, idCidade, dataCompra, dataAquisicao, valor, situacao) VALUES ('70906807159', 'FZD0715', 2001, 12, 373, 1282, 'VLS', '2001-01-05', '2001-01-05', '38608.79', 'R');
INSERT INTO veiculo (renavam, placa, ano, idCategoria, idProprietario, idModelo, idCidade, dataCompra, dataAquisicao, valor, situacao) VALUES ('68878094554', 'DWP9455', 2008, 32, 41, 4396, 'CAP', '2008-04-16', '2008-04-16', '67016.98', 'R');
INSERT INTO veiculo (renavam, placa, ano, idCategoria, idProprietario, idModelo, idCidade, dataCompra, dataAquisicao, valor, situacao) VALUES ('856784996410', 'UCT9964', 2002, 24, 82, 1870, 'CTC', '2002-09-19', '2002-09-19', '72526.2', 'R');
INSERT INTO veiculo (renavam, placa, ano, idCategoria, idProprietario, idModelo, idCidade, dataCompra, dataAquisicao, valor, situacao) VALUES ('73838720957', 'ISW2095', 1993, 3, 521, 90, 'MFO', '1993-11-05', '1993-11-05', '8021.98', 'R');
INSERT INTO veiculo (renavam, placa, ano, idCategoria, idProprietario, idModelo, idCidade, dataCompra, dataAquisicao, valor, situacao) VALUES ('71667005853', 'GBF0585', 1979, 21, 88, 1269, 'GDC', '1979-11-26', '1979-11-26', '66895.35', 'R');
INSERT INTO veiculo (renavam, placa, ano, idCategoria, idProprietario, idModelo, idCidade, dataCompra, dataAquisicao, valor, situacao) VALUES ('71688890554', 'GDX9055', 2006, 32, 221, 2951, 'MDN', '2006-02-19', '2006-02-19', '69984.85', 'R');
INSERT INTO veiculo (renavam, placa, ano, idCategoria, idProprietario, idModelo, idCidade, dataCompra, dataAquisicao, valor, situacao) VALUES ('66807936319', 'BPO3631', 1980, 22, 218, 1432, 'MAA', '1980-04-04', '1980-04-04', '93729.58', 'R');
INSERT INTO veiculo (renavam, placa, ano, idCategoria, idProprietario, idModelo, idCidade, dataCompra, dataAquisicao, valor, situacao) VALUES ('67728949084', 'CHY4908', 1979, 29, 90, 919, 'BAS', '1979-03-29', '1979-03-29', '8080.31', 'R');
INSERT INTO veiculo (renavam, placa, ano, idCategoria, idProprietario, idModelo, idCidade, dataCompra, dataAquisicao, valor, situacao) VALUES ('767190609410', 'LGZ6094', 1988, 20, 346, 2908, 'CRF', '1988-12-06', '1988-12-06', '87671.64', 'R');
INSERT INTO veiculo (renavam, placa, ano, idCategoria, idProprietario, idModelo, idCidade, dataCompra, dataAquisicao, valor, situacao) VALUES ('75818096405', 'KQP9640', 1999, 9, 228, 2993, 'FNG', '1999-08-31', '1999-08-31', '91264.25', 'R');
INSERT INTO veiculo (renavam, placa, ano, idCategoria, idProprietario, idModelo, idCidade, dataCompra, dataAquisicao, valor, situacao) VALUES ('69797159018', 'EOG5901', 1986, 29, 21, 2071, 'VPP', '1986-01-11', '1986-01-11', '25831.9', 'R');
INSERT INTO veiculo (renavam, placa, ano, idCategoria, idProprietario, idModelo, idCidade, dataCompra, dataAquisicao, valor, situacao) VALUES ('79818111466', 'OQQ1146', 1988, 11, 93, 2709, 'MOP', '1988-10-02', '1988-10-02', '56092.61', 'R');
INSERT INTO veiculo (renavam, placa, ano, idCategoria, idProprietario, idModelo, idCidade, dataCompra, dataAquisicao, valor, situacao) VALUES ('87757458446', 'WKJ5844', 1995, 12, 181, 2139, 'NAG', '1995-01-26', '1995-01-26', '32562.84', 'R');
INSERT INTO veiculo (renavam, placa, ano, idCategoria, idProprietario, idModelo, idCidade, dataCompra, dataAquisicao, valor, situacao) VALUES ('81718332632', 'QGS3263', 1978, 34, 375, 2212, 'BRS', '1978-07-19', '1978-07-19', '58886.27', 'R');
INSERT INTO veiculo (renavam, placa, ano, idCategoria, idProprietario, idModelo, idCidade, dataCompra, dataAquisicao, valor, situacao) VALUES ('72757778019', 'HKM7801', 2019, 15, 434, 4959, 'VSV', '2019-01-08', '2019-01-08', '25137.28', 'R');
INSERT INTO veiculo (renavam, placa, ano, idCategoria, idProprietario, idModelo, idCidade, dataCompra, dataAquisicao, valor, situacao) VALUES ('85807952078', 'UPO5207', 2005, 11, 396, 2421, 'FAG', '2005-09-12', '2005-09-12', '48619.88', 'R');
INSERT INTO veiculo (renavam, placa, ano, idCategoria, idProprietario, idModelo, idCidade, dataCompra, dataAquisicao, valor, situacao) VALUES ('72768333366', 'HLS3336', 2017, 34, 548, 2118, 'FAC', '2017-01-05', '2017-01-05', '10427.4', 'R');
INSERT INTO veiculo (renavam, placa, ano, idCategoria, idProprietario, idModelo, idCidade, dataCompra, dataAquisicao, valor, situacao) VALUES ('79898955399', 'OYY5539', 1979, 26, 472, 2766, 'MAA', '1979-12-26', '1979-12-26', '76581.41', 'R');
INSERT INTO veiculo (renavam, placa, ano, idCategoria, idProprietario, idModelo, idCidade, dataCompra, dataAquisicao, valor, situacao) VALUES ('89749097088', 'YJZ9708', 1987, 34, 199, 1317, 'STM', '1987-04-27', '1987-04-27', '32704.44', 'R');
INSERT INTO veiculo (renavam, placa, ano, idCategoria, idProprietario, idModelo, idCidade, dataCompra, dataAquisicao, valor, situacao) VALUES ('678784484810', 'CWT4848', 1993, 6, 79, 4362, 'JDV', '1993-12-17', '1993-12-17', '72861.66', 'R');
INSERT INTO veiculo (renavam, placa, ano, idCategoria, idProprietario, idModelo, idCidade, dataCompra, dataAquisicao, valor, situacao) VALUES ('87777874364', 'WMN7436', 1986, 33, 540, 978, 'DAC', '1986-03-20', '1986-03-20', '9253.29', 'R');
INSERT INTO veiculo (renavam, placa, ano, idCategoria, idProprietario, idModelo, idCidade, dataCompra, dataAquisicao, valor, situacao) VALUES ('72728627458', 'HHV2745', 2007, 19, 411, 4976, 'CRF', '2007-05-12', '2007-05-12', '43418.62', 'R');
INSERT INTO veiculo (renavam, placa, ano, idCategoria, idProprietario, idModelo, idCidade, dataCompra, dataAquisicao, valor, situacao) VALUES ('89657624499', 'YAL2449', 1984, 2, 354, 2757, 'CDG', '1984-08-25', '1984-08-25', '80468.67', 'R');
INSERT INTO veiculo (renavam, placa, ano, idCategoria, idProprietario, idModelo, idCidade, dataCompra, dataAquisicao, valor, situacao) VALUES ('76717621057', 'LGL2105', 2003, 18, 451, 113, 'AEA', '2003-01-25', '2003-01-25', '55259.65', 'R');
INSERT INTO veiculo (renavam, placa, ano, idCategoria, idProprietario, idModelo, idCidade, dataCompra, dataAquisicao, valor, situacao) VALUES ('81857480649', 'QUJ8064', 2001, 18, 184, 815, 'CCG', '2001-02-28', '2001-02-28', '55862.88', 'R');
INSERT INTO veiculo (renavam, placa, ano, idCategoria, idProprietario, idModelo, idCidade, dataCompra, dataAquisicao, valor, situacao) VALUES ('74877945008', 'JWO4500', 1976, 27, 353, 111, 'BBG', '1976-08-02', '1976-08-02', '61329.76', 'R');
INSERT INTO veiculo (renavam, placa, ano, idCategoria, idProprietario, idModelo, idCidade, dataCompra, dataAquisicao, valor, situacao) VALUES ('87658239711', 'WAR3971', 2018, 27, 316, 2200, 'LOS', '2018-10-15', '2018-10-15', '46353.33', 'R');
INSERT INTO veiculo (renavam, placa, ano, idCategoria, idProprietario, idModelo, idCidade, dataCompra, dataAquisicao, valor, situacao) VALUES ('67908705027', 'CZW0502', 1985, 13, 444, 2859, 'AOG', '1985-07-28', '1985-07-28', '60885.23', 'R');
INSERT INTO veiculo (renavam, placa, ano, idCategoria, idProprietario, idModelo, idCidade, dataCompra, dataAquisicao, valor, situacao) VALUES ('89766794689', 'YLC9468', 1997, 13, 44, 1411, 'CTV', '1997-02-25', '1997-02-25', '93157.0', 'R');
INSERT INTO veiculo (renavam, placa, ano, idCategoria, idProprietario, idModelo, idCidade, dataCompra, dataAquisicao, valor, situacao) VALUES ('67668412543', 'CBT1254', 1972, 9, 283, 627, 'DGN', '1972-11-19', '1972-11-19', '8388.56', 'R');
INSERT INTO veiculo (renavam, placa, ano, idCategoria, idProprietario, idModelo, idCidade, dataCompra, dataAquisicao, valor, situacao) VALUES ('72787587173', 'HNK8717', 1981, 21, 442, 1863, 'CAG', '1981-06-02', '1981-06-02', '17549.23', 'R');
INSERT INTO veiculo (renavam, placa, ano, idCategoria, idProprietario, idModelo, idCidade, dataCompra, dataAquisicao, valor, situacao) VALUES ('85888087100', 'UXP8710', 1979, 3, 362, 235, 'RMD', '1979-10-31', '1979-10-31', '77236.52', 'R');
INSERT INTO veiculo (renavam, placa, ano, idCategoria, idProprietario, idModelo, idCidade, dataCompra, dataAquisicao, valor, situacao) VALUES ('90748924499', 'ZJY2449', 2001, 5, 298, 2117, 'NAG', '2001-01-19', '2001-01-19', '98549.14', 'R');
INSERT INTO veiculo (renavam, placa, ano, idCategoria, idProprietario, idModelo, idCidade, dataCompra, dataAquisicao, valor, situacao) VALUES ('73728877517', 'IHX7751', 2013, 26, 73, 2065, 'BAS', '2013-06-07', '2013-06-07', '59690.76', 'R');
INSERT INTO veiculo (renavam, placa, ano, idCategoria, idProprietario, idModelo, idCidade, dataCompra, dataAquisicao, valor, situacao) VALUES ('82818134512', 'RQQ3451', 1975, 12, 279, 3146, 'DMM', '1975-01-13', '1975-01-13', '18267.73', 'R');
INSERT INTO veiculo (renavam, placa, ano, idCategoria, idProprietario, idModelo, idCidade, dataCompra, dataAquisicao, valor, situacao) VALUES ('78848624889', 'NTV2488', 2018, 19, 82, 389, 'CTC', '2018-04-27', '2018-04-27', '91642.51', 'R');
INSERT INTO veiculo (renavam, placa, ano, idCategoria, idProprietario, idModelo, idCidade, dataCompra, dataAquisicao, valor, situacao) VALUES ('69748216542', 'EJR1654', 1998, 33, 264, 306, 'VLP', '1998-06-17', '1998-06-17', '94749.8', 'R');
INSERT INTO veiculo (renavam, placa, ano, idCategoria, idProprietario, idModelo, idCidade, dataCompra, dataAquisicao, valor, situacao) VALUES ('677670524310', 'CLF5243', 2008, 11, 486, 1846, 'MTM', '2008-05-09', '2008-05-09', '9097.34', 'R');
INSERT INTO veiculo (renavam, placa, ano, idCategoria, idProprietario, idModelo, idCidade, dataCompra, dataAquisicao, valor, situacao) VALUES ('826980080610', 'REP0806', 2014, 4, 32, 2449, 'MFP', '2014-10-11', '2014-10-11', '20344.29', 'R');
INSERT INTO veiculo (renavam, placa, ano, idCategoria, idProprietario, idModelo, idCidade, dataCompra, dataAquisicao, valor, situacao) VALUES ('81666643470', 'QBB4347', 2006, 25, 436, 1537, 'BAG', '2006-03-10', '2006-03-10', '50916.61', 'R');
INSERT INTO veiculo (renavam, placa, ano, idCategoria, idProprietario, idModelo, idCidade, dataCompra, dataAquisicao, valor, situacao) VALUES ('75698577576', 'KEU7757', 2010, 2, 101, 2436, 'DGN', '2010-01-30', '2010-01-30', '22320.7', 'R');
INSERT INTO veiculo (renavam, placa, ano, idCategoria, idProprietario, idModelo, idCidade, dataCompra, dataAquisicao, valor, situacao) VALUES ('65868691083', 'AVV9108', 1984, 9, 449, 1756, 'MOD', '1984-01-06', '1984-01-06', '91684.2', 'R');
INSERT INTO veiculo (renavam, placa, ano, idCategoria, idProprietario, idModelo, idCidade, dataCompra, dataAquisicao, valor, situacao) VALUES ('67657184978', 'CAG8497', 1984, 27, 298, 331, 'NAG', '1984-11-12', '1984-11-12', '3726.97', 'R');
INSERT INTO veiculo (renavam, placa, ano, idCategoria, idProprietario, idModelo, idCidade, dataCompra, dataAquisicao, valor, situacao) VALUES ('67687704376', 'CDM0437', 2012, 4, 277, 785, 'JDV', '2012-05-08', '2012-05-08', '49368.45', 'R');
INSERT INTO veiculo (renavam, placa, ano, idCategoria, idProprietario, idModelo, idCidade, dataCompra, dataAquisicao, valor, situacao) VALUES ('74786504181', 'JNA0418', 2005, 29, 49, 2523, 'VRP', '2005-06-23', '2005-06-23', '96403.2', 'R');
INSERT INTO veiculo (renavam, placa, ano, idCategoria, idProprietario, idModelo, idCidade, dataCompra, dataAquisicao, valor, situacao) VALUES ('89848194901', 'YTQ9490', 2019, 1, 266, 5016, 'TCD', '2019-11-08', '2019-11-08', '60748.68', 'R');
INSERT INTO veiculo (renavam, placa, ano, idCategoria, idProprietario, idModelo, idCidade, dataCompra, dataAquisicao, valor, situacao) VALUES ('79868658957', 'OVV5895', 2016, 9, 127, 2673, 'LFD', '2016-07-19', '2016-07-19', '7761.19', 'R');
INSERT INTO veiculo (renavam, placa, ano, idCategoria, idProprietario, idModelo, idCidade, dataCompra, dataAquisicao, valor, situacao) VALUES ('75817314751', 'KQI1475', 2016, 33, 194, 4986, 'PIC', '2016-08-20', '2016-08-20', '41066.62', 'R');
INSERT INTO veiculo (renavam, placa, ano, idCategoria, idProprietario, idModelo, idCidade, dataCompra, dataAquisicao, valor, situacao) VALUES ('84907975101', 'TZO7510', 1972, 16, 378, 18, 'MCC', '1972-07-10', '1972-07-10', '50621.92', 'R');
INSERT INTO veiculo (renavam, placa, ano, idCategoria, idProprietario, idModelo, idCidade, dataCompra, dataAquisicao, valor, situacao) VALUES ('90898058711', 'ZYP5871', 2017, 10, 410, 1717, 'MAS', '2017-10-01', '2017-10-01', '50024.49', 'R');
INSERT INTO veiculo (renavam, placa, ano, idCategoria, idProprietario, idModelo, idCidade, dataCompra, dataAquisicao, valor, situacao) VALUES ('73667872456', 'IBN7245', 1994, 1, 75, 993, 'RCC', '1994-08-04', '1994-08-04', '89541.46', 'R');
INSERT INTO veiculo (renavam, placa, ano, idCategoria, idProprietario, idModelo, idCidade, dataCompra, dataAquisicao, valor, situacao) VALUES ('67757881220', 'CKN8122', 1992, 28, 11, 3184, 'RPP', '1992-05-05', '1992-05-05', '61663.47', 'R');
INSERT INTO veiculo (renavam, placa, ano, idCategoria, idProprietario, idModelo, idCidade, dataCompra, dataAquisicao, valor, situacao) VALUES ('73868836910', 'IVX3691', 1983, 32, 315, 2266, 'RSP', '1983-09-06', '1983-09-06', '79340.18', 'R');
INSERT INTO veiculo (renavam, placa, ano, idCategoria, idProprietario, idModelo, idCidade, dataCompra, dataAquisicao, valor, situacao) VALUES ('79908533734', 'OZU3373', 1993, 26, 150, 222, 'VIV', '1993-11-16', '1993-11-16', '55875.71', 'R');
INSERT INTO veiculo (renavam, placa, ano, idCategoria, idProprietario, idModelo, idCidade, dataCompra, dataAquisicao, valor, situacao) VALUES ('79776965853', 'OME6585', 1983, 2, 501, 1537, 'SEN', '1983-01-05', '1983-01-05', '4040.29', 'R');
INSERT INTO veiculo (renavam, placa, ano, idCategoria, idProprietario, idModelo, idCidade, dataCompra, dataAquisicao, valor, situacao) VALUES ('727087230110', 'HFW2301', 1985, 5, 373, 2944, 'VLS', '1985-06-05', '1985-06-05', '19530.16', 'R');
INSERT INTO veiculo (renavam, placa, ano, idCategoria, idProprietario, idModelo, idCidade, dataCompra, dataAquisicao, valor, situacao) VALUES ('85878521142', 'UWU2114', 2008, 24, 289, 1861, 'CCA', '2008-09-17', '2008-09-17', '34280.2', 'R');
INSERT INTO veiculo (renavam, placa, ano, idCategoria, idProprietario, idModelo, idCidade, dataCompra, dataAquisicao, valor, situacao) VALUES ('90847569360', 'ZTK6936', 2002, 22, 391, 2671, 'PDP', '2002-02-12', '2002-02-12', '18065.8', 'R');
INSERT INTO veiculo (renavam, placa, ano, idCategoria, idProprietario, idModelo, idCidade, dataCompra, dataAquisicao, valor, situacao) VALUES ('74739003422', 'JIZ0342', 1979, 12, 90, 2239, 'BAS', '1979-08-06', '1979-08-06', '57843.81', 'R');
INSERT INTO veiculo (renavam, placa, ano, idCategoria, idProprietario, idModelo, idCidade, dataCompra, dataAquisicao, valor, situacao) VALUES ('77718633723', 'MGV3372', 2002, 33, 386, 1866, 'FOD', '2002-11-26', '2002-11-26', '62456.81', 'R');
INSERT INTO veiculo (renavam, placa, ano, idCategoria, idProprietario, idModelo, idCidade, dataCompra, dataAquisicao, valor, situacao) VALUES ('70868574148', 'FVU7414', 1999, 4, 86, 5028, 'MDN', '1999-04-02', '1999-04-02', '88733.9', 'R');
INSERT INTO veiculo (renavam, placa, ano, idCategoria, idProprietario, idModelo, idCidade, dataCompra, dataAquisicao, valor, situacao) VALUES ('72758916539', 'HKY1653', 1987, 24, 332, 364, 'LGV', '1987-06-27', '1987-06-27', '46873.82', 'R');
INSERT INTO veiculo (renavam, placa, ano, idCategoria, idProprietario, idModelo, idCidade, dataCompra, dataAquisicao, valor, situacao) VALUES ('82668933652', 'RBY3365', 1982, 1, 288, 2633, 'SAA', '1982-07-06', '1982-07-06', '90522.67', 'R');
INSERT INTO veiculo (renavam, placa, ano, idCategoria, idProprietario, idModelo, idCidade, dataCompra, dataAquisicao, valor, situacao) VALUES ('74729069595', 'JHZ6959', 1972, 32, 516, 2975, 'LGA', '1972-02-18', '1972-02-18', '62032.34', 'R');
INSERT INTO veiculo (renavam, placa, ano, idCategoria, idProprietario, idModelo, idCidade, dataCompra, dataAquisicao, valor, situacao) VALUES ('84728793637', 'THW9363', 1991, 24, 287, 2853, 'VLS', '1991-01-14', '1991-01-14', '96383.27', 'R');
INSERT INTO veiculo (renavam, placa, ano, idCategoria, idProprietario, idModelo, idCidade, dataCompra, dataAquisicao, valor, situacao) VALUES ('82877319507', 'RWI1950', 1974, 8, 385, 407, 'MSO', '1974-01-11', '1974-01-11', '79808.79', 'R');
INSERT INTO veiculo (renavam, placa, ano, idCategoria, idProprietario, idModelo, idCidade, dataCompra, dataAquisicao, valor, situacao) VALUES ('90698600296', 'ZEV0029', 2009, 1, 27, 2757, 'JCG', '2009-01-24', '2009-01-24', '147.7', 'R');
INSERT INTO veiculo (renavam, placa, ano, idCategoria, idProprietario, idModelo, idCidade, dataCompra, dataAquisicao, valor, situacao) VALUES ('71798485042', 'GOT8504', 1985, 30, 332, 1186, 'LGV', '1985-09-04', '1985-09-04', '89117.71', 'R');
INSERT INTO veiculo (renavam, placa, ano, idCategoria, idProprietario, idModelo, idCidade, dataCompra, dataAquisicao, valor, situacao) VALUES ('74677234744', 'JCH3474', 2008, 9, 148, 675, 'ARA', '2008-03-28', '2008-03-28', '63823.44', 'R');
INSERT INTO veiculo (renavam, placa, ano, idCategoria, idProprietario, idModelo, idCidade, dataCompra, dataAquisicao, valor, situacao) VALUES ('69868187515', 'EVQ8751', 2015, 2, 411, 2936, 'CRF', '2015-10-06', '2015-10-06', '23674.88', 'R');
INSERT INTO veiculo (renavam, placa, ano, idCategoria, idProprietario, idModelo, idCidade, dataCompra, dataAquisicao, valor, situacao) VALUES ('81728374990', 'QHS7499', 1993, 28, 486, 2579, 'MTM', '1993-11-28', '1993-11-28', '57838.8', 'R');
INSERT INTO veiculo (renavam, placa, ano, idCategoria, idProprietario, idModelo, idCidade, dataCompra, dataAquisicao, valor, situacao) VALUES ('80746855883', 'PJD5588', 1973, 35, 284, 2783, 'RMM', '1973-05-14', '1973-05-14', '60790.43', 'R');
INSERT INTO veiculo (renavam, placa, ano, idCategoria, idProprietario, idModelo, idCidade, dataCompra, dataAquisicao, valor, situacao) VALUES ('89717703128', 'YGM0312', 1992, 28, 480, 4362, 'RDC', '1992-09-14', '1992-09-14', '68798.7', 'R');
INSERT INTO veiculo (renavam, placa, ano, idCategoria, idProprietario, idModelo, idCidade, dataCompra, dataAquisicao, valor, situacao) VALUES ('84797434942', 'TOJ3494', 2013, 13, 159, 1845, 'PDP', '2013-01-10', '2013-01-10', '10620.12', 'R');
INSERT INTO veiculo (renavam, placa, ano, idCategoria, idProprietario, idModelo, idCidade, dataCompra, dataAquisicao, valor, situacao) VALUES ('72687665733', 'HDL6573', 1993, 30, 203, 2612, 'SAA', '1993-09-28', '1993-09-28', '4154.96', 'R');
INSERT INTO veiculo (renavam, placa, ano, idCategoria, idProprietario, idModelo, idCidade, dataCompra, dataAquisicao, valor, situacao) VALUES ('686773640410', 'DCI6404', 1979, 34, 179, 981, 'ANP', '1979-12-06', '1979-12-06', '16515.96', 'R');
INSERT INTO veiculo (renavam, placa, ano, idCategoria, idProprietario, idModelo, idCidade, dataCompra, dataAquisicao, valor, situacao) VALUES ('74777976262', 'JMO7626', 1974, 32, 460, 2622, 'MAS', '1974-04-15', '1974-04-15', '48031.44', 'R');
INSERT INTO veiculo (renavam, placa, ano, idCategoria, idProprietario, idModelo, idCidade, dataCompra, dataAquisicao, valor, situacao) VALUES ('71688930475', 'GDY3047', 1983, 30, 23, 2887, 'NVG', '1983-01-04', '1983-01-04', '46465.87', 'R');
