INSERT INTO estado (uf, nome) VALUES ('AC', 'Acre');
INSERT INTO estado (uf, nome) VALUES ('AL', 'Alagoas');
INSERT INTO estado (uf, nome) VALUES ('AM', 'Amazonas');
INSERT INTO estado (uf, nome) VALUES ('AP', 'Amapá');
INSERT INTO estado (uf, nome) VALUES ('BA', 'Bahia');
INSERT INTO estado (uf, nome) VALUES ('CE', 'Ceará');
INSERT INTO estado (uf, nome) VALUES ('DF', 'Distrito Federal');
INSERT INTO estado (uf, nome) VALUES ('ES', 'Espírito Santo');
INSERT INTO estado (uf, nome) VALUES ('GO', 'Goiás');
INSERT INTO estado (uf, nome) VALUES ('MA', 'Maranhão');
INSERT INTO estado (uf, nome) VALUES ('MG', 'Minas Gerais');
INSERT INTO estado (uf, nome) VALUES ('MS', 'Mato Grosso do Sul');
INSERT INTO estado (uf, nome) VALUES ('MT', 'Mato Grosso');
INSERT INTO estado (uf, nome) VALUES ('PA', 'Pará');
INSERT INTO estado (uf, nome) VALUES ('PB', 'Paraíba');
INSERT INTO estado (uf, nome) VALUES ('PE', 'Pernambuco');
INSERT INTO estado (uf, nome) VALUES ('PI', 'Piauí');
INSERT INTO estado (uf, nome) VALUES ('PR', 'Paraná');
INSERT INTO estado (uf, nome) VALUES ('RJ', 'Rio de Janeiro');
INSERT INTO estado (uf, nome) VALUES ('RN', 'Rio Grande do Norte');
INSERT INTO estado (uf, nome) VALUES ('RO', 'Rondônia');
INSERT INTO estado (uf, nome) VALUES ('RR', 'Roraima');
INSERT INTO estado (uf, nome) VALUES ('RS', 'Rio Grande do Sul');
INSERT INTO estado (uf, nome) VALUES ('SC', 'Santa Catarina');
INSERT INTO estado (uf, nome) VALUES ('SE', 'Sergipe');
INSERT INTO estado (uf, nome) VALUES ('SP', 'São Paulo');
INSERT INTO estado (uf, nome) VALUES ('TO', 'Tocantins');
INSERT INTO cidade (idCidade, nome, uf) VALUES ('LFG', 'Luz de Fernandes Grande', 'AC');
INSERT INTO cidade (idCidade, nome, uf) VALUES ('RPG', 'Ribeiro Paulista do Galho', 'AC');
INSERT INTO cidade (idCidade, nome, uf) VALUES ('RGG', 'Rocha Grande', 'AC');
INSERT INTO cidade (idCidade, nome, uf) VALUES ('ROO', 'Rosa do Oeste', 'AC');
INSERT INTO cidade (idCidade, nome, uf) VALUES ('GAP', 'Gonçalves da Praia', 'AC');
INSERT INTO cidade (idCidade, nome, uf) VALUES ('MAP', 'Mota Paulista', 'AC');
INSERT INTO cidade (idCidade, nome, uf) VALUES ('DUV', 'Duarte Verde', 'AC');
INSERT INTO cidade (idCidade, nome, uf) VALUES ('TDV', 'Teixeira Verde', 'AC');
INSERT INTO cidade (idCidade, nome, uf) VALUES ('PPG', 'Pires Paulista de Goiás', 'AC');
INSERT INTO cidade (idCidade, nome, uf) VALUES ('BAA', 'Barros Alegre do Amparo', 'AC');
INSERT INTO cidade (idCidade, nome, uf) VALUES ('APP', 'Almeida da Praia da Praia', 'AC');
INSERT INTO cidade (idCidade, nome, uf) VALUES ('TEP', 'Teixeira das Pedras', 'AC');
INSERT INTO cidade (idCidade, nome, uf) VALUES ('FAP', 'Farias Paulista', 'AC');
INSERT INTO cidade (idCidade, nome, uf) VALUES ('GSS', 'Gomes do Sul da Serra', 'AC');
INSERT INTO cidade (idCidade, nome, uf) VALUES ('PLM', 'Porto de Lima de Minas', 'AC');
INSERT INTO cidade (idCidade, nome, uf) VALUES ('MID', 'Martins dos Dourados', 'AC');
INSERT INTO cidade (idCidade, nome, uf) VALUES ('DDM', 'Duarte da Mata', 'AC');
INSERT INTO cidade (idCidade, nome, uf) VALUES ('SNG', 'Santos de Goiás', 'AC');
INSERT INTO cidade (idCidade, nome, uf) VALUES ('MSA', 'Melo do Sul Alegre', 'AC');
INSERT INTO cidade (idCidade, nome, uf) VALUES ('MMP', 'Monteiro da Mata das Pedras', 'AL');
INSERT INTO cidade (idCidade, nome, uf) VALUES ('CNV', 'Cunha Verde', 'AL');
INSERT INTO cidade (idCidade, nome, uf) VALUES ('COF', 'Conceição das Flores', 'AM');
INSERT INTO cidade (idCidade, nome, uf) VALUES ('SIG', 'Silveira de Goiás', 'AM');
INSERT INTO cidade (idCidade, nome, uf) VALUES ('FRP', 'Ferreira da Praia', 'AM');
INSERT INTO cidade (idCidade, nome, uf) VALUES ('LSA', 'Lopes do Sul do Amparo', 'AM');
INSERT INTO cidade (idCidade, nome, uf) VALUES ('CEM', 'Correia da Mata', 'AM');
INSERT INTO cidade (idCidade, nome, uf) VALUES ('CGG', 'Cruz Grande Grande', 'AM');
INSERT INTO cidade (idCidade, nome, uf) VALUES ('SAC', 'Souza Alegre do Campo', 'AM');
INSERT INTO cidade (idCidade, nome, uf) VALUES ('NCG', 'Nunes de Cardoso de Goiás', 'AM');
INSERT INTO cidade (idCidade, nome, uf) VALUES ('RPP', 'Rocha da Prata Paulista', 'AM');
INSERT INTO cidade (idCidade, nome, uf) VALUES ('CEG', 'Costela Grande', 'AM');
INSERT INTO cidade (idCidade, nome, uf) VALUES ('AAS', 'Araújo do Sul', 'AM');
INSERT INTO cidade (idCidade, nome, uf) VALUES ('MIG', 'Mata de Goiás', 'AM');
INSERT INTO cidade (idCidade, nome, uf) VALUES ('PLS', 'Porto de da Luz do Sul', 'AM');
INSERT INTO cidade (idCidade, nome, uf) VALUES ('CNC', 'Cavalcanti do Campo', 'AM');
INSERT INTO cidade (idCidade, nome, uf) VALUES ('ACO', 'Aragão do Campo do Oeste', 'AM');
INSERT INTO cidade (idCidade, nome, uf) VALUES ('FSG', 'Freitas do Galho', 'AM');
INSERT INTO cidade (idCidade, nome, uf) VALUES ('MPP', 'Martins da Praia das Pedras', 'AM');
INSERT INTO cidade (idCidade, nome, uf) VALUES ('AIG', 'Azevedo de Goiás', 'AP');
INSERT INTO cidade (idCidade, nome, uf) VALUES ('MPC', 'Mendes do Campo', 'AP');
INSERT INTO cidade (idCidade, nome, uf) VALUES ('MEF', 'Mendes das Flores', 'AP');
INSERT INTO cidade (idCidade, nome, uf) VALUES ('LOG', 'Lima de Goiás', 'AP');
INSERT INTO cidade (idCidade, nome, uf) VALUES ('RSS', 'Rezende da Serra da Serra', 'AP');
INSERT INTO cidade (idCidade, nome, uf) VALUES ('POP', 'Peixoto Paulista', 'AP');
INSERT INTO cidade (idCidade, nome, uf) VALUES ('LSP', 'Lopes do Sul Paulista', 'AP');
INSERT INTO cidade (idCidade, nome, uf) VALUES ('VND', 'Vieira de Nunes dos Dourados', 'AP');
INSERT INTO cidade (idCidade, nome, uf) VALUES ('PFV', 'Porto das Flores Verde', 'AP');
INSERT INTO cidade (idCidade, nome, uf) VALUES ('VGC', 'Vieira Grande do Campo', 'AP');
INSERT INTO cidade (idCidade, nome, uf) VALUES ('DVV', 'Duarte Verde Verde', 'AP');
INSERT INTO cidade (idCidade, nome, uf) VALUES ('JOS', 'Jesus do Oeste da Serra', 'AP');
INSERT INTO cidade (idCidade, nome, uf) VALUES ('SGP', 'Silva Grande Paulista', 'AP');
INSERT INTO cidade (idCidade, nome, uf) VALUES ('CVV', 'Cunha Verde', 'AP');
INSERT INTO cidade (idCidade, nome, uf) VALUES ('MVA', 'Mendes Verde Alegre', 'AP');
INSERT INTO cidade (idCidade, nome, uf) VALUES ('MTM', 'Moreira de Teixeira da Mata', 'AP');
INSERT INTO cidade (idCidade, nome, uf) VALUES ('VPP', 'Viana da Prata da Prata', 'AP');
INSERT INTO cidade (idCidade, nome, uf) VALUES ('REM', 'Rezende da Mata', 'AP');
INSERT INTO cidade (idCidade, nome, uf) VALUES ('FAC', 'Fogaça de Araújo do Campo', 'AP');
INSERT INTO cidade (idCidade, nome, uf) VALUES ('NEV', 'Nascimento Verde', 'AP');
INSERT INTO cidade (idCidade, nome, uf) VALUES ('MOD', 'Mota dos Dourados', 'AP');
INSERT INTO cidade (idCidade, nome, uf) VALUES ('LGG', 'Lima do Galho Grande', 'AP');
INSERT INTO cidade (idCidade, nome, uf) VALUES ('AGA', 'Almeida Alegre', 'AP');
INSERT INTO cidade (idCidade, nome, uf) VALUES ('PSV', 'Pinto da Serra Verde', 'AP');
INSERT INTO cidade (idCidade, nome, uf) VALUES ('FGS', 'Fogaça do Sul', 'AP');
INSERT INTO cidade (idCidade, nome, uf) VALUES ('CNA', 'Carvalho do Norte Alegre', 'AP');
INSERT INTO cidade (idCidade, nome, uf) VALUES ('PEV', 'Peixoto Verde', 'BA');
INSERT INTO cidade (idCidade, nome, uf) VALUES ('FEO', 'Fernandes do Oeste', 'BA');
INSERT INTO cidade (idCidade, nome, uf) VALUES ('FPS', 'Fogaça da Prata da Serra', 'BA');
INSERT INTO cidade (idCidade, nome, uf) VALUES ('DDP', 'Dias das Pedras', 'BA');
INSERT INTO cidade (idCidade, nome, uf) VALUES ('AAP', 'Almeida da Praia', 'BA');
INSERT INTO cidade (idCidade, nome, uf) VALUES ('SLC', 'Silva do Campo', 'BA');
INSERT INTO cidade (idCidade, nome, uf) VALUES ('NGP', 'Neves do Galho das Pedras', 'BA');
INSERT INTO cidade (idCidade, nome, uf) VALUES ('SSP', 'Silveira das Pedras', 'BA');
INSERT INTO cidade (idCidade, nome, uf) VALUES ('CCG', 'Costa Grande', 'BA');
INSERT INTO cidade (idCidade, nome, uf) VALUES ('CSC', 'Cardoso de Silva do Campo', 'BA');
INSERT INTO cidade (idCidade, nome, uf) VALUES ('RRG', 'Rosa Grande', 'BA');
INSERT INTO cidade (idCidade, nome, uf) VALUES ('GFF', 'Gonçalves das Flores das Flores', 'BA');
INSERT INTO cidade (idCidade, nome, uf) VALUES ('VIA', 'Vieira do Amparo', 'CE');
INSERT INTO cidade (idCidade, nome, uf) VALUES ('CFS', 'Castro das Flores da Serra', 'CE');
INSERT INTO cidade (idCidade, nome, uf) VALUES ('PRG', 'Porto de Goiás', 'CE');
INSERT INTO cidade (idCidade, nome, uf) VALUES ('CPF', 'Costa das Pedras das Flores', 'CE');
INSERT INTO cidade (idCidade, nome, uf) VALUES ('MOM', 'Monteiro do Oeste da Mata', 'CE');
INSERT INTO cidade (idCidade, nome, uf) VALUES ('RSP', 'Rezende do Sul da Praia', 'CE');
INSERT INTO cidade (idCidade, nome, uf) VALUES ('AIP', 'Aragão Paulista', 'CE');
INSERT INTO cidade (idCidade, nome, uf) VALUES ('DRA', 'Duarte Alegre', 'CE');
INSERT INTO cidade (idCidade, nome, uf) VALUES ('CRN', 'Cavalcanti de Rezende do Norte', 'CE');
INSERT INTO cidade (idCidade, nome, uf) VALUES ('FSV', 'Fernandes da Serra Verde', 'CE');
INSERT INTO cidade (idCidade, nome, uf) VALUES ('TPP', 'Teixeira Paulista das Pedras', 'CE');
INSERT INTO cidade (idCidade, nome, uf) VALUES ('FPP', 'Farias Paulista da Praia', 'CE');
INSERT INTO cidade (idCidade, nome, uf) VALUES ('FCP', 'Farias de da Cruz da Praia', 'CE');
INSERT INTO cidade (idCidade, nome, uf) VALUES ('FMP', 'Fernandes de Moreira Paulista', 'CE');
INSERT INTO cidade (idCidade, nome, uf) VALUES ('CLM', 'Caldeira de Minas', 'DF');
INSERT INTO cidade (idCidade, nome, uf) VALUES ('FGM', 'Farias de Gomes da Mata', 'DF');
INSERT INTO cidade (idCidade, nome, uf) VALUES ('RPF', 'Rocha da Praia das Flores', 'DF');
INSERT INTO cidade (idCidade, nome, uf) VALUES ('CUP', 'Cardoso Paulista', 'DF');
INSERT INTO cidade (idCidade, nome, uf) VALUES ('RNP', 'Ribeiro do Norte da Praia', 'DF');
INSERT INTO cidade (idCidade, nome, uf) VALUES ('MDN', 'Mata do Norte', 'DF');
INSERT INTO cidade (idCidade, nome, uf) VALUES ('MSS', 'Mendes da Serra', 'DF');
INSERT INTO cidade (idCidade, nome, uf) VALUES ('DAM', 'Duarte da Mata', 'DF');
INSERT INTO cidade (idCidade, nome, uf) VALUES ('CTM', 'Costa de Minas', 'DF');
INSERT INTO cidade (idCidade, nome, uf) VALUES ('MGP', 'Moura Grande da Praia', 'DF');
INSERT INTO cidade (idCidade, nome, uf) VALUES ('LGO', 'Lima do Galho do Oeste', 'DF');
INSERT INTO cidade (idCidade, nome, uf) VALUES ('PEP', 'Pereira da Praia', 'DF');
INSERT INTO cidade (idCidade, nome, uf) VALUES ('PSD', 'Pinto dos Dourados', 'DF');
INSERT INTO cidade (idCidade, nome, uf) VALUES ('CPP', 'Cruz da Praia da Praia', 'DF');
INSERT INTO cidade (idCidade, nome, uf) VALUES ('JPS', 'Jesus da Praia do Sul', 'DF');
INSERT INTO cidade (idCidade, nome, uf) VALUES ('VCM', 'Vieira do Campo da Mata', 'DF');
INSERT INTO cidade (idCidade, nome, uf) VALUES ('MPA', 'Mendes do Amparo', 'DF');
INSERT INTO cidade (idCidade, nome, uf) VALUES ('RSO', 'Rosa da Serra do Oeste', 'DF');
INSERT INTO cidade (idCidade, nome, uf) VALUES ('PNN', 'Paz do Norte do Norte', 'DF');
INSERT INTO cidade (idCidade, nome, uf) VALUES ('DEN', 'Duarte do Norte', 'DF');
INSERT INTO cidade (idCidade, nome, uf) VALUES ('RAP', 'Ramos Alegre da Praia', 'ES');
INSERT INTO cidade (idCidade, nome, uf) VALUES ('CMG', 'Cardoso de Minas de Goiás', 'ES');
INSERT INTO cidade (idCidade, nome, uf) VALUES ('BDP', 'Barbosa das Pedras', 'ES');
INSERT INTO cidade (idCidade, nome, uf) VALUES ('CUG', 'Cunha de Goiás', 'ES');
INSERT INTO cidade (idCidade, nome, uf) VALUES ('POM', 'Pereira do Oeste de Minas', 'ES');
INSERT INTO cidade (idCidade, nome, uf) VALUES ('AOD', 'Almeida dos Dourados', 'ES');
INSERT INTO cidade (idCidade, nome, uf) VALUES ('BRN', 'Barros do Norte', 'ES');
INSERT INTO cidade (idCidade, nome, uf) VALUES ('CMO', 'Costa de Minas do Oeste', 'ES');
INSERT INTO cidade (idCidade, nome, uf) VALUES ('CSP', 'Campos da Serra Paulista', 'GO');
INSERT INTO cidade (idCidade, nome, uf) VALUES ('CCM', 'Costela da Mata', 'GO');
INSERT INTO cidade (idCidade, nome, uf) VALUES ('LLG', 'Lopes de Goiás', 'GO');
INSERT INTO cidade (idCidade, nome, uf) VALUES ('CAM', 'Cunha Alegre de Minas', 'GO');
INSERT INTO cidade (idCidade, nome, uf) VALUES ('CSM', 'Cavalcanti de Santos da Mata', 'GO');
INSERT INTO cidade (idCidade, nome, uf) VALUES ('CGP', 'Carvalho de Goiás da Praia', 'GO');
INSERT INTO cidade (idCidade, nome, uf) VALUES ('FFG', 'Farias de Goiás', 'GO');
INSERT INTO cidade (idCidade, nome, uf) VALUES ('MCA', 'Moraes do Campo do Amparo', 'GO');
INSERT INTO cidade (idCidade, nome, uf) VALUES ('AVA', 'Azevedo do Amparo', 'GO');
INSERT INTO cidade (idCidade, nome, uf) VALUES ('JOP', 'Jesus do Oeste das Pedras', 'GO');
INSERT INTO cidade (idCidade, nome, uf) VALUES ('CFP', 'Castro das Flores das Pedras', 'GO');
INSERT INTO cidade (idCidade, nome, uf) VALUES ('NMP', 'Nascimento das Pedras', 'GO');
INSERT INTO cidade (idCidade, nome, uf) VALUES ('ACN', 'Aragão do Campo do Norte', 'GO');
INSERT INTO cidade (idCidade, nome, uf) VALUES ('TAP', 'Teixeira do Amparo Paulista', 'GO');
INSERT INTO cidade (idCidade, nome, uf) VALUES ('POD', 'Peixoto dos Dourados', 'GO');
INSERT INTO cidade (idCidade, nome, uf) VALUES ('NMA', 'Nunes do Amparo', 'GO');
INSERT INTO cidade (idCidade, nome, uf) VALUES ('MAV', 'Mota Verde', 'GO');
INSERT INTO cidade (idCidade, nome, uf) VALUES ('FGP', 'Fernandes do Galho da Prata', 'GO');
INSERT INTO cidade (idCidade, nome, uf) VALUES ('RRP', 'Ramos da Prata', 'GO');
INSERT INTO cidade (idCidade, nome, uf) VALUES ('SSM', 'Sales do Sul de Minas', 'GO');
INSERT INTO cidade (idCidade, nome, uf) VALUES ('LGN', 'Luz Grande do Norte', 'GO');
INSERT INTO cidade (idCidade, nome, uf) VALUES ('JIP', 'Jesus da Praia', 'GO');
INSERT INTO cidade (idCidade, nome, uf) VALUES ('JFC', 'Jesus de Ferreira do Campo', 'GO');
INSERT INTO cidade (idCidade, nome, uf) VALUES ('CUD', 'Carvalho dos Dourados', 'GO');
INSERT INTO cidade (idCidade, nome, uf) VALUES ('CDV', 'Campos Verde', 'MA');
INSERT INTO cidade (idCidade, nome, uf) VALUES ('FFD', 'Ferreira dos Dourados', 'MA');
INSERT INTO cidade (idCidade, nome, uf) VALUES ('ROP', 'Rocha da Prata', 'MA');
INSERT INTO cidade (idCidade, nome, uf) VALUES ('SPG', 'Sales da Prata de Goiás', 'MG');
INSERT INTO cidade (idCidade, nome, uf) VALUES ('CMP', 'Costela da Mata da Praia', 'MG');
INSERT INTO cidade (idCidade, nome, uf) VALUES ('DGG', 'Duarte do Galho do Galho', 'MG');
INSERT INTO cidade (idCidade, nome, uf) VALUES ('GIP', 'Gonçalves da Praia', 'MS');
INSERT INTO cidade (idCidade, nome, uf) VALUES ('MOC', 'Mota do Campo', 'MS');
INSERT INTO cidade (idCidade, nome, uf) VALUES ('JNG', 'Jesus Grande', 'MS');
INSERT INTO cidade (idCidade, nome, uf) VALUES ('ANG', 'Azevedo de Nunes de Goiás', 'MS');
INSERT INTO cidade (idCidade, nome, uf) VALUES ('RNN', 'Rezende do Norte', 'MS');
INSERT INTO cidade (idCidade, nome, uf) VALUES ('TLG', 'Teixeira do Galho', 'MS');
INSERT INTO cidade (idCidade, nome, uf) VALUES ('ARO', 'Azevedo de Rocha do Oeste', 'MS');
INSERT INTO cidade (idCidade, nome, uf) VALUES ('PPV', 'Pires da Prata Verde', 'MS');
INSERT INTO cidade (idCidade, nome, uf) VALUES ('TGA', 'Teixeira Grande Alegre', 'MS');
INSERT INTO cidade (idCidade, nome, uf) VALUES ('PRN', 'Pires de Rodrigues do Norte', 'MS');
INSERT INTO cidade (idCidade, nome, uf) VALUES ('LCG', 'Lima de Caldeira do Galho', 'MS');
INSERT INTO cidade (idCidade, nome, uf) VALUES ('MSD', 'Mata dos Dourados', 'MS');
INSERT INTO cidade (idCidade, nome, uf) VALUES ('GDV', 'Gonçalves de Dias Verde', 'MS');
INSERT INTO cidade (idCidade, nome, uf) VALUES ('COP', 'Cardoso das Pedras', 'MS');
INSERT INTO cidade (idCidade, nome, uf) VALUES ('FRF', 'Farias das Flores', 'MT');
INSERT INTO cidade (idCidade, nome, uf) VALUES ('CAP', 'Cunha das Pedras', 'MT');
INSERT INTO cidade (idCidade, nome, uf) VALUES ('RRS', 'Rodrigues da Serra', 'MT');
INSERT INTO cidade (idCidade, nome, uf) VALUES ('ASO', 'Azevedo do Sul do Oeste', 'MT');
INSERT INTO cidade (idCidade, nome, uf) VALUES ('APA', 'Alves da Prata Alegre', 'MT');
INSERT INTO cidade (idCidade, nome, uf) VALUES ('JSS', 'Jesus da Serra', 'MT');
INSERT INTO cidade (idCidade, nome, uf) VALUES ('VTN', 'Vieira do Norte', 'MT');
INSERT INTO cidade (idCidade, nome, uf) VALUES ('PSM', 'Pinto da Serra de Minas', 'MT');
INSERT INTO cidade (idCidade, nome, uf) VALUES ('PTP', 'Porto Paulista', 'MT');
INSERT INTO cidade (idCidade, nome, uf) VALUES ('NSG', 'Novaes Grande', 'MT');
INSERT INTO cidade (idCidade, nome, uf) VALUES ('CPA', 'Cardoso da Prata do Amparo', 'MT');
INSERT INTO cidade (idCidade, nome, uf) VALUES ('RFG', 'Rocha das Flores do Galho', 'MT');
INSERT INTO cidade (idCidade, nome, uf) VALUES ('MNP', 'Martins da Prata', 'MT');
INSERT INTO cidade (idCidade, nome, uf) VALUES ('BOM', 'Barros de Minas', 'MT');
INSERT INTO cidade (idCidade, nome, uf) VALUES ('CND', 'Carvalho de Novaes dos Dourados', 'PA');
INSERT INTO cidade (idCidade, nome, uf) VALUES ('RAA', 'Ramos do Amparo', 'PA');
INSERT INTO cidade (idCidade, nome, uf) VALUES ('SLA', 'Sales do Amparo', 'PA');
INSERT INTO cidade (idCidade, nome, uf) VALUES ('MAC', 'Mota do Campo', 'PA');
INSERT INTO cidade (idCidade, nome, uf) VALUES ('MAM', 'Moraes da Mata', 'PA');
INSERT INTO cidade (idCidade, nome, uf) VALUES ('OON', 'Oliveira do Norte', 'PA');
INSERT INTO cidade (idCidade, nome, uf) VALUES ('SOS', 'Sales do Oeste da Serra', 'PA');
INSERT INTO cidade (idCidade, nome, uf) VALUES ('ADD', 'Aragão dos Dourados', 'PA');
INSERT INTO cidade (idCidade, nome, uf) VALUES ('RRV', 'Rocha de Rodrigues Verde', 'PA');
INSERT INTO cidade (idCidade, nome, uf) VALUES ('FVP', 'Fogaça Verde das Pedras', 'PA');
INSERT INTO cidade (idCidade, nome, uf) VALUES ('RPA', 'Ribeiro das Pedras do Amparo', 'PA');
INSERT INTO cidade (idCidade, nome, uf) VALUES ('CCO', 'Cardoso de Cunha do Oeste', 'PA');
INSERT INTO cidade (idCidade, nome, uf) VALUES ('RRA', 'Rocha de Rezende Alegre', 'PA');
INSERT INTO cidade (idCidade, nome, uf) VALUES ('GPO', 'Gomes Paulista do Oeste', 'PA');
INSERT INTO cidade (idCidade, nome, uf) VALUES ('RCM', 'Rocha do Campo de Minas', 'PA');
INSERT INTO cidade (idCidade, nome, uf) VALUES ('VCS', 'Viana de da Conceição da Serra', 'PA');
INSERT INTO cidade (idCidade, nome, uf) VALUES ('RPC', 'Rezende de Peixoto do Campo', 'PA');
INSERT INTO cidade (idCidade, nome, uf) VALUES ('NEP', 'Neves das Pedras', 'PA');
INSERT INTO cidade (idCidade, nome, uf) VALUES ('ARM', 'Aragão da Mata', 'PA');
INSERT INTO cidade (idCidade, nome, uf) VALUES ('FNM', 'Fernandes de Minas', 'PA');
INSERT INTO cidade (idCidade, nome, uf) VALUES ('RLG', 'Rezende do Galho', 'PA');
INSERT INTO cidade (idCidade, nome, uf) VALUES ('NVN', 'Novaes de Viana do Norte', 'PA');
INSERT INTO cidade (idCidade, nome, uf) VALUES ('APG', 'Aragão da Praia Grande', 'PA');
INSERT INTO cidade (idCidade, nome, uf) VALUES ('BVA', 'Barros Verde do Amparo', 'PA');
INSERT INTO cidade (idCidade, nome, uf) VALUES ('RGP', 'Ramos do Galho das Pedras', 'PA');
INSERT INTO cidade (idCidade, nome, uf) VALUES ('CAV', 'Costa Verde', 'PA');
INSERT INTO cidade (idCidade, nome, uf) VALUES ('MRM', 'Moura da Mata', 'PA');
INSERT INTO cidade (idCidade, nome, uf) VALUES ('PON', 'Pinto do Norte', 'PA');
INSERT INTO cidade (idCidade, nome, uf) VALUES ('FPC', 'Freitas do Campo', 'PA');
INSERT INTO cidade (idCidade, nome, uf) VALUES ('NOA', 'Nunes do Amparo', 'PA');
INSERT INTO cidade (idCidade, nome, uf) VALUES ('MMM', 'Moura da Mata', 'PA');
INSERT INTO cidade (idCidade, nome, uf) VALUES ('VIS', 'Vieira do Sul', 'PB');
INSERT INTO cidade (idCidade, nome, uf) VALUES ('MEP', 'Moraes da Praia', 'PB');
INSERT INTO cidade (idCidade, nome, uf) VALUES ('COM', 'Costa do Oeste da Mata', 'PB');
INSERT INTO cidade (idCidade, nome, uf) VALUES ('GGP', 'Gomes da Prata', 'PB');
INSERT INTO cidade (idCidade, nome, uf) VALUES ('NAP', 'Nogueira da Prata', 'PB');
INSERT INTO cidade (idCidade, nome, uf) VALUES ('NRM', 'Neves de Rezende de Minas', 'PB');
INSERT INTO cidade (idCidade, nome, uf) VALUES ('RPM', 'Rocha da Praia da Mata', 'PB');
INSERT INTO cidade (idCidade, nome, uf) VALUES ('DTN', 'Dias do Norte', 'PB');
INSERT INTO cidade (idCidade, nome, uf) VALUES ('PIS', 'Pires da Serra', 'PB');
INSERT INTO cidade (idCidade, nome, uf) VALUES ('LMG', 'Lima de Minas de Goiás', 'PB');
INSERT INTO cidade (idCidade, nome, uf) VALUES ('VSN', 'Viana do Sul do Norte', 'PB');
INSERT INTO cidade (idCidade, nome, uf) VALUES ('MIP', 'Mota da Praia', 'PB');
INSERT INTO cidade (idCidade, nome, uf) VALUES ('CMC', 'Carvalho do Campo', 'PB');
INSERT INTO cidade (idCidade, nome, uf) VALUES ('RNO', 'Ramos do Norte do Oeste', 'PB');
INSERT INTO cidade (idCidade, nome, uf) VALUES ('FAA', 'Freitas Alegre', 'PB');
INSERT INTO cidade (idCidade, nome, uf) VALUES ('SMG', 'Sales de da Mota do Galho', 'PE');
INSERT INTO cidade (idCidade, nome, uf) VALUES ('AMO', 'Araújo de Moraes do Oeste', 'PE');
INSERT INTO cidade (idCidade, nome, uf) VALUES ('RMM', 'Ramos da Mata', 'PE');
INSERT INTO cidade (idCidade, nome, uf) VALUES ('CVO', 'Castro Verde do Oeste', 'PE');
INSERT INTO cidade (idCidade, nome, uf) VALUES ('JJP', 'Jesus de Jesus das Pedras', 'PE');
INSERT INTO cidade (idCidade, nome, uf) VALUES ('GOD', 'Gomes dos Dourados', 'PE');
INSERT INTO cidade (idCidade, nome, uf) VALUES ('AMM', 'Aragão de Minas', 'PE');
INSERT INTO cidade (idCidade, nome, uf) VALUES ('VOD', 'Vieira dos Dourados', 'PE');
INSERT INTO cidade (idCidade, nome, uf) VALUES ('AMS', 'Alves da Mata da Serra', 'PE');
INSERT INTO cidade (idCidade, nome, uf) VALUES ('MAS', 'Moreira da Serra', 'PE');
INSERT INTO cidade (idCidade, nome, uf) VALUES ('TTF', 'Teixeira das Flores', 'PE');
INSERT INTO cidade (idCidade, nome, uf) VALUES ('NSP', 'Nogueira do Sul Paulista', 'PE');
INSERT INTO cidade (idCidade, nome, uf) VALUES ('FEM', 'Fernandes de Minas', 'PE');
INSERT INTO cidade (idCidade, nome, uf) VALUES ('RLA', 'Rodrigues Alegre', 'PE');
INSERT INTO cidade (idCidade, nome, uf) VALUES ('SES', 'Santos da Serra', 'PE');
INSERT INTO cidade (idCidade, nome, uf) VALUES ('SDS', 'Silva dos Dourados da Serra', 'PE');
INSERT INTO cidade (idCidade, nome, uf) VALUES ('FRC', 'Fogaça de Rocha do Campo', 'PE');
INSERT INTO cidade (idCidade, nome, uf) VALUES ('MRP', 'Moreira Paulista', 'PE');
INSERT INTO cidade (idCidade, nome, uf) VALUES ('MMO', 'Moraes de Minas do Oeste', 'PE');
INSERT INTO cidade (idCidade, nome, uf) VALUES ('PDN', 'Paz do Norte', 'PE');
INSERT INTO cidade (idCidade, nome, uf) VALUES ('VVP', 'Viana Paulista', 'PI');
INSERT INTO cidade (idCidade, nome, uf) VALUES ('MGS', 'Mota de Gomes da Serra', 'PI');
INSERT INTO cidade (idCidade, nome, uf) VALUES ('ASG', 'Azevedo da Serra do Galho', 'PI');
INSERT INTO cidade (idCidade, nome, uf) VALUES ('MOS', 'Mendes do Sul', 'PI');
INSERT INTO cidade (idCidade, nome, uf) VALUES ('RMA', 'Rocha da Mata Alegre', 'PR');
INSERT INTO cidade (idCidade, nome, uf) VALUES ('PMC', 'Pereira do Campo', 'PR');
INSERT INTO cidade (idCidade, nome, uf) VALUES ('NSM', 'Novaes do Sul da Mata', 'PR');
INSERT INTO cidade (idCidade, nome, uf) VALUES ('PAP', 'Pires do Amparo da Prata', 'PR');
INSERT INTO cidade (idCidade, nome, uf) VALUES ('MRA', 'Monteiro do Amparo', 'PR');
INSERT INTO cidade (idCidade, nome, uf) VALUES ('SJG', 'Silveira de Jesus de Goiás', 'PR');
INSERT INTO cidade (idCidade, nome, uf) VALUES ('CPM', 'Correia de Peixoto de Minas', 'PR');
INSERT INTO cidade (idCidade, nome, uf) VALUES ('APC', 'Azevedo da Praia do Campo', 'PR');
INSERT INTO cidade (idCidade, nome, uf) VALUES ('CCP', 'Cavalcanti do Campo da Prata', 'PR');
INSERT INTO cidade (idCidade, nome, uf) VALUES ('CRV', 'Correia Verde', 'PR');
INSERT INTO cidade (idCidade, nome, uf) VALUES ('LAP', 'Lopes da Prata', 'PR');
INSERT INTO cidade (idCidade, nome, uf) VALUES ('NAC', 'Neves do Amparo do Campo', 'PR');
INSERT INTO cidade (idCidade, nome, uf) VALUES ('TRG', 'Teixeira de Ramos Grande', 'PR');
INSERT INTO cidade (idCidade, nome, uf) VALUES ('PAM', 'Pereira da Mata', 'PR');
INSERT INTO cidade (idCidade, nome, uf) VALUES ('CAG', 'Carvalho do Galho', 'PR');
INSERT INTO cidade (idCidade, nome, uf) VALUES ('TGM', 'Teixeira de Goiás de Minas', 'PR');
INSERT INTO cidade (idCidade, nome, uf) VALUES ('RVC', 'Rodrigues Verde do Campo', 'PR');
INSERT INTO cidade (idCidade, nome, uf) VALUES ('AEN', 'Azevedo do Norte', 'PR');
INSERT INTO cidade (idCidade, nome, uf) VALUES ('MMD', 'Melo da Mata dos Dourados', 'PR');
INSERT INTO cidade (idCidade, nome, uf) VALUES ('CEF', 'Costa das Flores', 'PR');
INSERT INTO cidade (idCidade, nome, uf) VALUES ('PFP', 'Paz das Flores Paulista', 'PR');
INSERT INTO cidade (idCidade, nome, uf) VALUES ('PEM', 'Peixoto de Minas', 'PR');
INSERT INTO cidade (idCidade, nome, uf) VALUES ('VDP', 'Viana de Duarte das Pedras', 'PR');
INSERT INTO cidade (idCidade, nome, uf) VALUES ('JTP', 'Jesus Paulista', 'PR');
INSERT INTO cidade (idCidade, nome, uf) VALUES ('COS', 'Castro do Sul', 'PR');
INSERT INTO cidade (idCidade, nome, uf) VALUES ('OGP', 'Oliveira do Galho das Pedras', 'PR');
INSERT INTO cidade (idCidade, nome, uf) VALUES ('MDG', 'Melo dos Dourados do Galho', 'RJ');
INSERT INTO cidade (idCidade, nome, uf) VALUES ('RUD', 'Rodrigues dos Dourados', 'RJ');
INSERT INTO cidade (idCidade, nome, uf) VALUES ('PDP', 'Paz dos Dourados das Pedras', 'RJ');
INSERT INTO cidade (idCidade, nome, uf) VALUES ('MFN', 'Mata das Flores do Norte', 'RJ');
INSERT INTO cidade (idCidade, nome, uf) VALUES ('SEP', 'Silveira Paulista', 'RJ');
INSERT INTO cidade (idCidade, nome, uf) VALUES ('PPC', 'Paz do Campo', 'RJ');
INSERT INTO cidade (idCidade, nome, uf) VALUES ('SMP', 'Silveira de Minas das Pedras', 'RJ');
INSERT INTO cidade (idCidade, nome, uf) VALUES ('PPP', 'Pinto da Praia da Praia', 'RJ');
INSERT INTO cidade (idCidade, nome, uf) VALUES ('DEG', 'Duarte de Goiás', 'RJ');
INSERT INTO cidade (idCidade, nome, uf) VALUES ('SIA', 'Silveira do Amparo', 'RJ');
INSERT INTO cidade (idCidade, nome, uf) VALUES ('DSP', 'Duarte do Sul da Prata', 'RJ');
INSERT INTO cidade (idCidade, nome, uf) VALUES ('AFO', 'Alves de Fogaça do Oeste', 'RJ');
INSERT INTO cidade (idCidade, nome, uf) VALUES ('BEO', 'Barbosa do Oeste', 'RJ');
INSERT INTO cidade (idCidade, nome, uf) VALUES ('GJF', 'Gomes de Jesus das Flores', 'RJ');
INSERT INTO cidade (idCidade, nome, uf) VALUES ('LMC', 'Luz do Campo', 'RJ');
INSERT INTO cidade (idCidade, nome, uf) VALUES ('CDO', 'Carvalho do Oeste', 'RJ');
INSERT INTO cidade (idCidade, nome, uf) VALUES ('VPD', 'Vieira da Prata dos Dourados', 'RJ');
INSERT INTO cidade (idCidade, nome, uf) VALUES ('BAN', 'Barros do Amparo do Norte', 'RJ');
INSERT INTO cidade (idCidade, nome, uf) VALUES ('MFF', 'Monteiro das Flores das Flores', 'RJ');
INSERT INTO cidade (idCidade, nome, uf) VALUES ('SCA', 'Souza de Correia do Amparo', 'RJ');
INSERT INTO cidade (idCidade, nome, uf) VALUES ('NAO', 'Nunes Alegre do Oeste', 'RJ');
INSERT INTO cidade (idCidade, nome, uf) VALUES ('MAG', 'Mota Grande', 'RJ');
INSERT INTO cidade (idCidade, nome, uf) VALUES ('RAM', 'Rosa da Mata', 'RJ');
INSERT INTO cidade (idCidade, nome, uf) VALUES ('COG', 'Conceição do Galho', 'RJ');
INSERT INTO cidade (idCidade, nome, uf) VALUES ('VIO', 'Viana do Oeste', 'RJ');
INSERT INTO cidade (idCidade, nome, uf) VALUES ('VOA', 'Vieira do Oeste Alegre', 'RJ');
INSERT INTO cidade (idCidade, nome, uf) VALUES ('GDP', 'Gomes da Praia', 'RJ');
INSERT INTO cidade (idCidade, nome, uf) VALUES ('PAD', 'Pereira de Almeida dos Dourados', 'RJ');
INSERT INTO cidade (idCidade, nome, uf) VALUES ('DES', 'Dias da Serra', 'RJ');
INSERT INTO cidade (idCidade, nome, uf) VALUES ('AMC', 'Aragão de Minas do Campo', 'RJ');
INSERT INTO cidade (idCidade, nome, uf) VALUES ('FAS', 'Fogaça do Sul', 'RJ');
INSERT INTO cidade (idCidade, nome, uf) VALUES ('GOG', 'Gonçalves de Goiás', 'RN');
INSERT INTO cidade (idCidade, nome, uf) VALUES ('CNM', 'Cruz de Minas', 'RN');
INSERT INTO cidade (idCidade, nome, uf) VALUES ('CCS', 'Conceição do Sul', 'RN');
INSERT INTO cidade (idCidade, nome, uf) VALUES ('BIG', 'Barros de Goiás', 'RN');
INSERT INTO cidade (idCidade, nome, uf) VALUES ('MCD', 'Moura de Carvalho dos Dourados', 'RN');
INSERT INTO cidade (idCidade, nome, uf) VALUES ('FNP', 'Ferreira do Norte Paulista', 'RN');
INSERT INTO cidade (idCidade, nome, uf) VALUES ('PVV', 'Pinto Verde Verde', 'RN');
INSERT INTO cidade (idCidade, nome, uf) VALUES ('FOM', 'Farias do Oeste da Mata', 'RN');
INSERT INTO cidade (idCidade, nome, uf) VALUES ('FGA', 'Farias Alegre', 'RN');
INSERT INTO cidade (idCidade, nome, uf) VALUES ('AGM', 'Aragão Grande de Minas', 'RN');
INSERT INTO cidade (idCidade, nome, uf) VALUES ('MGG', 'Mata de Goiás', 'RN');
INSERT INTO cidade (idCidade, nome, uf) VALUES ('CTG', 'Costa do Galho', 'RN');
INSERT INTO cidade (idCidade, nome, uf) VALUES ('RCG', 'Rocha do Galho', 'RN');
INSERT INTO cidade (idCidade, nome, uf) VALUES ('SGG', 'Silva do Galho', 'RN');
INSERT INTO cidade (idCidade, nome, uf) VALUES ('NDG', 'Nogueira Grande', 'RN');
INSERT INTO cidade (idCidade, nome, uf) VALUES ('CIP', 'Conceição da Praia', 'RN');
INSERT INTO cidade (idCidade, nome, uf) VALUES ('LLM', 'Luz de Minas', 'RN');
INSERT INTO cidade (idCidade, nome, uf) VALUES ('AAC', 'Azevedo de Azevedo do Campo', 'RN');
INSERT INTO cidade (idCidade, nome, uf) VALUES ('CVM', 'Campos Verde de Minas', 'RN');
INSERT INTO cidade (idCidade, nome, uf) VALUES ('CPO', 'Castro Paulista do Oeste', 'RN');
INSERT INTO cidade (idCidade, nome, uf) VALUES ('GFP', 'Gonçalves de Ferreira Paulista', 'RN');
INSERT INTO cidade (idCidade, nome, uf) VALUES ('RGN', 'Rocha do Galho do Norte', 'RN');
INSERT INTO cidade (idCidade, nome, uf) VALUES ('RAS', 'Ramos Alegre da Serra', 'RN');
INSERT INTO cidade (idCidade, nome, uf) VALUES ('CSS', 'Costa da Serra do Sul', 'RN');
INSERT INTO cidade (idCidade, nome, uf) VALUES ('RFO', 'Ramos das Flores do Oeste', 'RN');
INSERT INTO cidade (idCidade, nome, uf) VALUES ('FPG', 'Fogaça da Prata Grande', 'RN');
INSERT INTO cidade (idCidade, nome, uf) VALUES ('AZP', 'Azevedo da Prata', 'RN');
INSERT INTO cidade (idCidade, nome, uf) VALUES ('ASP', 'Araújo do Sul das Pedras', 'RN');
INSERT INTO cidade (idCidade, nome, uf) VALUES ('ARG', 'Araújo Grande', 'RO');
INSERT INTO cidade (idCidade, nome, uf) VALUES ('NOO', 'Neves do Oeste', 'RO');
INSERT INTO cidade (idCidade, nome, uf) VALUES ('OOM', 'Oliveira da Mata', 'RO');
INSERT INTO cidade (idCidade, nome, uf) VALUES ('CMD', 'Costa de Minas dos Dourados', 'RO');
INSERT INTO cidade (idCidade, nome, uf) VALUES ('SRP', 'Silva de da Rocha Paulista', 'RO');
INSERT INTO cidade (idCidade, nome, uf) VALUES ('DOG', 'Duarte do Oeste Grande', 'RO');
INSERT INTO cidade (idCidade, nome, uf) VALUES ('LDG', 'Lopes do Galho', 'RO');
INSERT INTO cidade (idCidade, nome, uf) VALUES ('PMS', 'Pires da Mata do Sul', 'RO');
INSERT INTO cidade (idCidade, nome, uf) VALUES ('AAG', 'Almeida do Galho', 'RO');
INSERT INTO cidade (idCidade, nome, uf) VALUES ('FFV', 'Fogaça Verde', 'RO');
INSERT INTO cidade (idCidade, nome, uf) VALUES ('SGF', 'Silva de Goiás das Flores', 'RO');
INSERT INTO cidade (idCidade, nome, uf) VALUES ('MAA', 'Martins Alegre', 'RO');
INSERT INTO cidade (idCidade, nome, uf) VALUES ('MSP', 'Moreira das Pedras', 'RO');
INSERT INTO cidade (idCidade, nome, uf) VALUES ('JPP', 'Jesus de Pinto Paulista', 'RO');
INSERT INTO cidade (idCidade, nome, uf) VALUES ('JSP', 'Jesus da Praia', 'RO');
INSERT INTO cidade (idCidade, nome, uf) VALUES ('CNP', 'Cunha da Prata', 'RO');
INSERT INTO cidade (idCidade, nome, uf) VALUES ('RHS', 'Rocha da Serra', 'RO');
INSERT INTO cidade (idCidade, nome, uf) VALUES ('LGC', 'Lima Grande do Campo', 'RO');
INSERT INTO cidade (idCidade, nome, uf) VALUES ('DMP', 'Duarte de Mendes das Pedras', 'RO');
INSERT INTO cidade (idCidade, nome, uf) VALUES ('DOS', 'Duarte do Oeste da Serra', 'RO');
INSERT INTO cidade (idCidade, nome, uf) VALUES ('MCN', 'Melo de da Cruz do Norte', 'RR');
INSERT INTO cidade (idCidade, nome, uf) VALUES ('CGV', 'Cunha Grande Verde', 'RR');
INSERT INTO cidade (idCidade, nome, uf) VALUES ('SDP', 'Souza das Pedras', 'RR');
INSERT INTO cidade (idCidade, nome, uf) VALUES ('AVC', 'Alves do Campo', 'RR');
INSERT INTO cidade (idCidade, nome, uf) VALUES ('VSO', 'Viana da Serra do Oeste', 'RS');
INSERT INTO cidade (idCidade, nome, uf) VALUES ('ALV', 'Azevedo de Lima Verde', 'RS');
INSERT INTO cidade (idCidade, nome, uf) VALUES ('MOO', 'Moura do Oeste', 'RS');
INSERT INTO cidade (idCidade, nome, uf) VALUES ('ATP', 'Azevedo da Prata', 'RS');
INSERT INTO cidade (idCidade, nome, uf) VALUES ('DLG', 'Dias do Galho', 'RS');
INSERT INTO cidade (idCidade, nome, uf) VALUES ('FRN', 'Ferreira do Norte', 'RS');
INSERT INTO cidade (idCidade, nome, uf) VALUES ('NPM', 'Nascimento da Praia da Mata', 'RS');
INSERT INTO cidade (idCidade, nome, uf) VALUES ('PCA', 'Peixoto do Campo do Amparo', 'RS');
INSERT INTO cidade (idCidade, nome, uf) VALUES ('NVP', 'Neves Verde da Prata', 'RS');
INSERT INTO cidade (idCidade, nome, uf) VALUES ('CRO', 'Cunha de Ramos do Oeste', 'RS');
INSERT INTO cidade (idCidade, nome, uf) VALUES ('GMM', 'Gonçalves de Minas', 'RS');
INSERT INTO cidade (idCidade, nome, uf) VALUES ('JNP', 'Jesus de Novaes da Prata', 'RS');
INSERT INTO cidade (idCidade, nome, uf) VALUES ('SVP', 'Silva Paulista', 'RS');
INSERT INTO cidade (idCidade, nome, uf) VALUES ('CCD', 'Cunha do Campo dos Dourados', 'RS');
INSERT INTO cidade (idCidade, nome, uf) VALUES ('MEA', 'Mata Alegre', 'RS');
INSERT INTO cidade (idCidade, nome, uf) VALUES ('SPA', 'Silveira de Pinto Alegre', 'RS');
INSERT INTO cidade (idCidade, nome, uf) VALUES ('CPC', 'Cardoso da Prata do Campo', 'RS');
INSERT INTO cidade (idCidade, nome, uf) VALUES ('RVG', 'Rezende Verde Grande', 'RS');
INSERT INTO cidade (idCidade, nome, uf) VALUES ('DGA', 'Duarte Alegre', 'SC');
INSERT INTO cidade (idCidade, nome, uf) VALUES ('RPV', 'Ramos Paulista Verde', 'SC');
INSERT INTO cidade (idCidade, nome, uf) VALUES ('AOA', 'Aragão do Amparo', 'SC');
INSERT INTO cidade (idCidade, nome, uf) VALUES ('NNV', 'Novaes Verde', 'SC');
INSERT INTO cidade (idCidade, nome, uf) VALUES ('MDA', 'Mota do Amparo', 'SC');
INSERT INTO cidade (idCidade, nome, uf) VALUES ('RRM', 'Ribeiro de Minas', 'SC');
INSERT INTO cidade (idCidade, nome, uf) VALUES ('GFO', 'Gomes das Flores do Oeste', 'SC');
INSERT INTO cidade (idCidade, nome, uf) VALUES ('MMA', 'Moreira de Melo Alegre', 'SC');
INSERT INTO cidade (idCidade, nome, uf) VALUES ('CAO', 'Costela Alegre do Oeste', 'SC');
INSERT INTO cidade (idCidade, nome, uf) VALUES ('MEV', 'Melo Verde', 'SC');
INSERT INTO cidade (idCidade, nome, uf) VALUES ('SAS', 'Sales da Serra', 'SC');
INSERT INTO cidade (idCidade, nome, uf) VALUES ('MVV', 'Moreira Verde', 'SC');
INSERT INTO cidade (idCidade, nome, uf) VALUES ('CON', 'Costela do Norte', 'SC');
INSERT INTO cidade (idCidade, nome, uf) VALUES ('CMA', 'Caldeira da Mata do Amparo', 'SC');
INSERT INTO cidade (idCidade, nome, uf) VALUES ('GSF', 'Gonçalves da Serra das Flores', 'SC');
INSERT INTO cidade (idCidade, nome, uf) VALUES ('SLG', 'Silveira de Goiás', 'SC');
INSERT INTO cidade (idCidade, nome, uf) VALUES ('FFM', 'Fernandes das Flores da Mata', 'SC');
INSERT INTO cidade (idCidade, nome, uf) VALUES ('MHG', 'Mata do Galho', 'SC');
INSERT INTO cidade (idCidade, nome, uf) VALUES ('AAV', 'Aragão de Araújo Verde', 'SC');
INSERT INTO cidade (idCidade, nome, uf) VALUES ('SAA', 'Santos do Amparo', 'SC');
INSERT INTO cidade (idCidade, nome, uf) VALUES ('SEV', 'Sales Verde', 'SC');
INSERT INTO cidade (idCidade, nome, uf) VALUES ('CGF', 'Conceição Grande das Flores', 'SC');
INSERT INTO cidade (idCidade, nome, uf) VALUES ('ANP', 'Azevedo do Norte da Praia', 'SE');
INSERT INTO cidade (idCidade, nome, uf) VALUES ('OMC', 'Oliveira do Campo', 'SE');
INSERT INTO cidade (idCidade, nome, uf) VALUES ('ROC', 'Ramos de Oliveira do Campo', 'SE');
INSERT INTO cidade (idCidade, nome, uf) VALUES ('CAA', 'Costa do Amparo', 'SE');
INSERT INTO cidade (idCidade, nome, uf) VALUES ('MPG', 'Moreira da Praia de Goiás', 'SE');
INSERT INTO cidade (idCidade, nome, uf) VALUES ('MMG', 'Mota Grande', 'SE');
INSERT INTO cidade (idCidade, nome, uf) VALUES ('ROS', 'Ramos do Oeste da Serra', 'SE');
INSERT INTO cidade (idCidade, nome, uf) VALUES ('GVA', 'Gonçalves Verde do Amparo', 'SE');
INSERT INTO cidade (idCidade, nome, uf) VALUES ('MDP', 'Mata dos Dourados da Praia', 'SE');
INSERT INTO cidade (idCidade, nome, uf) VALUES ('GLS', 'Gonçalves da Serra', 'SE');
INSERT INTO cidade (idCidade, nome, uf) VALUES ('MSN', 'Mendes da Serra do Norte', 'SE');
INSERT INTO cidade (idCidade, nome, uf) VALUES ('VNA', 'Vieira do Norte do Amparo', 'SE');
INSERT INTO cidade (idCidade, nome, uf) VALUES ('GEA', 'Gonçalves Alegre', 'SE');
INSERT INTO cidade (idCidade, nome, uf) VALUES ('SIM', 'Souza de Minas', 'SP');
INSERT INTO cidade (idCidade, nome, uf) VALUES ('FDG', 'Fernandes de Goiás', 'SP');
INSERT INTO cidade (idCidade, nome, uf) VALUES ('TMP', 'Teixeira da Mata da Prata', 'SP');
INSERT INTO cidade (idCidade, nome, uf) VALUES ('PPS', 'Paz de Pereira do Sul', 'SP');
INSERT INTO cidade (idCidade, nome, uf) VALUES ('MCP', 'Mata do Campo Paulista', 'SP');
INSERT INTO cidade (idCidade, nome, uf) VALUES ('LRV', 'Lopes Verde', 'SP');
INSERT INTO cidade (idCidade, nome, uf) VALUES ('POO', 'Pinto do Oeste', 'SP');
INSERT INTO cidade (idCidade, nome, uf) VALUES ('MFA', 'Moura das Flores Alegre', 'SP');
INSERT INTO cidade (idCidade, nome, uf) VALUES ('RPN', 'Rezende de Porto do Norte', 'SP');
INSERT INTO cidade (idCidade, nome, uf) VALUES ('MMN', 'Mota do Norte', 'SP');
INSERT INTO cidade (idCidade, nome, uf) VALUES ('CSF', 'Caldeira do Sul das Flores', 'SP');
INSERT INTO cidade (idCidade, nome, uf) VALUES ('VRP', 'Viana das Pedras', 'SP');
INSERT INTO cidade (idCidade, nome, uf) VALUES ('MEO', 'Mendes do Oeste', 'SP');
INSERT INTO cidade (idCidade, nome, uf) VALUES ('MPS', 'Mata Paulista do Sul', 'SP');
INSERT INTO cidade (idCidade, nome, uf) VALUES ('BMP', 'Barbosa da Mata das Pedras', 'SP');
INSERT INTO cidade (idCidade, nome, uf) VALUES ('CPG', 'Caldeira Paulista do Galho', 'SP');
INSERT INTO cidade (idCidade, nome, uf) VALUES ('MTS', 'Mota da Serra', 'SP');
INSERT INTO cidade (idCidade, nome, uf) VALUES ('COO', 'Campos do Oeste', 'SP');
INSERT INTO cidade (idCidade, nome, uf) VALUES ('GDA', 'Gonçalves do Amparo', 'SP');
INSERT INTO cidade (idCidade, nome, uf) VALUES ('CRD', 'Cunha de Ramos dos Dourados', 'SP');
INSERT INTO cidade (idCidade, nome, uf) VALUES ('NRA', 'Nascimento do Amparo', 'SP');
INSERT INTO cidade (idCidade, nome, uf) VALUES ('MLP', 'Melo das Pedras', 'SP');
INSERT INTO cidade (idCidade, nome, uf) VALUES ('CMS', 'Costa da Mata do Sul', 'SP');
INSERT INTO cidade (idCidade, nome, uf) VALUES ('FTP', 'Farias Paulista', 'SP');
INSERT INTO cidade (idCidade, nome, uf) VALUES ('BCC', 'Barbosa de Costela do Campo', 'SP');
INSERT INTO cidade (idCidade, nome, uf) VALUES ('CFA', 'Correia das Flores Alegre', 'SP');
INSERT INTO cidade (idCidade, nome, uf) VALUES ('SOP', 'Silva do Oeste das Pedras', 'SP');
INSERT INTO cidade (idCidade, nome, uf) VALUES ('GSP', 'Gonçalves da Prata', 'TO');
INSERT INTO cidade (idCidade, nome, uf) VALUES ('MDM', 'Melo dos Dourados da Mata', 'TO');
INSERT INTO cidade (idCidade, nome, uf) VALUES ('RFF', 'Rocha de Farias das Flores', 'TO');
INSERT INTO cidade (idCidade, nome, uf) VALUES ('MOA', 'Mota do Amparo', 'TO');
INSERT INTO cidade (idCidade, nome, uf) VALUES ('CFO', 'Cardoso das Flores do Oeste', 'TO');
INSERT INTO cidade (idCidade, nome, uf) VALUES ('PRP', 'Porto de Ramos da Praia', 'TO');
INSERT INTO cidade (idCidade, nome, uf) VALUES ('AND', 'Azevedo do Norte dos Dourados', 'TO');
INSERT INTO cidade (idCidade, nome, uf) VALUES ('PES', 'Peixoto da Serra', 'TO');
INSERT INTO cidade (idCidade, nome, uf) VALUES ('AAM', 'Aragão da Mata', 'TO');
INSERT INTO cidade (idCidade, nome, uf) VALUES ('OEN', 'Oliveira do Norte', 'TO');
INSERT INTO cidade (idCidade, nome, uf) VALUES ('NGG', 'Nogueira do Galho Grande', 'TO');
INSERT INTO cidade (idCidade, nome, uf) VALUES ('GCC', 'Gomes do Campo', 'TO');
INSERT INTO tipo (idTipo, descricao) VALUES (1, 'automóvel');
INSERT INTO tipo (idTipo, descricao) VALUES (2, 'motocicleta');
INSERT INTO tipo (idTipo, descricao) VALUES (3, 'caminhão');
INSERT INTO marca (idMarca, nome, origem) VALUES (1, 'CHEVROLET', 'Mônaco');
INSERT INTO marca (idMarca, nome, origem) VALUES (2, 'VOLKSWAGEN', 'Malásia');
INSERT INTO marca (idMarca, nome, origem) VALUES (3, 'FIAT', 'Senegal');
INSERT INTO marca (idMarca, nome, origem) VALUES (4, 'MERCEDES-BENZ', 'Eslovênia');
INSERT INTO marca (idMarca, nome, origem) VALUES (5, 'CITROEN', 'Antígua e Barbuda');
INSERT INTO marca (idMarca, nome, origem) VALUES (6, 'CHANA', 'Antilhas Holandesas');
INSERT INTO marca (idMarca, nome, origem) VALUES (7, 'HONDA', 'Anguila');
INSERT INTO marca (idMarca, nome, origem) VALUES (8, 'SUBARU', 'Coreia do Norte');
INSERT INTO marca (idMarca, nome, origem) VALUES (10, 'FERRARI', 'Jan Mayen');
INSERT INTO marca (idMarca, nome, origem) VALUES (11, 'BUGATTI', 'Quiribáti');
INSERT INTO marca (idMarca, nome, origem) VALUES (12, 'LAMBORGHINI', 'Eslovênia');
INSERT INTO marca (idMarca, nome, origem) VALUES (13, 'FORD', 'Chade');
INSERT INTO marca (idMarca, nome, origem) VALUES (14, 'HYUNDAI', 'Haiti');
INSERT INTO marca (idMarca, nome, origem) VALUES (15, 'JAC', 'Etiópia');
INSERT INTO marca (idMarca, nome, origem) VALUES (16, 'KIA', 'República Dominicana');
INSERT INTO marca (idMarca, nome, origem) VALUES (17, 'GURGEL', 'Peru');
INSERT INTO marca (idMarca, nome, origem) VALUES (18, 'DODGE', 'Antígua e Barbuda');
INSERT INTO marca (idMarca, nome, origem) VALUES (19, 'CHRYSLER', 'República Centro-Africana');
INSERT INTO marca (idMarca, nome, origem) VALUES (20, 'BENTLEY', 'França');
INSERT INTO marca (idMarca, nome, origem) VALUES (21, 'SSANGYONG', 'Honduras');
INSERT INTO marca (idMarca, nome, origem) VALUES (22, 'PEUGEOT', 'Maurícia');
INSERT INTO marca (idMarca, nome, origem) VALUES (23, 'TOYOTA', 'Azerbaijão');
INSERT INTO marca (idMarca, nome, origem) VALUES (24, 'RENAULT', 'Líbano');
INSERT INTO marca (idMarca, nome, origem) VALUES (25, 'ACURA', 'Paracel Islands');
INSERT INTO marca (idMarca, nome, origem) VALUES (26, 'ADAMO', 'Costa Rica');
INSERT INTO marca (idMarca, nome, origem) VALUES (27, 'AGRALE', 'Camboja');
INSERT INTO marca (idMarca, nome, origem) VALUES (28, 'ALFA ROMEO', 'Venezuela');
INSERT INTO marca (idMarca, nome, origem) VALUES (29, 'AMERICAR', 'Tokelau');
INSERT INTO marca (idMarca, nome, origem) VALUES (31, 'ASTON MARTIN', 'Macau');
INSERT INTO marca (idMarca, nome, origem) VALUES (32, 'AUDI', 'Hong Kong');
INSERT INTO marca (idMarca, nome, origem) VALUES (34, 'BEACH', 'Panamá');
INSERT INTO marca (idMarca, nome, origem) VALUES (35, 'BIANCO', 'Ashmore and Cartier Islands');
INSERT INTO marca (idMarca, nome, origem) VALUES (36, 'BMW', 'Ilhas Cook');
INSERT INTO marca (idMarca, nome, origem) VALUES (37, 'BORGWARD', 'Egito');
INSERT INTO marca (idMarca, nome, origem) VALUES (38, 'BRILLIANCE', 'Porto Rico');
INSERT INTO marca (idMarca, nome, origem) VALUES (41, 'BUICK', 'Brunei');
INSERT INTO marca (idMarca, nome, origem) VALUES (42, 'CBT', 'Etiópia');
INSERT INTO marca (idMarca, nome, origem) VALUES (43, 'NISSAN', 'Eslováquia');
INSERT INTO marca (idMarca, nome, origem) VALUES (44, 'CHAMONIX', 'Guam');
INSERT INTO marca (idMarca, nome, origem) VALUES (46, 'CHEDA', 'Tanzânia');
INSERT INTO marca (idMarca, nome, origem) VALUES (47, 'CHERY', 'Chipre');
INSERT INTO marca (idMarca, nome, origem) VALUES (48, 'CORD', 'Kuwait');
INSERT INTO marca (idMarca, nome, origem) VALUES (49, 'COYOTE', 'Congo-Brazzaville');
INSERT INTO marca (idMarca, nome, origem) VALUES (50, 'CROSS LANDER', 'Angola');
INSERT INTO marca (idMarca, nome, origem) VALUES (51, 'DAEWOO', 'Paquistão');
INSERT INTO marca (idMarca, nome, origem) VALUES (52, 'DAIHATSU', 'Tonga');
INSERT INTO marca (idMarca, nome, origem) VALUES (53, 'VOLVO', 'Somália');
INSERT INTO marca (idMarca, nome, origem) VALUES (54, 'DE SOTO', 'Catar');
INSERT INTO marca (idMarca, nome, origem) VALUES (55, 'DETOMAZO', 'Chipre');
INSERT INTO marca (idMarca, nome, origem) VALUES (56, 'DELOREAN', 'Tanzânia');
INSERT INTO marca (idMarca, nome, origem) VALUES (57, 'DKW-VEMAG', 'Belize');
INSERT INTO marca (idMarca, nome, origem) VALUES (59, 'SUZUKI', 'Panamá');
INSERT INTO marca (idMarca, nome, origem) VALUES (60, 'EAGLE', 'Antilhas Holandesas');
INSERT INTO marca (idMarca, nome, origem) VALUES (61, 'EFFA', 'Colômbia');
INSERT INTO marca (idMarca, nome, origem) VALUES (63, 'ENGESA', 'Países Baixos');
INSERT INTO marca (idMarca, nome, origem) VALUES (64, 'ENVEMO', 'Costa do Marfim');
INSERT INTO marca (idMarca, nome, origem) VALUES (65, 'FARUS', 'Cazaquistão');
INSERT INTO marca (idMarca, nome, origem) VALUES (66, 'FERCAR', 'Jersey');
INSERT INTO marca (idMarca, nome, origem) VALUES (68, 'FNM', 'Níger');
INSERT INTO marca (idMarca, nome, origem) VALUES (69, 'PONTIAC', 'Taiwan');
INSERT INTO marca (idMarca, nome, origem) VALUES (70, 'PORSCHE', 'Camboja');
INSERT INTO marca (idMarca, nome, origem) VALUES (72, 'GEO', 'Mônaco');
INSERT INTO marca (idMarca, nome, origem) VALUES (74, 'GRANCAR', 'Burquina Faso');
INSERT INTO marca (idMarca, nome, origem) VALUES (75, 'GREAT WALL', 'Quênia');
INSERT INTO marca (idMarca, nome, origem) VALUES (76, 'HAFEI', 'Andorra');
INSERT INTO marca (idMarca, nome, origem) VALUES (78, 'HOFSTETTER', 'Etiópia');
INSERT INTO marca (idMarca, nome, origem) VALUES (79, 'HUDSON', 'Ilha Norfolk');
INSERT INTO marca (idMarca, nome, origem) VALUES (80, 'HUMMER', 'Camarões');
INSERT INTO marca (idMarca, nome, origem) VALUES (82, 'INFINITI', 'Gronelândia');
INSERT INTO marca (idMarca, nome, origem) VALUES (83, 'INTERNATIONAL', 'Ilhas Heard e McDonald');
INSERT INTO marca (idMarca, nome, origem) VALUES (86, 'JAGUAR', 'Costa do Marfim');
INSERT INTO marca (idMarca, nome, origem) VALUES (87, 'JEEP', 'Barein');
INSERT INTO marca (idMarca, nome, origem) VALUES (88, 'JINBEI', 'Iraque');
INSERT INTO marca (idMarca, nome, origem) VALUES (89, 'JPX', 'Mônaco');
INSERT INTO marca (idMarca, nome, origem) VALUES (90, 'KAISER', 'Guiné-Bissau');
INSERT INTO marca (idMarca, nome, origem) VALUES (91, 'KOENIGSEGG', 'Comores');
INSERT INTO marca (idMarca, nome, origem) VALUES (92, 'LAUTOMOBILE', 'Israel');
INSERT INTO marca (idMarca, nome, origem) VALUES (93, 'LAUTOCRAFT', 'Chade');
INSERT INTO marca (idMarca, nome, origem) VALUES (94, 'LADA', 'Nova Caledónia');
INSERT INTO marca (idMarca, nome, origem) VALUES (95, 'LANCIA', 'Guatemala');
INSERT INTO marca (idMarca, nome, origem) VALUES (96, 'LAND ROVER', 'Coral Sea Islands');
INSERT INTO marca (idMarca, nome, origem) VALUES (97, 'LEXUS', 'Sérvia');
INSERT INTO marca (idMarca, nome, origem) VALUES (98, 'LIFAN', 'Ilhas Turcas e Caicos');
INSERT INTO marca (idMarca, nome, origem) VALUES (99, 'LINCOLN', 'Letônia');
INSERT INTO marca (idMarca, nome, origem) VALUES (100, 'LOBINI', 'Líbia');
INSERT INTO marca (idMarca, nome, origem) VALUES (101, 'LOTUS', 'Mônaco');
INSERT INTO marca (idMarca, nome, origem) VALUES (102, 'MAHINDRA', 'Lesoto');
INSERT INTO marca (idMarca, nome, origem) VALUES (104, 'MASERATI', 'Geórgia');
INSERT INTO marca (idMarca, nome, origem) VALUES (106, 'MATRA', 'Taiwan');
INSERT INTO marca (idMarca, nome, origem) VALUES (107, 'MAYBACH', 'Ilhas Marshall');
INSERT INTO marca (idMarca, nome, origem) VALUES (108, 'MAZDA', 'Haiti');
INSERT INTO marca (idMarca, nome, origem) VALUES (109, 'MENON', 'Tanzânia');
INSERT INTO marca (idMarca, nome, origem) VALUES (110, 'MERCURY', 'Liechtenstein');
INSERT INTO marca (idMarca, nome, origem) VALUES (111, 'MITSUBISHI', 'Fiji');
INSERT INTO marca (idMarca, nome, origem) VALUES (112, 'MG', 'Domínica');
INSERT INTO marca (idMarca, nome, origem) VALUES (113, 'MINI', 'Ilhas Turcas e Caicos');
INSERT INTO marca (idMarca, nome, origem) VALUES (114, 'MIURA', 'Iraque');
INSERT INTO marca (idMarca, nome, origem) VALUES (115, 'MORRIS', 'Tajiquistão');
INSERT INTO marca (idMarca, nome, origem) VALUES (116, 'MP LAFER', 'Território Britânico do Oceano Índico');
INSERT INTO marca (idMarca, nome, origem) VALUES (117, 'MPLM', 'África do Sul');
INSERT INTO marca (idMarca, nome, origem) VALUES (118, 'NEWTRACK', 'Armênia');
INSERT INTO marca (idMarca, nome, origem) VALUES (119, 'NISSIN', 'Niue');
INSERT INTO marca (idMarca, nome, origem) VALUES (120, 'OLDSMOBILE', 'Somália');
INSERT INTO marca (idMarca, nome, origem) VALUES (121, 'PAG', 'Zâmbia');
INSERT INTO marca (idMarca, nome, origem) VALUES (122, 'PAGANI', 'Ilhas Marshall');
INSERT INTO marca (idMarca, nome, origem) VALUES (123, 'PLYMOUTH', 'Tanzânia');
INSERT INTO marca (idMarca, nome, origem) VALUES (124, 'PUMA', 'Laos');
INSERT INTO marca (idMarca, nome, origem) VALUES (125, 'RENO', 'Nova Zelândia');
INSERT INTO marca (idMarca, nome, origem) VALUES (126, 'REVA-I', 'Bielorrússia');
INSERT INTO marca (idMarca, nome, origem) VALUES (127, 'ROLLS-ROYCE', 'Ilhas Marshall');
INSERT INTO marca (idMarca, nome, origem) VALUES (129, 'ROMI', 'México');
INSERT INTO marca (idMarca, nome, origem) VALUES (130, 'SEAT', 'Costa do Marfim');
INSERT INTO marca (idMarca, nome, origem) VALUES (131, 'UTILITARIOS AGRICOLAS', 'Butão');
INSERT INTO marca (idMarca, nome, origem) VALUES (132, 'SHINERAY', 'Tuvalu');
INSERT INTO marca (idMarca, nome, origem) VALUES (137, 'SAAB', 'China');
INSERT INTO marca (idMarca, nome, origem) VALUES (139, 'SHORT', 'África do Sul');
INSERT INTO marca (idMarca, nome, origem) VALUES (141, 'SIMCA', 'Ilhas Turcas e Caicos');
INSERT INTO marca (idMarca, nome, origem) VALUES (142, 'SMART', 'Haiti');
INSERT INTO marca (idMarca, nome, origem) VALUES (143, 'SPYKER', 'Salvador');
INSERT INTO marca (idMarca, nome, origem) VALUES (144, 'STANDARD', 'Guiné-Bissau');
INSERT INTO marca (idMarca, nome, origem) VALUES (145, 'STUDEBAKER', 'Ilhas Virgens Americanas');
INSERT INTO marca (idMarca, nome, origem) VALUES (146, 'TAC', 'Laos');
INSERT INTO marca (idMarca, nome, origem) VALUES (147, 'TANGER', 'Polinésia Francesa');
INSERT INTO marca (idMarca, nome, origem) VALUES (148, 'TRIUMPH', 'Israel');
INSERT INTO marca (idMarca, nome, origem) VALUES (149, 'TROLLER', 'Zâmbia');
INSERT INTO marca (idMarca, nome, origem) VALUES (150, 'UNIMOG', 'Libéria');
INSERT INTO marca (idMarca, nome, origem) VALUES (154, 'WIESMANN', 'Mayotte');
INSERT INTO marca (idMarca, nome, origem) VALUES (155, 'CADILLAC', 'Nicarágua');
INSERT INTO marca (idMarca, nome, origem) VALUES (156, 'AM GEN', 'Jordânia');
INSERT INTO marca (idMarca, nome, origem) VALUES (157, 'BUGGY', 'Líbano');
INSERT INTO marca (idMarca, nome, origem) VALUES (158, 'WILLYS OVERLAND', 'Emirados Árabes Unidos');
INSERT INTO marca (idMarca, nome, origem) VALUES (161, 'KASEA', 'Serra Leoa');
INSERT INTO marca (idMarca, nome, origem) VALUES (162, 'SATURN', 'Butão');
INSERT INTO marca (idMarca, nome, origem) VALUES (163, 'SWELL MINI', 'Azerbaijão');
INSERT INTO marca (idMarca, nome, origem) VALUES (175, 'SKODA', 'Chile');
INSERT INTO marca (idMarca, nome, origem) VALUES (239, 'KARMANN GHIA', 'Aruba');
INSERT INTO marca (idMarca, nome, origem) VALUES (254, 'KART', 'Lesoto');
INSERT INTO marca (idMarca, nome, origem) VALUES (258, 'HANOMAG', 'Wallis e Futuna');
INSERT INTO marca (idMarca, nome, origem) VALUES (261, 'OUTROS', 'Hong Kong');
INSERT INTO marca (idMarca, nome, origem) VALUES (265, 'HILLMAN', 'Itália');
INSERT INTO marca (idMarca, nome, origem) VALUES (288, 'HRG', 'Senegal');
INSERT INTO marca (idMarca, nome, origem) VALUES (295, 'GAIOLA', 'Vietnam');
INSERT INTO marca (idMarca, nome, origem) VALUES (338, 'TATA', 'Suécia');
INSERT INTO marca (idMarca, nome, origem) VALUES (341, 'DITALLY', 'Chade');
INSERT INTO marca (idMarca, nome, origem) VALUES (345, 'RELY', 'Territórios Austrais Franceses');
INSERT INTO marca (idMarca, nome, origem) VALUES (346, 'MCLAREN', 'Gabão');
INSERT INTO marca (idMarca, nome, origem) VALUES (534, 'GEELY', 'Ashmore and Cartier Islands');
INSERT INTO marca (idMarca, nome, origem) VALUES (133, 'KASINSKI', 'São Cristóvão e Neves');
INSERT INTO marca (idMarca, nome, origem) VALUES (135, 'YAMAHA', 'Burundi');
INSERT INTO marca (idMarca, nome, origem) VALUES (136, 'GARINNI', 'Paracel Islands');
INSERT INTO marca (idMarca, nome, origem) VALUES (140, 'SUNDOWN', 'Taiwan');
INSERT INTO marca (idMarca, nome, origem) VALUES (170, 'KAWASAKI', 'Tuvalu');
INSERT INTO marca (idMarca, nome, origem) VALUES (171, 'POLARIS', 'Paracel Islands');
INSERT INTO marca (idMarca, nome, origem) VALUES (176, 'ADLY', 'Hong Kong');
INSERT INTO marca (idMarca, nome, origem) VALUES (177, 'AMAZONAS', 'Ilha Norfolk');
INSERT INTO marca (idMarca, nome, origem) VALUES (178, 'APRILIA', 'Israel');
INSERT INTO marca (idMarca, nome, origem) VALUES (179, 'ATALA', 'Uganda');
INSERT INTO marca (idMarca, nome, origem) VALUES (180, 'BAJAJ', 'Indonésia');
INSERT INTO marca (idMarca, nome, origem) VALUES (181, 'BENELLI', 'Omã');
INSERT INTO marca (idMarca, nome, origem) VALUES (182, 'BETA', 'Austrália');
INSERT INTO marca (idMarca, nome, origem) VALUES (183, 'BIMOTA', 'Indonésia');
INSERT INTO marca (idMarca, nome, origem) VALUES (184, 'BRANDY', 'Eslovênia');
INSERT INTO marca (idMarca, nome, origem) VALUES (185, 'BRAVA', 'Áustria');
INSERT INTO marca (idMarca, nome, origem) VALUES (186, 'BRP', 'Iran');
INSERT INTO marca (idMarca, nome, origem) VALUES (187, 'BUELL', 'Níger');
INSERT INTO marca (idMarca, nome, origem) VALUES (188, 'BUENO', 'Gâmbia');
INSERT INTO marca (idMarca, nome, origem) VALUES (190, 'CAGIVA', 'Tajiquistão');
INSERT INTO marca (idMarca, nome, origem) VALUES (191, 'MOBILETE', 'Eslovênia');
INSERT INTO marca (idMarca, nome, origem) VALUES (192, 'DAELIM', 'Camboja');
INSERT INTO marca (idMarca, nome, origem) VALUES (193, 'DAFRA', 'São Vicente e Granadinas');
INSERT INTO marca (idMarca, nome, origem) VALUES (194, 'DAYANG', 'Senegal');
INSERT INTO marca (idMarca, nome, origem) VALUES (195, 'DAYUN', 'Pitcairn');
INSERT INTO marca (idMarca, nome, origem) VALUES (196, 'DERBI', 'Bahamas');
INSERT INTO marca (idMarca, nome, origem) VALUES (197, 'DUCATI', 'Anguila');
INSERT INTO marca (idMarca, nome, origem) VALUES (198, 'EMME', 'Reino Unido');
INSERT INTO marca (idMarca, nome, origem) VALUES (200, 'FYM', 'Monserrate');
INSERT INTO marca (idMarca, nome, origem) VALUES (201, 'GAS GAS', 'Lituânia');
INSERT INTO marca (idMarca, nome, origem) VALUES (202, 'GREEN', 'Jamaica');
INSERT INTO marca (idMarca, nome, origem) VALUES (203, 'HAOBAO', 'Nova Caledónia');
INSERT INTO marca (idMarca, nome, origem) VALUES (204, 'HARLEY-DAVIDSON', 'Bolívia');
INSERT INTO marca (idMarca, nome, origem) VALUES (205, 'HARTFORD', 'Fiji');
INSERT INTO marca (idMarca, nome, origem) VALUES (206, 'HERO', 'Quiribáti');
INSERT INTO marca (idMarca, nome, origem) VALUES (207, 'HUSABERG', 'Haiti');
INSERT INTO marca (idMarca, nome, origem) VALUES (208, 'HUSQVARNA', 'Costa Rica');
INSERT INTO marca (idMarca, nome, origem) VALUES (209, 'IROS', 'Croácia');
INSERT INTO marca (idMarca, nome, origem) VALUES (210, 'JIAPENG VOLCANO', 'Mongólia');
INSERT INTO marca (idMarca, nome, origem) VALUES (211, 'JOHNNYPAG', 'Nicarágua');
INSERT INTO marca (idMarca, nome, origem) VALUES (212, 'JONNY', 'Burundi');
INSERT INTO marca (idMarca, nome, origem) VALUES (213, 'KAHENA', 'República Checa');
INSERT INTO marca (idMarca, nome, origem) VALUES (214, 'KIMCO', 'Granada');
INSERT INTO marca (idMarca, nome, origem) VALUES (215, 'LAQUILA', 'Uruguai');
INSERT INTO marca (idMarca, nome, origem) VALUES (216, 'LANDUM', 'Tunísia');
INSERT INTO marca (idMarca, nome, origem) VALUES (217, 'LAVRALE', 'Guiné-Bissau');
INSERT INTO marca (idMarca, nome, origem) VALUES (218, 'LERIVO', 'Brasil');
INSERT INTO marca (idMarca, nome, origem) VALUES (219, 'LON-V', 'Paracel Islands');
INSERT INTO marca (idMarca, nome, origem) VALUES (220, 'TRICICLO', 'Sara Ocidental');
INSERT INTO marca (idMarca, nome, origem) VALUES (221, 'MALAGUTI', 'Luxemburgo');
INSERT INTO marca (idMarca, nome, origem) VALUES (222, 'MIZA', 'Ashmore and Cartier Islands');
INSERT INTO marca (idMarca, nome, origem) VALUES (223, 'MOTO GUZZI', 'Antártica');
INSERT INTO marca (idMarca, nome, origem) VALUES (224, 'MRX', 'Emirados Árabes Unidos');
INSERT INTO marca (idMarca, nome, origem) VALUES (225, 'MV AUGUSTA', 'Geórgia');
INSERT INTO marca (idMarca, nome, origem) VALUES (226, 'MVK', 'Iraque');
INSERT INTO marca (idMarca, nome, origem) VALUES (227, 'ORCA', 'Ilhas Caiman');
INSERT INTO marca (idMarca, nome, origem) VALUES (228, 'PEGASSI', 'Cabo Verde');
INSERT INTO marca (idMarca, nome, origem) VALUES (229, 'PIAGGIO', 'República Centro-Africana');
INSERT INTO marca (idMarca, nome, origem) VALUES (230, 'REGAL RAPTOR', 'Letônia');
INSERT INTO marca (idMarca, nome, origem) VALUES (231, 'SANYANG', 'Ilhas Falkland');
INSERT INTO marca (idMarca, nome, origem) VALUES (232, 'SIAMOTO', 'São Vicente e Granadinas');
INSERT INTO marca (idMarca, nome, origem) VALUES (233, 'TARGOS', 'Suíça');
INSERT INTO marca (idMarca, nome, origem) VALUES (234, 'TRAXX', 'Etiópia');
INSERT INTO marca (idMarca, nome, origem) VALUES (235, 'VENTO', 'Suécia');
INSERT INTO marca (idMarca, nome, origem) VALUES (236, 'WUYANG', 'Jan Mayen');
INSERT INTO marca (idMarca, nome, origem) VALUES (245, 'GARRA', 'Ilha Bouvet');
INSERT INTO marca (idMarca, nome, origem) VALUES (246, 'X MOTOS', 'Estados Unidos');
INSERT INTO marca (idMarca, nome, origem) VALUES (248, 'TRICKER', 'Afeganistão');
INSERT INTO marca (idMarca, nome, origem) VALUES (253, 'LAMBRETA', 'Omã');
INSERT INTO marca (idMarca, nome, origem) VALUES (269, 'SCOOTER', 'Israel');
INSERT INTO marca (idMarca, nome, origem) VALUES (281, 'ZONGSHEN', 'Ilhas Turcas e Caicos');
INSERT INTO marca (idMarca, nome, origem) VALUES (282, 'BIRELLI', 'Costa do Marfim');
INSERT INTO marca (idMarca, nome, origem) VALUES (294, 'WALK MACHINE', 'Fiji');
INSERT INTO marca (idMarca, nome, origem) VALUES (297, 'FBM', 'Tuvalu');
INSERT INTO marca (idMarca, nome, origem) VALUES (299, 'ARIEL', 'Itália');
INSERT INTO marca (idMarca, nome, origem) VALUES (340, 'DUCAR', 'Somália');
INSERT INTO marca (idMarca, nome, origem) VALUES (342, 'MARVA', 'Iraque');
INSERT INTO marca (idMarca, nome, origem) VALUES (343, 'WOLVER', 'Cuba');
INSERT INTO marca (idMarca, nome, origem) VALUES (344, 'KTM', 'Senegal');
INSERT INTO marca (idMarca, nome, origem) VALUES (347, 'LEOPARD', 'Austrália');
INSERT INTO marca (idMarca, nome, origem) VALUES (348, 'JAWA', 'Nicarágua');
INSERT INTO marca (idMarca, nome, origem) VALUES (349, 'BULL', 'Guam');
INSERT INTO marca (idMarca, nome, origem) VALUES (358, 'CAN-AM', 'Albânia');
INSERT INTO marca (idMarca, nome, origem) VALUES (359, 'ACELLERA', 'Egito');
INSERT INTO marca (idMarca, nome, origem) VALUES (483, 'VICTORY', 'Maldivas');
INSERT INTO marca (idMarca, nome, origem) VALUES (484, 'INDIAN', 'Tailândia');
INSERT INTO marca (idMarca, nome, origem) VALUES (532, 'BRAVAX', 'China');
INSERT INTO marca (idMarca, nome, origem) VALUES (533, 'GARELLI', 'Estônia');
INSERT INTO marca (idMarca, nome, origem) VALUES (84, 'ISUZU', 'Ashmore and Cartier Islands');
INSERT INTO marca (idMarca, nome, origem) VALUES (85, 'IVECO', 'Namíbia');
INSERT INTO marca (idMarca, nome, origem) VALUES (164, 'TRAILER', 'Senegal');
INSERT INTO marca (idMarca, nome, origem) VALUES (167, 'RANDON', 'Costa do Marfim');
INSERT INTO marca (idMarca, nome, origem) VALUES (242, 'SCANIA', 'Eritreia');
INSERT INTO marca (idMarca, nome, origem) VALUES (263, 'ONIBUS', 'Chile');
INSERT INTO marca (idMarca, nome, origem) VALUES (266, 'UTILITARIOS PESADOS', 'Omã');
INSERT INTO marca (idMarca, nome, origem) VALUES (270, 'MOTOR-HOME', 'Iran');
INSERT INTO marca (idMarca, nome, origem) VALUES (274, 'MAN', 'Guiné-Bissau');
INSERT INTO marca (idMarca, nome, origem) VALUES (275, 'NAVISTAR', 'Paraguai');
INSERT INTO marca (idMarca, nome, origem) VALUES (277, 'SINOTRUK', 'Antígua e Barbuda');
INSERT INTO marca (idMarca, nome, origem) VALUES (284, 'SCHIFFER', 'Áustria');
INSERT INTO marca (idMarca, nome, origem) VALUES (285, 'GUERRA', 'Bósnia e Herzegovina');
INSERT INTO marca (idMarca, nome, origem) VALUES (292, 'MICHIGAN', 'Ilhas Cook');
INSERT INTO modelo (idModelo, denominacao, idMarca, idTipo) VALUES (1, 'INTEGRA', 25, 1);
INSERT INTO modelo (idModelo, denominacao, idMarca, idTipo) VALUES (2, 'LEGEND', 25, 1);
INSERT INTO modelo (idModelo, denominacao, idMarca, idTipo) VALUES (4, 'MARRUA', 27, 1);
INSERT INTO modelo (idModelo, denominacao, idMarca, idTipo) VALUES (12, 'SPIDER', 28, 1);
INSERT INTO modelo (idModelo, denominacao, idMarca, idTipo) VALUES (13, 'HUMMER', 156, 1);
INSERT INTO modelo (idModelo, denominacao, idMarca, idTipo) VALUES (14, 'AM-825', 16, 1);
INSERT INTO modelo (idModelo, denominacao, idMarca, idTipo) VALUES (15, 'HI-TOPIC', 16, 1);
INSERT INTO modelo (idModelo, denominacao, idMarca, idTipo) VALUES (16, 'ROCSTA', 16, 1);
INSERT INTO modelo (idModelo, denominacao, idMarca, idTipo) VALUES (18, 'TOWNER', 16, 1);
INSERT INTO modelo (idModelo, denominacao, idMarca, idTipo) VALUES (23, 'A4 SEDAN', 32, 1);
INSERT INTO modelo (idModelo, denominacao, idMarca, idTipo) VALUES (24, 'A5 COUPE', 32, 1);
INSERT INTO modelo (idModelo, denominacao, idMarca, idTipo) VALUES (25, 'A6 SEDAN', 32, 1);
INSERT INTO modelo (idModelo, denominacao, idMarca, idTipo) VALUES (39, 'S4 SEDAN', 32, 1);
INSERT INTO modelo (idModelo, denominacao, idMarca, idTipo) VALUES (40, 'S6 SEDAN', 32, 1);
INSERT INTO modelo (idModelo, denominacao, idMarca, idTipo) VALUES (87, 'DEVILLE', 155, 1);
INSERT INTO modelo (idModelo, denominacao, idMarca, idTipo) VALUES (88, 'ELDORADO', 155, 1);
INSERT INTO modelo (idModelo, denominacao, idMarca, idTipo) VALUES (89, 'SEVILLE', 155, 1);
INSERT INTO modelo (idModelo, denominacao, idMarca, idTipo) VALUES (90, 'JAVALI', 42, 1);
INSERT INTO modelo (idModelo, denominacao, idMarca, idTipo) VALUES (92, 'MINI STAR FAMILY', 6, 1);
INSERT INTO modelo (idModelo, denominacao, idMarca, idTipo) VALUES (93, 'MINI STAR UTILITY', 6, 1);
INSERT INTO modelo (idModelo, denominacao, idMarca, idTipo) VALUES (101, 'CARAVAN', 19, 1);
INSERT INTO modelo (idModelo, denominacao, idMarca, idTipo) VALUES (102, 'CIRRUS', 19, 1);
INSERT INTO modelo (idModelo, denominacao, idMarca, idTipo) VALUES (103, 'GRAN CARAVAN', 19, 1);
INSERT INTO modelo (idModelo, denominacao, idMarca, idTipo) VALUES (104, 'LE BARON', 19, 1);
INSERT INTO modelo (idModelo, denominacao, idMarca, idTipo) VALUES (106, 'PT CRUISER', 19, 1);
INSERT INTO modelo (idModelo, denominacao, idMarca, idTipo) VALUES (107, 'SEBRING', 19, 1);
INSERT INTO modelo (idModelo, denominacao, idMarca, idTipo) VALUES (108, 'STRATUS', 19, 1);
INSERT INTO modelo (idModelo, denominacao, idMarca, idTipo) VALUES (109, 'TOWN E COUNTRY', 19, 1);
INSERT INTO modelo (idModelo, denominacao, idMarca, idTipo) VALUES (110, 'VISION', 19, 1);
INSERT INTO modelo (idModelo, denominacao, idMarca, idTipo) VALUES (111, 'AIRCROSS', 5, 1);
INSERT INTO modelo (idModelo, denominacao, idMarca, idTipo) VALUES (113, 'BERLINGO', 5, 1);
INSERT INTO modelo (idModelo, denominacao, idMarca, idTipo) VALUES (121, 'EVASION', 5, 1);
INSERT INTO modelo (idModelo, denominacao, idMarca, idTipo) VALUES (122, 'JUMPER', 5, 1);
INSERT INTO modelo (idModelo, denominacao, idMarca, idTipo) VALUES (123, 'XANTIA', 5, 1);
INSERT INTO modelo (idModelo, denominacao, idMarca, idTipo) VALUES (127, 'CL-244', 50, 1);
INSERT INTO modelo (idModelo, denominacao, idMarca, idTipo) VALUES (128, 'CL-330', 50, 1);
INSERT INTO modelo (idModelo, denominacao, idMarca, idTipo) VALUES (129, 'ESPERO', 51, 1);
INSERT INTO modelo (idModelo, denominacao, idMarca, idTipo) VALUES (131, 'LEGANZA', 51, 1);
INSERT INTO modelo (idModelo, denominacao, idMarca, idTipo) VALUES (132, 'NUBIRA', 51, 1);
INSERT INTO modelo (idModelo, denominacao, idMarca, idTipo) VALUES (133, 'PRINCE', 51, 1);
INSERT INTO modelo (idModelo, denominacao, idMarca, idTipo) VALUES (135, 'SUPER SALON', 51, 1);
INSERT INTO modelo (idModelo, denominacao, idMarca, idTipo) VALUES (137, 'APPLAUSE', 52, 1);
INSERT INTO modelo (idModelo, denominacao, idMarca, idTipo) VALUES (138, 'CHARADE', 52, 1);
INSERT INTO modelo (idModelo, denominacao, idMarca, idTipo) VALUES (140, 'FEROZA', 52, 1);
INSERT INTO modelo (idModelo, denominacao, idMarca, idTipo) VALUES (141, 'GRAN MOVE', 52, 1);
INSERT INTO modelo (idModelo, denominacao, idMarca, idTipo) VALUES (142, 'MOVE VAN', 52, 1);
INSERT INTO modelo (idModelo, denominacao, idMarca, idTipo) VALUES (143, 'TERIOS', 52, 1);
INSERT INTO modelo (idModelo, denominacao, idMarca, idTipo) VALUES (144, 'AVENGER', 18, 1);
INSERT INTO modelo (idModelo, denominacao, idMarca, idTipo) VALUES (145, 'DAKOTA', 18, 1);
INSERT INTO modelo (idModelo, denominacao, idMarca, idTipo) VALUES (146, 'JOURNEY', 18, 1);
INSERT INTO modelo (idModelo, denominacao, idMarca, idTipo) VALUES (148, 'STEALTH', 18, 1);
INSERT INTO modelo (idModelo, denominacao, idMarca, idTipo) VALUES (152, 'PLUTUS', 61, 1);
INSERT INTO modelo (idModelo, denominacao, idMarca, idTipo) VALUES (158, 'ENGESA', 63, 1);
INSERT INTO modelo (idModelo, denominacao, idMarca, idTipo) VALUES (159, 'CAMPER', 64, 1);
INSERT INTO modelo (idModelo, denominacao, idMarca, idTipo) VALUES (160, 'MASTER', 64, 1);
INSERT INTO modelo (idModelo, denominacao, idMarca, idTipo) VALUES (168, 'CALIFORNIA', 10, 1);
INSERT INTO modelo (idModelo, denominacao, idMarca, idTipo) VALUES (180, 'DUCATO CARGO', 3, 1);
INSERT INTO modelo (idModelo, denominacao, idMarca, idTipo) VALUES (183, 'FIORINO', 3, 1);
INSERT INTO modelo (idModelo, denominacao, idMarca, idTipo) VALUES (184, 'FREEMONT', 3, 1);
INSERT INTO modelo (idModelo, denominacao, idMarca, idTipo) VALUES (185, 'GRAND SIENA', 3, 1);
INSERT INTO modelo (idModelo, denominacao, idMarca, idTipo) VALUES (191, 'PANORAMA', 3, 1);
INSERT INTO modelo (idModelo, denominacao, idMarca, idTipo) VALUES (192, 'PREMIO', 3, 1);
INSERT INTO modelo (idModelo, denominacao, idMarca, idTipo) VALUES (196, 'STRADA', 3, 1);
INSERT INTO modelo (idModelo, denominacao, idMarca, idTipo) VALUES (197, 'TEMPRA', 3, 1);
INSERT INTO modelo (idModelo, denominacao, idMarca, idTipo) VALUES (201, 'AEROSTAR', 13, 1);
INSERT INTO modelo (idModelo, denominacao, idMarca, idTipo) VALUES (202, 'ASPIRE', 13, 1);
INSERT INTO modelo (idModelo, denominacao, idMarca, idTipo) VALUES (203, 'BELINA', 13, 1);
INSERT INTO modelo (idModelo, denominacao, idMarca, idTipo) VALUES (204, 'CLUB WAGON', 13, 1);
INSERT INTO modelo (idModelo, denominacao, idMarca, idTipo) VALUES (205, 'CONTOUR', 13, 1);
INSERT INTO modelo (idModelo, denominacao, idMarca, idTipo) VALUES (206, 'CORCEL II', 13, 1);
INSERT INTO modelo (idModelo, denominacao, idMarca, idTipo) VALUES (207, 'COURIER', 13, 1);
INSERT INTO modelo (idModelo, denominacao, idMarca, idTipo) VALUES (208, 'CROWN VICTORIA', 13, 1);
INSERT INTO modelo (idModelo, denominacao, idMarca, idTipo) VALUES (209, 'DEL REY', 13, 1);
INSERT INTO modelo (idModelo, denominacao, idMarca, idTipo) VALUES (210, 'ECOSPORT', 13, 1);
INSERT INTO modelo (idModelo, denominacao, idMarca, idTipo) VALUES (212, 'ESCORT', 13, 1);
INSERT INTO modelo (idModelo, denominacao, idMarca, idTipo) VALUES (213, 'EXPEDITION', 13, 1);
INSERT INTO modelo (idModelo, denominacao, idMarca, idTipo) VALUES (214, 'EXPLORER', 13, 1);
INSERT INTO modelo (idModelo, denominacao, idMarca, idTipo) VALUES (216, 'F-1000', 13, 1);
INSERT INTO modelo (idModelo, denominacao, idMarca, idTipo) VALUES (219, 'FIESTA', 13, 1);
INSERT INTO modelo (idModelo, denominacao, idMarca, idTipo) VALUES (221, 'FURGLAINE', 13, 1);
INSERT INTO modelo (idModelo, denominacao, idMarca, idTipo) VALUES (222, 'FUSION', 13, 1);
INSERT INTO modelo (idModelo, denominacao, idMarca, idTipo) VALUES (225, 'MONDEO', 13, 1);
INSERT INTO modelo (idModelo, denominacao, idMarca, idTipo) VALUES (226, 'MUSTANG', 13, 1);
INSERT INTO modelo (idModelo, denominacao, idMarca, idTipo) VALUES (229, 'RANGER', 13, 1);
INSERT INTO modelo (idModelo, denominacao, idMarca, idTipo) VALUES (230, 'VERSAILLES ROYALE', 13, 1);
INSERT INTO modelo (idModelo, denominacao, idMarca, idTipo) VALUES (231, 'TAURUS', 13, 1);
INSERT INTO modelo (idModelo, denominacao, idMarca, idTipo) VALUES (232, 'THUNDERBIRD', 13, 1);
INSERT INTO modelo (idModelo, denominacao, idMarca, idTipo) VALUES (233, 'TRANSIT', 13, 1);
INSERT INTO modelo (idModelo, denominacao, idMarca, idTipo) VALUES (234, 'VERONA', 13, 1);
INSERT INTO modelo (idModelo, denominacao, idMarca, idTipo) VALUES (235, 'VERSAILLES', 13, 1);
INSERT INTO modelo (idModelo, denominacao, idMarca, idTipo) VALUES (236, 'WINDSTAR', 13, 1);
INSERT INTO modelo (idModelo, denominacao, idMarca, idTipo) VALUES (242, 'BLAZER', 1, 1);
INSERT INTO modelo (idModelo, denominacao, idMarca, idTipo) VALUES (243, 'BONANZA', 1, 1);
INSERT INTO modelo (idModelo, denominacao, idMarca, idTipo) VALUES (247, 'CALIBRA', 1, 1);
INSERT INTO modelo (idModelo, denominacao, idMarca, idTipo) VALUES (248, 'CAMARO', 1, 1);
INSERT INTO modelo (idModelo, denominacao, idMarca, idTipo) VALUES (249, 'CAPRICE', 1, 1);
INSERT INTO modelo (idModelo, denominacao, idMarca, idTipo) VALUES (250, 'CAPTIVA', 1, 1);
INSERT INTO modelo (idModelo, denominacao, idMarca, idTipo) VALUES (251, 'CARAVAN', 1, 1);
INSERT INTO modelo (idModelo, denominacao, idMarca, idTipo) VALUES (252, 'CAVALIER', 1, 1);
INSERT INTO modelo (idModelo, denominacao, idMarca, idTipo) VALUES (256, 'CHEYNNE', 1, 1);
INSERT INTO modelo (idModelo, denominacao, idMarca, idTipo) VALUES (258, 'COBALT', 1, 1);
INSERT INTO modelo (idModelo, denominacao, idMarca, idTipo) VALUES (262, 'CORVETTE', 1, 1);
INSERT INTO modelo (idModelo, denominacao, idMarca, idTipo) VALUES (266, 'IPANEMA', 1, 1);
INSERT INTO modelo (idModelo, denominacao, idMarca, idTipo) VALUES (267, 'KADETT', 1, 1);
INSERT INTO modelo (idModelo, denominacao, idMarca, idTipo) VALUES (268, 'LUMINA', 1, 1);
INSERT INTO modelo (idModelo, denominacao, idMarca, idTipo) VALUES (269, 'MALIBU', 1, 1);
INSERT INTO modelo (idModelo, denominacao, idMarca, idTipo) VALUES (271, 'MERIVA', 1, 1);
INSERT INTO modelo (idModelo, denominacao, idMarca, idTipo) VALUES (272, 'MONTANA', 1, 1);
INSERT INTO modelo (idModelo, denominacao, idMarca, idTipo) VALUES (276, 'PRISMA', 1, 1);
INSERT INTO modelo (idModelo, denominacao, idMarca, idTipo) VALUES (280, 'SILVERADO', 1, 1);
INSERT INTO modelo (idModelo, denominacao, idMarca, idTipo) VALUES (282, 'SONOMA', 1, 1);
INSERT INTO modelo (idModelo, denominacao, idMarca, idTipo) VALUES (283, 'SPACEVAN', 1, 1);
INSERT INTO modelo (idModelo, denominacao, idMarca, idTipo) VALUES (285, 'SUBURBAN', 1, 1);
INSERT INTO modelo (idModelo, denominacao, idMarca, idTipo) VALUES (287, 'SYCLONE', 1, 1);
INSERT INTO modelo (idModelo, denominacao, idMarca, idTipo) VALUES (289, 'TRACKER', 1, 1);
INSERT INTO modelo (idModelo, denominacao, idMarca, idTipo) VALUES (290, 'TRAFIC', 1, 1);
INSERT INTO modelo (idModelo, denominacao, idMarca, idTipo) VALUES (291, 'VECTRA', 1, 1);
INSERT INTO modelo (idModelo, denominacao, idMarca, idTipo) VALUES (292, 'VERANEIO', 1, 1);
INSERT INTO modelo (idModelo, denominacao, idMarca, idTipo) VALUES (293, 'ZAFIRA', 1, 1);
INSERT INTO modelo (idModelo, denominacao, idMarca, idTipo) VALUES (295, 'BR-800', 17, 1);
INSERT INTO modelo (idModelo, denominacao, idMarca, idTipo) VALUES (296, 'CARAJAS', 17, 1);
INSERT INTO modelo (idModelo, denominacao, idMarca, idTipo) VALUES (297, 'TOCANTINS', 17, 1);
INSERT INTO modelo (idModelo, denominacao, idMarca, idTipo) VALUES (298, 'XAVANTE', 17, 1);
INSERT INTO modelo (idModelo, denominacao, idMarca, idTipo) VALUES (300, 'TOWNER', 76, 1);
INSERT INTO modelo (idModelo, denominacao, idMarca, idTipo) VALUES (301, 'ACCORD', 7, 1);
INSERT INTO modelo (idModelo, denominacao, idMarca, idTipo) VALUES (306, 'ODYSSEY', 7, 1);
INSERT INTO modelo (idModelo, denominacao, idMarca, idTipo) VALUES (307, 'PASSPORT', 7, 1);
INSERT INTO modelo (idModelo, denominacao, idMarca, idTipo) VALUES (308, 'PRELUDE', 7, 1);
INSERT INTO modelo (idModelo, denominacao, idMarca, idTipo) VALUES (309, 'ACCENT', 14, 1);
INSERT INTO modelo (idModelo, denominacao, idMarca, idTipo) VALUES (314, 'ELANTRA', 14, 1);
INSERT INTO modelo (idModelo, denominacao, idMarca, idTipo) VALUES (316, 'GALLOPER', 14, 1);
INSERT INTO modelo (idModelo, denominacao, idMarca, idTipo) VALUES (317, 'GENESIS', 14, 1);
INSERT INTO modelo (idModelo, denominacao, idMarca, idTipo) VALUES (324, 'MATRIX', 14, 1);
INSERT INTO modelo (idModelo, denominacao, idMarca, idTipo) VALUES (325, 'PORTER', 14, 1);
INSERT INTO modelo (idModelo, denominacao, idMarca, idTipo) VALUES (326, 'SANTA FE', 14, 1);
INSERT INTO modelo (idModelo, denominacao, idMarca, idTipo) VALUES (327, 'SCOUPE', 14, 1);
INSERT INTO modelo (idModelo, denominacao, idMarca, idTipo) VALUES (328, 'SONATA', 14, 1);
INSERT INTO modelo (idModelo, denominacao, idMarca, idTipo) VALUES (329, 'TERRACAN', 14, 1);
INSERT INTO modelo (idModelo, denominacao, idMarca, idTipo) VALUES (330, 'TRAJET', 14, 1);
INSERT INTO modelo (idModelo, denominacao, idMarca, idTipo) VALUES (331, 'TUCSON', 14, 1);
INSERT INTO modelo (idModelo, denominacao, idMarca, idTipo) VALUES (332, 'VELOSTER', 14, 1);
INSERT INTO modelo (idModelo, denominacao, idMarca, idTipo) VALUES (333, 'VERACRUZ', 14, 1);
INSERT INTO modelo (idModelo, denominacao, idMarca, idTipo) VALUES (335, 'HOMBRE', 84, 1);
INSERT INTO modelo (idModelo, denominacao, idMarca, idTipo) VALUES (340, 'DAIMLER', 86, 1);
INSERT INTO modelo (idModelo, denominacao, idMarca, idTipo) VALUES (341, 'S-TYPE', 86, 1);
INSERT INTO modelo (idModelo, denominacao, idMarca, idTipo) VALUES (342, 'X-TYPE', 86, 1);
INSERT INTO modelo (idModelo, denominacao, idMarca, idTipo) VALUES (345, 'MODELOS XJ', 86, 1);
INSERT INTO modelo (idModelo, denominacao, idMarca, idTipo) VALUES (352, 'MODELOS XK', 86, 1);
INSERT INTO modelo (idModelo, denominacao, idMarca, idTipo) VALUES (354, 'CHEROKEE', 87, 1);
INSERT INTO modelo (idModelo, denominacao, idMarca, idTipo) VALUES (355, 'COMMANDER', 87, 1);
INSERT INTO modelo (idModelo, denominacao, idMarca, idTipo) VALUES (356, 'COMPASS', 87, 1);
INSERT INTO modelo (idModelo, denominacao, idMarca, idTipo) VALUES (357, 'GRAND CHEROKEE', 87, 1);
INSERT INTO modelo (idModelo, denominacao, idMarca, idTipo) VALUES (358, 'WRANGLER', 87, 1);
INSERT INTO modelo (idModelo, denominacao, idMarca, idTipo) VALUES (359, 'TOPIC VAN', 88, 1);
INSERT INTO modelo (idModelo, denominacao, idMarca, idTipo) VALUES (360, 'JIPE MONTEZ', 89, 1);
INSERT INTO modelo (idModelo, denominacao, idMarca, idTipo) VALUES (361, 'PICAPE MONTEZ', 89, 1);
INSERT INTO modelo (idModelo, denominacao, idMarca, idTipo) VALUES (364, 'CADENZA', 16, 1);
INSERT INTO modelo (idModelo, denominacao, idMarca, idTipo) VALUES (365, 'CARENS', 16, 1);
INSERT INTO modelo (idModelo, denominacao, idMarca, idTipo) VALUES (366, 'CARNIVAL', 16, 1);
INSERT INTO modelo (idModelo, denominacao, idMarca, idTipo) VALUES (367, 'CERATO', 16, 1);
INSERT INTO modelo (idModelo, denominacao, idMarca, idTipo) VALUES (369, 'CLARUS', 16, 1);
INSERT INTO modelo (idModelo, denominacao, idMarca, idTipo) VALUES (370, 'MAGENTIS', 16, 1);
INSERT INTO modelo (idModelo, denominacao, idMarca, idTipo) VALUES (371, 'MOHAVE', 16, 1);
INSERT INTO modelo (idModelo, denominacao, idMarca, idTipo) VALUES (372, 'OPIRUS', 16, 1);
INSERT INTO modelo (idModelo, denominacao, idMarca, idTipo) VALUES (373, 'OPTIMA', 16, 1);
INSERT INTO modelo (idModelo, denominacao, idMarca, idTipo) VALUES (374, 'PICANTO', 16, 1);
INSERT INTO modelo (idModelo, denominacao, idMarca, idTipo) VALUES (375, 'SEPHIA', 16, 1);
INSERT INTO modelo (idModelo, denominacao, idMarca, idTipo) VALUES (377, 'SORENTO', 16, 1);
INSERT INTO modelo (idModelo, denominacao, idMarca, idTipo) VALUES (379, 'SPORTAGE', 16, 1);
INSERT INTO modelo (idModelo, denominacao, idMarca, idTipo) VALUES (382, 'SAMARA', 94, 1);
INSERT INTO modelo (idModelo, denominacao, idMarca, idTipo) VALUES (383, 'GALLARDO', 12, 1);
INSERT INTO modelo (idModelo, denominacao, idMarca, idTipo) VALUES (384, 'MURCIELAGO', 12, 1);
INSERT INTO modelo (idModelo, denominacao, idMarca, idTipo) VALUES (385, 'DEFENDER', 96, 1);
INSERT INTO modelo (idModelo, denominacao, idMarca, idTipo) VALUES (386, 'DISCOVERY', 96, 1);
INSERT INTO modelo (idModelo, denominacao, idMarca, idTipo) VALUES (389, 'FREELANDER', 96, 1);
INSERT INTO modelo (idModelo, denominacao, idMarca, idTipo) VALUES (391, 'NEW RANGE', 96, 1);
INSERT INTO modelo (idModelo, denominacao, idMarca, idTipo) VALUES (392, 'RANGE ROVER', 96, 1);
INSERT INTO modelo (idModelo, denominacao, idMarca, idTipo) VALUES (397, 'IS-300', 97, 1);
INSERT INTO modelo (idModelo, denominacao, idMarca, idTipo) VALUES (407, 'ESPRIT', 101, 1);
INSERT INTO modelo (idModelo, denominacao, idMarca, idTipo) VALUES (408, 'SCORPIO', 102, 1);
INSERT INTO modelo (idModelo, denominacao, idMarca, idTipo) VALUES (414, 'GHIBLI', 104, 1);
INSERT INTO modelo (idModelo, denominacao, idMarca, idTipo) VALUES (415, 'GRANCABRIO', 104, 1);
INSERT INTO modelo (idModelo, denominacao, idMarca, idTipo) VALUES (416, 'GRANSPORT', 104, 1);
INSERT INTO modelo (idModelo, denominacao, idMarca, idTipo) VALUES (417, 'GRANTURISMO', 104, 1);
INSERT INTO modelo (idModelo, denominacao, idMarca, idTipo) VALUES (418, 'QUATTROPORTE', 104, 1);
INSERT INTO modelo (idModelo, denominacao, idMarca, idTipo) VALUES (419, 'SHAMAL', 104, 1);
INSERT INTO modelo (idModelo, denominacao, idMarca, idTipo) VALUES (420, 'SPIDER', 104, 1);
INSERT INTO modelo (idModelo, denominacao, idMarca, idTipo) VALUES (422, 'PICK-UP', 106, 1);
INSERT INTO modelo (idModelo, denominacao, idMarca, idTipo) VALUES (426, 'B-2500', 108, 1);
INSERT INTO modelo (idModelo, denominacao, idMarca, idTipo) VALUES (428, 'MILLENIA', 108, 1);
INSERT INTO modelo (idModelo, denominacao, idMarca, idTipo) VALUES (432, 'NAVAJO', 108, 1);
INSERT INTO modelo (idModelo, denominacao, idMarca, idTipo) VALUES (433, 'PROTEGE', 108, 1);
INSERT INTO modelo (idModelo, denominacao, idMarca, idTipo) VALUES (467, 'CLASSE A', 4, 1);
INSERT INTO modelo (idModelo, denominacao, idMarca, idTipo) VALUES (468, 'CLASSE B', 4, 1);
INSERT INTO modelo (idModelo, denominacao, idMarca, idTipo) VALUES (469, 'CLASSE R', 4, 1);
INSERT INTO modelo (idModelo, denominacao, idMarca, idTipo) VALUES (498, 'CLASSE GLK', 4, 1);
INSERT INTO modelo (idModelo, denominacao, idMarca, idTipo) VALUES (531, 'SPRINTER', 4, 1);
INSERT INTO modelo (idModelo, denominacao, idMarca, idTipo) VALUES (532, 'MYSTIQUE', 110, 1);
INSERT INTO modelo (idModelo, denominacao, idMarca, idTipo) VALUES (536, 'COOPER', 113, 1);
INSERT INTO modelo (idModelo, denominacao, idMarca, idTipo) VALUES (539, 'AIRTREK', 111, 1);
INSERT INTO modelo (idModelo, denominacao, idMarca, idTipo) VALUES (542, 'DIAMANT', 111, 1);
INSERT INTO modelo (idModelo, denominacao, idMarca, idTipo) VALUES (543, 'ECLIPSE', 111, 1);
INSERT INTO modelo (idModelo, denominacao, idMarca, idTipo) VALUES (545, 'GALANT', 111, 1);
INSERT INTO modelo (idModelo, denominacao, idMarca, idTipo) VALUES (546, 'GRANDIS', 111, 1);
INSERT INTO modelo (idModelo, denominacao, idMarca, idTipo) VALUES (549, 'LANCER', 111, 1);
INSERT INTO modelo (idModelo, denominacao, idMarca, idTipo) VALUES (550, 'MIRAGE', 111, 1);
INSERT INTO modelo (idModelo, denominacao, idMarca, idTipo) VALUES (551, 'MONTERO', 111, 1);
INSERT INTO modelo (idModelo, denominacao, idMarca, idTipo) VALUES (552, 'OUTLANDER', 111, 1);
INSERT INTO modelo (idModelo, denominacao, idMarca, idTipo) VALUES (553, 'PAJERO', 111, 1);
INSERT INTO modelo (idModelo, denominacao, idMarca, idTipo) VALUES (554, 'SPACE WAGON', 111, 1);
INSERT INTO modelo (idModelo, denominacao, idMarca, idTipo) VALUES (555, 'BG-TRUCK', 114, 1);
INSERT INTO modelo (idModelo, denominacao, idMarca, idTipo) VALUES (557, 'ALTIMA', 43, 1);
INSERT INTO modelo (idModelo, denominacao, idMarca, idTipo) VALUES (560, 'FRONTIER', 43, 1);
INSERT INTO modelo (idModelo, denominacao, idMarca, idTipo) VALUES (562, 'KING-CAB', 43, 1);
INSERT INTO modelo (idModelo, denominacao, idMarca, idTipo) VALUES (563, 'LIVINA', 43, 1);
INSERT INTO modelo (idModelo, denominacao, idMarca, idTipo) VALUES (565, 'MAXIMA', 43, 1);
INSERT INTO modelo (idModelo, denominacao, idMarca, idTipo) VALUES (567, 'MURANO', 43, 1);
INSERT INTO modelo (idModelo, denominacao, idMarca, idTipo) VALUES (569, 'PATHFINDER', 43, 1);
INSERT INTO modelo (idModelo, denominacao, idMarca, idTipo) VALUES (571, 'PRIMERA', 43, 1);
INSERT INTO modelo (idModelo, denominacao, idMarca, idTipo) VALUES (573, 'SENTRA', 43, 1);
INSERT INTO modelo (idModelo, denominacao, idMarca, idTipo) VALUES (574, 'STANZA', 43, 1);
INSERT INTO modelo (idModelo, denominacao, idMarca, idTipo) VALUES (576, 'TERRANO', 43, 1);
INSERT INTO modelo (idModelo, denominacao, idMarca, idTipo) VALUES (579, 'X-TRAIL', 43, 1);
INSERT INTO modelo (idModelo, denominacao, idMarca, idTipo) VALUES (580, 'XTERRA', 43, 1);
INSERT INTO modelo (idModelo, denominacao, idMarca, idTipo) VALUES (602, 'HOGGAR', 22, 1);
INSERT INTO modelo (idModelo, denominacao, idMarca, idTipo) VALUES (603, 'PARTNER', 22, 1);
INSERT INTO modelo (idModelo, denominacao, idMarca, idTipo) VALUES (605, 'GRAN VOYAGER', 123, 1);
INSERT INTO modelo (idModelo, denominacao, idMarca, idTipo) VALUES (606, 'SUNDANCE', 123, 1);
INSERT INTO modelo (idModelo, denominacao, idMarca, idTipo) VALUES (607, 'TRANS-AM', 69, 1);
INSERT INTO modelo (idModelo, denominacao, idMarca, idTipo) VALUES (608, 'TRANS-SPORT', 69, 1);
INSERT INTO modelo (idModelo, denominacao, idMarca, idTipo) VALUES (612, 'BOXSTER', 70, 1);
INSERT INTO modelo (idModelo, denominacao, idMarca, idTipo) VALUES (613, 'CAYENNE', 70, 1);
INSERT INTO modelo (idModelo, denominacao, idMarca, idTipo) VALUES (614, 'CAYMAN', 70, 1);
INSERT INTO modelo (idModelo, denominacao, idMarca, idTipo) VALUES (615, 'PANAMERA', 70, 1);
INSERT INTO modelo (idModelo, denominacao, idMarca, idTipo) VALUES (617, '21 SEDAN', 24, 1);
INSERT INTO modelo (idModelo, denominacao, idMarca, idTipo) VALUES (619, 'DUSTER', 24, 1);
INSERT INTO modelo (idModelo, denominacao, idMarca, idTipo) VALUES (620, 'EXPRESS', 24, 1);
INSERT INTO modelo (idModelo, denominacao, idMarca, idTipo) VALUES (621, 'FLUENCE', 24, 1);
INSERT INTO modelo (idModelo, denominacao, idMarca, idTipo) VALUES (622, 'KANGOO', 24, 1);
INSERT INTO modelo (idModelo, denominacao, idMarca, idTipo) VALUES (623, 'LAGUNA', 24, 1);
INSERT INTO modelo (idModelo, denominacao, idMarca, idTipo) VALUES (625, 'MASTER', 24, 1);
INSERT INTO modelo (idModelo, denominacao, idMarca, idTipo) VALUES (626, 'MEGANE', 24, 1);
INSERT INTO modelo (idModelo, denominacao, idMarca, idTipo) VALUES (627, 'SAFRANE', 24, 1);
INSERT INTO modelo (idModelo, denominacao, idMarca, idTipo) VALUES (628, 'SANDERO', 24, 1);
INSERT INTO modelo (idModelo, denominacao, idMarca, idTipo) VALUES (629, 'SCENIC', 24, 1);
INSERT INTO modelo (idModelo, denominacao, idMarca, idTipo) VALUES (630, 'SYMBOL', 24, 1);
INSERT INTO modelo (idModelo, denominacao, idMarca, idTipo) VALUES (631, 'TRAFIC', 24, 1);
INSERT INTO modelo (idModelo, denominacao, idMarca, idTipo) VALUES (632, 'TWINGO', 24, 1);
INSERT INTO modelo (idModelo, denominacao, idMarca, idTipo) VALUES (636, 'CORDOBA', 130, 1);
INSERT INTO modelo (idModelo, denominacao, idMarca, idTipo) VALUES (641, 'FORTWO', 142, 1);
INSERT INTO modelo (idModelo, denominacao, idMarca, idTipo) VALUES (642, 'ACTYON SPORTS', 21, 1);
INSERT INTO modelo (idModelo, denominacao, idMarca, idTipo) VALUES (643, 'CHAIRMAN', 21, 1);
INSERT INTO modelo (idModelo, denominacao, idMarca, idTipo) VALUES (644, 'ISTANA', 21, 1);
INSERT INTO modelo (idModelo, denominacao, idMarca, idTipo) VALUES (645, 'KORANDO', 21, 1);
INSERT INTO modelo (idModelo, denominacao, idMarca, idTipo) VALUES (648, 'REXTON', 21, 1);
INSERT INTO modelo (idModelo, denominacao, idMarca, idTipo) VALUES (649, 'FORESTER', 8, 1);
INSERT INTO modelo (idModelo, denominacao, idMarca, idTipo) VALUES (650, 'IMPREZA', 8, 1);
INSERT INTO modelo (idModelo, denominacao, idMarca, idTipo) VALUES (651, 'LEGACY', 8, 1);
INSERT INTO modelo (idModelo, denominacao, idMarca, idTipo) VALUES (652, 'OUTBACK', 8, 1);
INSERT INTO modelo (idModelo, denominacao, idMarca, idTipo) VALUES (654, 'TRIBECA', 8, 1);
INSERT INTO modelo (idModelo, denominacao, idMarca, idTipo) VALUES (656, 'BALENO', 59, 1);
INSERT INTO modelo (idModelo, denominacao, idMarca, idTipo) VALUES (657, 'GRAND VITARA', 59, 1);
INSERT INTO modelo (idModelo, denominacao, idMarca, idTipo) VALUES (662, 'SUPER CARRY', 59, 1);
INSERT INTO modelo (idModelo, denominacao, idMarca, idTipo) VALUES (665, 'VITARA', 59, 1);
INSERT INTO modelo (idModelo, denominacao, idMarca, idTipo) VALUES (666, 'WAGON R', 59, 1);
INSERT INTO modelo (idModelo, denominacao, idMarca, idTipo) VALUES (668, 'AVALON', 23, 1);
INSERT INTO modelo (idModelo, denominacao, idMarca, idTipo) VALUES (669, 'BANDEIRANTE', 23, 1);
INSERT INTO modelo (idModelo, denominacao, idMarca, idTipo) VALUES (671, 'CELICA', 23, 1);
INSERT INTO modelo (idModelo, denominacao, idMarca, idTipo) VALUES (672, 'COROLLA', 23, 1);
INSERT INTO modelo (idModelo, denominacao, idMarca, idTipo) VALUES (673, 'CORONA', 23, 1);
INSERT INTO modelo (idModelo, denominacao, idMarca, idTipo) VALUES (675, 'LAND CRUISER', 23, 1);
INSERT INTO modelo (idModelo, denominacao, idMarca, idTipo) VALUES (678, 'PREVIA', 23, 1);
INSERT INTO modelo (idModelo, denominacao, idMarca, idTipo) VALUES (682, 'PANTANAL', 149, 1);
INSERT INTO modelo (idModelo, denominacao, idMarca, idTipo) VALUES (685, '400 SERIES', 53, 1);
INSERT INTO modelo (idModelo, denominacao, idMarca, idTipo) VALUES (688, '900 SERIES', 53, 1);
INSERT INTO modelo (idModelo, denominacao, idMarca, idTipo) VALUES (700, 'AMAROK', 2, 1);
INSERT INTO modelo (idModelo, denominacao, idMarca, idTipo) VALUES (701, 'APOLLO', 2, 1);
INSERT INTO modelo (idModelo, denominacao, idMarca, idTipo) VALUES (703, 'CARAVELLE', 2, 1);
INSERT INTO modelo (idModelo, denominacao, idMarca, idTipo) VALUES (704, 'CORRADO', 2, 1);
INSERT INTO modelo (idModelo, denominacao, idMarca, idTipo) VALUES (707, 'EUROVAN', 2, 1);
INSERT INTO modelo (idModelo, denominacao, idMarca, idTipo) VALUES (717, 'PARATI', 2, 1);
INSERT INTO modelo (idModelo, denominacao, idMarca, idTipo) VALUES (718, 'PASSAT', 2, 1);
INSERT INTO modelo (idModelo, denominacao, idMarca, idTipo) VALUES (719, 'POINTER', 2, 1);
INSERT INTO modelo (idModelo, denominacao, idMarca, idTipo) VALUES (722, 'SANTANA', 2, 1);
INSERT INTO modelo (idModelo, denominacao, idMarca, idTipo) VALUES (723, 'SAVEIRO', 2, 1);
INSERT INTO modelo (idModelo, denominacao, idMarca, idTipo) VALUES (725, 'SPACEFOX', 2, 1);
INSERT INTO modelo (idModelo, denominacao, idMarca, idTipo) VALUES (726, 'TIGUAN', 2, 1);
INSERT INTO modelo (idModelo, denominacao, idMarca, idTipo) VALUES (727, 'TOUAREG', 2, 1);
INSERT INTO modelo (idModelo, denominacao, idMarca, idTipo) VALUES (729, 'VOYAGE', 2, 1);
INSERT INTO modelo (idModelo, denominacao, idMarca, idTipo) VALUES (755, 'BRASILIA', 2, 1);
INSERT INTO modelo (idModelo, denominacao, idMarca, idTipo) VALUES (756, 'BRASILVAN', 13, 1);
INSERT INTO modelo (idModelo, denominacao, idMarca, idTipo) VALUES (775, 'CORCEL', 13, 1);
INSERT INTO modelo (idModelo, denominacao, idMarca, idTipo) VALUES (803, 'PALIO WEEKEND', 3, 1);
INSERT INTO modelo (idModelo, denominacao, idMarca, idTipo) VALUES (806, 'FOCUS SEDAN', 13, 1);
INSERT INTO modelo (idModelo, denominacao, idMarca, idTipo) VALUES (807, 'FIESTA SEDAN', 13, 1);
INSERT INTO modelo (idModelo, denominacao, idMarca, idTipo) VALUES (808, 'FIESTA TRAIL', 13, 1);
INSERT INTO modelo (idModelo, denominacao, idMarca, idTipo) VALUES (810, '207 SW', 22, 1);
INSERT INTO modelo (idModelo, denominacao, idMarca, idTipo) VALUES (811, 'ESCORT SW', 13, 1);
INSERT INTO modelo (idModelo, denominacao, idMarca, idTipo) VALUES (812, '307 SEDAN', 22, 1);
INSERT INTO modelo (idModelo, denominacao, idMarca, idTipo) VALUES (813, '307 SW', 22, 1);
INSERT INTO modelo (idModelo, denominacao, idMarca, idTipo) VALUES (815, 'C4 PALLAS', 5, 1);
INSERT INTO modelo (idModelo, denominacao, idMarca, idTipo) VALUES (816, 'C4 PICASSO', 5, 1);
INSERT INTO modelo (idModelo, denominacao, idMarca, idTipo) VALUES (817, 'C4 VTR', 5, 1);
INSERT INTO modelo (idModelo, denominacao, idMarca, idTipo) VALUES (818, 'CLIO SEDAN', 24, 1);
INSERT INTO modelo (idModelo, denominacao, idMarca, idTipo) VALUES (819, 'COROLLA FIELDER', 23, 1);
INSERT INTO modelo (idModelo, denominacao, idMarca, idTipo) VALUES (824, 'HILUX SW4', 23, 1);
INSERT INTO modelo (idModelo, denominacao, idMarca, idTipo) VALUES (825, 'MEGANE GRAND TOUR', 24, 1);
INSERT INTO modelo (idModelo, denominacao, idMarca, idTipo) VALUES (827, 'SANDERO STEPWAY', 24, 1);
INSERT INTO modelo (idModelo, denominacao, idMarca, idTipo) VALUES (829, 'XSARA PICASSO', 5, 1);
INSERT INTO modelo (idModelo, denominacao, idMarca, idTipo) VALUES (1360, 'COLHEITADEIRA', 131, 1);
INSERT INTO modelo (idModelo, denominacao, idMarca, idTipo) VALUES (1361, 'PICKUP F75', 158, 1);
INSERT INTO modelo (idModelo, denominacao, idMarca, idTipo) VALUES (1365, 'BEL AIR', 1, 1);
INSERT INTO modelo (idModelo, denominacao, idMarca, idTipo) VALUES (1373, 'BRASIL', 1, 1);
INSERT INTO modelo (idModelo, denominacao, idMarca, idTipo) VALUES (1377, 'POLARA', 18, 1);
INSERT INTO modelo (idModelo, denominacao, idMarca, idTipo) VALUES (1383, 'FALCON', 13, 1);
INSERT INTO modelo (idModelo, denominacao, idMarca, idTipo) VALUES (1384, 'GALAXIE', 13, 1);
INSERT INTO modelo (idModelo, denominacao, idMarca, idTipo) VALUES (1386, 'MAVERICK', 13, 1);
INSERT INTO modelo (idModelo, denominacao, idMarca, idTipo) VALUES (1387, 'MODELO A', 13, 1);
INSERT INTO modelo (idModelo, denominacao, idMarca, idTipo) VALUES (1388, 'NEW FIESTA', 13, 1);
INSERT INTO modelo (idModelo, denominacao, idMarca, idTipo) VALUES (1389, 'LINHA FX', 82, 1);
INSERT INTO modelo (idModelo, denominacao, idMarca, idTipo) VALUES (1395, 'TIBURON', 14, 1);
INSERT INTO modelo (idModelo, denominacao, idMarca, idTipo) VALUES (1404, 'CLASSE CLC', 4, 1);
INSERT INTO modelo (idModelo, denominacao, idMarca, idTipo) VALUES (1405, 'CLASSE CLS', 4, 1);
INSERT INTO modelo (idModelo, denominacao, idMarca, idTipo) VALUES (1408, 'MONTEREY', 110, 1);
INSERT INTO modelo (idModelo, denominacao, idMarca, idTipo) VALUES (1411, 'TOPSPORT', 114, 1);
INSERT INTO modelo (idModelo, denominacao, idMarca, idTipo) VALUES (1421, 'AUSTIN', 115, 1);
INSERT INTO modelo (idModelo, denominacao, idMarca, idTipo) VALUES (1426, 'CONVERSÍVEL', 175, 1);
INSERT INTO modelo (idModelo, denominacao, idMarca, idTipo) VALUES (1427, 'SUPERMINI', 17, 1);
INSERT INTO modelo (idModelo, denominacao, idMarca, idTipo) VALUES (1429, 'TOPOLINO', 3, 1);
INSERT INTO modelo (idModelo, denominacao, idMarca, idTipo) VALUES (1432, 'VARIANT', 2, 1);
INSERT INTO modelo (idModelo, denominacao, idMarca, idTipo) VALUES (1454, 'CANDANGO', 57, 1);
INSERT INTO modelo (idModelo, denominacao, idMarca, idTipo) VALUES (1466, 'RECORB', 258, 1);
INSERT INTO modelo (idModelo, denominacao, idMarca, idTipo) VALUES (1467, 'POLAUTO', 2, 1);
INSERT INTO modelo (idModelo, denominacao, idMarca, idTipo) VALUES (1508, 'GORDINI', 24, 1);
INSERT INTO modelo (idModelo, denominacao, idMarca, idTipo) VALUES (1982, 'SERIE Z', 36, 1);
INSERT INTO modelo (idModelo, denominacao, idMarca, idTipo) VALUES (1983, 'CLASSE SLK', 4, 1);
INSERT INTO modelo (idModelo, denominacao, idMarca, idTipo) VALUES (1984, 'CLASSE C', 4, 1);
INSERT INTO modelo (idModelo, denominacao, idMarca, idTipo) VALUES (1985, 'CLASSE E', 4, 1);
INSERT INTO modelo (idModelo, denominacao, idMarca, idTipo) VALUES (1986, 'CLASSE CL', 4, 1);
INSERT INTO modelo (idModelo, denominacao, idMarca, idTipo) VALUES (1987, 'CLASSE CLK', 4, 1);
INSERT INTO modelo (idModelo, denominacao, idMarca, idTipo) VALUES (1988, 'CLASSE S', 4, 1);
INSERT INTO modelo (idModelo, denominacao, idMarca, idTipo) VALUES (1989, 'CLASSE SL', 4, 1);
INSERT INTO modelo (idModelo, denominacao, idMarca, idTipo) VALUES (1990, 'CLASSE SLS', 4, 1);
INSERT INTO modelo (idModelo, denominacao, idMarca, idTipo) VALUES (1991, 'CLASSE G', 4, 1);
INSERT INTO modelo (idModelo, denominacao, idMarca, idTipo) VALUES (1992, 'CLASSE GL', 4, 1);
INSERT INTO modelo (idModelo, denominacao, idMarca, idTipo) VALUES (1993, 'CLASSE M', 4, 1);
INSERT INTO modelo (idModelo, denominacao, idMarca, idTipo) VALUES (2067, '350 GT', 12, 1);
INSERT INTO modelo (idModelo, denominacao, idMarca, idTipo) VALUES (2068, '400 GT', 12, 1);
INSERT INTO modelo (idModelo, denominacao, idMarca, idTipo) VALUES (2070, 'ISLERO', 12, 1);
INSERT INTO modelo (idModelo, denominacao, idMarca, idTipo) VALUES (2071, 'ESPADA', 12, 1);
INSERT INTO modelo (idModelo, denominacao, idMarca, idTipo) VALUES (2072, 'COUNTACH', 12, 1);
INSERT INTO modelo (idModelo, denominacao, idMarca, idTipo) VALUES (2073, 'DIABLO', 12, 1);
INSERT INTO modelo (idModelo, denominacao, idMarca, idTipo) VALUES (2074, 'ZAGATO', 12, 1);
INSERT INTO modelo (idModelo, denominacao, idMarca, idTipo) VALUES (2077, 'REVENTON', 12, 1);
INSERT INTO modelo (idModelo, denominacao, idMarca, idTipo) VALUES (2078, 'ANKONIAN', 12, 1);
INSERT INTO modelo (idModelo, denominacao, idMarca, idTipo) VALUES (2080, 'AVENTADOR', 12, 1);
INSERT INTO modelo (idModelo, denominacao, idMarca, idTipo) VALUES (2081, 'SESTO ELEMENTO', 12, 1);
INSERT INTO modelo (idModelo, denominacao, idMarca, idTipo) VALUES (2082, 'J3 TURIN', 15, 1);
INSERT INTO modelo (idModelo, denominacao, idMarca, idTipo) VALUES (2084, 'SANDERO GT', 24, 1);
INSERT INTO modelo (idModelo, denominacao, idMarca, idTipo) VALUES (2088, 'TRAILBLAZER', 1, 1);
INSERT INTO modelo (idModelo, denominacao, idMarca, idTipo) VALUES (2097, 'C3 PICASSO', 5, 1);
INSERT INTO modelo (idModelo, denominacao, idMarca, idTipo) VALUES (2098, 'GRAND C4 PICASSO', 5, 1);
INSERT INTO modelo (idModelo, denominacao, idMarca, idTipo) VALUES (2099, 'JUMPER MINIBUS', 5, 1);
INSERT INTO modelo (idModelo, denominacao, idMarca, idTipo) VALUES (2100, 'JUMPER VETRATO', 5, 1);
INSERT INTO modelo (idModelo, denominacao, idMarca, idTipo) VALUES (2101, '207 SEDAN', 22, 1);
INSERT INTO modelo (idModelo, denominacao, idMarca, idTipo) VALUES (2102, '207 QUIKSILVER', 22, 1);
INSERT INTO modelo (idModelo, denominacao, idMarca, idTipo) VALUES (2103, '207 ESCAPADE', 22, 1);
INSERT INTO modelo (idModelo, denominacao, idMarca, idTipo) VALUES (2104, '308 CC', 22, 1);
INSERT INTO modelo (idModelo, denominacao, idMarca, idTipo) VALUES (2105, 'BOXER PASSAGEIRO', 22, 1);
INSERT INTO modelo (idModelo, denominacao, idMarca, idTipo) VALUES (2106, 'NEW FIESTA SEDAN', 13, 1);
INSERT INTO modelo (idModelo, denominacao, idMarca, idTipo) VALUES (2108, 'TRANSIT PASSAGEIRO', 13, 1);
INSERT INTO modelo (idModelo, denominacao, idMarca, idTipo) VALUES (2109, 'TRANSIT CHASSI', 13, 1);
INSERT INTO modelo (idModelo, denominacao, idMarca, idTipo) VALUES (2110, 'A4 AVANT', 32, 1);
INSERT INTO modelo (idModelo, denominacao, idMarca, idTipo) VALUES (2111, 'S4 AVANT', 32, 1);
INSERT INTO modelo (idModelo, denominacao, idMarca, idTipo) VALUES (2112, 'A5 SPORTBACK', 32, 1);
INSERT INTO modelo (idModelo, denominacao, idMarca, idTipo) VALUES (2113, 'A5 CABRIOLET', 32, 1);
INSERT INTO modelo (idModelo, denominacao, idMarca, idTipo) VALUES (2114, 'S5 COUPE', 32, 1);
INSERT INTO modelo (idModelo, denominacao, idMarca, idTipo) VALUES (2115, 'S5 SPORTBACK', 32, 1);
INSERT INTO modelo (idModelo, denominacao, idMarca, idTipo) VALUES (2116, 'S5 CABRIOLET', 32, 1);
INSERT INTO modelo (idModelo, denominacao, idMarca, idTipo) VALUES (2117, 'A6 AVANT', 32, 1);
INSERT INTO modelo (idModelo, denominacao, idMarca, idTipo) VALUES (2118, 'A6 ALLROAD', 32, 1);
INSERT INTO modelo (idModelo, denominacao, idMarca, idTipo) VALUES (2119, 'S6 AVANT', 32, 1);
INSERT INTO modelo (idModelo, denominacao, idMarca, idTipo) VALUES (2121, 'TT ROADSTER', 32, 1);
INSERT INTO modelo (idModelo, denominacao, idMarca, idTipo) VALUES (2123, 'TT RS ROADSTER', 32, 1);
INSERT INTO modelo (idModelo, denominacao, idMarca, idTipo) VALUES (2124, 'TTS ROADSTER', 32, 1);
INSERT INTO modelo (idModelo, denominacao, idMarca, idTipo) VALUES (2125, 'R8 SPYDER', 32, 1);
INSERT INTO modelo (idModelo, denominacao, idMarca, idTipo) VALUES (2127, 'R8 GT SPYDER', 32, 1);
INSERT INTO modelo (idModelo, denominacao, idMarca, idTipo) VALUES (2130, '458 SPIDER', 10, 1);
INSERT INTO modelo (idModelo, denominacao, idMarca, idTipo) VALUES (2131, '458 ITALIA', 10, 1);
INSERT INTO modelo (idModelo, denominacao, idMarca, idTipo) VALUES (2135, 'CHALLENGE', 10, 1);
INSERT INTO modelo (idModelo, denominacao, idMarca, idTipo) VALUES (2136, 'SUPERAMERICA', 10, 1);
INSERT INTO modelo (idModelo, denominacao, idMarca, idTipo) VALUES (2137, 'F430 SPIDER', 10, 1);
INSERT INTO modelo (idModelo, denominacao, idMarca, idTipo) VALUES (2139, '612 SESSANTA', 10, 1);
INSERT INTO modelo (idModelo, denominacao, idMarca, idTipo) VALUES (2140, '599 GTB', 10, 1);
INSERT INTO modelo (idModelo, denominacao, idMarca, idTipo) VALUES (2141, 'SCUDERIA SPIDER', 10, 1);
INSERT INTO modelo (idModelo, denominacao, idMarca, idTipo) VALUES (2143, '456 GT', 10, 1);
INSERT INTO modelo (idModelo, denominacao, idMarca, idTipo) VALUES (2144, '348 GTS', 10, 1);
INSERT INTO modelo (idModelo, denominacao, idMarca, idTipo) VALUES (2145, '348 SPIDER', 10, 1);
INSERT INTO modelo (idModelo, denominacao, idMarca, idTipo) VALUES (2147, 'F355 SPIDER', 10, 1);
INSERT INTO modelo (idModelo, denominacao, idMarca, idTipo) VALUES (2149, '355 SPIDER', 10, 1);
INSERT INTO modelo (idModelo, denominacao, idMarca, idTipo) VALUES (2150, '360 MODENA', 10, 1);
INSERT INTO modelo (idModelo, denominacao, idMarca, idTipo) VALUES (2151, 'PAJERO FULL', 111, 1);
INSERT INTO modelo (idModelo, denominacao, idMarca, idTipo) VALUES (2152, 'PAJERO DAKAR', 111, 1);
INSERT INTO modelo (idModelo, denominacao, idMarca, idTipo) VALUES (2153, 'PAJERO TR4', 111, 1);
INSERT INTO modelo (idModelo, denominacao, idMarca, idTipo) VALUES (2154, 'LANCER SPORTBACK', 111, 1);
INSERT INTO modelo (idModelo, denominacao, idMarca, idTipo) VALUES (2155, 'LANCER EVOLUTION', 111, 1);
INSERT INTO modelo (idModelo, denominacao, idMarca, idTipo) VALUES (2156, 'L200 TRITON SAVANA', 111, 1);
INSERT INTO modelo (idModelo, denominacao, idMarca, idTipo) VALUES (2157, 'L200 TRITON', 111, 1);
INSERT INTO modelo (idModelo, denominacao, idMarca, idTipo) VALUES (2159, 'LIVINA X-GEAR', 43, 1);
INSERT INTO modelo (idModelo, denominacao, idMarca, idTipo) VALUES (2160, 'GRAND LIVINA', 43, 1);
INSERT INTO modelo (idModelo, denominacao, idMarca, idTipo) VALUES (2161, 'NEW ACTYON SPORTS', 21, 1);
INSERT INTO modelo (idModelo, denominacao, idMarca, idTipo) VALUES (2165, 'SPIDER', 114, 1);
INSERT INTO modelo (idModelo, denominacao, idMarca, idTipo) VALUES (2166, 'KABRIO', 114, 1);
INSERT INTO modelo (idModelo, denominacao, idMarca, idTipo) VALUES (2168, 'SAGA II', 114, 1);
INSERT INTO modelo (idModelo, denominacao, idMarca, idTipo) VALUES (2171, 'GAIOLA', 295, 1);
INSERT INTO modelo (idModelo, denominacao, idMarca, idTipo) VALUES (2176, 'CHALLENGER', 18, 1);
INSERT INTO modelo (idModelo, denominacao, idMarca, idTipo) VALUES (2178, 'LE BARON', 18, 1);
INSERT INTO modelo (idModelo, denominacao, idMarca, idTipo) VALUES (2179, 'CORDOBA', 18, 1);
INSERT INTO modelo (idModelo, denominacao, idMarca, idTipo) VALUES (2180, 'CHARGER', 18, 1);
INSERT INTO modelo (idModelo, denominacao, idMarca, idTipo) VALUES (2181, 'WINDSOR', 19, 1);
INSERT INTO modelo (idModelo, denominacao, idMarca, idTipo) VALUES (2183, 'CROSSFIRE', 19, 1);
INSERT INTO modelo (idModelo, denominacao, idMarca, idTipo) VALUES (2184, 'CORDOBA', 19, 1);
INSERT INTO modelo (idModelo, denominacao, idMarca, idTipo) VALUES (2185, 'ESCALADE', 155, 1);
INSERT INTO modelo (idModelo, denominacao, idMarca, idTipo) VALUES (2186, 'RIVIERA', 41, 1);
INSERT INTO modelo (idModelo, denominacao, idMarca, idTipo) VALUES (2188, 'CENTURY', 41, 1);
INSERT INTO modelo (idModelo, denominacao, idMarca, idTipo) VALUES (2189, 'APOLLO', 41, 1);
INSERT INTO modelo (idModelo, denominacao, idMarca, idTipo) VALUES (2190, 'CENTURION', 41, 1);
INSERT INTO modelo (idModelo, denominacao, idMarca, idTipo) VALUES (2192, 'ELECTRA', 41, 1);
INSERT INTO modelo (idModelo, denominacao, idMarca, idTipo) VALUES (2193, 'ESTATE WAGON', 41, 1);
INSERT INTO modelo (idModelo, denominacao, idMarca, idTipo) VALUES (2194, 'GRAN SPORT', 41, 1);
INSERT INTO modelo (idModelo, denominacao, idMarca, idTipo) VALUES (2196, 'INVICTA', 41, 1);
INSERT INTO modelo (idModelo, denominacao, idMarca, idTipo) VALUES (2197, 'LESABRE', 41, 1);
INSERT INTO modelo (idModelo, denominacao, idMarca, idTipo) VALUES (2198, 'LIMITED', 41, 1);
INSERT INTO modelo (idModelo, denominacao, idMarca, idTipo) VALUES (2199, 'PARK AVENUE', 41, 1);
INSERT INTO modelo (idModelo, denominacao, idMarca, idTipo) VALUES (2200, 'RAINIER', 41, 1);
INSERT INTO modelo (idModelo, denominacao, idMarca, idTipo) VALUES (2201, 'REATTA', 41, 1);
INSERT INTO modelo (idModelo, denominacao, idMarca, idTipo) VALUES (2203, 'RENDEZVOUS', 41, 1);
INSERT INTO modelo (idModelo, denominacao, idMarca, idTipo) VALUES (2204, 'ROADMASTER', 41, 1);
INSERT INTO modelo (idModelo, denominacao, idMarca, idTipo) VALUES (2205, 'ROYAUM', 41, 1);
INSERT INTO modelo (idModelo, denominacao, idMarca, idTipo) VALUES (2206, 'SKYHAWK', 41, 1);
INSERT INTO modelo (idModelo, denominacao, idMarca, idTipo) VALUES (2207, 'SKYLARK', 41, 1);
INSERT INTO modelo (idModelo, denominacao, idMarca, idTipo) VALUES (2208, 'SOMERSET', 41, 1);
INSERT INTO modelo (idModelo, denominacao, idMarca, idTipo) VALUES (2209, 'SPECIAL', 41, 1);
INSERT INTO modelo (idModelo, denominacao, idMarca, idTipo) VALUES (2210, 'SPORT WAGON', 41, 1);
INSERT INTO modelo (idModelo, denominacao, idMarca, idTipo) VALUES (2212, 'TERRAZA', 41, 1);
INSERT INTO modelo (idModelo, denominacao, idMarca, idTipo) VALUES (2213, 'WILDCAT', 41, 1);
INSERT INTO modelo (idModelo, denominacao, idMarca, idTipo) VALUES (2214, 'LACROSSE', 41, 1);
INSERT INTO modelo (idModelo, denominacao, idMarca, idTipo) VALUES (2215, 'ENCLAVE', 41, 1);
INSERT INTO modelo (idModelo, denominacao, idMarca, idTipo) VALUES (2219, 'LUCERNE', 41, 1);
INSERT INTO modelo (idModelo, denominacao, idMarca, idTipo) VALUES (2230, 'SIERRA', 13, 1);
INSERT INTO modelo (idModelo, denominacao, idMarca, idTipo) VALUES (2231, 'BROUGHAM', 51, 1);
INSERT INTO modelo (idModelo, denominacao, idMarca, idTipo) VALUES (2232, 'CHAIRMAN', 51, 1);
INSERT INTO modelo (idModelo, denominacao, idMarca, idTipo) VALUES (2234, 'GENTRA', 51, 1);
INSERT INTO modelo (idModelo, denominacao, idMarca, idTipo) VALUES (2235, 'MAEPSY', 51, 1);
INSERT INTO modelo (idModelo, denominacao, idMarca, idTipo) VALUES (2236, 'ISTANA', 51, 1);
INSERT INTO modelo (idModelo, denominacao, idMarca, idTipo) VALUES (2238, 'KORANDO', 51, 1);
INSERT INTO modelo (idModelo, denominacao, idMarca, idTipo) VALUES (2239, 'LACETTI', 51, 1);
INSERT INTO modelo (idModelo, denominacao, idMarca, idTipo) VALUES (2240, 'LEMANS', 51, 1);
INSERT INTO modelo (idModelo, denominacao, idMarca, idTipo) VALUES (2246, 'ROYALE PRINCE', 51, 1);
INSERT INTO modelo (idModelo, denominacao, idMarca, idTipo) VALUES (2247, 'ROYALE SALON', 51, 1);
INSERT INTO modelo (idModelo, denominacao, idMarca, idTipo) VALUES (2248, 'STATESMAN', 51, 1);
INSERT INTO modelo (idModelo, denominacao, idMarca, idTipo) VALUES (2250, 'WINSTORM', 51, 1);
INSERT INTO modelo (idModelo, denominacao, idMarca, idTipo) VALUES (2261, 'CUSTOM ROYAL', 18, 1);
INSERT INTO modelo (idModelo, denominacao, idMarca, idTipo) VALUES (2262, 'CLUB COUPE', 1, 1);
INSERT INTO modelo (idModelo, denominacao, idMarca, idTipo) VALUES (2263, 'MAGNUM', 18, 1);
INSERT INTO modelo (idModelo, denominacao, idMarca, idTipo) VALUES (2264, 'GMC 100', 1, 1);
INSERT INTO modelo (idModelo, denominacao, idMarca, idTipo) VALUES (2265, 'SOLSTICE', 69, 1);
INSERT INTO modelo (idModelo, denominacao, idMarca, idTipo) VALUES (2266, 'ITAMARATY', 158, 1);
INSERT INTO modelo (idModelo, denominacao, idMarca, idTipo) VALUES (2267, 'MARK V', 86, 1);
INSERT INTO modelo (idModelo, denominacao, idMarca, idTipo) VALUES (2269, 'CHAMPION', 145, 1);
INSERT INTO modelo (idModelo, denominacao, idMarca, idTipo) VALUES (2270, 'BALILLA', 3, 1);
INSERT INTO modelo (idModelo, denominacao, idMarca, idTipo) VALUES (2271, 'INTERLAGOS', 158, 1);
INSERT INTO modelo (idModelo, denominacao, idMarca, idTipo) VALUES (2274, 'SPEEDSTER 356', 70, 1);
INSERT INTO modelo (idModelo, denominacao, idMarca, idTipo) VALUES (2275, 'TOPIC FURGAO', 88, 1);
INSERT INTO modelo (idModelo, denominacao, idMarca, idTipo) VALUES (2276, 'TOPIC ESCOLAR', 88, 1);
INSERT INTO modelo (idModelo, denominacao, idMarca, idTipo) VALUES (2280, 'CLASSE TE', 4, 1);
INSERT INTO modelo (idModelo, denominacao, idMarca, idTipo) VALUES (2294, 'MEGANE SEDAN', 24, 1);
INSERT INTO modelo (idModelo, denominacao, idMarca, idTipo) VALUES (2295, 'A4 CABRIOLET', 32, 1);
INSERT INTO modelo (idModelo, denominacao, idMarca, idTipo) VALUES (2298, 'LINHA G', 82, 1);
INSERT INTO modelo (idModelo, denominacao, idMarca, idTipo) VALUES (2299, 'LINHA G COUPE', 82, 1);
INSERT INTO modelo (idModelo, denominacao, idMarca, idTipo) VALUES (2300, 'LINHA G CONVERSIVEL', 82, 1);
INSERT INTO modelo (idModelo, denominacao, idMarca, idTipo) VALUES (2301, 'LINHA M', 82, 1);
INSERT INTO modelo (idModelo, denominacao, idMarca, idTipo) VALUES (2302, 'LINHA EX', 82, 1);
INSERT INTO modelo (idModelo, denominacao, idMarca, idTipo) VALUES (2303, 'LINHA JX', 82, 1);
INSERT INTO modelo (idModelo, denominacao, idMarca, idTipo) VALUES (2304, 'LINHA QX', 82, 1);
INSERT INTO modelo (idModelo, denominacao, idMarca, idTipo) VALUES (2305, 'MODELOS XF', 86, 1);
INSERT INTO modelo (idModelo, denominacao, idMarca, idTipo) VALUES (2306, 'F-TYPE', 86, 1);
INSERT INTO modelo (idModelo, denominacao, idMarca, idTipo) VALUES (2307, 'MARK VII', 86, 1);
INSERT INTO modelo (idModelo, denominacao, idMarca, idTipo) VALUES (2308, 'MARK VIII', 86, 1);
INSERT INTO modelo (idModelo, denominacao, idMarca, idTipo) VALUES (2309, 'MARK IX', 86, 1);
INSERT INTO modelo (idModelo, denominacao, idMarca, idTipo) VALUES (2310, 'MARK X', 86, 1);
INSERT INTO modelo (idModelo, denominacao, idMarca, idTipo) VALUES (2311, 'E-TYPE', 86, 1);
INSERT INTO modelo (idModelo, denominacao, idMarca, idTipo) VALUES (2312, 'C-TYPE', 86, 1);
INSERT INTO modelo (idModelo, denominacao, idMarca, idTipo) VALUES (2313, 'D-TYPE', 86, 1);
INSERT INTO modelo (idModelo, denominacao, idMarca, idTipo) VALUES (2314, 'MARK I', 86, 1);
INSERT INTO modelo (idModelo, denominacao, idMarca, idTipo) VALUES (2315, 'MARK II', 86, 1);
INSERT INTO modelo (idModelo, denominacao, idMarca, idTipo) VALUES (2347, 'SPYDER', 124, 1);
INSERT INTO modelo (idModelo, denominacao, idMarca, idTipo) VALUES (2378, 'AIRWAVE', 7, 1);
INSERT INTO modelo (idModelo, denominacao, idMarca, idTipo) VALUES (2380, 'BALLADE', 7, 1);
INSERT INTO modelo (idModelo, denominacao, idMarca, idTipo) VALUES (2383, 'CONCERTO', 7, 1);
INSERT INTO modelo (idModelo, denominacao, idMarca, idTipo) VALUES (2385, 'DOMANI', 7, 1);
INSERT INTO modelo (idModelo, denominacao, idMarca, idTipo) VALUES (2387, 'ELEMENT', 7, 1);
INSERT INTO modelo (idModelo, denominacao, idMarca, idTipo) VALUES (2388, 'EV PLUS', 7, 1);
INSERT INTO modelo (idModelo, denominacao, idMarca, idTipo) VALUES (2394, 'INSIGHT', 7, 1);
INSERT INTO modelo (idModelo, denominacao, idMarca, idTipo) VALUES (2397, 'LIFE DUNK', 7, 1);
INSERT INTO modelo (idModelo, denominacao, idMarca, idTipo) VALUES (2399, 'MOBILIO', 7, 1);
INSERT INTO modelo (idModelo, denominacao, idMarca, idTipo) VALUES (2401, 'ORTHIA', 7, 1);
INSERT INTO modelo (idModelo, denominacao, idMarca, idTipo) VALUES (2402, 'PARTNER VAN', 7, 1);
INSERT INTO modelo (idModelo, denominacao, idMarca, idTipo) VALUES (2404, 'RIDGELINE', 7, 1);
INSERT INTO modelo (idModelo, denominacao, idMarca, idTipo) VALUES (2409, 'STEPWGN', 7, 1);
INSERT INTO modelo (idModelo, denominacao, idMarca, idTipo) VALUES (2410, 'STREAM', 7, 1);
INSERT INTO modelo (idModelo, denominacao, idMarca, idTipo) VALUES (2446, 'MR WAGON', 59, 1);
INSERT INTO modelo (idModelo, denominacao, idMarca, idTipo) VALUES (2448, 'VERONA', 59, 1);
INSERT INTO modelo (idModelo, denominacao, idMarca, idTipo) VALUES (2477, 'JEEP CJ', 158, 1);
INSERT INTO modelo (idModelo, denominacao, idMarca, idTipo) VALUES (2479, '306 CABRIOLET', 22, 1);
INSERT INTO modelo (idModelo, denominacao, idMarca, idTipo) VALUES (2484, 'BELCAR', 57, 1);
INSERT INTO modelo (idModelo, denominacao, idMarca, idTipo) VALUES (2492, '407 SW', 22, 1);
INSERT INTO modelo (idModelo, denominacao, idMarca, idTipo) VALUES (2493, '307 CC', 22, 1);
INSERT INTO modelo (idModelo, denominacao, idMarca, idTipo) VALUES (2499, 'STYLELINE', 1, 1);
INSERT INTO modelo (idModelo, denominacao, idMarca, idTipo) VALUES (2500, 'ANGLIA', 13, 1);
INSERT INTO modelo (idModelo, denominacao, idMarca, idTipo) VALUES (2510, 'SPORTSMAN', 54, 1);
INSERT INTO modelo (idModelo, denominacao, idMarca, idTipo) VALUES (2514, '21 NEVADA', 24, 1);
INSERT INTO modelo (idModelo, denominacao, idMarca, idTipo) VALUES (2515, 'VEYRON', 11, 1);
INSERT INTO modelo (idModelo, denominacao, idMarca, idTipo) VALUES (2517, '306 SW', 22, 1);
INSERT INTO modelo (idModelo, denominacao, idMarca, idTipo) VALUES (2532, 'SPYDER 550', 70, 1);
INSERT INTO modelo (idModelo, denominacao, idMarca, idTipo) VALUES (2533, '380 GTB', 10, 1);
INSERT INTO modelo (idModelo, denominacao, idMarca, idTipo) VALUES (2536, 'KINGSWAY', 18, 1);
INSERT INTO modelo (idModelo, denominacao, idMarca, idTipo) VALUES (2540, 'IMPALA', 1, 1);
INSERT INTO modelo (idModelo, denominacao, idMarca, idTipo) VALUES (2542, 'GRAND BLAZER', 1, 1);
INSERT INTO modelo (idModelo, denominacao, idMarca, idTipo) VALUES (2555, '100 SERIES', 53, 1);
INSERT INTO modelo (idModelo, denominacao, idMarca, idTipo) VALUES (2558, '200 SERIES', 53, 1);
INSERT INTO modelo (idModelo, denominacao, idMarca, idTipo) VALUES (2559, '300 SERIES', 53, 1);
INSERT INTO modelo (idModelo, denominacao, idMarca, idTipo) VALUES (2562, '700 SERIES', 53, 1);
INSERT INTO modelo (idModelo, denominacao, idMarca, idTipo) VALUES (2563, 'AMAZON', 53, 1);
INSERT INTO modelo (idModelo, denominacao, idMarca, idTipo) VALUES (2573, 'DE LUXE', 13, 1);
INSERT INTO modelo (idModelo, denominacao, idMarca, idTipo) VALUES (2574, 'CUSTOM', 13, 1);
INSERT INTO modelo (idModelo, denominacao, idMarca, idTipo) VALUES (2575, 'T-BUCKET', 13, 1);
INSERT INTO modelo (idModelo, denominacao, idMarca, idTipo) VALUES (2588, 'PAJERO FULL 3D', 111, 1);
INSERT INTO modelo (idModelo, denominacao, idMarca, idTipo) VALUES (2589, 'PAJERO SPORT', 111, 1);
INSERT INTO modelo (idModelo, denominacao, idMarca, idTipo) VALUES (2590, '120 CABRIO', 36, 1);
INSERT INTO modelo (idModelo, denominacao, idMarca, idTipo) VALUES (2591, '320 TOURING', 36, 1);
INSERT INTO modelo (idModelo, denominacao, idMarca, idTipo) VALUES (2592, '330 CABRIO', 36, 1);
INSERT INTO modelo (idModelo, denominacao, idMarca, idTipo) VALUES (2593, 'SERIE 5 TOURING', 36, 1);
INSERT INTO modelo (idModelo, denominacao, idMarca, idTipo) VALUES (2594, 'SERIE 6 CABRIO', 36, 1);
INSERT INTO modelo (idModelo, denominacao, idMarca, idTipo) VALUES (2595, 'SERIE M CONVERSIVEL', 36, 1);
INSERT INTO modelo (idModelo, denominacao, idMarca, idTipo) VALUES (2596, 'M5 TOURING', 36, 1);
INSERT INTO modelo (idModelo, denominacao, idMarca, idTipo) VALUES (2597, 'SERIE Z ROADSTER', 36, 1);
INSERT INTO modelo (idModelo, denominacao, idMarca, idTipo) VALUES (2599, 'KA SPORT', 13, 1);
INSERT INTO modelo (idModelo, denominacao, idMarca, idTipo) VALUES (2605, 'CERATO KOUP', 16, 1);
INSERT INTO modelo (idModelo, denominacao, idMarca, idTipo) VALUES (2608, 'COROLLA XRS', 23, 1);
INSERT INTO modelo (idModelo, denominacao, idMarca, idTipo) VALUES (2609, 'ETIOS SEDAN', 23, 1);
INSERT INTO modelo (idModelo, denominacao, idMarca, idTipo) VALUES (2611, 'FREESTYLE', 13, 1);
INSERT INTO modelo (idModelo, denominacao, idMarca, idTipo) VALUES (2612, 'COUGAR', 110, 1);
INSERT INTO modelo (idModelo, denominacao, idMarca, idTipo) VALUES (2615, 'XUV 500', 102, 1);
INSERT INTO modelo (idModelo, denominacao, idMarca, idTipo) VALUES (2619, 'BOLERO', 102, 1);
INSERT INTO modelo (idModelo, denominacao, idMarca, idTipo) VALUES (2622, 'LEGEND', 102, 1);
INSERT INTO modelo (idModelo, denominacao, idMarca, idTipo) VALUES (2624, 'ARMADA', 102, 1);
INSERT INTO modelo (idModelo, denominacao, idMarca, idTipo) VALUES (2625, 'CHASSI', 102, 1);
INSERT INTO modelo (idModelo, denominacao, idMarca, idTipo) VALUES (2626, 'SCORPIO PICK-UP', 102, 1);
INSERT INTO modelo (idModelo, denominacao, idMarca, idTipo) VALUES (2627, 'STAR TRUCK', 6, 1);
INSERT INTO modelo (idModelo, denominacao, idMarca, idTipo) VALUES (2629, 'STAR VAN CARGO', 6, 1);
INSERT INTO modelo (idModelo, denominacao, idMarca, idTipo) VALUES (2630, 'STAR VAN PASSAGEIROS', 6, 1);
INSERT INTO modelo (idModelo, denominacao, idMarca, idTipo) VALUES (2632, 'ALVORADA', 141, 1);
INSERT INTO modelo (idModelo, denominacao, idMarca, idTipo) VALUES (2633, 'CHAMBORD', 141, 1);
INSERT INTO modelo (idModelo, denominacao, idMarca, idTipo) VALUES (2637, 'PROFISSIONAL', 141, 1);
INSERT INTO modelo (idModelo, denominacao, idMarca, idTipo) VALUES (2639, 'VEDETTE', 141, 1);
INSERT INTO modelo (idModelo, denominacao, idMarca, idTipo) VALUES (2640, 'ARONDE', 141, 1);
INSERT INTO modelo (idModelo, denominacao, idMarca, idTipo) VALUES (2649, 'CHEVETTE', 1, 1);
INSERT INTO modelo (idModelo, denominacao, idMarca, idTipo) VALUES (2655, 'BAVARIA', 36, 1);
INSERT INTO modelo (idModelo, denominacao, idMarca, idTipo) VALUES (2656, 'C-2800', 36, 1);
INSERT INTO modelo (idModelo, denominacao, idMarca, idTipo) VALUES (2659, '318 CABRIO', 36, 1);
INSERT INTO modelo (idModelo, denominacao, idMarca, idTipo) VALUES (2660, '325 CABRIO', 36, 1);
INSERT INTO modelo (idModelo, denominacao, idMarca, idTipo) VALUES (2675, 'MATRIX 4X4', 341, 1);
INSERT INTO modelo (idModelo, denominacao, idMarca, idTipo) VALUES (2696, 'A9 CARGO', 132, 1);
INSERT INTO modelo (idModelo, denominacao, idMarca, idTipo) VALUES (2698, 'T20 BAU', 132, 1);
INSERT INTO modelo (idModelo, denominacao, idMarca, idTipo) VALUES (2704, 'SUPER 90 COUPE', 64, 1);
INSERT INTO modelo (idModelo, denominacao, idMarca, idTipo) VALUES (2706, 'ITAIPU', 17, 1);
INSERT INTO modelo (idModelo, denominacao, idMarca, idTipo) VALUES (2709, 'MOTOMACHINE', 17, 1);
INSERT INTO modelo (idModelo, denominacao, idMarca, idTipo) VALUES (2710, 'BUGATO', 17, 1);
INSERT INTO modelo (idModelo, denominacao, idMarca, idTipo) VALUES (2716, 'CAICARA', 57, 1);
INSERT INTO modelo (idModelo, denominacao, idMarca, idTipo) VALUES (2717, 'CARCARA', 57, 1);
INSERT INTO modelo (idModelo, denominacao, idMarca, idTipo) VALUES (2718, 'FISSORE', 57, 1);
INSERT INTO modelo (idModelo, denominacao, idMarca, idTipo) VALUES (2719, 'MALZONI', 57, 1);
INSERT INTO modelo (idModelo, denominacao, idMarca, idTipo) VALUES (2720, 'VEMAGUET', 57, 1);
INSERT INTO modelo (idModelo, denominacao, idMarca, idTipo) VALUES (2727, 'C4 LOUNGE', 5, 1);
INSERT INTO modelo (idModelo, denominacao, idMarca, idTipo) VALUES (2730, 'LUCENA', 147, 1);
INSERT INTO modelo (idModelo, denominacao, idMarca, idTipo) VALUES (2731, 'SEVETSE', 147, 1);
INSERT INTO modelo (idModelo, denominacao, idMarca, idTipo) VALUES (2756, 'CLASSE CLA', 4, 1);
INSERT INTO modelo (idModelo, denominacao, idMarca, idTipo) VALUES (2757, 'CLASSE V', 4, 1);
INSERT INTO modelo (idModelo, denominacao, idMarca, idTipo) VALUES (2761, 'CLASSE S CLASSICO', 4, 1);
INSERT INTO modelo (idModelo, denominacao, idMarca, idTipo) VALUES (2810, 'PICK-UP', 345, 1);
INSERT INTO modelo (idModelo, denominacao, idMarca, idTipo) VALUES (2823, 'C3 SOLARIS', 5, 1);
INSERT INTO modelo (idModelo, denominacao, idMarca, idTipo) VALUES (2824, 'C3 XTR', 5, 1);
INSERT INTO modelo (idModelo, denominacao, idMarca, idTipo) VALUES (2825, 'C4 SOLARIS', 5, 1);
INSERT INTO modelo (idModelo, denominacao, idMarca, idTipo) VALUES (2826, 'C5 BREAK/TOURER', 5, 1);
INSERT INTO modelo (idModelo, denominacao, idMarca, idTipo) VALUES (2827, 'XSARA BREAK', 5, 1);
INSERT INTO modelo (idModelo, denominacao, idMarca, idTipo) VALUES (2828, 'XSARA VTS', 5, 1);
INSERT INTO modelo (idModelo, denominacao, idMarca, idTipo) VALUES (2829, 'XANTIA BREAK', 5, 1);
INSERT INTO modelo (idModelo, denominacao, idMarca, idTipo) VALUES (2830, 'XM BREAK', 5, 1);
INSERT INTO modelo (idModelo, denominacao, idMarca, idTipo) VALUES (2836, 'C3 PLURIEL', 5, 1);
INSERT INTO modelo (idModelo, denominacao, idMarca, idTipo) VALUES (2840, 'C-CROSSER', 5, 1);
INSERT INTO modelo (idModelo, denominacao, idMarca, idTipo) VALUES (2844, 'CX BREAK', 5, 1);
INSERT INTO modelo (idModelo, denominacao, idMarca, idTipo) VALUES (2847, 'GS/GSA', 5, 1);
INSERT INTO modelo (idModelo, denominacao, idMarca, idTipo) VALUES (2848, 'GS/GSA BREAK', 5, 1);
INSERT INTO modelo (idModelo, denominacao, idMarca, idTipo) VALUES (2849, 'MEHARI', 5, 1);
INSERT INTO modelo (idModelo, denominacao, idMarca, idTipo) VALUES (2852, 'ELYSEE', 5, 1);
INSERT INTO modelo (idModelo, denominacao, idMarca, idTipo) VALUES (2853, 'MASTER MINIBUS', 24, 1);
INSERT INTO modelo (idModelo, denominacao, idMarca, idTipo) VALUES (2855, 'CELER SEDAN', 47, 1);
INSERT INTO modelo (idModelo, denominacao, idMarca, idTipo) VALUES (2856, 'CIELO SEDAN', 47, 1);
INSERT INTO modelo (idModelo, denominacao, idMarca, idTipo) VALUES (2857, 'A1 SPORTBACK', 32, 1);
INSERT INTO modelo (idModelo, denominacao, idMarca, idTipo) VALUES (2858, 'A1 QUATTRO', 32, 1);
INSERT INTO modelo (idModelo, denominacao, idMarca, idTipo) VALUES (2859, 'A3 SPORTBACK', 32, 1);
INSERT INTO modelo (idModelo, denominacao, idMarca, idTipo) VALUES (2860, 'RS4 AVANT', 32, 1);
INSERT INTO modelo (idModelo, denominacao, idMarca, idTipo) VALUES (2861, 'A8L W12', 32, 1);
INSERT INTO modelo (idModelo, denominacao, idMarca, idTipo) VALUES (2862, 'R8 V10', 32, 1);
INSERT INTO modelo (idModelo, denominacao, idMarca, idTipo) VALUES (2863, 'RANGER CD', 13, 1);
INSERT INTO modelo (idModelo, denominacao, idMarca, idTipo) VALUES (2874, 'FIT TWIST', 7, 1);
INSERT INTO modelo (idModelo, denominacao, idMarca, idTipo) VALUES (2878, 'MONDEO SW', 13, 1);
INSERT INTO modelo (idModelo, denominacao, idMarca, idTipo) VALUES (2879, 'ESCORT SEDAN', 13, 1);
INSERT INTO modelo (idModelo, denominacao, idMarca, idTipo) VALUES (2880, 'ESCORT CONVERSIVEL', 13, 1);
INSERT INTO modelo (idModelo, denominacao, idMarca, idTipo) VALUES (2884, 'CORISCO', 1, 1);
INSERT INTO modelo (idModelo, denominacao, idMarca, idTipo) VALUES (2885, 'CHEVELLE', 1, 1);
INSERT INTO modelo (idModelo, denominacao, idMarca, idTipo) VALUES (2886, 'EXCURSION', 13, 1);
INSERT INTO modelo (idModelo, denominacao, idMarca, idTipo) VALUES (2887, 'TOURAN', 2, 1);
INSERT INTO modelo (idModelo, denominacao, idMarca, idTipo) VALUES (2890, 'F-10000', 13, 1);
INSERT INTO modelo (idModelo, denominacao, idMarca, idTipo) VALUES (2891, 'HOGGAR ESCAPADE', 22, 1);
INSERT INTO modelo (idModelo, denominacao, idMarca, idTipo) VALUES (2901, 'PHAETON', 13, 1);
INSERT INTO modelo (idModelo, denominacao, idMarca, idTipo) VALUES (2913, 'TRANSPORTER', 2, 1);
INSERT INTO modelo (idModelo, denominacao, idMarca, idTipo) VALUES (2914, 'GRAND BESTA', 16, 1);
INSERT INTO modelo (idModelo, denominacao, idMarca, idTipo) VALUES (2922, '300C TOURING', 19, 1);
INSERT INTO modelo (idModelo, denominacao, idMarca, idTipo) VALUES (2928, 'TORINO', 13, 1);
INSERT INTO modelo (idModelo, denominacao, idMarca, idTipo) VALUES (2931, 'VENTURE', 1, 1);
INSERT INTO modelo (idModelo, denominacao, idMarca, idTipo) VALUES (2932, 'FLEETLINE', 1, 1);
INSERT INTO modelo (idModelo, denominacao, idMarca, idTipo) VALUES (2933, 'FLEETMASTER', 1, 1);
INSERT INTO modelo (idModelo, denominacao, idMarca, idTipo) VALUES (2934, 'DELUXE', 1, 1);
INSERT INTO modelo (idModelo, denominacao, idMarca, idTipo) VALUES (2936, 'ESCORT XR3', 13, 1);
INSERT INTO modelo (idModelo, denominacao, idMarca, idTipo) VALUES (2937, 'MASTER', 1, 1);
INSERT INTO modelo (idModelo, denominacao, idMarca, idTipo) VALUES (2938, 'TORONADO', 120, 1);
INSERT INTO modelo (idModelo, denominacao, idMarca, idTipo) VALUES (2941, 'DELUXE', 120, 1);
INSERT INTO modelo (idModelo, denominacao, idMarca, idTipo) VALUES (2942, 'SERIES 60', 120, 1);
INSERT INTO modelo (idModelo, denominacao, idMarca, idTipo) VALUES (2943, 'SERIES 70', 120, 1);
INSERT INTO modelo (idModelo, denominacao, idMarca, idTipo) VALUES (2944, 'SERIES 80', 120, 1);
INSERT INTO modelo (idModelo, denominacao, idMarca, idTipo) VALUES (2945, 'SERIES 90', 120, 1);
INSERT INTO modelo (idModelo, denominacao, idMarca, idTipo) VALUES (2946, 'STARFIRE', 120, 1);
INSERT INTO modelo (idModelo, denominacao, idMarca, idTipo) VALUES (2948, 'CUTLASS', 120, 1);
INSERT INTO modelo (idModelo, denominacao, idMarca, idTipo) VALUES (2949, 'CUTLASS SUPREME', 120, 1);
INSERT INTO modelo (idModelo, denominacao, idMarca, idTipo) VALUES (2950, 'CUTLASS SALON', 120, 1);
INSERT INTO modelo (idModelo, denominacao, idMarca, idTipo) VALUES (2951, 'CUTLASS CALAIS', 120, 1);
INSERT INTO modelo (idModelo, denominacao, idMarca, idTipo) VALUES (2952, 'CUTLASS CIERA', 120, 1);
INSERT INTO modelo (idModelo, denominacao, idMarca, idTipo) VALUES (2953, 'CUSTOM CRUISER', 120, 1);
INSERT INTO modelo (idModelo, denominacao, idMarca, idTipo) VALUES (2954, 'VISTA CRUISER', 120, 1);
INSERT INTO modelo (idModelo, denominacao, idMarca, idTipo) VALUES (2957, 'FIRENZA', 120, 1);
INSERT INTO modelo (idModelo, denominacao, idMarca, idTipo) VALUES (2958, 'ACHIEVA', 120, 1);
INSERT INTO modelo (idModelo, denominacao, idMarca, idTipo) VALUES (2960, 'AURORA', 120, 1);
INSERT INTO modelo (idModelo, denominacao, idMarca, idTipo) VALUES (2961, 'BRAVADA', 120, 1);
INSERT INTO modelo (idModelo, denominacao, idMarca, idTipo) VALUES (2962, 'INTRIGUE', 120, 1);
INSERT INTO modelo (idModelo, denominacao, idMarca, idTipo) VALUES (2963, 'SILHOUETTE', 120, 1);
INSERT INTO modelo (idModelo, denominacao, idMarca, idTipo) VALUES (2972, 'SUPERBIRD', 123, 1);
INSERT INTO modelo (idModelo, denominacao, idMarca, idTipo) VALUES (2974, 'SPECIAL', 123, 1);
INSERT INTO modelo (idModelo, denominacao, idMarca, idTipo) VALUES (2975, 'PROWLER', 123, 1);
INSERT INTO modelo (idModelo, denominacao, idMarca, idTipo) VALUES (2976, 'TRAIL DUSTER', 123, 1);
INSERT INTO modelo (idModelo, denominacao, idMarca, idTipo) VALUES (2977, 'VOYAGER', 123, 1);
INSERT INTO modelo (idModelo, denominacao, idMarca, idTipo) VALUES (2985, 'EXPRESS', 123, 1);
INSERT INTO modelo (idModelo, denominacao, idMarca, idTipo) VALUES (2986, 'VOYAGER EXPRESSO', 123, 1);
INSERT INTO modelo (idModelo, denominacao, idMarca, idTipo) VALUES (2989, 'CARAVELLE', 123, 1);
INSERT INTO modelo (idModelo, denominacao, idMarca, idTipo) VALUES (2990, 'STATION WAGON', 123, 1);
INSERT INTO modelo (idModelo, denominacao, idMarca, idTipo) VALUES (2991, 'MODEL Q', 123, 1);
INSERT INTO modelo (idModelo, denominacao, idMarca, idTipo) VALUES (2992, 'MODEL P6', 123, 1);
INSERT INTO modelo (idModelo, denominacao, idMarca, idTipo) VALUES (2993, 'DB9 COUPE', 31, 1);
INSERT INTO modelo (idModelo, denominacao, idMarca, idTipo) VALUES (2994, 'DB9 VOLANTE', 31, 1);
INSERT INTO modelo (idModelo, denominacao, idMarca, idTipo) VALUES (2995, 'VIRAGE COUPE', 31, 1);
INSERT INTO modelo (idModelo, denominacao, idMarca, idTipo) VALUES (2996, 'RAPIDE S', 31, 1);
INSERT INTO modelo (idModelo, denominacao, idMarca, idTipo) VALUES (2997, 'V12 VANTAGE', 31, 1);
INSERT INTO modelo (idModelo, denominacao, idMarca, idTipo) VALUES (2998, 'V8 VANTAGE COUPE', 31, 1);
INSERT INTO modelo (idModelo, denominacao, idMarca, idTipo) VALUES (2999, 'V8 VANTAGE ROADSTER', 31, 1);
INSERT INTO modelo (idModelo, denominacao, idMarca, idTipo) VALUES (3000, 'V8 VANTAGE S COUPE', 31, 1);
INSERT INTO modelo (idModelo, denominacao, idMarca, idTipo) VALUES (3001, 'V8 VANTAGE S ROADSTER', 31, 1);
INSERT INTO modelo (idModelo, denominacao, idMarca, idTipo) VALUES (3002, 'VANQUISH COUPE', 31, 1);
INSERT INTO modelo (idModelo, denominacao, idMarca, idTipo) VALUES (3003, 'VANQUISH VOLANTE', 31, 1);
INSERT INTO modelo (idModelo, denominacao, idMarca, idTipo) VALUES (3004, 'V12 ZAGATO', 31, 1);
INSERT INTO modelo (idModelo, denominacao, idMarca, idTipo) VALUES (3008, 'DBS VOLANTE', 31, 1);
INSERT INTO modelo (idModelo, denominacao, idMarca, idTipo) VALUES (3009, 'CYGNET', 31, 1);
INSERT INTO modelo (idModelo, denominacao, idMarca, idTipo) VALUES (3010, 'ONE-77', 31, 1);
INSERT INTO modelo (idModelo, denominacao, idMarca, idTipo) VALUES (3017, 'CABRIO', 113, 1);
INSERT INTO modelo (idModelo, denominacao, idMarca, idTipo) VALUES (3019, 'ROADSTER', 113, 1);
INSERT INTO modelo (idModelo, denominacao, idMarca, idTipo) VALUES (3020, 'COUNTRYMAN', 113, 1);
INSERT INTO modelo (idModelo, denominacao, idMarca, idTipo) VALUES (3021, 'PACEMAN', 113, 1);
INSERT INTO modelo (idModelo, denominacao, idMarca, idTipo) VALUES (3022, 'JOHN COOPER WORKS', 113, 1);
INSERT INTO modelo (idModelo, denominacao, idMarca, idTipo) VALUES (3024, 'NEW XV', 8, 1);
INSERT INTO modelo (idModelo, denominacao, idMarca, idTipo) VALUES (3025, 'IMPREZA WRX HATCH', 8, 1);
INSERT INTO modelo (idModelo, denominacao, idMarca, idTipo) VALUES (3026, 'IMPREZA WRX STI HATCH', 8, 1);
INSERT INTO modelo (idModelo, denominacao, idMarca, idTipo) VALUES (3027, 'IMPREZA WRX STI SEDAN', 8, 1);
INSERT INTO modelo (idModelo, denominacao, idMarca, idTipo) VALUES (3028, 'IMPREZA WRX SEDAN', 8, 1);
INSERT INTO modelo (idModelo, denominacao, idMarca, idTipo) VALUES (3030, 'ETIOS CROSS', 23, 1);
INSERT INTO modelo (idModelo, denominacao, idMarca, idTipo) VALUES (3031, 'HURACAN', 12, 1);
INSERT INTO modelo (idModelo, denominacao, idMarca, idTipo) VALUES (3080, 'EXPLORER', 195, 1);
INSERT INTO modelo (idModelo, denominacao, idMarca, idTipo) VALUES (4964, 'FORTWO CABRIO', 142, 1);
INSERT INTO modelo (idModelo, denominacao, idMarca, idTipo) VALUES (4974, 'AC 2000', 26, 1);
INSERT INTO modelo (idModelo, denominacao, idMarca, idTipo) VALUES (4975, 'AVIATOR', 99, 1);
INSERT INTO modelo (idModelo, denominacao, idMarca, idTipo) VALUES (4976, 'BLACKWOOD', 99, 1);
INSERT INTO modelo (idModelo, denominacao, idMarca, idTipo) VALUES (4978, 'CONTINENTAL', 99, 1);
INSERT INTO modelo (idModelo, denominacao, idMarca, idTipo) VALUES (4981, 'MARK LT', 99, 1);
INSERT INTO modelo (idModelo, denominacao, idMarca, idTipo) VALUES (4986, 'NAVIGATOR', 99, 1);
INSERT INTO modelo (idModelo, denominacao, idMarca, idTipo) VALUES (4987, 'PREMIERE', 99, 1);
INSERT INTO modelo (idModelo, denominacao, idMarca, idTipo) VALUES (4988, 'TOWN CAR', 99, 1);
INSERT INTO modelo (idModelo, denominacao, idMarca, idTipo) VALUES (4989, 'VERSAILLES', 99, 1);
INSERT INTO modelo (idModelo, denominacao, idMarca, idTipo) VALUES (4990, 'ZEPHYR', 99, 1);
INSERT INTO modelo (idModelo, denominacao, idMarca, idTipo) VALUES (4991, 'CLASSIC', 1, 1);
INSERT INTO modelo (idModelo, denominacao, idMarca, idTipo) VALUES (4992, 'ACTYON', 21, 1);
INSERT INTO modelo (idModelo, denominacao, idMarca, idTipo) VALUES (5003, 'MARAJO', 1, 1);
INSERT INTO modelo (idModelo, denominacao, idMarca, idTipo) VALUES (5004, 'SUPREMA', 1, 1);
INSERT INTO modelo (idModelo, denominacao, idMarca, idTipo) VALUES (5005, 'NEW BEETLE', 2, 1);
INSERT INTO modelo (idModelo, denominacao, idMarca, idTipo) VALUES (5006, 'QUANTUM', 2, 1);
INSERT INTO modelo (idModelo, denominacao, idMarca, idTipo) VALUES (5007, 'CROSSFOX', 2, 1);
INSERT INTO modelo (idModelo, denominacao, idMarca, idTipo) VALUES (5014, 'RENEGADE', 87, 1);
INSERT INTO modelo (idModelo, denominacao, idMarca, idTipo) VALUES (5015, 'DUSTER OROCH', 24, 1);
INSERT INTO modelo (idModelo, denominacao, idMarca, idTipo) VALUES (5016, 'SANDERO RS', 24, 1);
INSERT INTO modelo (idModelo, denominacao, idMarca, idTipo) VALUES (5018, 'GRAND SANTA FE', 14, 1);
INSERT INTO modelo (idModelo, denominacao, idMarca, idTipo) VALUES (5019, 'GOLF VARIANT', 2, 1);
INSERT INTO modelo (idModelo, denominacao, idMarca, idTipo) VALUES (5020, 'SPACE CROSS', 2, 1);
INSERT INTO modelo (idModelo, denominacao, idMarca, idTipo) VALUES (5022, 'QUORIS', 16, 1);
INSERT INTO modelo (idModelo, denominacao, idMarca, idTipo) VALUES (5023, 'GRAND CARNIVAL', 16, 1);
INSERT INTO modelo (idModelo, denominacao, idMarca, idTipo) VALUES (5027, 'KA SEDAN', 13, 1);
INSERT INTO modelo (idModelo, denominacao, idMarca, idTipo) VALUES (5028, 'FOCUS FASTBACK', 13, 1);
INSERT INTO modelo (idModelo, denominacao, idMarca, idTipo) VALUES (765, 'CB 600 HORNET', 7, 2);
INSERT INTO modelo (idModelo, denominacao, idMarca, idTipo) VALUES (766, 'CBR 1000F', 7, 2);
INSERT INTO modelo (idModelo, denominacao, idMarca, idTipo) VALUES (767, 'FIREBLADE CBR', 7, 2);
INSERT INTO modelo (idModelo, denominacao, idMarca, idTipo) VALUES (768, 'CBR 450', 7, 2);
INSERT INTO modelo (idModelo, denominacao, idMarca, idTipo) VALUES (769, 'CBR 600', 7, 2);
INSERT INTO modelo (idModelo, denominacao, idMarca, idTipo) VALUES (771, 'TWISTER CBX 250', 7, 2);
INSERT INTO modelo (idModelo, denominacao, idMarca, idTipo) VALUES (772, 'CBX 750F', 7, 2);
INSERT INTO modelo (idModelo, denominacao, idMarca, idTipo) VALUES (773, 'CG FAN', 7, 2);
INSERT INTO modelo (idModelo, denominacao, idMarca, idTipo) VALUES (774, 'CG TITAN', 7, 2);
INSERT INTO modelo (idModelo, denominacao, idMarca, idTipo) VALUES (777, 'CRYPTON T115', 135, 2);
INSERT INTO modelo (idModelo, denominacao, idMarca, idTipo) VALUES (779, 'V-STROM DL', 59, 2);
INSERT INTO modelo (idModelo, denominacao, idMarca, idTipo) VALUES (780, 'DT 200', 135, 2);
INSERT INTO modelo (idModelo, denominacao, idMarca, idTipo) VALUES (781, 'ELEFANTRE', 27, 2);
INSERT INTO modelo (idModelo, denominacao, idMarca, idTipo) VALUES (783, 'FUTURE', 140, 2);
INSERT INTO modelo (idModelo, denominacao, idMarca, idTipo) VALUES (785, 'GR 500', 136, 2);
INSERT INTO modelo (idModelo, denominacao, idMarca, idTipo) VALUES (786, 'GRI 50', 136, 2);
INSERT INTO modelo (idModelo, denominacao, idMarca, idTipo) VALUES (788, 'GSX-R GIXXER/SRAD', 59, 2);
INSERT INTO modelo (idModelo, denominacao, idMarca, idTipo) VALUES (791, 'FAZER YS250', 135, 2);
INSERT INTO modelo (idModelo, denominacao, idMarca, idTipo) VALUES (792, 'FACTOR YBR125', 135, 2);
INSERT INTO modelo (idModelo, denominacao, idMarca, idTipo) VALUES (796, 'YZF R1', 135, 2);
INSERT INTO modelo (idModelo, denominacao, idMarca, idTipo) VALUES (800, 'VIRAGO 250', 135, 2);
INSERT INTO modelo (idModelo, denominacao, idMarca, idTipo) VALUES (835, 'ELEFANT', 27, 2);
INSERT INTO modelo (idModelo, denominacao, idMarca, idTipo) VALUES (837, 'JUNIOR', 27, 2);
INSERT INTO modelo (idModelo, denominacao, idMarca, idTipo) VALUES (839, 'SUPER CITY', 27, 2);
INSERT INTO modelo (idModelo, denominacao, idMarca, idTipo) VALUES (842, 'AME-110', 177, 2);
INSERT INTO modelo (idModelo, denominacao, idMarca, idTipo) VALUES (843, 'AME-150', 177, 2);
INSERT INTO modelo (idModelo, denominacao, idMarca, idTipo) VALUES (844, 'AME-250', 177, 2);
INSERT INTO modelo (idModelo, denominacao, idMarca, idTipo) VALUES (845, 'AME-LX', 177, 2);
INSERT INTO modelo (idModelo, denominacao, idMarca, idTipo) VALUES (846, 'AREA-51', 178, 2);
INSERT INTO modelo (idModelo, denominacao, idMarca, idTipo) VALUES (847, 'CLASSIC', 178, 2);
INSERT INTO modelo (idModelo, denominacao, idMarca, idTipo) VALUES (848, 'LEONARDO', 178, 2);
INSERT INTO modelo (idModelo, denominacao, idMarca, idTipo) VALUES (850, 'PEGASO', 178, 2);
INSERT INTO modelo (idModelo, denominacao, idMarca, idTipo) VALUES (853, 'RSV MILLE', 178, 2);
INSERT INTO modelo (idModelo, denominacao, idMarca, idTipo) VALUES (855, 'SCARABEO', 178, 2);
INSERT INTO modelo (idModelo, denominacao, idMarca, idTipo) VALUES (859, 'SR RACING', 178, 2);
INSERT INTO modelo (idModelo, denominacao, idMarca, idTipo) VALUES (860, 'SR WWW', 178, 2);
INSERT INTO modelo (idModelo, denominacao, idMarca, idTipo) VALUES (861, 'CALIFFONE', 179, 2);
INSERT INTO modelo (idModelo, denominacao, idMarca, idTipo) VALUES (862, 'MASTER', 179, 2);
INSERT INTO modelo (idModelo, denominacao, idMarca, idTipo) VALUES (863, 'SKEGIA', 179, 2);
INSERT INTO modelo (idModelo, denominacao, idMarca, idTipo) VALUES (864, 'CHAMPION', 180, 2);
INSERT INTO modelo (idModelo, denominacao, idMarca, idTipo) VALUES (865, 'CLASSIC', 180, 2);
INSERT INTO modelo (idModelo, denominacao, idMarca, idTipo) VALUES (877, 'MANTRA', 183, 2);
INSERT INTO modelo (idModelo, denominacao, idMarca, idTipo) VALUES (882, 'G650GS', 36, 2);
INSERT INTO modelo (idModelo, denominacao, idMarca, idTipo) VALUES (891, 'S1000RR', 36, 2);
INSERT INTO modelo (idModelo, denominacao, idMarca, idTipo) VALUES (892, 'ELEGANT', 184, 2);
INSERT INTO modelo (idModelo, denominacao, idMarca, idTipo) VALUES (896, 'ZANELLA', 184, 2);
INSERT INTO modelo (idModelo, denominacao, idMarca, idTipo) VALUES (898, 'CAN-AM', 186, 2);
INSERT INTO modelo (idModelo, denominacao, idMarca, idTipo) VALUES (902, 'FIREBOLT', 187, 2);
INSERT INTO modelo (idModelo, denominacao, idMarca, idTipo) VALUES (904, 'LIGHTNING', 187, 2);
INSERT INTO modelo (idModelo, denominacao, idMarca, idTipo) VALUES (905, 'ULYSSES', 187, 2);
INSERT INTO modelo (idModelo, denominacao, idMarca, idTipo) VALUES (908, 'CANYON', 190, 2);
INSERT INTO modelo (idModelo, denominacao, idMarca, idTipo) VALUES (909, 'ELEFANT', 190, 2);
INSERT INTO modelo (idModelo, denominacao, idMarca, idTipo) VALUES (910, 'GRAN CANYON', 190, 2);
INSERT INTO modelo (idModelo, denominacao, idMarca, idTipo) VALUES (912, 'NAVIGATOR', 190, 2);
INSERT INTO modelo (idModelo, denominacao, idMarca, idTipo) VALUES (913, 'PLANET', 190, 2);
INSERT INTO modelo (idModelo, denominacao, idMarca, idTipo) VALUES (914, 'ROADSTER', 190, 2);
INSERT INTO modelo (idModelo, denominacao, idMarca, idTipo) VALUES (915, 'V-RAPTOR', 190, 2);
INSERT INTO modelo (idModelo, denominacao, idMarca, idTipo) VALUES (917, 'MOBILETE', 191, 2);
INSERT INTO modelo (idModelo, denominacao, idMarca, idTipo) VALUES (919, 'ALTINO', 192, 2);
INSERT INTO modelo (idModelo, denominacao, idMarca, idTipo) VALUES (920, 'MESSAGE', 192, 2);
INSERT INTO modelo (idModelo, denominacao, idMarca, idTipo) VALUES (926, 'APACHE', 193, 2);
INSERT INTO modelo (idModelo, denominacao, idMarca, idTipo) VALUES (927, 'CITYCOM', 193, 2);
INSERT INTO modelo (idModelo, denominacao, idMarca, idTipo) VALUES (928, 'KANSAS', 193, 2);
INSERT INTO modelo (idModelo, denominacao, idMarca, idTipo) VALUES (932, 'ROADWIN', 193, 2);
INSERT INTO modelo (idModelo, denominacao, idMarca, idTipo) VALUES (937, 'DY100-31', 194, 2);
INSERT INTO modelo (idModelo, denominacao, idMarca, idTipo) VALUES (938, 'DY110-20', 194, 2);
INSERT INTO modelo (idModelo, denominacao, idMarca, idTipo) VALUES (939, 'DY125-18', 194, 2);
INSERT INTO modelo (idModelo, denominacao, idMarca, idTipo) VALUES (940, 'DY125-36A', 194, 2);
INSERT INTO modelo (idModelo, denominacao, idMarca, idTipo) VALUES (941, 'DY125-37', 194, 2);
INSERT INTO modelo (idModelo, denominacao, idMarca, idTipo) VALUES (942, 'DY125-5', 194, 2);
INSERT INTO modelo (idModelo, denominacao, idMarca, idTipo) VALUES (943, 'DY125-52', 194, 2);
INSERT INTO modelo (idModelo, denominacao, idMarca, idTipo) VALUES (944, 'DY150-12', 194, 2);
INSERT INTO modelo (idModelo, denominacao, idMarca, idTipo) VALUES (946, 'SUMMER', 195, 2);
INSERT INTO modelo (idModelo, denominacao, idMarca, idTipo) VALUES (947, 'DY125-8', 195, 2);
INSERT INTO modelo (idModelo, denominacao, idMarca, idTipo) VALUES (949, 'PHANTON', 195, 2);
INSERT INTO modelo (idModelo, denominacao, idMarca, idTipo) VALUES (951, 'DY150GY', 195, 2);
INSERT INTO modelo (idModelo, denominacao, idMarca, idTipo) VALUES (952, 'CARGO 150', 195, 2);
INSERT INTO modelo (idModelo, denominacao, idMarca, idTipo) VALUES (953, 'CARGO 200', 195, 2);
INSERT INTO modelo (idModelo, denominacao, idMarca, idTipo) VALUES (954, 'DY250-2', 195, 2);
INSERT INTO modelo (idModelo, denominacao, idMarca, idTipo) VALUES (955, 'ATLANTIS', 196, 2);
INSERT INTO modelo (idModelo, denominacao, idMarca, idTipo) VALUES (957, 'PREDATOR', 196, 2);
INSERT INTO modelo (idModelo, denominacao, idMarca, idTipo) VALUES (958, 'RED BULLET', 196, 2);
INSERT INTO modelo (idModelo, denominacao, idMarca, idTipo) VALUES (959, 'REPLICAS', 196, 2);
INSERT INTO modelo (idModelo, denominacao, idMarca, idTipo) VALUES (969, 'DESMOSEDICI', 197, 2);
INSERT INTO modelo (idModelo, denominacao, idMarca, idTipo) VALUES (970, 'DIAVEL', 197, 2);
INSERT INTO modelo (idModelo, denominacao, idMarca, idTipo) VALUES (971, 'HYPERMOTARD', 197, 2);
INSERT INTO modelo (idModelo, denominacao, idMarca, idTipo) VALUES (972, 'MONSTER', 197, 2);
INSERT INTO modelo (idModelo, denominacao, idMarca, idTipo) VALUES (973, 'MULTISTRADA', 197, 2);
INSERT INTO modelo (idModelo, denominacao, idMarca, idTipo) VALUES (974, 'SPORTCLASSIC', 197, 2);
INSERT INTO modelo (idModelo, denominacao, idMarca, idTipo) VALUES (978, 'STREETFIGHTER', 197, 2);
INSERT INTO modelo (idModelo, denominacao, idMarca, idTipo) VALUES (979, 'MIRAGE', 198, 2);
INSERT INTO modelo (idModelo, denominacao, idMarca, idTipo) VALUES (981, 'ONE RACING', 198, 2);
INSERT INTO modelo (idModelo, denominacao, idMarca, idTipo) VALUES (984, 'FY100-10A', 200, 2);
INSERT INTO modelo (idModelo, denominacao, idMarca, idTipo) VALUES (985, 'FY125-19', 200, 2);
INSERT INTO modelo (idModelo, denominacao, idMarca, idTipo) VALUES (986, 'FY125-20', 200, 2);
INSERT INTO modelo (idModelo, denominacao, idMarca, idTipo) VALUES (987, 'FY125EY-2', 200, 2);
INSERT INTO modelo (idModelo, denominacao, idMarca, idTipo) VALUES (988, 'FY125Y-3', 200, 2);
INSERT INTO modelo (idModelo, denominacao, idMarca, idTipo) VALUES (989, 'FY150-3', 200, 2);
INSERT INTO modelo (idModelo, denominacao, idMarca, idTipo) VALUES (990, 'FY150T-18', 200, 2);
INSERT INTO modelo (idModelo, denominacao, idMarca, idTipo) VALUES (992, 'GR08T4', 136, 2);
INSERT INTO modelo (idModelo, denominacao, idMarca, idTipo) VALUES (993, 'GR 125S/ST', 136, 2);
INSERT INTO modelo (idModelo, denominacao, idMarca, idTipo) VALUES (995, 'GR125T3', 136, 2);
INSERT INTO modelo (idModelo, denominacao, idMarca, idTipo) VALUES (996, 'GR125U', 136, 2);
INSERT INTO modelo (idModelo, denominacao, idMarca, idTipo) VALUES (997, 'GR 125Z', 136, 2);
INSERT INTO modelo (idModelo, denominacao, idMarca, idTipo) VALUES (998, 'GR 150P/PI', 136, 2);
INSERT INTO modelo (idModelo, denominacao, idMarca, idTipo) VALUES (1000, 'GR150ST', 136, 2);
INSERT INTO modelo (idModelo, denominacao, idMarca, idTipo) VALUES (1001, 'GR150T3', 136, 2);
INSERT INTO modelo (idModelo, denominacao, idMarca, idTipo) VALUES (1002, 'GR150TI', 136, 2);
INSERT INTO modelo (idModelo, denominacao, idMarca, idTipo) VALUES (1003, 'GR150U', 136, 2);
INSERT INTO modelo (idModelo, denominacao, idMarca, idTipo) VALUES (1004, 'GR250T3', 136, 2);
INSERT INTO modelo (idModelo, denominacao, idMarca, idTipo) VALUES (1005, 'ENDUCROSS', 201, 2);
INSERT INTO modelo (idModelo, denominacao, idMarca, idTipo) VALUES (1006, 'ROOKIE ENDURO', 201, 2);
INSERT INTO modelo (idModelo, denominacao, idMarca, idTipo) VALUES (1009, 'PAMPERA', 201, 2);
INSERT INTO modelo (idModelo, denominacao, idMarca, idTipo) VALUES (1010, 'TX BOY', 201, 2);
INSERT INTO modelo (idModelo, denominacao, idMarca, idTipo) VALUES (1012, 'TXT ROOKIE', 201, 2);
INSERT INTO modelo (idModelo, denominacao, idMarca, idTipo) VALUES (1014, 'RUNNER', 202, 2);
INSERT INTO modelo (idModelo, denominacao, idMarca, idTipo) VALUES (1015, 'SAFARI', 202, 2);
INSERT INTO modelo (idModelo, denominacao, idMarca, idTipo) VALUES (1018, 'HB-110', 203, 2);
INSERT INTO modelo (idModelo, denominacao, idMarca, idTipo) VALUES (1019, 'HB-125', 203, 2);
INSERT INTO modelo (idModelo, denominacao, idMarca, idTipo) VALUES (1020, 'HB-150', 203, 2);
INSERT INTO modelo (idModelo, denominacao, idMarca, idTipo) VALUES (1022, 'SOFTAIL', 204, 2);
INSERT INTO modelo (idModelo, denominacao, idMarca, idTipo) VALUES (1026, 'TOURING ROAD KING', 204, 2);
INSERT INTO modelo (idModelo, denominacao, idMarca, idTipo) VALUES (1027, 'TOURING ELECTRA GLIDE', 204, 2);
INSERT INTO modelo (idModelo, denominacao, idMarca, idTipo) VALUES (1041, 'LEGION', 205, 2);
INSERT INTO modelo (idModelo, denominacao, idMarca, idTipo) VALUES (1044, 'STREAM', 206, 2);
INSERT INTO modelo (idModelo, denominacao, idMarca, idTipo) VALUES (1045, 'AMERICA', 7, 2);
INSERT INTO modelo (idModelo, denominacao, idMarca, idTipo) VALUES (1047, 'CB 1000R', 7, 2);
INSERT INTO modelo (idModelo, denominacao, idMarca, idTipo) VALUES (1048, 'CB 1300', 7, 2);
INSERT INTO modelo (idModelo, denominacao, idMarca, idTipo) VALUES (1049, 'SUPERBLACKBIRD CBR 1100XX', 7, 2);
INSERT INTO modelo (idModelo, denominacao, idMarca, idTipo) VALUES (1050, 'CBR 250', 7, 2);
INSERT INTO modelo (idModelo, denominacao, idMarca, idTipo) VALUES (1052, 'AERO CBX 150', 7, 2);
INSERT INTO modelo (idModelo, denominacao, idMarca, idTipo) VALUES (1053, 'STRADA CBX 200', 7, 2);
INSERT INTO modelo (idModelo, denominacao, idMarca, idTipo) VALUES (1054, 'CH 125R', 7, 2);
INSERT INTO modelo (idModelo, denominacao, idMarca, idTipo) VALUES (1061, 'GL GOLD WING', 7, 2);
INSERT INTO modelo (idModelo, denominacao, idMarca, idTipo) VALUES (1063, 'MAGNA VF 750C', 7, 2);
INSERT INTO modelo (idModelo, denominacao, idMarca, idTipo) VALUES (1064, 'NX 200/250', 7, 2);
INSERT INTO modelo (idModelo, denominacao, idMarca, idTipo) VALUES (1066, 'NX 350 SAHARA', 7, 2);
INSERT INTO modelo (idModelo, denominacao, idMarca, idTipo) VALUES (1067, 'NX 400 FALCON', 7, 2);
INSERT INTO modelo (idModelo, denominacao, idMarca, idTipo) VALUES (1069, 'NXR BROS', 7, 2);
INSERT INTO modelo (idModelo, denominacao, idMarca, idTipo) VALUES (1070, 'POP 100', 7, 2);
INSERT INTO modelo (idModelo, denominacao, idMarca, idTipo) VALUES (1074, 'SUPER HAWK', 7, 2);
INSERT INTO modelo (idModelo, denominacao, idMarca, idTipo) VALUES (1077, 'VALKYRIE', 7, 2);
INSERT INTO modelo (idModelo, denominacao, idMarca, idTipo) VALUES (1078, 'VFR 1200', 7, 2);
INSERT INTO modelo (idModelo, denominacao, idMarca, idTipo) VALUES (1084, 'VARADERO XL 1000V', 7, 2);
INSERT INTO modelo (idModelo, denominacao, idMarca, idTipo) VALUES (1086, 'XL 700V TRANSALP', 7, 2);
INSERT INTO modelo (idModelo, denominacao, idMarca, idTipo) VALUES (1089, 'VLR 350', 7, 2);
INSERT INTO modelo (idModelo, denominacao, idMarca, idTipo) VALUES (1092, 'TORNADO XR 250', 7, 2);
INSERT INTO modelo (idModelo, denominacao, idMarca, idTipo) VALUES (1094, 'XRE 300', 7, 2);
INSERT INTO modelo (idModelo, denominacao, idMarca, idTipo) VALUES (1106, 'ACTION', 209, 2);
INSERT INTO modelo (idModelo, denominacao, idMarca, idTipo) VALUES (1108, 'MATRIX', 209, 2);
INSERT INTO modelo (idModelo, denominacao, idMarca, idTipo) VALUES (1109, 'MOVING', 209, 2);
INSERT INTO modelo (idModelo, denominacao, idMarca, idTipo) VALUES (1111, 'VINTAGE', 209, 2);
INSERT INTO modelo (idModelo, denominacao, idMarca, idTipo) VALUES (1112, 'WARRIOR', 209, 2);
INSERT INTO modelo (idModelo, denominacao, idMarca, idTipo) VALUES (1115, 'BARHOG', 211, 2);
INSERT INTO modelo (idModelo, denominacao, idMarca, idTipo) VALUES (1116, 'PROSTREET', 211, 2);
INSERT INTO modelo (idModelo, denominacao, idMarca, idTipo) VALUES (1117, 'SPYDER', 211, 2);
INSERT INTO modelo (idModelo, denominacao, idMarca, idTipo) VALUES (1118, 'ATLANTIC', 212, 2);
INSERT INTO modelo (idModelo, denominacao, idMarca, idTipo) VALUES (1122, 'PEGASUS', 212, 2);
INSERT INTO modelo (idModelo, denominacao, idMarca, idTipo) VALUES (1130, 'COMET GT 650', 133, 2);
INSERT INTO modelo (idModelo, denominacao, idMarca, idTipo) VALUES (1131, 'COMET GT-R 650', 133, 2);
INSERT INTO modelo (idModelo, denominacao, idMarca, idTipo) VALUES (1132, 'CRUISE', 133, 2);
INSERT INTO modelo (idModelo, denominacao, idMarca, idTipo) VALUES (1141, 'MIRAGE', 133, 2);
INSERT INTO modelo (idModelo, denominacao, idMarca, idTipo) VALUES (1142, 'MOTOKAR', 133, 2);
INSERT INTO modelo (idModelo, denominacao, idMarca, idTipo) VALUES (1147, 'SUPER CAB', 133, 2);
INSERT INTO modelo (idModelo, denominacao, idMarca, idTipo) VALUES (1151, 'AVAJET', 170, 2);
INSERT INTO modelo (idModelo, denominacao, idMarca, idTipo) VALUES (1152, 'CONCOURS', 170, 2);
INSERT INTO modelo (idModelo, denominacao, idMarca, idTipo) VALUES (1153, 'D-TRACKER', 170, 2);
INSERT INTO modelo (idModelo, denominacao, idMarca, idTipo) VALUES (1156, 'KLX 110/140', 170, 2);
INSERT INTO modelo (idModelo, denominacao, idMarca, idTipo) VALUES (1157, 'KX 100/125', 170, 2);
INSERT INTO modelo (idModelo, denominacao, idMarca, idTipo) VALUES (1160, 'NINJA 250', 170, 2);
INSERT INTO modelo (idModelo, denominacao, idMarca, idTipo) VALUES (1161, 'VERSYS', 170, 2);
INSERT INTO modelo (idModelo, denominacao, idMarca, idTipo) VALUES (1162, 'VOYAGER', 170, 2);
INSERT INTO modelo (idModelo, denominacao, idMarca, idTipo) VALUES (1163, 'VULCAN', 170, 2);
INSERT INTO modelo (idModelo, denominacao, idMarca, idTipo) VALUES (1169, 'PEOPLE', 214, 2);
INSERT INTO modelo (idModelo, denominacao, idMarca, idTipo) VALUES (1186, 'MOTO TRUCK', 216, 2);
INSERT INTO modelo (idModelo, denominacao, idMarca, idTipo) VALUES (1187, 'QUATTOR', 217, 2);
INSERT INTO modelo (idModelo, denominacao, idMarca, idTipo) VALUES (1188, 'FORMIGAO', 218, 2);
INSERT INTO modelo (idModelo, denominacao, idMarca, idTipo) VALUES (1191, 'DE LUXE', 219, 2);
INSERT INTO modelo (idModelo, denominacao, idMarca, idTipo) VALUES (1192, 'E RETRO', 219, 2);
INSERT INTO modelo (idModelo, denominacao, idMarca, idTipo) VALUES (1194, 'TRICICLO', 220, 2);
INSERT INTO modelo (idModelo, denominacao, idMarca, idTipo) VALUES (1196, 'SPIDER', 221, 2);
INSERT INTO modelo (idModelo, denominacao, idMarca, idTipo) VALUES (1202, 'CALIFORNIA', 223, 2);
INSERT INTO modelo (idModelo, denominacao, idMarca, idTipo) VALUES (1205, 'LE MANS', 223, 2);
INSERT INTO modelo (idModelo, denominacao, idMarca, idTipo) VALUES (1207, 'BRUTALE', 225, 2);
INSERT INTO modelo (idModelo, denominacao, idMarca, idTipo) VALUES (1209, 'BIG FORCE', 226, 2);
INSERT INTO modelo (idModelo, denominacao, idMarca, idTipo) VALUES (1210, 'BLACK STAR', 226, 2);
INSERT INTO modelo (idModelo, denominacao, idMarca, idTipo) VALUES (1213, 'FENIX GOLD', 226, 2);
INSERT INTO modelo (idModelo, denominacao, idMarca, idTipo) VALUES (1216, 'HALLEY', 226, 2);
INSERT INTO modelo (idModelo, denominacao, idMarca, idTipo) VALUES (1218, 'JURASIC', 226, 2);
INSERT INTO modelo (idModelo, denominacao, idMarca, idTipo) VALUES (1224, 'SPYDER', 226, 2);
INSERT INTO modelo (idModelo, denominacao, idMarca, idTipo) VALUES (1225, 'STREET', 226, 2);
INSERT INTO modelo (idModelo, denominacao, idMarca, idTipo) VALUES (1231, 'BR III', 228, 2);
INSERT INTO modelo (idModelo, denominacao, idMarca, idTipo) VALUES (1233, 'ELYSEO', 22, 2);
INSERT INTO modelo (idModelo, denominacao, idMarca, idTipo) VALUES (1234, 'SCOOTELEC', 22, 2);
INSERT INTO modelo (idModelo, denominacao, idMarca, idTipo) VALUES (1235, 'SPEEDAKE', 22, 2);
INSERT INTO modelo (idModelo, denominacao, idMarca, idTipo) VALUES (1236, 'SPEEDFIGHT', 22, 2);
INSERT INTO modelo (idModelo, denominacao, idMarca, idTipo) VALUES (1238, 'TREKKER', 22, 2);
INSERT INTO modelo (idModelo, denominacao, idMarca, idTipo) VALUES (1239, 'VIVACITY', 22, 2);
INSERT INTO modelo (idModelo, denominacao, idMarca, idTipo) VALUES (1240, 'ZENITH', 22, 2);
INSERT INTO modelo (idModelo, denominacao, idMarca, idTipo) VALUES (1241, 'BEVERLY', 229, 2);
INSERT INTO modelo (idModelo, denominacao, idMarca, idTipo) VALUES (1242, 'LIBERTY', 229, 2);
INSERT INTO modelo (idModelo, denominacao, idMarca, idTipo) VALUES (1245, 'RUNNER', 229, 2);
INSERT INTO modelo (idModelo, denominacao, idMarca, idTipo) VALUES (1248, 'BLACK JACK', 230, 2);
INSERT INTO modelo (idModelo, denominacao, idMarca, idTipo) VALUES (1249, 'FENIX GOLD', 230, 2);
INSERT INTO modelo (idModelo, denominacao, idMarca, idTipo) VALUES (1251, 'SPYDER', 230, 2);
INSERT INTO modelo (idModelo, denominacao, idMarca, idTipo) VALUES (1254, 'PASSING', 231, 2);
INSERT INTO modelo (idModelo, denominacao, idMarca, idTipo) VALUES (1255, 'RACING 200', 132, 2);
INSERT INTO modelo (idModelo, denominacao, idMarca, idTipo) VALUES (1256, 'SCROSS', 232, 2);
INSERT INTO modelo (idModelo, denominacao, idMarca, idTipo) VALUES (1260, 'HUNTER', 140, 2);
INSERT INTO modelo (idModelo, denominacao, idMarca, idTipo) VALUES (1265, 'STX MOTARD', 140, 2);
INSERT INTO modelo (idModelo, denominacao, idMarca, idTipo) VALUES (1266, 'SUPER FIFTY', 140, 2);
INSERT INTO modelo (idModelo, denominacao, idMarca, idTipo) VALUES (1267, 'VBLADE', 140, 2);
INSERT INTO modelo (idModelo, denominacao, idMarca, idTipo) VALUES (1269, 'WEB EVO', 140, 2);
INSERT INTO modelo (idModelo, denominacao, idMarca, idTipo) VALUES (1270, 'ADDRESS', 59, 2);
INSERT INTO modelo (idModelo, denominacao, idMarca, idTipo) VALUES (1272, 'BANDIT 250', 59, 2);
INSERT INTO modelo (idModelo, denominacao, idMarca, idTipo) VALUES (1273, 'BOULEVARD', 59, 2);
INSERT INTO modelo (idModelo, denominacao, idMarca, idTipo) VALUES (1274, 'BURGMAN AN', 59, 2);
INSERT INTO modelo (idModelo, denominacao, idMarca, idTipo) VALUES (1278, 'FREEWIND 650', 59, 2);
INSERT INTO modelo (idModelo, denominacao, idMarca, idTipo) VALUES (1279, 'GS 500', 59, 2);
INSERT INTO modelo (idModelo, denominacao, idMarca, idTipo) VALUES (1282, 'INTRUDER', 59, 2);
INSERT INTO modelo (idModelo, denominacao, idMarca, idTipo) VALUES (1283, 'KATANA', 59, 2);
INSERT INTO modelo (idModelo, denominacao, idMarca, idTipo) VALUES (1284, 'LETS II', 59, 2);
INSERT INTO modelo (idModelo, denominacao, idMarca, idTipo) VALUES (1286, 'MARAUDER GZ', 59, 2);
INSERT INTO modelo (idModelo, denominacao, idMarca, idTipo) VALUES (1288, 'RM 250', 59, 2);
INSERT INTO modelo (idModelo, denominacao, idMarca, idTipo) VALUES (1289, 'SAVAGE', 59, 2);
INSERT INTO modelo (idModelo, denominacao, idMarca, idTipo) VALUES (1291, 'VX 800', 59, 2);
INSERT INTO modelo (idModelo, denominacao, idMarca, idTipo) VALUES (1292, 'TRIMOTO', 233, 2);
INSERT INTO modelo (idModelo, denominacao, idMarca, idTipo) VALUES (1296, 'STAR 50', 234, 2);
INSERT INTO modelo (idModelo, denominacao, idMarca, idTipo) VALUES (1297, 'WORK 125', 234, 2);
INSERT INTO modelo (idModelo, denominacao, idMarca, idTipo) VALUES (1298, 'SKY 125', 234, 2);
INSERT INTO modelo (idModelo, denominacao, idMarca, idTipo) VALUES (1299, 'FLY 135', 234, 2);
INSERT INTO modelo (idModelo, denominacao, idMarca, idTipo) VALUES (1301, 'ADVENTURER', 148, 2);
INSERT INTO modelo (idModelo, denominacao, idMarca, idTipo) VALUES (1302, 'BONNEVILLE', 148, 2);
INSERT INTO modelo (idModelo, denominacao, idMarca, idTipo) VALUES (1303, 'DAYTONA', 148, 2);
INSERT INTO modelo (idModelo, denominacao, idMarca, idTipo) VALUES (1304, 'LEGEND', 148, 2);
INSERT INTO modelo (idModelo, denominacao, idMarca, idTipo) VALUES (1305, 'ROCKET', 148, 2);
INSERT INTO modelo (idModelo, denominacao, idMarca, idTipo) VALUES (1306, 'SCRAMBLER', 148, 2);
INSERT INTO modelo (idModelo, denominacao, idMarca, idTipo) VALUES (1307, 'SPEED TRIPLE', 148, 2);
INSERT INTO modelo (idModelo, denominacao, idMarca, idTipo) VALUES (1308, 'SPRINT', 148, 2);
INSERT INTO modelo (idModelo, denominacao, idMarca, idTipo) VALUES (1309, 'STREET TRIPLE', 148, 2);
INSERT INTO modelo (idModelo, denominacao, idMarca, idTipo) VALUES (1310, 'THRUXTON', 148, 2);
INSERT INTO modelo (idModelo, denominacao, idMarca, idTipo) VALUES (1311, 'THUNDERBIRD', 148, 2);
INSERT INTO modelo (idModelo, denominacao, idMarca, idTipo) VALUES (1313, 'TRIDENT', 148, 2);
INSERT INTO modelo (idModelo, denominacao, idMarca, idTipo) VALUES (1314, 'TROPHY', 148, 2);
INSERT INTO modelo (idModelo, denominacao, idMarca, idTipo) VALUES (1315, 'TT-600', 148, 2);
INSERT INTO modelo (idModelo, denominacao, idMarca, idTipo) VALUES (1316, 'REBELLIAN', 235, 2);
INSERT INTO modelo (idModelo, denominacao, idMarca, idTipo) VALUES (1317, 'TRITON', 235, 2);
INSERT INTO modelo (idModelo, denominacao, idMarca, idTipo) VALUES (1318, 'VTHUNDER', 235, 2);
INSERT INTO modelo (idModelo, denominacao, idMarca, idTipo) VALUES (1328, 'MAJESTY', 135, 2);
INSERT INTO modelo (idModelo, denominacao, idMarca, idTipo) VALUES (1331, 'NEO AT', 135, 2);
INSERT INTO modelo (idModelo, denominacao, idMarca, idTipo) VALUES (1333, 'RD 135', 135, 2);
INSERT INTO modelo (idModelo, denominacao, idMarca, idTipo) VALUES (1335, 'ROYAL STAR', 135, 2);
INSERT INTO modelo (idModelo, denominacao, idMarca, idTipo) VALUES (1338, 'TDR 180', 135, 2);
INSERT INTO modelo (idModelo, denominacao, idMarca, idTipo) VALUES (1341, 'V-MAX 1200', 135, 2);
INSERT INTO modelo (idModelo, denominacao, idMarca, idTipo) VALUES (1342, 'WR 250F', 135, 2);
INSERT INTO modelo (idModelo, denominacao, idMarca, idTipo) VALUES (1345, 'XT 660R', 135, 2);
INSERT INTO modelo (idModelo, denominacao, idMarca, idTipo) VALUES (1346, 'XTZ 125', 135, 2);
INSERT INTO modelo (idModelo, denominacao, idMarca, idTipo) VALUES (1348, 'MIDNIGHT STAR XVS', 135, 2);
INSERT INTO modelo (idModelo, denominacao, idMarca, idTipo) VALUES (1363, 'YES EN 125', 59, 2);
INSERT INTO modelo (idModelo, denominacao, idMarca, idTipo) VALUES (1393, 'SHADOW', 7, 2);
INSERT INTO modelo (idModelo, denominacao, idMarca, idTipo) VALUES (1450, 'LAMBRETA', 253, 2);
INSERT INTO modelo (idModelo, denominacao, idMarca, idTipo) VALUES (1518, 'SCOOTER', 269, 2);
INSERT INTO modelo (idModelo, denominacao, idMarca, idTipo) VALUES (1968, 'JAGUAR', 176, 2);
INSERT INTO modelo (idModelo, denominacao, idMarca, idTipo) VALUES (2011, 'ZS 200', 281, 2);
INSERT INTO modelo (idModelo, denominacao, idMarca, idTipo) VALUES (2012, 'BW 125', 282, 2);
INSERT INTO modelo (idModelo, denominacao, idMarca, idTipo) VALUES (2065, 'WALK MACHINE', 294, 2);
INSERT INTO modelo (idModelo, denominacao, idMarca, idTipo) VALUES (2173, 'NC 700X', 7, 2);
INSERT INTO modelo (idModelo, denominacao, idMarca, idTipo) VALUES (2174, 'DRAG STAR', 135, 2);
INSERT INTO modelo (idModelo, denominacao, idMarca, idTipo) VALUES (2223, 'B-KING GSX 1300', 59, 2);
INSERT INTO modelo (idModelo, denominacao, idMarca, idTipo) VALUES (2227, '125 ZS', 281, 2);
INSERT INTO modelo (idModelo, denominacao, idMarca, idTipo) VALUES (2293, 'CRF 110/150', 7, 2);
INSERT INTO modelo (idModelo, denominacao, idMarca, idTipo) VALUES (2317, 'LANDER XTZ 250', 135, 2);
INSERT INTO modelo (idModelo, denominacao, idMarca, idTipo) VALUES (2329, 'LIBERO', 135, 2);
INSERT INTO modelo (idModelo, denominacao, idMarca, idTipo) VALUES (2330, 'GLADIATOR', 135, 2);
INSERT INTO modelo (idModelo, denominacao, idMarca, idTipo) VALUES (2333, 'PASSOL', 135, 2);
INSERT INTO modelo (idModelo, denominacao, idMarca, idTipo) VALUES (2335, 'YZ 85LW', 135, 2);
INSERT INTO modelo (idModelo, denominacao, idMarca, idTipo) VALUES (2336, 'V-STAR', 135, 2);
INSERT INTO modelo (idModelo, denominacao, idMarca, idTipo) VALUES (2340, 'MORPHOUS', 135, 2);
INSERT INTO modelo (idModelo, denominacao, idMarca, idTipo) VALUES (2343, 'LAGEND', 135, 2);
INSERT INTO modelo (idModelo, denominacao, idMarca, idTipo) VALUES (2416, 'STUNNER', 7, 2);
INSERT INTO modelo (idModelo, denominacao, idMarca, idTipo) VALUES (2419, 'BOLDOR CB 900', 7, 2);
INSERT INTO modelo (idModelo, denominacao, idMarca, idTipo) VALUES (2420, 'CBF 600', 7, 2);
INSERT INTO modelo (idModelo, denominacao, idMarca, idTipo) VALUES (2421, 'CBR 400RR', 7, 2);
INSERT INTO modelo (idModelo, denominacao, idMarca, idTipo) VALUES (2423, 'CBX 1000', 7, 2);
INSERT INTO modelo (idModelo, denominacao, idMarca, idTipo) VALUES (2424, 'CD 125', 7, 2);
INSERT INTO modelo (idModelo, denominacao, idMarca, idTipo) VALUES (2425, 'ML 125', 7, 2);
INSERT INTO modelo (idModelo, denominacao, idMarca, idTipo) VALUES (2426, 'NSR 500', 7, 2);
INSERT INTO modelo (idModelo, denominacao, idMarca, idTipo) VALUES (2430, 'PAN-EUROPEAN ST', 7, 2);
INSERT INTO modelo (idModelo, denominacao, idMarca, idTipo) VALUES (2432, 'TURUNA 125', 7, 2);
INSERT INTO modelo (idModelo, denominacao, idMarca, idTipo) VALUES (2436, 'AFRICA TWIN XRV 750', 7, 2);
INSERT INTO modelo (idModelo, denominacao, idMarca, idTipo) VALUES (2437, 'MZ 250', 297, 2);
INSERT INTO modelo (idModelo, denominacao, idMarca, idTipo) VALUES (2439, 'RALLYE', 297, 2);
INSERT INTO modelo (idModelo, denominacao, idMarca, idTipo) VALUES (2440, 'PASSEIO', 297, 2);
INSERT INTO modelo (idModelo, denominacao, idMarca, idTipo) VALUES (2449, 'BANDIT 400', 59, 2);
INSERT INTO modelo (idModelo, denominacao, idMarca, idTipo) VALUES (2450, 'BANDIT 600', 59, 2);
INSERT INTO modelo (idModelo, denominacao, idMarca, idTipo) VALUES (2452, 'BANDIT GSF 750', 59, 2);
INSERT INTO modelo (idModelo, denominacao, idMarca, idTipo) VALUES (2453, 'BANDIT 1200', 59, 2);
INSERT INTO modelo (idModelo, denominacao, idMarca, idTipo) VALUES (2455, 'HAYABUSA', 59, 2);
INSERT INTO modelo (idModelo, denominacao, idMarca, idTipo) VALUES (2456, 'INTRUDER CUSTOM', 59, 2);
INSERT INTO modelo (idModelo, denominacao, idMarca, idTipo) VALUES (2459, 'MARAUDER VZ', 59, 2);
INSERT INTO modelo (idModelo, denominacao, idMarca, idTipo) VALUES (2460, 'CG CARGO/JOB', 7, 2);
INSERT INTO modelo (idModelo, denominacao, idMarca, idTipo) VALUES (2462, 'EXPLORER', 27, 2);
INSERT INTO modelo (idModelo, denominacao, idMarca, idTipo) VALUES (2467, 'ELIMINATOR', 170, 2);
INSERT INTO modelo (idModelo, denominacao, idMarca, idTipo) VALUES (2471, 'SUPER SHERPA', 170, 2);
INSERT INTO modelo (idModelo, denominacao, idMarca, idTipo) VALUES (2474, 'NINJA 1400', 170, 2);
INSERT INTO modelo (idModelo, denominacao, idMarca, idTipo) VALUES (2481, 'CG 125', 7, 2);
INSERT INTO modelo (idModelo, denominacao, idMarca, idTipo) VALUES (2491, 'PACIFIC COAST', 7, 2);
INSERT INTO modelo (idModelo, denominacao, idMarca, idTipo) VALUES (2495, 'CG TODAY', 7, 2);
INSERT INTO modelo (idModelo, denominacao, idMarca, idTipo) VALUES (2501, 'FZR1000', 135, 2);
INSERT INTO modelo (idModelo, denominacao, idMarca, idTipo) VALUES (2503, 'AMAZONAS', 213, 2);
INSERT INTO modelo (idModelo, denominacao, idMarca, idTipo) VALUES (2511, 'CB 125', 7, 2);
INSERT INTO modelo (idModelo, denominacao, idMarca, idTipo) VALUES (2518, 'PHOENIX 50', 132, 2);
INSERT INTO modelo (idModelo, denominacao, idMarca, idTipo) VALUES (2519, 'INDIANAPOLIS 200', 132, 2);
INSERT INTO modelo (idModelo, denominacao, idMarca, idTipo) VALUES (2520, 'F35/F40', 132, 2);
INSERT INTO modelo (idModelo, denominacao, idMarca, idTipo) VALUES (2521, 'X2 250', 132, 2);
INSERT INTO modelo (idModelo, denominacao, idMarca, idTipo) VALUES (2522, 'MAX 150', 132, 2);
INSERT INTO modelo (idModelo, denominacao, idMarca, idTipo) VALUES (2523, 'NEW WAVE 125', 132, 2);
INSERT INTO modelo (idModelo, denominacao, idMarca, idTipo) VALUES (2524, 'EXPLORER 150', 132, 2);
INSERT INTO modelo (idModelo, denominacao, idMarca, idTipo) VALUES (2527, 'RD 350 VIUVA NEGRA', 135, 2);
INSERT INTO modelo (idModelo, denominacao, idMarca, idTipo) VALUES (2530, 'XY 250', 132, 2);
INSERT INTO modelo (idModelo, denominacao, idMarca, idTipo) VALUES (2545, 'RED HUNTER', 299, 2);
INSERT INTO modelo (idModelo, denominacao, idMarca, idTipo) VALUES (2548, 'GOLDEN ARROW', 299, 2);
INSERT INTO modelo (idModelo, denominacao, idMarca, idTipo) VALUES (2668, 'WAKE 500', 341, 2);
INSERT INTO modelo (idModelo, denominacao, idMarca, idTipo) VALUES (2669, 'OUTCROSS', 341, 2);
INSERT INTO modelo (idModelo, denominacao, idMarca, idTipo) VALUES (2670, 'JOY PLUS', 341, 2);
INSERT INTO modelo (idModelo, denominacao, idMarca, idTipo) VALUES (2671, 'PASSION', 341, 2);
INSERT INTO modelo (idModelo, denominacao, idMarca, idTipo) VALUES (2673, 'PIT BULL', 341, 2);
INSERT INTO modelo (idModelo, denominacao, idMarca, idTipo) VALUES (2674, 'BRUTTUS', 341, 2);
INSERT INTO modelo (idModelo, denominacao, idMarca, idTipo) VALUES (2676, 'UFO 50', 342, 2);
INSERT INTO modelo (idModelo, denominacao, idMarca, idTipo) VALUES (2677, 'LF250ST', 342, 2);
INSERT INTO modelo (idModelo, denominacao, idMarca, idTipo) VALUES (2678, 'FOX 150R', 342, 2);
INSERT INTO modelo (idModelo, denominacao, idMarca, idTipo) VALUES (2679, 'LF400ST', 342, 2);
INSERT INTO modelo (idModelo, denominacao, idMarca, idTipo) VALUES (2680, 'VR 150 WIND', 342, 2);
INSERT INTO modelo (idModelo, denominacao, idMarca, idTipo) VALUES (2681, 'HERCULES 200', 342, 2);
INSERT INTO modelo (idModelo, denominacao, idMarca, idTipo) VALUES (2682, 'ONIX 50R', 342, 2);
INSERT INTO modelo (idModelo, denominacao, idMarca, idTipo) VALUES (2683, 'HS 150 FIRE', 342, 2);
INSERT INTO modelo (idModelo, denominacao, idMarca, idTipo) VALUES (2684, 'JET 50', 132, 2);
INSERT INTO modelo (idModelo, denominacao, idMarca, idTipo) VALUES (2685, 'RETRO 50', 132, 2);
INSERT INTO modelo (idModelo, denominacao, idMarca, idTipo) VALUES (2686, 'NEW 50', 132, 2);
INSERT INTO modelo (idModelo, denominacao, idMarca, idTipo) VALUES (2687, 'EAGLE 50', 132, 2);
INSERT INTO modelo (idModelo, denominacao, idMarca, idTipo) VALUES (2688, 'SUPER SMART 50', 132, 2);
INSERT INTO modelo (idModelo, denominacao, idMarca, idTipo) VALUES (2689, 'NEW 200', 132, 2);
INSERT INTO modelo (idModelo, denominacao, idMarca, idTipo) VALUES (2690, 'CARGO 200', 132, 2);
INSERT INTO modelo (idModelo, denominacao, idMarca, idTipo) VALUES (2691, 'BRAVO 200', 132, 2);
INSERT INTO modelo (idModelo, denominacao, idMarca, idTipo) VALUES (2692, 'STRONG 250', 132, 2);
INSERT INTO modelo (idModelo, denominacao, idMarca, idTipo) VALUES (2693, 'FUTURE 150', 132, 2);
INSERT INTO modelo (idModelo, denominacao, idMarca, idTipo) VALUES (2700, 'KN 150', 343, 2);
INSERT INTO modelo (idModelo, denominacao, idMarca, idTipo) VALUES (2701, 'KN 125 S', 343, 2);
INSERT INTO modelo (idModelo, denominacao, idMarca, idTipo) VALUES (2702, 'KN 50 S', 343, 2);
INSERT INTO modelo (idModelo, denominacao, idMarca, idTipo) VALUES (2703, 'IZY 50', 209, 2);
INSERT INTO modelo (idModelo, denominacao, idMarca, idTipo) VALUES (2762, 'AIRHEAD', 36, 2);
INSERT INTO modelo (idModelo, denominacao, idMarca, idTipo) VALUES (2764, 'F650GS', 36, 2);
INSERT INTO modelo (idModelo, denominacao, idMarca, idTipo) VALUES (2765, 'F650CS', 36, 2);
INSERT INTO modelo (idModelo, denominacao, idMarca, idTipo) VALUES (2766, 'F800GS', 36, 2);
INSERT INTO modelo (idModelo, denominacao, idMarca, idTipo) VALUES (2769, 'K1200R', 36, 2);
INSERT INTO modelo (idModelo, denominacao, idMarca, idTipo) VALUES (2770, 'K1300R', 36, 2);
INSERT INTO modelo (idModelo, denominacao, idMarca, idTipo) VALUES (2771, 'K1200GT', 36, 2);
INSERT INTO modelo (idModelo, denominacao, idMarca, idTipo) VALUES (2772, 'K1300GT', 36, 2);
INSERT INTO modelo (idModelo, denominacao, idMarca, idTipo) VALUES (2773, 'K1200GS', 36, 2);
INSERT INTO modelo (idModelo, denominacao, idMarca, idTipo) VALUES (2774, 'K1200S', 36, 2);
INSERT INTO modelo (idModelo, denominacao, idMarca, idTipo) VALUES (2782, 'R1200C', 36, 2);
INSERT INTO modelo (idModelo, denominacao, idMarca, idTipo) VALUES (2783, 'R1150GS', 36, 2);
INSERT INTO modelo (idModelo, denominacao, idMarca, idTipo) VALUES (2784, 'R1200RT', 36, 2);
INSERT INTO modelo (idModelo, denominacao, idMarca, idTipo) VALUES (2812, 'SPORTSTER', 204, 2);
INSERT INTO modelo (idModelo, denominacao, idMarca, idTipo) VALUES (2816, 'TOURING STREET GLIDE', 204, 2);
INSERT INTO modelo (idModelo, denominacao, idMarca, idTipo) VALUES (2902, 'XTZ 250 TENERE', 135, 2);
INSERT INTO modelo (idModelo, denominacao, idMarca, idTipo) VALUES (2903, 'XT 225', 135, 2);
INSERT INTO modelo (idModelo, denominacao, idMarca, idTipo) VALUES (2904, 'XT 660Z TENERE', 135, 2);
INSERT INTO modelo (idModelo, denominacao, idMarca, idTipo) VALUES (2905, 'XT 1200Z SUPER TENERE', 135, 2);
INSERT INTO modelo (idModelo, denominacao, idMarca, idTipo) VALUES (2906, 'MOBY 50', 234, 2);
INSERT INTO modelo (idModelo, denominacao, idMarca, idTipo) VALUES (2907, 'JOTO 135', 234, 2);
INSERT INTO modelo (idModelo, denominacao, idMarca, idTipo) VALUES (2908, 'MONTEZ 250', 234, 2);
INSERT INTO modelo (idModelo, denominacao, idMarca, idTipo) VALUES (2909, 'DUNNA 600', 234, 2);
INSERT INTO modelo (idModelo, denominacao, idMarca, idTipo) VALUES (2923, 'FAZER FZ6', 135, 2);
INSERT INTO modelo (idModelo, denominacao, idMarca, idTipo) VALUES (2924, 'FAZER YS150', 135, 2);
INSERT INTO modelo (idModelo, denominacao, idMarca, idTipo) VALUES (2925, 'FAZER FZ1', 135, 2);
INSERT INTO modelo (idModelo, denominacao, idMarca, idTipo) VALUES (2926, 'YZF 600R', 135, 2);
INSERT INTO modelo (idModelo, denominacao, idMarca, idTipo) VALUES (2927, 'YZF R6', 135, 2);
INSERT INTO modelo (idModelo, denominacao, idMarca, idTipo) VALUES (2965, 'CRF 230/250', 7, 2);
INSERT INTO modelo (idModelo, denominacao, idMarca, idTipo) VALUES (2966, 'CRF 450', 7, 2);
INSERT INTO modelo (idModelo, denominacao, idMarca, idTipo) VALUES (2968, 'NX 650 DOMINATOR', 7, 2);
INSERT INTO modelo (idModelo, denominacao, idMarca, idTipo) VALUES (2969, 'CR 250', 7, 2);
INSERT INTO modelo (idModelo, denominacao, idMarca, idTipo) VALUES (2970, 'CR 125', 7, 2);
INSERT INTO modelo (idModelo, denominacao, idMarca, idTipo) VALUES (3113, 'OUTLANDER 400', 358, 2);
INSERT INTO modelo (idModelo, denominacao, idMarca, idTipo) VALUES (3114, 'OUTLANDER 500', 358, 2);
INSERT INTO modelo (idModelo, denominacao, idMarca, idTipo) VALUES (3115, 'OUTLANDER 650', 358, 2);
INSERT INTO modelo (idModelo, denominacao, idMarca, idTipo) VALUES (3116, 'OUTLANDER 800R', 358, 2);
INSERT INTO modelo (idModelo, denominacao, idMarca, idTipo) VALUES (3117, 'OUTLANDER MAX 400', 358, 2);
INSERT INTO modelo (idModelo, denominacao, idMarca, idTipo) VALUES (3118, 'OUTLANDER MAX 500', 358, 2);
INSERT INTO modelo (idModelo, denominacao, idMarca, idTipo) VALUES (3119, 'OUTLANDER MAX 650', 358, 2);
INSERT INTO modelo (idModelo, denominacao, idMarca, idTipo) VALUES (3120, 'OUTLANDER MAX 800R', 358, 2);
INSERT INTO modelo (idModelo, denominacao, idMarca, idTipo) VALUES (3121, 'OUTLANDER MAX LTD 800R', 358, 2);
INSERT INTO modelo (idModelo, denominacao, idMarca, idTipo) VALUES (3122, 'RENEGADE 500', 358, 2);
INSERT INTO modelo (idModelo, denominacao, idMarca, idTipo) VALUES (3123, 'RENEGADE 800R', 358, 2);
INSERT INTO modelo (idModelo, denominacao, idMarca, idTipo) VALUES (3124, 'DS 250', 358, 2);
INSERT INTO modelo (idModelo, denominacao, idMarca, idTipo) VALUES (3125, 'DS 450', 358, 2);
INSERT INTO modelo (idModelo, denominacao, idMarca, idTipo) VALUES (3129, 'NINJA 1000', 170, 2);
INSERT INTO modelo (idModelo, denominacao, idMarca, idTipo) VALUES (3130, 'NINJA 600', 170, 2);
INSERT INTO modelo (idModelo, denominacao, idMarca, idTipo) VALUES (3131, 'NINJA 300', 170, 2);
INSERT INTO modelo (idModelo, denominacao, idMarca, idTipo) VALUES (3132, 'NINJA 1100', 170, 2);
INSERT INTO modelo (idModelo, denominacao, idMarca, idTipo) VALUES (3133, 'NINJA 900', 170, 2);
INSERT INTO modelo (idModelo, denominacao, idMarca, idTipo) VALUES (3134, 'NINJA 700', 170, 2);
INSERT INTO modelo (idModelo, denominacao, idMarca, idTipo) VALUES (3135, 'NINJA 1200', 170, 2);
INSERT INTO modelo (idModelo, denominacao, idMarca, idTipo) VALUES (3139, 'VERSYS CITY', 170, 2);
INSERT INTO modelo (idModelo, denominacao, idMarca, idTipo) VALUES (3140, 'VERSYS GRAND TOURER', 170, 2);
INSERT INTO modelo (idModelo, denominacao, idMarca, idTipo) VALUES (3141, 'VERSYS TOURER', 170, 2);
INSERT INTO modelo (idModelo, denominacao, idMarca, idTipo) VALUES (3142, 'VERSYS 1000', 170, 2);
INSERT INTO modelo (idModelo, denominacao, idMarca, idTipo) VALUES (3143, 'KX 450/500', 170, 2);
INSERT INTO modelo (idModelo, denominacao, idMarca, idTipo) VALUES (3144, 'KX 250', 170, 2);
INSERT INTO modelo (idModelo, denominacao, idMarca, idTipo) VALUES (3145, 'KX 65/85', 170, 2);
INSERT INTO modelo (idModelo, denominacao, idMarca, idTipo) VALUES (3146, 'KLX 400/450', 170, 2);
INSERT INTO modelo (idModelo, denominacao, idMarca, idTipo) VALUES (3147, 'KLX 250/300', 170, 2);
INSERT INTO modelo (idModelo, denominacao, idMarca, idTipo) VALUES (3152, 'YFM 700R', 135, 2);
INSERT INTO modelo (idModelo, denominacao, idMarca, idTipo) VALUES (3153, 'GRIZZLY', 135, 2);
INSERT INTO modelo (idModelo, denominacao, idMarca, idTipo) VALUES (3169, '125 SX', 344, 2);
INSERT INTO modelo (idModelo, denominacao, idMarca, idTipo) VALUES (3170, '150 SX', 344, 2);
INSERT INTO modelo (idModelo, denominacao, idMarca, idTipo) VALUES (3171, '250 SX', 344, 2);
INSERT INTO modelo (idModelo, denominacao, idMarca, idTipo) VALUES (3172, '350 SX', 344, 2);
INSERT INTO modelo (idModelo, denominacao, idMarca, idTipo) VALUES (3173, '450 SX-F', 344, 2);
INSERT INTO modelo (idModelo, denominacao, idMarca, idTipo) VALUES (3174, '350 EXC', 344, 2);
INSERT INTO modelo (idModelo, denominacao, idMarca, idTipo) VALUES (3175, '500 EXC', 344, 2);
INSERT INTO modelo (idModelo, denominacao, idMarca, idTipo) VALUES (3176, '150 XC', 344, 2);
INSERT INTO modelo (idModelo, denominacao, idMarca, idTipo) VALUES (3177, '250 XC', 344, 2);
INSERT INTO modelo (idModelo, denominacao, idMarca, idTipo) VALUES (3178, '300 XC', 344, 2);
INSERT INTO modelo (idModelo, denominacao, idMarca, idTipo) VALUES (3180, '450 XC-F/W', 344, 2);
INSERT INTO modelo (idModelo, denominacao, idMarca, idTipo) VALUES (3181, '200 XC', 344, 2);
INSERT INTO modelo (idModelo, denominacao, idMarca, idTipo) VALUES (3183, '690 ENDURO R', 344, 2);
INSERT INTO modelo (idModelo, denominacao, idMarca, idTipo) VALUES (3184, '1190 ADVENTURE', 344, 2);
INSERT INTO modelo (idModelo, denominacao, idMarca, idTipo) VALUES (3185, '990 SM T', 344, 2);
INSERT INTO modelo (idModelo, denominacao, idMarca, idTipo) VALUES (3186, '990 ADVENTURE BAJA', 344, 2);
INSERT INTO modelo (idModelo, denominacao, idMarca, idTipo) VALUES (3187, '690 DUKE', 344, 2);
INSERT INTO modelo (idModelo, denominacao, idMarca, idTipo) VALUES (3188, '1190 RC8 R', 344, 2);
INSERT INTO modelo (idModelo, denominacao, idMarca, idTipo) VALUES (3189, 'ACX 250F', 359, 2);
INSERT INTO modelo (idModelo, denominacao, idMarca, idTipo) VALUES (3190, 'HOTZOO SPORT 90', 359, 2);
INSERT INTO modelo (idModelo, denominacao, idMarca, idTipo) VALUES (3191, 'SPORTLANDER 150R', 359, 2);
INSERT INTO modelo (idModelo, denominacao, idMarca, idTipo) VALUES (3192, 'SPORTLANDER 250XR', 359, 2);
INSERT INTO modelo (idModelo, denominacao, idMarca, idTipo) VALUES (3193, 'SPORTLANDER 350ZX', 359, 2);
INSERT INTO modelo (idModelo, denominacao, idMarca, idTipo) VALUES (3194, 'SPORTLANDER 450TR', 359, 2);
INSERT INTO modelo (idModelo, denominacao, idMarca, idTipo) VALUES (3195, 'QUADRILANDER 300', 359, 2);
INSERT INTO modelo (idModelo, denominacao, idMarca, idTipo) VALUES (3196, 'QUADRILANDER 400', 359, 2);
INSERT INTO modelo (idModelo, denominacao, idMarca, idTipo) VALUES (3197, 'QUADRILANDER 600', 359, 2);
INSERT INTO modelo (idModelo, denominacao, idMarca, idTipo) VALUES (3198, 'FRONTLANDER 500', 359, 2);
INSERT INTO modelo (idModelo, denominacao, idMarca, idTipo) VALUES (3199, 'FRONTLANDER 800 EFI', 359, 2);
INSERT INTO modelo (idModelo, denominacao, idMarca, idTipo) VALUES (3201, '525 XC', 344, 2);
INSERT INTO modelo (idModelo, denominacao, idMarca, idTipo) VALUES (3202, '505 SX', 344, 2);
INSERT INTO modelo (idModelo, denominacao, idMarca, idTipo) VALUES (3203, '450 XC', 344, 2);
INSERT INTO modelo (idModelo, denominacao, idMarca, idTipo) VALUES (3204, '450 SX', 344, 2);
INSERT INTO modelo (idModelo, denominacao, idMarca, idTipo) VALUES (3205, 'VENICE 50', 132, 2);
INSERT INTO modelo (idModelo, denominacao, idMarca, idTipo) VALUES (3206, 'LIBERTY 50', 132, 2);
INSERT INTO modelo (idModelo, denominacao, idMarca, idTipo) VALUES (3207, 'BIKE 50', 132, 2);
INSERT INTO modelo (idModelo, denominacao, idMarca, idTipo) VALUES (3208, 'JET 125', 132, 2);
INSERT INTO modelo (idModelo, denominacao, idMarca, idTipo) VALUES (3209, 'CUSTOM 250', 132, 2);
INSERT INTO modelo (idModelo, denominacao, idMarca, idTipo) VALUES (3210, 'DISCOVER 250', 132, 2);
INSERT INTO modelo (idModelo, denominacao, idMarca, idTipo) VALUES (4362, 'RZR 570', 171, 2);
INSERT INTO modelo (idModelo, denominacao, idMarca, idTipo) VALUES (4363, 'RZR 800', 171, 2);
INSERT INTO modelo (idModelo, denominacao, idMarca, idTipo) VALUES (4364, 'RZR 800 XC', 171, 2);
INSERT INTO modelo (idModelo, denominacao, idMarca, idTipo) VALUES (4365, 'RZR S 800', 171, 2);
INSERT INTO modelo (idModelo, denominacao, idMarca, idTipo) VALUES (4366, 'RZR 900', 171, 2);
INSERT INTO modelo (idModelo, denominacao, idMarca, idTipo) VALUES (4367, 'RZR XP 1000', 171, 2);
INSERT INTO modelo (idModelo, denominacao, idMarca, idTipo) VALUES (4368, 'RZR 4 800', 171, 2);
INSERT INTO modelo (idModelo, denominacao, idMarca, idTipo) VALUES (4369, 'RZR 4 900', 171, 2);
INSERT INTO modelo (idModelo, denominacao, idMarca, idTipo) VALUES (4370, 'RZR 4 1000', 171, 2);
INSERT INTO modelo (idModelo, denominacao, idMarca, idTipo) VALUES (4371, 'RANGER 6X6', 171, 2);
INSERT INTO modelo (idModelo, denominacao, idMarca, idTipo) VALUES (4372, 'RANGER 800', 171, 2);
INSERT INTO modelo (idModelo, denominacao, idMarca, idTipo) VALUES (4373, 'RANGER DIESEL', 171, 2);
INSERT INTO modelo (idModelo, denominacao, idMarca, idTipo) VALUES (4374, 'RANGER XP 900', 171, 2);
INSERT INTO modelo (idModelo, denominacao, idMarca, idTipo) VALUES (4375, 'RANGER 400', 171, 2);
INSERT INTO modelo (idModelo, denominacao, idMarca, idTipo) VALUES (4376, 'RANGER 570', 171, 2);
INSERT INTO modelo (idModelo, denominacao, idMarca, idTipo) VALUES (4377, 'RANGER 800 MIDSIZE', 171, 2);
INSERT INTO modelo (idModelo, denominacao, idMarca, idTipo) VALUES (4378, 'RANGER EV', 171, 2);
INSERT INTO modelo (idModelo, denominacao, idMarca, idTipo) VALUES (4379, 'RANGER CREW 570', 171, 2);
INSERT INTO modelo (idModelo, denominacao, idMarca, idTipo) VALUES (4380, 'RANGER CREW 800', 171, 2);
INSERT INTO modelo (idModelo, denominacao, idMarca, idTipo) VALUES (4381, 'RANGER CREW DIESEL', 171, 2);
INSERT INTO modelo (idModelo, denominacao, idMarca, idTipo) VALUES (4382, 'RANGER CREW 900', 171, 2);
INSERT INTO modelo (idModelo, denominacao, idMarca, idTipo) VALUES (4383, 'SPORTSMAN 550 EPS', 171, 2);
INSERT INTO modelo (idModelo, denominacao, idMarca, idTipo) VALUES (4384, 'SPORTSMAN 570', 171, 2);
INSERT INTO modelo (idModelo, denominacao, idMarca, idTipo) VALUES (4385, 'SPORTSMAN 400 HO', 171, 2);
INSERT INTO modelo (idModelo, denominacao, idMarca, idTipo) VALUES (4386, 'SPORTSMAN WV850 HO', 171, 2);
INSERT INTO modelo (idModelo, denominacao, idMarca, idTipo) VALUES (4387, 'SPORTSMAN XP 850', 171, 2);
INSERT INTO modelo (idModelo, denominacao, idMarca, idTipo) VALUES (4388, 'SPORTSMAN 800 EFI', 171, 2);
INSERT INTO modelo (idModelo, denominacao, idMarca, idTipo) VALUES (4389, 'SPORTSMAN BIG BOSS 6X6 800', 171, 2);
INSERT INTO modelo (idModelo, denominacao, idMarca, idTipo) VALUES (4390, 'SCRAMBLER XP 850 HO', 171, 2);
INSERT INTO modelo (idModelo, denominacao, idMarca, idTipo) VALUES (4391, 'SCRAMBLER XP 1000 EPS', 171, 2);
INSERT INTO modelo (idModelo, denominacao, idMarca, idTipo) VALUES (4392, 'SPORTSMAN TOURING 850', 171, 2);
INSERT INTO modelo (idModelo, denominacao, idMarca, idTipo) VALUES (4393, 'SPORTSMAN TOURING 570', 171, 2);
INSERT INTO modelo (idModelo, denominacao, idMarca, idTipo) VALUES (4394, 'SPORTSMAN TOURING 550', 171, 2);
INSERT INTO modelo (idModelo, denominacao, idMarca, idTipo) VALUES (4395, 'SPORTSMAN X2 550', 171, 2);
INSERT INTO modelo (idModelo, denominacao, idMarca, idTipo) VALUES (4396, 'PHOENIX 200', 171, 2);
INSERT INTO modelo (idModelo, denominacao, idMarca, idTipo) VALUES (4397, 'RZR 170', 171, 2);
INSERT INTO modelo (idModelo, denominacao, idMarca, idTipo) VALUES (4398, 'OUTLAW 90', 171, 2);
INSERT INTO modelo (idModelo, denominacao, idMarca, idTipo) VALUES (4399, 'SPORTSMAN 90', 171, 2);
INSERT INTO modelo (idModelo, denominacao, idMarca, idTipo) VALUES (4400, 'OUTLAW 50', 171, 2);
INSERT INTO modelo (idModelo, denominacao, idMarca, idTipo) VALUES (4401, 'BRUTUS', 171, 2);
INSERT INTO modelo (idModelo, denominacao, idMarca, idTipo) VALUES (4402, 'CROSS ROADS 8-BALL', 483, 2);
INSERT INTO modelo (idModelo, denominacao, idMarca, idTipo) VALUES (4403, 'CROSS ROADS CLASSIC', 483, 2);
INSERT INTO modelo (idModelo, denominacao, idMarca, idTipo) VALUES (4404, 'CROSS COUNTRY 8-BALL', 483, 2);
INSERT INTO modelo (idModelo, denominacao, idMarca, idTipo) VALUES (4405, 'CROSS COUNTRY', 483, 2);
INSERT INTO modelo (idModelo, denominacao, idMarca, idTipo) VALUES (4406, 'NESS CROSS COUNTRY', 483, 2);
INSERT INTO modelo (idModelo, denominacao, idMarca, idTipo) VALUES (4407, 'VISION TOUR', 483, 2);
INSERT INTO modelo (idModelo, denominacao, idMarca, idTipo) VALUES (4408, 'CROSS COUNTRY TOUR', 483, 2);
INSERT INTO modelo (idModelo, denominacao, idMarca, idTipo) VALUES (4409, 'CROSS COUNTRY TOUR ANNIVERSARY', 483, 2);
INSERT INTO modelo (idModelo, denominacao, idMarca, idTipo) VALUES (4410, 'VEGAS 8-BALL', 483, 2);
INSERT INTO modelo (idModelo, denominacao, idMarca, idTipo) VALUES (4411, 'HIGH-BALL', 483, 2);
INSERT INTO modelo (idModelo, denominacao, idMarca, idTipo) VALUES (4412, 'HAMMER 8-BALL', 483, 2);
INSERT INTO modelo (idModelo, denominacao, idMarca, idTipo) VALUES (4413, 'BOARDWALK', 483, 2);
INSERT INTO modelo (idModelo, denominacao, idMarca, idTipo) VALUES (4414, 'JACKPOT', 483, 2);
INSERT INTO modelo (idModelo, denominacao, idMarca, idTipo) VALUES (4416, 'ZACH NESS CROSS COUNTRY', 483, 2);
INSERT INTO modelo (idModelo, denominacao, idMarca, idTipo) VALUES (4417, 'HARD-BALL', 483, 2);
INSERT INTO modelo (idModelo, denominacao, idMarca, idTipo) VALUES (4418, 'NESS VISION', 483, 2);
INSERT INTO modelo (idModelo, denominacao, idMarca, idTipo) VALUES (4419, 'CORY NESS CROSS COUNTRY TOUR', 483, 2);
INSERT INTO modelo (idModelo, denominacao, idMarca, idTipo) VALUES (4420, 'CHIEF CLASSIC', 484, 2);
INSERT INTO modelo (idModelo, denominacao, idMarca, idTipo) VALUES (4421, 'CHIEF VINTAGE', 484, 2);
INSERT INTO modelo (idModelo, denominacao, idMarca, idTipo) VALUES (4422, 'CHIEFTAIN', 484, 2);
INSERT INTO modelo (idModelo, denominacao, idMarca, idTipo) VALUES (4459, 'COOL STAR 125', 98, 2);
INSERT INTO modelo (idModelo, denominacao, idMarca, idTipo) VALUES (4461, 'JOJO 110', 98, 2);
INSERT INTO modelo (idModelo, denominacao, idMarca, idTipo) VALUES (4464, 'KP150F', 98, 2);
INSERT INTO modelo (idModelo, denominacao, idMarca, idTipo) VALUES (4467, 'POWER KING', 98, 2);
INSERT INTO modelo (idModelo, denominacao, idMarca, idTipo) VALUES (4469, 'GLOW 110S', 98, 2);
INSERT INTO modelo (idModelo, denominacao, idMarca, idTipo) VALUES (4471, 'POWER MAN 250', 98, 2);
INSERT INTO modelo (idModelo, denominacao, idMarca, idTipo) VALUES (4474, 'STEED 250', 98, 2);
INSERT INTO modelo (idModelo, denominacao, idMarca, idTipo) VALUES (4475, 'TRAVELLER', 98, 2);
INSERT INTO modelo (idModelo, denominacao, idMarca, idTipo) VALUES (4477, 'PK110F', 98, 2);
INSERT INTO modelo (idModelo, denominacao, idMarca, idTipo) VALUES (4914, 'F2 PLUS', 532, 2);
INSERT INTO modelo (idModelo, denominacao, idMarca, idTipo) VALUES (4915, 'SUPER F2', 532, 2);
INSERT INTO modelo (idModelo, denominacao, idMarca, idTipo) VALUES (4916, 'SUPER F1', 532, 2);
INSERT INTO modelo (idModelo, denominacao, idMarca, idTipo) VALUES (4917, 'SUPER F3', 532, 2);
INSERT INTO modelo (idModelo, denominacao, idMarca, idTipo) VALUES (4918, 'BVX 125', 532, 2);
INSERT INTO modelo (idModelo, denominacao, idMarca, idTipo) VALUES (4919, 'BVX 130 STREET', 532, 2);
INSERT INTO modelo (idModelo, denominacao, idMarca, idTipo) VALUES (4920, 'BVX 150 S1', 532, 2);
INSERT INTO modelo (idModelo, denominacao, idMarca, idTipo) VALUES (4921, 'TR 150 D6', 532, 2);
INSERT INTO modelo (idModelo, denominacao, idMarca, idTipo) VALUES (4922, 'AX 200', 532, 2);
INSERT INTO modelo (idModelo, denominacao, idMarca, idTipo) VALUES (4923, 'BVX 200', 532, 2);
INSERT INTO modelo (idModelo, denominacao, idMarca, idTipo) VALUES (4924, 'BX 260', 532, 2);
INSERT INTO modelo (idModelo, denominacao, idMarca, idTipo) VALUES (4925, 'BR 250 D1', 532, 2);
INSERT INTO modelo (idModelo, denominacao, idMarca, idTipo) VALUES (4926, 'CARGO 260', 532, 2);
INSERT INTO modelo (idModelo, denominacao, idMarca, idTipo) VALUES (4928, 'COMET GT 250', 133, 2);
INSERT INTO modelo (idModelo, denominacao, idMarca, idTipo) VALUES (4929, 'COMET GT-R 250', 133, 2);
INSERT INTO modelo (idModelo, denominacao, idMarca, idTipo) VALUES (4935, 'FZR600', 135, 2);
INSERT INTO modelo (idModelo, denominacao, idMarca, idTipo) VALUES (4936, 'FZR400', 135, 2);
INSERT INTO modelo (idModelo, denominacao, idMarca, idTipo) VALUES (4937, 'FZR250', 135, 2);
INSERT INTO modelo (idModelo, denominacao, idMarca, idTipo) VALUES (4942, 'XS1100', 135, 2);
INSERT INTO modelo (idModelo, denominacao, idMarca, idTipo) VALUES (4944, 'SRX 400', 135, 2);
INSERT INTO modelo (idModelo, denominacao, idMarca, idTipo) VALUES (4945, 'SRX 600', 135, 2);
INSERT INTO modelo (idModelo, denominacao, idMarca, idTipo) VALUES (4946, 'V-MAX 1680', 135, 2);
INSERT INTO modelo (idModelo, denominacao, idMarca, idTipo) VALUES (4947, 'FJR1300', 135, 2);
INSERT INTO modelo (idModelo, denominacao, idMarca, idTipo) VALUES (4948, 'XTZ 750 SUPER TENERE', 135, 2);
INSERT INTO modelo (idModelo, denominacao, idMarca, idTipo) VALUES (4949, 'XT 600', 135, 2);
INSERT INTO modelo (idModelo, denominacao, idMarca, idTipo) VALUES (4950, 'VIRAGO 400', 135, 2);
INSERT INTO modelo (idModelo, denominacao, idMarca, idTipo) VALUES (4951, 'VIRAGO 535', 135, 2);
INSERT INTO modelo (idModelo, denominacao, idMarca, idTipo) VALUES (4952, 'VIRAGO 750', 135, 2);
INSERT INTO modelo (idModelo, denominacao, idMarca, idTipo) VALUES (4953, 'VIRAGO 1400', 135, 2);
INSERT INTO modelo (idModelo, denominacao, idMarca, idTipo) VALUES (4954, 'XZ 550', 135, 2);
INSERT INTO modelo (idModelo, denominacao, idMarca, idTipo) VALUES (4955, 'YZR 500', 135, 2);
INSERT INTO modelo (idModelo, denominacao, idMarca, idTipo) VALUES (4956, 'WR 450F', 135, 2);
INSERT INTO modelo (idModelo, denominacao, idMarca, idTipo) VALUES (4957, 'TZ 250', 135, 2);
INSERT INTO modelo (idModelo, denominacao, idMarca, idTipo) VALUES (4958, 'YZ 125', 135, 2);
INSERT INTO modelo (idModelo, denominacao, idMarca, idTipo) VALUES (4959, 'YZ 250', 135, 2);
INSERT INTO modelo (idModelo, denominacao, idMarca, idTipo) VALUES (4960, 'YZ 450', 135, 2);
INSERT INTO modelo (idModelo, denominacao, idMarca, idTipo) VALUES (4962, 'XR 180', 135, 2);
INSERT INTO modelo (idModelo, denominacao, idMarca, idTipo) VALUES (4963, 'TT 125', 135, 2);
INSERT INTO modelo (idModelo, denominacao, idMarca, idTipo) VALUES (4994, 'ALPINA', 185, 2);
INSERT INTO modelo (idModelo, denominacao, idMarca, idTipo) VALUES (4996, 'NEVADA', 185, 2);
INSERT INTO modelo (idModelo, denominacao, idMarca, idTipo) VALUES (4997, 'WINSTAR', 185, 2);
INSERT INTO modelo (idModelo, denominacao, idMarca, idTipo) VALUES (4998, 'ELEKTRA', 185, 2);
INSERT INTO modelo (idModelo, denominacao, idMarca, idTipo) VALUES (4999, 'TEXANA', 185, 2);
INSERT INTO modelo (idModelo, denominacao, idMarca, idTipo) VALUES (5000, 'ALTINO', 185, 2);
INSERT INTO modelo (idModelo, denominacao, idMarca, idTipo) VALUES (5001, 'AQUILA', 185, 2);
INSERT INTO modelo (idModelo, denominacao, idMarca, idTipo) VALUES (5002, 'DAYSTAR ROUTIER', 185, 2);
INSERT INTO modelo (idModelo, denominacao, idMarca, idTipo) VALUES (1452, 'TRAILER', 164, 3);
INSERT INTO modelo (idModelo, denominacao, idMarca, idTipo) VALUES (1453, 'F-12000', 13, 3);
INSERT INTO modelo (idModelo, denominacao, idMarca, idTipo) VALUES (1461, 'MASCARELLO', 2, 3);
INSERT INTO modelo (idModelo, denominacao, idMarca, idTipo) VALUES (1462, 'GRANMICRO', 2, 3);
INSERT INTO modelo (idModelo, denominacao, idMarca, idTipo) VALUES (1482, 'ONIBUS', 263, 3);
INSERT INTO modelo (idModelo, denominacao, idMarca, idTipo) VALUES (1483, 'GUINDASTE', 266, 3);
INSERT INTO modelo (idModelo, denominacao, idMarca, idTipo) VALUES (1511, 'EMPILHADEIRA', 266, 3);
INSERT INTO modelo (idModelo, denominacao, idMarca, idTipo) VALUES (1536, 'D-12000', 1, 3);
INSERT INTO modelo (idModelo, denominacao, idMarca, idTipo) VALUES (1537, 'D-13000', 1, 3);
INSERT INTO modelo (idModelo, denominacao, idMarca, idTipo) VALUES (1538, 'D-14000', 1, 3);
INSERT INTO modelo (idModelo, denominacao, idMarca, idTipo) VALUES (1542, 'D-6000', 1, 3);
INSERT INTO modelo (idModelo, denominacao, idMarca, idTipo) VALUES (1627, 'F-11000', 13, 3);
INSERT INTO modelo (idModelo, denominacao, idMarca, idTipo) VALUES (1629, 'F-13000', 13, 3);
INSERT INTO modelo (idModelo, denominacao, idMarca, idTipo) VALUES (1630, 'F-14000', 13, 3);
INSERT INTO modelo (idModelo, denominacao, idMarca, idTipo) VALUES (1631, 'F-16000', 13, 3);
INSERT INTO modelo (idModelo, denominacao, idMarca, idTipo) VALUES (1632, 'F-19000', 13, 3);
INSERT INTO modelo (idModelo, denominacao, idMarca, idTipo) VALUES (1633, 'F-2000', 13, 3);
INSERT INTO modelo (idModelo, denominacao, idMarca, idTipo) VALUES (1634, 'F-21000', 13, 3);
INSERT INTO modelo (idModelo, denominacao, idMarca, idTipo) VALUES (1635, 'F-22000', 13, 3);
INSERT INTO modelo (idModelo, denominacao, idMarca, idTipo) VALUES (1638, 'F-4000', 13, 3);
INSERT INTO modelo (idModelo, denominacao, idMarca, idTipo) VALUES (1639, 'F-7000', 13, 3);
INSERT INTO modelo (idModelo, denominacao, idMarca, idTipo) VALUES (1640, 'F-MAXX', 13, 3);
INSERT INTO modelo (idModelo, denominacao, idMarca, idTipo) VALUES (1641, '12-170', 1, 3);
INSERT INTO modelo (idModelo, denominacao, idMarca, idTipo) VALUES (1642, '14-190', 1, 3);
INSERT INTO modelo (idModelo, denominacao, idMarca, idTipo) VALUES (1643, '15-190', 1, 3);
INSERT INTO modelo (idModelo, denominacao, idMarca, idTipo) VALUES (1644, '16-220', 1, 3);
INSERT INTO modelo (idModelo, denominacao, idMarca, idTipo) VALUES (1651, 'CITYCLASS', 85, 3);
INSERT INTO modelo (idModelo, denominacao, idMarca, idTipo) VALUES (1652, 'CURSOR', 85, 3);
INSERT INTO modelo (idModelo, denominacao, idMarca, idTipo) VALUES (1661, 'EUROCARGO', 85, 3);
INSERT INTO modelo (idModelo, denominacao, idMarca, idTipo) VALUES (1664, 'EUROTECH', 85, 3);
INSERT INTO modelo (idModelo, denominacao, idMarca, idTipo) VALUES (1665, 'EUROTRAKKER', 85, 3);
INSERT INTO modelo (idModelo, denominacao, idMarca, idTipo) VALUES (1666, 'POWERSTAR', 85, 3);
INSERT INTO modelo (idModelo, denominacao, idMarca, idTipo) VALUES (1667, 'STRALIS', 85, 3);
INSERT INTO modelo (idModelo, denominacao, idMarca, idTipo) VALUES (1670, 'TECTOR', 85, 3);
INSERT INTO modelo (idModelo, denominacao, idMarca, idTipo) VALUES (1671, 'TRAKKER', 85, 3);
INSERT INTO modelo (idModelo, denominacao, idMarca, idTipo) VALUES (1672, 'VERTIS', 85, 3);
INSERT INTO modelo (idModelo, denominacao, idMarca, idTipo) VALUES (1694, '1944-S', 4, 3);
INSERT INTO modelo (idModelo, denominacao, idMarca, idTipo) VALUES (1709, 'ACCELO', 4, 3);
INSERT INTO modelo (idModelo, denominacao, idMarca, idTipo) VALUES (1710, 'ACTROS', 4, 3);
INSERT INTO modelo (idModelo, denominacao, idMarca, idTipo) VALUES (1712, 'ATILIS', 4, 3);
INSERT INTO modelo (idModelo, denominacao, idMarca, idTipo) VALUES (1717, 'L-1117', 4, 3);
INSERT INTO modelo (idModelo, denominacao, idMarca, idTipo) VALUES (1718, 'L-1118', 4, 3);
INSERT INTO modelo (idModelo, denominacao, idMarca, idTipo) VALUES (1721, 'L-1313', 4, 3);
INSERT INTO modelo (idModelo, denominacao, idMarca, idTipo) VALUES (1722, 'L-1314', 4, 3);
INSERT INTO modelo (idModelo, denominacao, idMarca, idTipo) VALUES (1724, 'L-1317', 4, 3);
INSERT INTO modelo (idModelo, denominacao, idMarca, idTipo) VALUES (1726, 'L-1319', 4, 3);
INSERT INTO modelo (idModelo, denominacao, idMarca, idTipo) VALUES (1730, 'L-1514', 4, 3);
INSERT INTO modelo (idModelo, denominacao, idMarca, idTipo) VALUES (1732, 'L-1517', 4, 3);
INSERT INTO modelo (idModelo, denominacao, idMarca, idTipo) VALUES (1744, 'L-2014', 4, 3);
INSERT INTO modelo (idModelo, denominacao, idMarca, idTipo) VALUES (1745, 'L-2017', 4, 3);
INSERT INTO modelo (idModelo, denominacao, idMarca, idTipo) VALUES (1746, 'L-2213', 4, 3);
INSERT INTO modelo (idModelo, denominacao, idMarca, idTipo) VALUES (1747, 'L-2214', 4, 3);
INSERT INTO modelo (idModelo, denominacao, idMarca, idTipo) VALUES (1748, 'L-2215', 4, 3);
INSERT INTO modelo (idModelo, denominacao, idMarca, idTipo) VALUES (1749, 'L-2216', 4, 3);
INSERT INTO modelo (idModelo, denominacao, idMarca, idTipo) VALUES (1750, 'L-2217', 4, 3);
INSERT INTO modelo (idModelo, denominacao, idMarca, idTipo) VALUES (1752, 'L-2220', 4, 3);
INSERT INTO modelo (idModelo, denominacao, idMarca, idTipo) VALUES (1753, 'L-2225', 4, 3);
INSERT INTO modelo (idModelo, denominacao, idMarca, idTipo) VALUES (1754, 'L-2314', 4, 3);
INSERT INTO modelo (idModelo, denominacao, idMarca, idTipo) VALUES (1755, 'L-2318', 4, 3);
INSERT INTO modelo (idModelo, denominacao, idMarca, idTipo) VALUES (1756, 'L-2325', 4, 3);
INSERT INTO modelo (idModelo, denominacao, idMarca, idTipo) VALUES (1771, 'LS-1632', 4, 3);
INSERT INTO modelo (idModelo, denominacao, idMarca, idTipo) VALUES (1780, 'LS-1941', 4, 3);
INSERT INTO modelo (idModelo, denominacao, idMarca, idTipo) VALUES (1783, 'DURASTAR', 275, 3);
INSERT INTO modelo (idModelo, denominacao, idMarca, idTipo) VALUES (1784, 'INTERNATIONAL', 275, 3);
INSERT INTO modelo (idModelo, denominacao, idMarca, idTipo) VALUES (1840, '11-130', 2, 3);
INSERT INTO modelo (idModelo, denominacao, idMarca, idTipo) VALUES (1841, '11-140', 2, 3);
INSERT INTO modelo (idModelo, denominacao, idMarca, idTipo) VALUES (1842, '12-170', 2, 3);
INSERT INTO modelo (idModelo, denominacao, idMarca, idTipo) VALUES (1843, '12-180', 2, 3);
INSERT INTO modelo (idModelo, denominacao, idMarca, idTipo) VALUES (1844, '13-130', 2, 3);
INSERT INTO modelo (idModelo, denominacao, idMarca, idTipo) VALUES (1845, '13-150', 2, 3);
INSERT INTO modelo (idModelo, denominacao, idMarca, idTipo) VALUES (1846, '13-170', 2, 3);
INSERT INTO modelo (idModelo, denominacao, idMarca, idTipo) VALUES (1849, '14-140', 2, 3);
INSERT INTO modelo (idModelo, denominacao, idMarca, idTipo) VALUES (1850, '14-150', 2, 3);
INSERT INTO modelo (idModelo, denominacao, idMarca, idTipo) VALUES (1851, '14-170', 2, 3);
INSERT INTO modelo (idModelo, denominacao, idMarca, idTipo) VALUES (1852, '14-180', 2, 3);
INSERT INTO modelo (idModelo, denominacao, idMarca, idTipo) VALUES (1853, '14-200', 2, 3);
INSERT INTO modelo (idModelo, denominacao, idMarca, idTipo) VALUES (1854, '14-210', 2, 3);
INSERT INTO modelo (idModelo, denominacao, idMarca, idTipo) VALUES (1855, '14-220', 2, 3);
INSERT INTO modelo (idModelo, denominacao, idMarca, idTipo) VALUES (1856, '15-170', 2, 3);
INSERT INTO modelo (idModelo, denominacao, idMarca, idTipo) VALUES (1859, '16-170', 2, 3);
INSERT INTO modelo (idModelo, denominacao, idMarca, idTipo) VALUES (1860, '16-200', 2, 3);
INSERT INTO modelo (idModelo, denominacao, idMarca, idTipo) VALUES (1861, '16-210', 2, 3);
INSERT INTO modelo (idModelo, denominacao, idMarca, idTipo) VALUES (1862, '16-220', 2, 3);
INSERT INTO modelo (idModelo, denominacao, idMarca, idTipo) VALUES (1863, '16-300', 2, 3);
INSERT INTO modelo (idModelo, denominacao, idMarca, idTipo) VALUES (1864, '17-180', 2, 3);
INSERT INTO modelo (idModelo, denominacao, idMarca, idTipo) VALUES (1866, '17-210', 2, 3);
INSERT INTO modelo (idModelo, denominacao, idMarca, idTipo) VALUES (1867, '17-220', 2, 3);
INSERT INTO modelo (idModelo, denominacao, idMarca, idTipo) VALUES (1869, '17-280', 2, 3);
INSERT INTO modelo (idModelo, denominacao, idMarca, idTipo) VALUES (1870, '17-300', 2, 3);
INSERT INTO modelo (idModelo, denominacao, idMarca, idTipo) VALUES (1871, '17-310', 2, 3);
INSERT INTO modelo (idModelo, denominacao, idMarca, idTipo) VALUES (1873, '17-330', 2, 3);
INSERT INTO modelo (idModelo, denominacao, idMarca, idTipo) VALUES (1874, '18-310', 2, 3);
INSERT INTO modelo (idModelo, denominacao, idMarca, idTipo) VALUES (1876, '19-330', 2, 3);
INSERT INTO modelo (idModelo, denominacao, idMarca, idTipo) VALUES (1878, '19-390', 2, 3);
INSERT INTO modelo (idModelo, denominacao, idMarca, idTipo) VALUES (1879, '22-140', 2, 3);
INSERT INTO modelo (idModelo, denominacao, idMarca, idTipo) VALUES (1880, '22-160', 2, 3);
INSERT INTO modelo (idModelo, denominacao, idMarca, idTipo) VALUES (1881, '22-210', 2, 3);
INSERT INTO modelo (idModelo, denominacao, idMarca, idTipo) VALUES (1882, '23-210', 2, 3);
INSERT INTO modelo (idModelo, denominacao, idMarca, idTipo) VALUES (1883, '23-220', 2, 3);
INSERT INTO modelo (idModelo, denominacao, idMarca, idTipo) VALUES (1884, '23-250', 2, 3);
INSERT INTO modelo (idModelo, denominacao, idMarca, idTipo) VALUES (1885, '23-310', 2, 3);
INSERT INTO modelo (idModelo, denominacao, idMarca, idTipo) VALUES (1886, '24-220', 2, 3);
INSERT INTO modelo (idModelo, denominacao, idMarca, idTipo) VALUES (1888, '24-280', 2, 3);
INSERT INTO modelo (idModelo, denominacao, idMarca, idTipo) VALUES (1890, '24-330', 2, 3);
INSERT INTO modelo (idModelo, denominacao, idMarca, idTipo) VALUES (1893, '25-390', 2, 3);
INSERT INTO modelo (idModelo, denominacao, idMarca, idTipo) VALUES (1894, '26-220', 2, 3);
INSERT INTO modelo (idModelo, denominacao, idMarca, idTipo) VALUES (1896, '26-280', 2, 3);
INSERT INTO modelo (idModelo, denominacao, idMarca, idTipo) VALUES (1897, '26-300', 2, 3);
INSERT INTO modelo (idModelo, denominacao, idMarca, idTipo) VALUES (1898, '26-310', 2, 3);
INSERT INTO modelo (idModelo, denominacao, idMarca, idTipo) VALUES (1900, '26-390', 2, 3);
INSERT INTO modelo (idModelo, denominacao, idMarca, idTipo) VALUES (1902, '31-280', 2, 3);
INSERT INTO modelo (idModelo, denominacao, idMarca, idTipo) VALUES (1903, '31-310', 2, 3);
INSERT INTO modelo (idModelo, denominacao, idMarca, idTipo) VALUES (1905, '31-330', 2, 3);
INSERT INTO modelo (idModelo, denominacao, idMarca, idTipo) VALUES (1907, '31-390', 2, 3);
INSERT INTO modelo (idModelo, denominacao, idMarca, idTipo) VALUES (1908, '35-300', 2, 3);
INSERT INTO modelo (idModelo, denominacao, idMarca, idTipo) VALUES (1909, '40-300', 2, 3);
INSERT INTO modelo (idModelo, denominacao, idMarca, idTipo) VALUES (1925, 'FH SERIES', 53, 3);
INSERT INTO modelo (idModelo, denominacao, idMarca, idTipo) VALUES (1926, 'FH GLOBETROTTER SERIES', 53, 3);
INSERT INTO modelo (idModelo, denominacao, idMarca, idTipo) VALUES (1938, 'FM SERIES', 53, 3);
INSERT INTO modelo (idModelo, denominacao, idMarca, idTipo) VALUES (1944, 'FMX SERIES', 53, 3);
INSERT INTO modelo (idModelo, denominacao, idMarca, idTipo) VALUES (1951, 'N SERIES', 53, 3);
INSERT INTO modelo (idModelo, denominacao, idMarca, idTipo) VALUES (1953, 'NH SERIES', 53, 3);
INSERT INTO modelo (idModelo, denominacao, idMarca, idTipo) VALUES (1954, 'NL SERIES', 53, 3);
INSERT INTO modelo (idModelo, denominacao, idMarca, idTipo) VALUES (1956, 'VM SERIES', 53, 3);
INSERT INTO modelo (idModelo, denominacao, idMarca, idTipo) VALUES (1994, '11-160', 2, 3);
INSERT INTO modelo (idModelo, denominacao, idMarca, idTipo) VALUES (1995, '12-140', 2, 3);
INSERT INTO modelo (idModelo, denominacao, idMarca, idTipo) VALUES (1996, '17-230', 2, 3);
INSERT INTO modelo (idModelo, denominacao, idMarca, idTipo) VALUES (1997, '24-230', 2, 3);
INSERT INTO modelo (idModelo, denominacao, idMarca, idTipo) VALUES (1998, '28-440', 2, 3);
INSERT INTO modelo (idModelo, denominacao, idMarca, idTipo) VALUES (1999, '29-440', 2, 3);
INSERT INTO modelo (idModelo, denominacao, idMarca, idTipo) VALUES (2000, '31-440', 2, 3);
INSERT INTO modelo (idModelo, denominacao, idMarca, idTipo) VALUES (2001, '33-440', 2, 3);
INSERT INTO modelo (idModelo, denominacao, idMarca, idTipo) VALUES (2002, '16-180', 2, 3);
INSERT INTO modelo (idModelo, denominacao, idMarca, idTipo) VALUES (2003, '17-240', 2, 3);
INSERT INTO modelo (idModelo, denominacao, idMarca, idTipo) VALUES (2004, '17-260', 2, 3);
INSERT INTO modelo (idModelo, denominacao, idMarca, idTipo) VALUES (2005, '18-320', 2, 3);
INSERT INTO modelo (idModelo, denominacao, idMarca, idTipo) VALUES (2006, '18-330', 2, 3);
INSERT INTO modelo (idModelo, denominacao, idMarca, idTipo) VALUES (2007, '15-210', 2, 3);
INSERT INTO modelo (idModelo, denominacao, idMarca, idTipo) VALUES (2021, 'BI-TREM', 284, 3);
INSERT INTO modelo (idModelo, denominacao, idMarca, idTipo) VALUES (2022, 'BITREM', 285, 3);
INSERT INTO modelo (idModelo, denominacao, idMarca, idTipo) VALUES (2024, 'D-1200', 1, 3);
INSERT INTO modelo (idModelo, denominacao, idMarca, idTipo) VALUES (2025, 'F-3500', 13, 3);
INSERT INTO modelo (idModelo, denominacao, idMarca, idTipo) VALUES (2033, 'MARTA-ROCHA', 1, 3);
INSERT INTO modelo (idModelo, denominacao, idMarca, idTipo) VALUES (2062, 'MOTOR-HOME', 270, 3);
INSERT INTO modelo (idModelo, denominacao, idMarca, idTipo) VALUES (2064, 'PA CARREGADEIRA', 292, 3);
INSERT INTO modelo (idModelo, denominacao, idMarca, idTipo) VALUES (2085, 'MICRO-ONIBUS', 263, 3);
INSERT INTO modelo (idModelo, denominacao, idMarca, idTipo) VALUES (2355, 'LK-140', 242, 3);
INSERT INTO modelo (idModelo, denominacao, idMarca, idTipo) VALUES (2359, 'BR-115', 242, 3);
INSERT INTO modelo (idModelo, denominacao, idMarca, idTipo) VALUES (2363, 'BR-116', 242, 3);
INSERT INTO modelo (idModelo, denominacao, idMarca, idTipo) VALUES (2577, 'CONSTELLATION', 2, 3);
INSERT INTO modelo (idModelo, denominacao, idMarca, idTipo) VALUES (2578, 'DELIVERY', 2, 3);
INSERT INTO modelo (idModelo, denominacao, idMarca, idTipo) VALUES (2579, 'WORKER', 2, 3);
INSERT INTO modelo (idModelo, denominacao, idMarca, idTipo) VALUES (2712, 'ESCAVADEIRA', 266, 3);
INSERT INTO modelo (idModelo, denominacao, idMarca, idTipo) VALUES (2714, 'GUINCHO', 266, 3);
INSERT INTO modelo (idModelo, denominacao, idMarca, idTipo) VALUES (2715, 'CARREGADEIRA', 266, 3);
INSERT INTO modelo (idModelo, denominacao, idMarca, idTipo) VALUES (2723, 'MOTONIVELADORA', 266, 3);
INSERT INTO modelo (idModelo, denominacao, idMarca, idTipo) VALUES (2889, 'TANQUE', 266, 3);
INSERT INTO modelo (idModelo, denominacao, idMarca, idTipo) VALUES (2892, 'POLIGUINDASTE', 266, 3);
INSERT INTO modelo (idModelo, denominacao, idMarca, idTipo) VALUES (2894, 'F-8000', 13, 3);
INSERT INTO modelo (idModelo, denominacao, idMarca, idTipo) VALUES (2900, 'PERFURATRIZ', 266, 3);
INSERT INTO modelo (idModelo, denominacao, idMarca, idTipo) VALUES (2930, 'D-11000', 1, 3);
INSERT INTO modelo (idModelo, denominacao, idMarca, idTipo) VALUES (2971, 'FL SERIES', 53, 3);
INSERT INTO categoria_cnh (idCategoriaCNH, descricao) VALUES ('ACC', 'Habilita pessoas conduzam veículos de duas rodas com até 50 cm3 de cilindrada, as conhecidas "cinquentinhas".');
INSERT INTO categoria_cnh (idCategoriaCNH, descricao) VALUES ('A', 'Habilita a conduzir veículos de duas ou três rodas, com mais que 50 de cilindrada. Além disso, também é possível conduzir os ciclomotores da categoria ACC.');
INSERT INTO categoria_cnh (idCategoriaCNH, descricao) VALUES ('B', 'Habilita o condutor a conduzir veículos de quatro rodas com até 3,5 toneladas de peso bruto total e capacidade para até oito passageiros, além do motorista (nove ocupantes no total). Quadriciclos estão inclusos nesta classe.');
INSERT INTO categoria_cnh (idCategoriaCNH, descricao) VALUES ('C', 'Habilita o condutor a dirigir todos os tipos de automóveis da categoria B, e também os veículos de carga, não articulados, com mais de 3,5 toneladas de peso bruto total. São exemplos os caminhões, tratores, máquinas agrícolas e de movimentação de carga.');
INSERT INTO categoria_cnh (idCategoriaCNH, descricao) VALUES ('D', 'Habilita o condutor a dirigir veículos para o transporte de passageiros que acomodem mais de 8 passageiros. Aqui, entram os ônibus, micro-ônibus e vans. Com ela, o condutor também pode comandar todos os veículos inclusos nos tipos de CNH B e C.');
INSERT INTO categoria_cnh (idCategoriaCNH, descricao) VALUES ('E', 'Todos os veículos inclusos nos tipos de CNH B, C e D. Além disso, ele também pode dirigir veículos com unidades acopladas que excedam 6 toneladas. Aqui estão as carretas e caminhões com reboques e semirreboques articulados. Por fim, é necessário ter a carteira E para conduzir carros puxando trailers.');
INSERT INTO condutor (idCadastro, cpf, nome, dataNasc, idCategoriaCNH, endereco, bairro, idCidade, situacaoCNH) VALUES (1, '05326791480', 'Igor Nascimento', '1973-02-04', 'E', 'Aeroporto de Correia, 898', 'Santa Monica', 'NEP', 'R');
INSERT INTO condutor (idCadastro, cpf, nome, dataNasc, idCategoriaCNH, endereco, bairro, idCidade, situacaoCNH) VALUES (2, '39506278474', 'Joaquim Rocha', '1990-01-16', 'D', 'Ladeira de Melo, 8', 'Apolonia', 'MFN', 'R');
INSERT INTO condutor (idCadastro, cpf, nome, dataNasc, idCategoriaCNH, endereco, bairro, idCidade, situacaoCNH) VALUES (3, '13729805630', 'Rafaela Almeida', '2000-10-29', 'D', 'Travessa Ryan Gomes, 71', 'Vila Independencia 2ª Seção', 'FPC', 'R');
INSERT INTO condutor (idCadastro, cpf, nome, dataNasc, idCategoriaCNH, endereco, bairro, idCidade, situacaoCNH) VALUES (4, '57938042188', 'Joaquim da Cunha', '1950-04-26', 'A', 'Passarela Pinto, 84', 'Santa Efigênia', 'CAP', 'R');
INSERT INTO condutor (idCadastro, cpf, nome, dataNasc, idCategoriaCNH, endereco, bairro, idCidade, situacaoCNH) VALUES (5, '12634805780', 'Gustavo Henrique Cardoso', '1963-08-16', 'D', 'Rodovia de Cunha, 70', 'São Gabriel', 'LGO', 'R');
INSERT INTO condutor (idCadastro, cpf, nome, dataNasc, idCategoriaCNH, endereco, bairro, idCidade, situacaoCNH) VALUES (6, '39846517084', 'Cauê Vieira', '1944-11-15', 'C', 'Avenida Julia Martins, 62', 'Estrela', 'PRP', 'R');
INSERT INTO condutor (idCadastro, cpf, nome, dataNasc, idCategoriaCNH, endereco, bairro, idCidade, situacaoCNH) VALUES (7, '34871962040', 'Leonardo Oliveira', '1967-01-23', 'B', 'Conjunto da Rosa, 40', 'Jonas Veiga', 'PMC', 'R');
INSERT INTO condutor (idCadastro, cpf, nome, dataNasc, idCategoriaCNH, endereco, bairro, idCidade, situacaoCNH) VALUES (8, '32458096115', 'Srta. Joana da Paz', '1998-08-14', 'A', 'Colônia de Araújo, 977', 'Senhor Dos Passos', 'MAA', 'R');
INSERT INTO condutor (idCadastro, cpf, nome, dataNasc, idCategoriaCNH, endereco, bairro, idCidade, situacaoCNH) VALUES (9, '89053276483', 'Diogo Costa', '1950-04-08', 'B', 'Trecho Pereira, 12', 'Nova Floresta', 'MOS', 'R');
INSERT INTO condutor (idCadastro, cpf, nome, dataNasc, idCategoriaCNH, endereco, bairro, idCidade, situacaoCNH) VALUES (10, '73682501444', 'Rafael da Rocha', '1952-11-03', 'E', 'Lagoa de Silva, 11', 'Novo Das Industrias', 'TGM', 'R');
INSERT INTO condutor (idCadastro, cpf, nome, dataNasc, idCategoriaCNH, endereco, bairro, idCidade, situacaoCNH) VALUES (11, '85793240683', 'Ana Vitória Rezende', '2001-02-21', 'D', 'Quadra de Souza, 382', 'União', 'SIM', 'R');
INSERT INTO condutor (idCadastro, cpf, nome, dataNasc, idCategoriaCNH, endereco, bairro, idCidade, situacaoCNH) VALUES (12, '87326519021', 'Ana Luiza Barros', '1968-04-14', 'E', 'Viela João Pedro Correia, 304', 'São Gonçalo', 'DUV', 'R');
INSERT INTO condutor (idCadastro, cpf, nome, dataNasc, idCategoriaCNH, endereco, bairro, idCidade, situacaoCNH) VALUES (13, '83716029440', 'Lara Viana', '1985-01-20', 'E', 'Loteamento da Cruz, 40', 'Guarani', 'RAP', 'R');
INSERT INTO condutor (idCadastro, cpf, nome, dataNasc, idCategoriaCNH, endereco, bairro, idCidade, situacaoCNH) VALUES (14, '86312479013', 'Vitória Moura', '1998-03-17', 'A', 'Pátio de da Cruz, 29', 'Cônego Pinheiro 1ª Seção', 'MEP', 'R');
INSERT INTO condutor (idCadastro, cpf, nome, dataNasc, idCategoriaCNH, endereco, bairro, idCidade, situacaoCNH) VALUES (15, '53407298188', 'Leandro Moreira', '1953-02-18', 'E', 'Distrito João Miguel Nunes, 3', 'Bandeirantes', 'CPO', 'R');
INSERT INTO condutor (idCadastro, cpf, nome, dataNasc, idCategoriaCNH, endereco, bairro, idCidade, situacaoCNH) VALUES (16, '60548723974', 'Benício Campos', '2000-03-26', 'D', 'Trevo Enrico Duarte, 7', 'Cenaculo', 'DDP', 'R');
INSERT INTO condutor (idCadastro, cpf, nome, dataNasc, idCategoriaCNH, endereco, bairro, idCidade, situacaoCNH) VALUES (17, '87629350465', 'João Gabriel Fernandes', '1975-07-16', 'B', 'Quadra Davi Lucas Almeida, 3', 'Delta', 'VCM', 'R');
INSERT INTO condutor (idCadastro, cpf, nome, dataNasc, idCategoriaCNH, endereco, bairro, idCidade, situacaoCNH) VALUES (18, '10354928651', 'Cauã da Luz', '1974-03-15', 'C', 'Ladeira de Teixeira, 919', 'Vila Da Amizade', 'LCG', 'R');
INSERT INTO condutor (idCadastro, cpf, nome, dataNasc, idCategoriaCNH, endereco, bairro, idCidade, situacaoCNH) VALUES (19, '07245613907', 'Juan Almeida', '1966-04-02', 'C', 'Viela de Ferreira', 'Acaiaca', 'AZP', 'R');
INSERT INTO condutor (idCadastro, cpf, nome, dataNasc, idCategoriaCNH, endereco, bairro, idCidade, situacaoCNH) VALUES (20, '69514738209', 'Rafael Campos', '1997-10-12', 'B', 'Largo de Viana, 80', 'Vila Califórnia', 'RMM', 'R');
INSERT INTO condutor (idCadastro, cpf, nome, dataNasc, idCategoriaCNH, endereco, bairro, idCidade, situacaoCNH) VALUES (21, '95873412600', 'Arthur Ribeiro', '1999-09-01', 'C', 'Colônia Amanda Lima, 8', 'Jaraguá', 'ATP', 'R');
INSERT INTO condutor (idCadastro, cpf, nome, dataNasc, idCategoriaCNH, endereco, bairro, idCidade, situacaoCNH) VALUES (22, '10976235803', 'Beatriz Costela', '1999-08-27', 'E', 'Estrada Lavínia da Paz', 'Alta Tensão 2ª Seção', 'SNG', 'R');
INSERT INTO condutor (idCadastro, cpf, nome, dataNasc, idCategoriaCNH, endereco, bairro, idCidade, situacaoCNH) VALUES (23, '59706142380', 'Sr. Yago Castro', '1943-11-28', 'A', 'Estação Gustavo Henrique Peixoto, 912', 'Vila Santo Antônio', 'CSP', 'R');
INSERT INTO condutor (idCadastro, cpf, nome, dataNasc, idCategoriaCNH, endereco, bairro, idCidade, situacaoCNH) VALUES (24, '25683109442', 'Juliana Nunes', '1954-04-06', 'D', 'Rua Vitor Gabriel Pinto, 46', 'São Cristóvão', 'DOS', 'R');
INSERT INTO condutor (idCadastro, cpf, nome, dataNasc, idCategoriaCNH, endereco, bairro, idCidade, situacaoCNH) VALUES (25, '16289703404', 'João Pedro Santos', '1945-07-02', 'C', 'Sítio de da Rosa, 69', 'Apolonia', 'MFN', 'R');
INSERT INTO condutor (idCadastro, cpf, nome, dataNasc, idCategoriaCNH, endereco, bairro, idCidade, situacaoCNH) VALUES (26, '83640297113', 'Srta. Gabriela Duarte', '1948-10-28', 'E', 'Loteamento Leandro Vieira, 187', 'Vila Ecológica', 'MPA', 'R');
INSERT INTO condutor (idCadastro, cpf, nome, dataNasc, idCategoriaCNH, endereco, bairro, idCidade, situacaoCNH) VALUES (27, '29617430878', 'Maitê Pires', '1939-11-02', 'C', 'Morro Bernardo Monteiro, 655', 'Mangabeiras', 'NEP', 'R');
INSERT INTO condutor (idCadastro, cpf, nome, dataNasc, idCategoriaCNH, endereco, bairro, idCidade, situacaoCNH) VALUES (28, '37529461052', 'Dr. Diego Freitas', '1967-02-19', 'C', 'Morro Otávio Costela, 6', 'Graça', 'BDP', 'R');
INSERT INTO condutor (idCadastro, cpf, nome, dataNasc, idCategoriaCNH, endereco, bairro, idCidade, situacaoCNH) VALUES (29, '35649287074', 'Breno Santos', '1967-01-26', 'C', 'Fazenda Diogo Moreira', 'Vila Piratininga Venda Nova', 'COM', 'R');
INSERT INTO condutor (idCadastro, cpf, nome, dataNasc, idCategoriaCNH, endereco, bairro, idCidade, situacaoCNH) VALUES (30, '18572406930', 'Yuri Cardoso', '2000-12-03', 'C', 'Passarela Lívia Vieira, 433', 'Outro', 'OGP', 'R');
INSERT INTO condutor (idCadastro, cpf, nome, dataNasc, idCategoriaCNH, endereco, bairro, idCidade, situacaoCNH) VALUES (31, '30127964525', 'Thiago da Paz', '1976-03-01', 'C', 'Rua de Melo, 744', 'Jatobá', 'PAP', 'R');
INSERT INTO condutor (idCadastro, cpf, nome, dataNasc, idCategoriaCNH, endereco, bairro, idCidade, situacaoCNH) VALUES (32, '60918357420', 'Davi Lucas Correia', '2000-12-13', 'D', 'Vale de Pires, 13', 'Araguaia', 'RFG', 'R');
INSERT INTO condutor (idCadastro, cpf, nome, dataNasc, idCategoriaCNH, endereco, bairro, idCidade, situacaoCNH) VALUES (33, '34925671855', 'Srta. Esther Ribeiro', '1998-10-21', 'A', 'Distrito Lopes, 974', 'Vila Piratininga', 'AAG', 'R');
INSERT INTO condutor (idCadastro, cpf, nome, dataNasc, idCategoriaCNH, endereco, bairro, idCidade, situacaoCNH) VALUES (34, '06594872176', 'Cecília das Neves', '1981-04-08', 'B', 'Ladeira Caroline Moraes', 'Baleia', 'CMP', 'R');
INSERT INTO condutor (idCadastro, cpf, nome, dataNasc, idCategoriaCNH, endereco, bairro, idCidade, situacaoCNH) VALUES (35, '78126394528', 'Sra. Agatha Nunes', '1991-05-31', 'B', 'Avenida Peixoto, 684', 'Estrela Do Oriente', 'MAP', 'R');
INSERT INTO condutor (idCadastro, cpf, nome, dataNasc, idCategoriaCNH, endereco, bairro, idCidade, situacaoCNH) VALUES (36, '83056942160', 'Julia Barros', '1958-06-07', 'D', 'Viaduto Vieira, 594', 'Jardim Atlântico', 'NDG', 'R');
INSERT INTO condutor (idCadastro, cpf, nome, dataNasc, idCategoriaCNH, endereco, bairro, idCidade, situacaoCNH) VALUES (37, '70819352659', 'Isabel Gonçalves', '1944-10-04', 'E', 'Trevo de da Rocha, 47', 'Manacas', 'GDA', 'R');
INSERT INTO condutor (idCadastro, cpf, nome, dataNasc, idCategoriaCNH, endereco, bairro, idCidade, situacaoCNH) VALUES (38, '23196750434', 'Alana Ramos', '1983-10-11', 'C', 'Chácara Barbosa, 17', 'Vila Califórnia', 'TDV', 'R');
INSERT INTO condutor (idCadastro, cpf, nome, dataNasc, idCategoriaCNH, endereco, bairro, idCidade, situacaoCNH) VALUES (39, '30281469598', 'Maria Julia Almeida', '2000-01-13', 'E', 'Vereda Alves, 36', 'Ademar Maldonado', 'FGM', 'R');
INSERT INTO condutor (idCadastro, cpf, nome, dataNasc, idCategoriaCNH, endereco, bairro, idCidade, situacaoCNH) VALUES (40, '68473925173', 'Melissa da Cruz', '1981-03-23', 'E', 'Lago de Mendes, 340', 'Paulo Vi', 'PMS', 'R');
INSERT INTO condutor (idCadastro, cpf, nome, dataNasc, idCategoriaCNH, endereco, bairro, idCidade, situacaoCNH) VALUES (41, '50729836177', 'Dr. Samuel da Mota', '1995-08-15', 'A', 'Viela Teixeira', 'Camponesa 1ª Seção', 'PDP', 'R');
INSERT INTO condutor (idCadastro, cpf, nome, dataNasc, idCategoriaCNH, endereco, bairro, idCidade, situacaoCNH) VALUES (42, '37489650100', 'Heitor Novaes', '1991-07-13', 'D', 'Morro Bianca Nunes, 237', 'Vila São Gabriel', 'RAP', 'R');
INSERT INTO condutor (idCadastro, cpf, nome, dataNasc, idCategoriaCNH, endereco, bairro, idCidade, situacaoCNH) VALUES (43, '05412963706', 'Srta. Lívia Viana', '1964-06-11', 'E', 'Vereda Azevedo', 'Fazendinha', 'FNP', 'R');
INSERT INTO condutor (idCadastro, cpf, nome, dataNasc, idCategoriaCNH, endereco, bairro, idCidade, situacaoCNH) VALUES (44, '05413789610', 'Alícia Mendes', '1983-01-10', 'B', 'Esplanada de Gonçalves, 47', 'Laranjeiras', 'FPC', 'R');
INSERT INTO condutor (idCadastro, cpf, nome, dataNasc, idCategoriaCNH, endereco, bairro, idCidade, situacaoCNH) VALUES (45, '20354716808', 'Vitor Correia', '1968-08-24', 'A', 'Colônia da Costa, 6', 'Vila Nova Gameleira 2ª Seção', 'PPG', 'R');
INSERT INTO condutor (idCadastro, cpf, nome, dataNasc, idCategoriaCNH, endereco, bairro, idCidade, situacaoCNH) VALUES (46, '45269310716', 'Luigi da Mota', '1944-07-14', 'E', 'Núcleo de Pires, 63', 'Vitoria Da Conquista', 'PIS', 'R');
INSERT INTO condutor (idCadastro, cpf, nome, dataNasc, idCategoriaCNH, endereco, bairro, idCidade, situacaoCNH) VALUES (47, '24039756134', 'Caroline da Rocha', '1943-01-24', 'E', 'Vila de Porto, 30', 'Funcionários', 'LGC', 'R');
INSERT INTO condutor (idCadastro, cpf, nome, dataNasc, idCategoriaCNH, endereco, bairro, idCidade, situacaoCNH) VALUES (48, '79401582360', 'Leandro Martins', '1969-07-04', 'D', 'Sítio de Fernandes, 67', 'São Geraldo', 'CCP', 'R');
INSERT INTO condutor (idCadastro, cpf, nome, dataNasc, idCategoriaCNH, endereco, bairro, idCidade, situacaoCNH) VALUES (49, '26715093830', 'Yasmin Castro', '1973-12-17', 'C', 'Trevo da Conceição', 'Laranjeiras', 'FPC', 'R');
INSERT INTO condutor (idCadastro, cpf, nome, dataNasc, idCategoriaCNH, endereco, bairro, idCidade, situacaoCNH) VALUES (50, '72016543817', 'Luiz Henrique da Conceição', '2001-05-08', 'B', 'Parque de da Mota, 13', 'Itaipu', 'PVV', 'R');
INSERT INTO condutor (idCadastro, cpf, nome, dataNasc, idCategoriaCNH, endereco, bairro, idCidade, situacaoCNH) VALUES (51, '80726513407', 'Juan Gomes', '2001-11-07', 'C', 'Via Souza, 93', 'Vila São Paulo', 'NSP', 'R');
INSERT INTO condutor (idCadastro, cpf, nome, dataNasc, idCategoriaCNH, endereco, bairro, idCidade, situacaoCNH) VALUES (52, '50967412307', 'Matheus Pereira', '1991-02-13', 'B', 'Vereda Caldeira, 62', 'Conjunto Celso Machado', 'PRP', 'R');
INSERT INTO condutor (idCadastro, cpf, nome, dataNasc, idCategoriaCNH, endereco, bairro, idCidade, situacaoCNH) VALUES (53, '97816302568', 'Dr. João Lucas Dias', '1981-04-23', 'A', 'Área de Caldeira, 795', 'Garças', 'SIM', 'R');
INSERT INTO condutor (idCadastro, cpf, nome, dataNasc, idCategoriaCNH, endereco, bairro, idCidade, situacaoCNH) VALUES (54, '07915643800', 'João Guilherme Teixeira', '1986-11-30', 'B', 'Pátio Souza, 55', 'São Jorge 3ª Seção', 'RRS', 'R');
INSERT INTO condutor (idCadastro, cpf, nome, dataNasc, idCategoriaCNH, endereco, bairro, idCidade, situacaoCNH) VALUES (55, '31709548223', 'Lorena Nunes', '1996-06-06', 'A', 'Setor Ana Vitória da Mota, 93', 'Nova Gameleira', 'MHG', 'R');
INSERT INTO condutor (idCadastro, cpf, nome, dataNasc, idCategoriaCNH, endereco, bairro, idCidade, situacaoCNH) VALUES (56, '37859401657', 'Alícia Araújo', '1999-09-02', 'B', 'Colônia das Neves, 4', 'Conjunto Providencia', 'FPS', 'R');
INSERT INTO condutor (idCadastro, cpf, nome, dataNasc, idCategoriaCNH, endereco, bairro, idCidade, situacaoCNH) VALUES (57, '85190647366', 'Maria Fogaça', '1994-10-11', 'D', 'Morro Heitor Pereira, 84', 'Pompéia', 'NAO', 'R');
INSERT INTO condutor (idCadastro, cpf, nome, dataNasc, idCategoriaCNH, endereco, bairro, idCidade, situacaoCNH) VALUES (58, '20597643199', 'Kamilly Azevedo', '1990-05-18', 'C', 'Setor Carlos Eduardo Novaes', 'Piraja', 'CGF', 'R');
INSERT INTO condutor (idCadastro, cpf, nome, dataNasc, idCategoriaCNH, endereco, bairro, idCidade, situacaoCNH) VALUES (59, '05732416862', 'Lívia Pereira', '1975-01-06', 'A', 'Lagoa de Campos', 'Campo Alegre', 'CLM', 'R');
INSERT INTO condutor (idCadastro, cpf, nome, dataNasc, idCategoriaCNH, endereco, bairro, idCidade, situacaoCNH) VALUES (60, '08395261489', 'Dr. Samuel Duarte', '1954-04-27', 'B', 'Vila de Fernandes, 66', 'Pirineus', 'NPM', 'R');
INSERT INTO condutor (idCadastro, cpf, nome, dataNasc, idCategoriaCNH, endereco, bairro, idCidade, situacaoCNH) VALUES (61, '62094781313', 'Thomas Fernandes', '1964-03-11', 'D', 'Vereda Thomas Souza', 'Nova America', 'MCA', 'R');
INSERT INTO condutor (idCadastro, cpf, nome, dataNasc, idCategoriaCNH, endereco, bairro, idCidade, situacaoCNH) VALUES (62, '52148697030', 'João Pedro da Rosa', '1994-12-06', 'E', 'Lagoa de da Mata, 22', 'Beira Linha', 'COF', 'R');
INSERT INTO condutor (idCadastro, cpf, nome, dataNasc, idCategoriaCNH, endereco, bairro, idCidade, situacaoCNH) VALUES (63, '62308475900', 'Ana Julia da Costa', '1985-05-13', 'C', 'Estrada Davi Ferreira, 93', 'Santa Efigênia', 'CRO', 'R');
INSERT INTO condutor (idCadastro, cpf, nome, dataNasc, idCategoriaCNH, endereco, bairro, idCidade, situacaoCNH) VALUES (64, '13849752097', 'Sr. Rafael da Conceição', '1974-09-14', 'C', 'Pátio de Gomes, 913', 'Cachoeirinha', 'RFG', 'R');
INSERT INTO condutor (idCadastro, cpf, nome, dataNasc, idCategoriaCNH, endereco, bairro, idCidade, situacaoCNH) VALUES (65, '73620154961', 'Lívia Almeida', '1987-03-03', 'E', 'Rua da Rocha, 147', 'Eymard', 'CIP', 'R');
INSERT INTO condutor (idCadastro, cpf, nome, dataNasc, idCategoriaCNH, endereco, bairro, idCidade, situacaoCNH) VALUES (66, '38942675182', 'Caroline da Mota', '1997-03-01', 'A', 'Estrada Rocha, 92', 'Vila Independencia 2ª Seção', 'SCA', 'R');
INSERT INTO condutor (idCadastro, cpf, nome, dataNasc, idCategoriaCNH, endereco, bairro, idCidade, situacaoCNH) VALUES (67, '41538027607', 'Vitória Monteiro', '1979-05-31', 'E', 'Lagoa Moura', 'Esperança', 'MEO', 'R');
INSERT INTO condutor (idCadastro, cpf, nome, dataNasc, idCategoriaCNH, endereco, bairro, idCidade, situacaoCNH) VALUES (68, '54836197228', 'Marcelo das Neves', '1942-02-13', 'C', 'Campo de Campos, 830', 'Vila Nossa Senhora Do Rosário', 'MMA', 'R');
INSERT INTO condutor (idCadastro, cpf, nome, dataNasc, idCategoriaCNH, endereco, bairro, idCidade, situacaoCNH) VALUES (69, '58043276153', 'Maria Alice Freitas', '1979-11-26', 'C', 'Fazenda de da Cruz, 78', 'Conjunto Lagoa', 'FGA', 'R');
INSERT INTO condutor (idCadastro, cpf, nome, dataNasc, idCategoriaCNH, endereco, bairro, idCidade, situacaoCNH) VALUES (70, '51784603910', 'Dra. Clarice Lima', '1977-09-09', 'B', 'Estrada Francisco Duarte, 200', 'Jardim Montanhês', 'ACO', 'R');
INSERT INTO condutor (idCadastro, cpf, nome, dataNasc, idCategoriaCNH, endereco, bairro, idCidade, situacaoCNH) VALUES (71, '78905162312', 'Gabriela Monteiro', '1994-06-04', 'A', 'Viaduto Enzo Pereira', 'Vila Canto Do Sabiá', 'MRP', 'R');
INSERT INTO condutor (idCadastro, cpf, nome, dataNasc, idCategoriaCNH, endereco, bairro, idCidade, situacaoCNH) VALUES (72, '46028135933', 'Benjamin da Cruz', '1964-06-22', 'D', 'Fazenda Enzo Pires, 33', 'Paulo Vi', 'DOS', 'R');
INSERT INTO condutor (idCadastro, cpf, nome, dataNasc, idCategoriaCNH, endereco, bairro, idCidade, situacaoCNH) VALUES (73, '01463895224', 'Maitê Pereira', '1953-12-17', 'B', 'Lagoa Lopes, 44', 'Túnel De Ibirité', 'SGF', 'R');
INSERT INTO condutor (idCadastro, cpf, nome, dataNasc, idCategoriaCNH, endereco, bairro, idCidade, situacaoCNH) VALUES (74, '20789341514', 'Gustavo Pires', '1994-10-31', 'A', 'Largo Gonçalves, 27', 'Inconfidência', 'MRM', 'R');
INSERT INTO condutor (idCadastro, cpf, nome, dataNasc, idCategoriaCNH, endereco, bairro, idCidade, situacaoCNH) VALUES (75, '36815940233', 'Ana Júlia da Rosa', '1957-01-17', 'B', 'Favela Samuel Correia, 77', 'Vila Real 2ª Seção', 'FRF', 'R');
INSERT INTO condutor (idCadastro, cpf, nome, dataNasc, idCategoriaCNH, endereco, bairro, idCidade, situacaoCNH) VALUES (76, '38705142644', 'Luiz Otávio Aragão', '1991-01-25', 'D', 'Setor Marcelo Costela, 537', 'Vila Inestan', 'CNP', 'R');
INSERT INTO condutor (idCadastro, cpf, nome, dataNasc, idCategoriaCNH, endereco, bairro, idCidade, situacaoCNH) VALUES (77, '89124730696', 'Stephany Fogaça', '1973-03-01', 'D', 'Residencial Marcelo Santos, 1', 'Vila Aeroporto Jaraguá', 'RSO', 'R');
INSERT INTO condutor (idCadastro, cpf, nome, dataNasc, idCategoriaCNH, endereco, bairro, idCidade, situacaoCNH) VALUES (78, '92586417364', 'Vitor Gabriel Jesus', '1953-10-03', 'B', 'Vila Lopes', 'Ademar Maldonado', 'RLG', 'R');
INSERT INTO condutor (idCadastro, cpf, nome, dataNasc, idCategoriaCNH, endereco, bairro, idCidade, situacaoCNH) VALUES (79, '54879361291', 'Felipe Silveira', '2001-07-25', 'D', 'Avenida Beatriz Martins', 'Universo', 'ADD', 'R');
INSERT INTO condutor (idCadastro, cpf, nome, dataNasc, idCategoriaCNH, endereco, bairro, idCidade, situacaoCNH) VALUES (80, '16854392098', 'Ana Julia Cavalcanti', '1992-02-19', 'D', 'Trecho Maria Clara Melo, 4', 'Jardim Felicidade', 'SVP', 'R');
INSERT INTO condutor (idCadastro, cpf, nome, dataNasc, idCategoriaCNH, endereco, bairro, idCidade, situacaoCNH) VALUES (81, '87643205108', 'Ryan da Costa', '1965-10-16', 'B', 'Ladeira Moura, 259', 'Andiroba', 'JIP', 'R');
INSERT INTO condutor (idCadastro, cpf, nome, dataNasc, idCategoriaCNH, endereco, bairro, idCidade, situacaoCNH) VALUES (82, '50672831490', 'Vitor Gabriel Aragão', '1989-05-21', 'E', 'Travessa de da Rocha, 22', 'Engenho Nogueira', 'SEV', 'R');
INSERT INTO condutor (idCadastro, cpf, nome, dataNasc, idCategoriaCNH, endereco, bairro, idCidade, situacaoCNH) VALUES (83, '72564308929', 'Antônio Almeida', '1995-12-06', 'E', 'Setor Novaes, 89', 'Vila Nova Cachoeirinha 2ª Seção', 'PPC', 'R');
INSERT INTO condutor (idCadastro, cpf, nome, dataNasc, idCategoriaCNH, endereco, bairro, idCidade, situacaoCNH) VALUES (84, '45923076829', 'Igor Pereira', '1973-06-19', 'E', 'Rodovia Nogueira, 9', 'Prado', 'NAP', 'R');
INSERT INTO condutor (idCadastro, cpf, nome, dataNasc, idCategoriaCNH, endereco, bairro, idCidade, situacaoCNH) VALUES (85, '19204568305', 'Lívia Barros', '1958-06-09', 'B', 'Vila Azevedo, 51', 'Vila São Paulo', 'JIP', 'R');
INSERT INTO condutor (idCadastro, cpf, nome, dataNasc, idCategoriaCNH, endereco, bairro, idCidade, situacaoCNH) VALUES (86, '71642953016', 'Luigi Costela', '1972-10-25', 'B', 'Esplanada de da Rocha, 353', 'Virgínia', 'NMA', 'R');
INSERT INTO condutor (idCadastro, cpf, nome, dataNasc, idCategoriaCNH, endereco, bairro, idCidade, situacaoCNH) VALUES (87, '80756291402', 'Gustavo Henrique Costa', '1944-03-12', 'D', 'Estrada de da Cruz, 4', 'Xodo-Marize', 'DEN', 'R');
INSERT INTO condutor (idCadastro, cpf, nome, dataNasc, idCategoriaCNH, endereco, bairro, idCidade, situacaoCNH) VALUES (88, '38674920500', 'Paulo da Mota', '1956-06-07', 'C', 'Favela Fernandes, 35', 'Vila Ecológica', 'NRA', 'R');
INSERT INTO condutor (idCadastro, cpf, nome, dataNasc, idCategoriaCNH, endereco, bairro, idCidade, situacaoCNH) VALUES (89, '05921476307', 'Luiz Gustavo Duarte', '1950-08-03', 'C', 'Esplanada de Viana, 96', 'Parque São Pedro', 'RPF', 'R');
INSERT INTO condutor (idCadastro, cpf, nome, dataNasc, idCategoriaCNH, endereco, bairro, idCidade, situacaoCNH) VALUES (90, '73560492874', 'Juliana Souza', '1952-08-21', 'D', 'Loteamento de Carvalho, 66', 'Vila Jardim Montanhes', 'MDM', 'R');
INSERT INTO condutor (idCadastro, cpf, nome, dataNasc, idCategoriaCNH, endereco, bairro, idCidade, situacaoCNH) VALUES (91, '64715392828', 'Sra. Brenda Aragão', '1971-06-18', 'A', 'Recanto Vieira, 50', 'Vila Paris', 'OON', 'R');
INSERT INTO condutor (idCadastro, cpf, nome, dataNasc, idCategoriaCNH, endereco, bairro, idCidade, situacaoCNH) VALUES (92, '74902586347', 'Sra. Giovanna Pereira', '1962-08-29', 'E', 'Avenida de Souza, 16', 'Vila Jardim São José', 'CSP', 'R');
INSERT INTO condutor (idCadastro, cpf, nome, dataNasc, idCategoriaCNH, endereco, bairro, idCidade, situacaoCNH) VALUES (93, '49328601703', 'Leandro Porto', '1974-03-23', 'D', 'Estação da Cruz, 20', 'Santa Monica', 'MOS', 'R');
INSERT INTO condutor (idCadastro, cpf, nome, dataNasc, idCategoriaCNH, endereco, bairro, idCidade, situacaoCNH) VALUES (94, '38952401689', 'Henrique das Neves', '2001-04-12', 'C', 'Praia Isabella Caldeira, 71', 'Acaba Mundo', 'RMM', 'R');
INSERT INTO condutor (idCadastro, cpf, nome, dataNasc, idCategoriaCNH, endereco, bairro, idCidade, situacaoCNH) VALUES (95, '10732485690', 'Sra. Valentina Freitas', '1998-09-08', 'D', 'Condomínio Vicente Nunes, 7', 'Centro', 'PIS', 'R');
INSERT INTO condutor (idCadastro, cpf, nome, dataNasc, idCategoriaCNH, endereco, bairro, idCidade, situacaoCNH) VALUES (96, '30876415290', 'Sophia Gonçalves', '1993-05-11', 'B', 'Conjunto Erick da Cruz, 24', 'Mangueiras', 'CDV', 'R');
INSERT INTO condutor (idCadastro, cpf, nome, dataNasc, idCategoriaCNH, endereco, bairro, idCidade, situacaoCNH) VALUES (97, '97382416500', 'Guilherme da Cruz', '1976-09-03', 'A', 'Chácara de das Neves, 11', 'Custodinha', 'VCM', 'R');
INSERT INTO condutor (idCadastro, cpf, nome, dataNasc, idCategoriaCNH, endereco, bairro, idCidade, situacaoCNH) VALUES (98, '16735489209', 'Sra. Luiza da Paz', '1968-06-26', 'E', 'Chácara de Farias, 910', 'Vila Oeste', 'CPA', 'R');
INSERT INTO condutor (idCadastro, cpf, nome, dataNasc, idCategoriaCNH, endereco, bairro, idCidade, situacaoCNH) VALUES (99, '14287350979', 'Pedro Henrique Azevedo', '1992-06-02', 'B', 'Lagoa de Araújo, 90', 'Pompéia', 'NAO', 'R');
INSERT INTO condutor (idCadastro, cpf, nome, dataNasc, idCategoriaCNH, endereco, bairro, idCidade, situacaoCNH) VALUES (100, '52837049638', 'Brenda Oliveira', '1944-09-18', 'D', 'Colônia Danilo Novaes, 93', 'Cidade Nova', 'AMC', 'R');
INSERT INTO condutor (idCadastro, cpf, nome, dataNasc, idCategoriaCNH, endereco, bairro, idCidade, situacaoCNH) VALUES (101, '87054312988', 'Ana Laura da Rosa', '1974-10-07', 'E', 'Travessa Cunha, 194', 'Heliopolis', 'CRD', 'R');
INSERT INTO condutor (idCadastro, cpf, nome, dataNasc, idCategoriaCNH, endereco, bairro, idCidade, situacaoCNH) VALUES (102, '09412635761', 'Juliana Alves', '1955-05-08', 'E', 'Lagoa Araújo, 16', 'Mangueiras', 'CMC', 'R');
INSERT INTO condutor (idCadastro, cpf, nome, dataNasc, idCategoriaCNH, endereco, bairro, idCidade, situacaoCNH) VALUES (103, '16073298595', 'Srta. Nicole Cardoso', '1994-04-27', 'E', 'Viaduto Clarice Duarte, 2', 'Monte São José', 'RSO', 'R');
INSERT INTO condutor (idCadastro, cpf, nome, dataNasc, idCategoriaCNH, endereco, bairro, idCidade, situacaoCNH) VALUES (104, '87329654000', 'Larissa Mendes', '1945-03-17', 'E', 'Vereda Emanuella Silva, 90', 'Cabana Do Pai Tomás', 'FFD', 'R');
INSERT INTO condutor (idCadastro, cpf, nome, dataNasc, idCategoriaCNH, endereco, bairro, idCidade, situacaoCNH) VALUES (105, '82953061703', 'Ana Laura Cunha', '1969-09-24', 'A', 'Colônia da Luz, 75', 'Ápia', 'TAP', 'R');
INSERT INTO condutor (idCadastro, cpf, nome, dataNasc, idCategoriaCNH, endereco, bairro, idCidade, situacaoCNH) VALUES (106, '02348961750', 'Theo Costa', '1960-05-07', 'E', 'Estrada Matheus Rezende', 'Maria Helena', 'ARM', 'R');
INSERT INTO condutor (idCadastro, cpf, nome, dataNasc, idCategoriaCNH, endereco, bairro, idCidade, situacaoCNH) VALUES (107, '09657421802', 'Pedro Alves', '1969-10-16', 'E', 'Esplanada Correia, 93', 'Pindorama', 'AOA', 'R');
INSERT INTO condutor (idCadastro, cpf, nome, dataNasc, idCategoriaCNH, endereco, bairro, idCidade, situacaoCNH) VALUES (108, '52764089120', 'Davi Lucas da Mota', '1971-10-04', 'E', 'Campo Sophie Araújo', 'São Francisco Das Chagas', 'PAP', 'R');
INSERT INTO condutor (idCadastro, cpf, nome, dataNasc, idCategoriaCNH, endereco, bairro, idCidade, situacaoCNH) VALUES (109, '09257316840', 'Cauê Peixoto', '1991-02-28', 'D', 'Área de Azevedo', 'Acaiaca', 'MFA', 'R');
INSERT INTO condutor (idCadastro, cpf, nome, dataNasc, idCategoriaCNH, endereco, bairro, idCidade, situacaoCNH) VALUES (110, '61580347207', 'Luiz Fernando Novaes', '1996-09-19', 'B', 'Fazenda Cavalcanti', 'Colégio Batista', 'CFP', 'R');
INSERT INTO condutor (idCadastro, cpf, nome, dataNasc, idCategoriaCNH, endereco, bairro, idCidade, situacaoCNH) VALUES (111, '28047531662', 'Dra. Giovanna Aragão', '1951-07-10', 'B', 'Ladeira da Cunha, 94', 'São Sebastião', 'LDG', 'R');
INSERT INTO condutor (idCadastro, cpf, nome, dataNasc, idCategoriaCNH, endereco, bairro, idCidade, situacaoCNH) VALUES (112, '32879460565', 'Juan Lima', '1968-08-14', 'B', 'Aeroporto de Martins, 34', 'Cachoeirinha', 'BDP', 'R');
INSERT INTO condutor (idCadastro, cpf, nome, dataNasc, idCategoriaCNH, endereco, bairro, idCidade, situacaoCNH) VALUES (113, '43986102515', 'Fernando da Rosa', '1967-06-04', 'A', 'Praça Nicolas da Luz, 17', 'Dona Clara', 'AEN', 'R');
INSERT INTO condutor (idCadastro, cpf, nome, dataNasc, idCategoriaCNH, endereco, bairro, idCidade, situacaoCNH) VALUES (114, '01639584242', 'Evelyn Gomes', '1990-12-29', 'A', 'Recanto de Alves, 17', 'São Geraldo', 'CPF', 'R');
INSERT INTO condutor (idCadastro, cpf, nome, dataNasc, idCategoriaCNH, endereco, bairro, idCidade, situacaoCNH) VALUES (115, '30517892405', 'Kevin Campos', '1980-08-12', 'D', 'Residencial Calebe Gomes, 78', 'Custodinha', 'ACO', 'R');
INSERT INTO condutor (idCadastro, cpf, nome, dataNasc, idCategoriaCNH, endereco, bairro, idCidade, situacaoCNH) VALUES (116, '05816793420', 'Leandro Pires', '1960-06-22', 'A', 'Setor Stephany Peixoto, 46', 'Lourdes', 'CVO', 'R');
INSERT INTO condutor (idCadastro, cpf, nome, dataNasc, idCategoriaCNH, endereco, bairro, idCidade, situacaoCNH) VALUES (117, '58793204132', 'Dra. Lara da Rosa', '1960-04-09', 'D', 'Praia Moraes, 1', 'Maria Tereza', 'SAC', 'R');
INSERT INTO condutor (idCadastro, cpf, nome, dataNasc, idCategoriaCNH, endereco, bairro, idCidade, situacaoCNH) VALUES (118, '78290356447', 'Ryan Vieira', '1993-08-06', 'C', 'Parque Raquel Novaes, 91', 'Santa Helena', 'RPM', 'R');
INSERT INTO condutor (idCadastro, cpf, nome, dataNasc, idCategoriaCNH, endereco, bairro, idCidade, situacaoCNH) VALUES (119, '09376284500', 'Sr. Vinicius Souza', '1984-01-26', 'A', 'Passarela Alícia Barros, 14', 'Santa Branca', 'MFF', 'R');
INSERT INTO condutor (idCadastro, cpf, nome, dataNasc, idCategoriaCNH, endereco, bairro, idCidade, situacaoCNH) VALUES (120, '69347812013', 'Ana Farias', '1954-08-18', 'B', 'Lagoa Lucas Gabriel Moreira, 57', 'Alto Das Antenas', 'FRC', 'R');
INSERT INTO condutor (idCadastro, cpf, nome, dataNasc, idCategoriaCNH, endereco, bairro, idCidade, situacaoCNH) VALUES (121, '45867209300', 'Miguel Nunes', '1990-08-20', 'C', 'Praça Ribeiro, 4', 'Oeste', 'MPC', 'R');
INSERT INTO condutor (idCadastro, cpf, nome, dataNasc, idCategoriaCNH, endereco, bairro, idCidade, situacaoCNH) VALUES (122, '97504216801', 'Maria Vitória Silveira', '1959-08-17', 'B', 'Parque de da Mota, 47', 'Planalto', 'MOC', 'R');
INSERT INTO condutor (idCadastro, cpf, nome, dataNasc, idCategoriaCNH, endereco, bairro, idCidade, situacaoCNH) VALUES (123, '39706528474', 'Calebe Nunes', '1965-07-13', 'D', 'Praça de Azevedo, 38', 'Vila Piratininga Venda Nova', 'COG', 'R');
INSERT INTO condutor (idCadastro, cpf, nome, dataNasc, idCategoriaCNH, endereco, bairro, idCidade, situacaoCNH) VALUES (124, '97164850267', 'Ana Luiza Souza', '1957-03-27', 'B', 'Condomínio Melo, 28', 'Mangabeiras', 'MRM', 'R');
INSERT INTO condutor (idCadastro, cpf, nome, dataNasc, idCategoriaCNH, endereco, bairro, idCidade, situacaoCNH) VALUES (125, '19257086402', 'Sr. João da Cunha', '1955-09-26', 'E', 'Viaduto de Ribeiro', 'Vila Aeroporto', 'SPG', 'R');
INSERT INTO condutor (idCadastro, cpf, nome, dataNasc, idCategoriaCNH, endereco, bairro, idCidade, situacaoCNH) VALUES (126, '72416835955', 'Gabriela Nunes', '1944-08-29', 'C', 'Viaduto da Cunha, 31', 'Belmonte', 'RNN', 'R');
INSERT INTO condutor (idCadastro, cpf, nome, dataNasc, idCategoriaCNH, endereco, bairro, idCidade, situacaoCNH) VALUES (127, '05149786276', 'Sr. Cauã Cunha', '1967-04-08', 'C', 'Condomínio Nunes, 20', 'Vista Do Sol', 'BAN', 'R');
INSERT INTO condutor (idCadastro, cpf, nome, dataNasc, idCategoriaCNH, endereco, bairro, idCidade, situacaoCNH) VALUES (128, '67235809400', 'Sr. Thales Ramos', '1987-02-05', 'A', 'Morro Rocha', 'Diamante', 'MOA', 'R');
INSERT INTO condutor (idCadastro, cpf, nome, dataNasc, idCategoriaCNH, endereco, bairro, idCidade, situacaoCNH) VALUES (129, '30178654280', 'Lucas Ribeiro', '1988-01-27', 'A', 'Travessa de Monteiro, 8', 'Santa Maria', 'TMP', 'R');
INSERT INTO condutor (idCadastro, cpf, nome, dataNasc, idCategoriaCNH, endereco, bairro, idCidade, situacaoCNH) VALUES (130, '42583709160', 'Murilo Mendes', '1976-01-16', 'C', 'Colônia Barbosa, 97', 'Vila Antena', 'MNP', 'R');
INSERT INTO condutor (idCadastro, cpf, nome, dataNasc, idCategoriaCNH, endereco, bairro, idCidade, situacaoCNH) VALUES (131, '52137894637', 'Maria Sophia da Mota', '1967-07-11', 'D', 'Avenida Diego Farias, 926', 'Maria Tereza', 'LAP', 'R');
INSERT INTO condutor (idCadastro, cpf, nome, dataNasc, idCategoriaCNH, endereco, bairro, idCidade, situacaoCNH) VALUES (132, '14698230551', 'Cecília da Costa', '1964-08-21', 'D', 'Pátio de Fernandes, 38', 'Cenaculo', 'APG', 'R');
INSERT INTO condutor (idCadastro, cpf, nome, dataNasc, idCategoriaCNH, endereco, bairro, idCidade, situacaoCNH) VALUES (133, '20463579143', 'Sra. Luana Souza', '1948-08-04', 'C', 'Via da Costa, 969', 'União', 'SIM', 'R');
INSERT INTO condutor (idCadastro, cpf, nome, dataNasc, idCategoriaCNH, endereco, bairro, idCidade, situacaoCNH) VALUES (134, '16329047561', 'Maria Julia Castro', '1959-09-16', 'B', 'Vila Pinto', 'Taquaril', 'MEO', 'R');
INSERT INTO condutor (idCadastro, cpf, nome, dataNasc, idCategoriaCNH, endereco, bairro, idCidade, situacaoCNH) VALUES (135, '65897013268', 'Dra. Marina Gomes', '1991-11-27', 'C', 'Campo Moraes, 4', 'Nova Esperança', 'NRA', 'R');
INSERT INTO condutor (idCadastro, cpf, nome, dataNasc, idCategoriaCNH, endereco, bairro, idCidade, situacaoCNH) VALUES (136, '43762590800', 'Sra. Maria Nascimento', '1963-11-22', 'B', 'Travessa Mendes, 63', 'Leticia', 'SOS', 'R');
INSERT INTO condutor (idCadastro, cpf, nome, dataNasc, idCategoriaCNH, endereco, bairro, idCidade, situacaoCNH) VALUES (137, '13940678520', 'Ana Sophia Silveira', '1990-05-29', 'E', 'Feira da Rosa, 6', 'Céu Azul', 'SDP', 'R');
INSERT INTO condutor (idCadastro, cpf, nome, dataNasc, idCategoriaCNH, endereco, bairro, idCidade, situacaoCNH) VALUES (138, '36215097470', 'Pedro Miguel da Mata', '1997-06-03', 'C', 'Fazenda Gabriel Santos, 584', 'Tupi B', 'CCM', 'R');
INSERT INTO condutor (idCadastro, cpf, nome, dataNasc, idCategoriaCNH, endereco, bairro, idCidade, situacaoCNH) VALUES (139, '73285169095', 'Vitor Santos', '1958-12-31', 'C', 'Residencial Teixeira, 56', 'Vila Minaslandia', 'FEM', 'R');
INSERT INTO condutor (idCadastro, cpf, nome, dataNasc, idCategoriaCNH, endereco, bairro, idCidade, situacaoCNH) VALUES (140, '30695821415', 'Noah da Cruz', '1969-03-22', 'E', 'Largo da Mata, 49', 'Camargos', 'FGP', 'R');
INSERT INTO condutor (idCadastro, cpf, nome, dataNasc, idCategoriaCNH, endereco, bairro, idCidade, situacaoCNH) VALUES (141, '80165392703', 'Bruno Ferreira', '1955-02-15', 'A', 'Favela de Rocha, 4', 'Cruzeiro', 'VOA', 'R');
INSERT INTO condutor (idCadastro, cpf, nome, dataNasc, idCategoriaCNH, endereco, bairro, idCidade, situacaoCNH) VALUES (142, '40132975823', 'Gabriel Melo', '1974-02-23', 'C', 'Via de Barros', 'Vila Sumaré', 'AIP', 'R');
INSERT INTO condutor (idCadastro, cpf, nome, dataNasc, idCategoriaCNH, endereco, bairro, idCidade, situacaoCNH) VALUES (143, '23947065116', 'Luna Pereira', '1962-10-21', 'A', 'Praça Melo, 179', 'Conjunto Novo Dom Bosco', 'CMO', 'R');
INSERT INTO condutor (idCadastro, cpf, nome, dataNasc, idCategoriaCNH, endereco, bairro, idCidade, situacaoCNH) VALUES (144, '03756298159', 'Joana Aragão', '1988-12-28', 'E', 'Residencial Catarina Lima, 43', 'Minas Brasil', 'AAP', 'R');
INSERT INTO condutor (idCadastro, cpf, nome, dataNasc, idCategoriaCNH, endereco, bairro, idCidade, situacaoCNH) VALUES (145, '23154970860', 'Pedro Miguel Pires', '1985-03-25', 'D', 'Pátio Thomas Melo, 185', 'Floresta', 'SGG', 'R');
INSERT INTO condutor (idCadastro, cpf, nome, dataNasc, idCategoriaCNH, endereco, bairro, idCidade, situacaoCNH) VALUES (146, '32706954116', 'Gabrielly Teixeira', '1978-04-09', 'A', 'Estação Gonçalves, 89', 'São Salvador', 'NAC', 'R');
INSERT INTO condutor (idCadastro, cpf, nome, dataNasc, idCategoriaCNH, endereco, bairro, idCidade, situacaoCNH) VALUES (147, '92351048660', 'Luiza Araújo', '1960-03-27', 'D', 'Viela Joaquim Nascimento, 59', 'Santa Tereza', 'ACO', 'R');
INSERT INTO condutor (idCadastro, cpf, nome, dataNasc, idCategoriaCNH, endereco, bairro, idCidade, situacaoCNH) VALUES (148, '73840591279', 'Srta. Mirella Melo', '1939-01-04', 'E', 'Quadra Campos, 18', 'Confisco', 'CSC', 'R');
INSERT INTO condutor (idCadastro, cpf, nome, dataNasc, idCategoriaCNH, endereco, bairro, idCidade, situacaoCNH) VALUES (149, '35894670292', 'Pedro Miguel da Cunha', '1953-04-16', 'D', 'Colônia de Cunha, 3', 'Delta', 'SAA', 'R');
INSERT INTO condutor (idCadastro, cpf, nome, dataNasc, idCategoriaCNH, endereco, bairro, idCidade, situacaoCNH) VALUES (150, '68395201702', 'Brenda Farias', '1949-01-07', 'C', 'Residencial de Teixeira, 94', 'Serra', 'MVV', 'R');
INSERT INTO condutor (idCadastro, cpf, nome, dataNasc, idCategoriaCNH, endereco, bairro, idCidade, situacaoCNH) VALUES (151, '12634597061', 'Sr. Gustavo Sales', '1991-04-19', 'A', 'Sítio Farias, 60', 'Canadá', 'SES', 'R');
INSERT INTO condutor (idCadastro, cpf, nome, dataNasc, idCategoriaCNH, endereco, bairro, idCidade, situacaoCNH) VALUES (152, '37481695075', 'Leonardo Ramos', '1939-12-07', 'D', 'Residencial Dias, 8', 'Conjunto Jardim Filadélfia', 'BVA', 'R');
INSERT INTO condutor (idCadastro, cpf, nome, dataNasc, idCategoriaCNH, endereco, bairro, idCidade, situacaoCNH) VALUES (153, '38920165777', 'Dr. Pedro Miguel Araújo', '1975-10-13', 'B', 'Via Novaes, 26', 'Jardim Atlântico', 'RFF', 'R');
INSERT INTO condutor (idCadastro, cpf, nome, dataNasc, idCategoriaCNH, endereco, bairro, idCidade, situacaoCNH) VALUES (154, '15287640994', 'Srta. Sophia Ribeiro', '1962-02-13', 'E', 'Favela de da Rosa, 3', 'São João', 'NVP', 'R');
INSERT INTO condutor (idCadastro, cpf, nome, dataNasc, idCategoriaCNH, endereco, bairro, idCidade, situacaoCNH) VALUES (155, '31469872013', 'Srta. Valentina Freitas', '2000-05-01', 'C', 'Trecho Marcos Vinicius Porto, 85', 'Monte São José', 'PEV', 'R');
INSERT INTO condutor (idCadastro, cpf, nome, dataNasc, idCategoriaCNH, endereco, bairro, idCidade, situacaoCNH) VALUES (156, '65108497202', 'Murilo Campos', '1980-03-17', 'B', 'Estrada de Barbosa, 6', 'Santa Tereza', 'SVP', 'R');
INSERT INTO condutor (idCadastro, cpf, nome, dataNasc, idCategoriaCNH, endereco, bairro, idCidade, situacaoCNH) VALUES (157, '59784162067', 'Nicolas Fernandes', '1947-08-28', 'B', 'Pátio Vieira, 1', 'Universitário', 'RFF', 'R');
INSERT INTO condutor (idCadastro, cpf, nome, dataNasc, idCategoriaCNH, endereco, bairro, idCidade, situacaoCNH) VALUES (158, '32510469851', 'Arthur Barros', '1972-08-08', 'B', 'Trevo Cunha, 7', 'Itatiaia', 'RMM', 'R');
INSERT INTO condutor (idCadastro, cpf, nome, dataNasc, idCategoriaCNH, endereco, bairro, idCidade, situacaoCNH) VALUES (159, '94583762119', 'Dra. Lívia Barros', '1938-12-28', 'E', 'Distrito de Porto, 22', 'Novo São Lucas', 'MCP', 'R');
INSERT INTO condutor (idCadastro, cpf, nome, dataNasc, idCategoriaCNH, endereco, bairro, idCidade, situacaoCNH) VALUES (160, '12687593419', 'Gabriel Correia', '1999-01-10', 'B', 'Feira Porto, 5', 'Beira Linha', 'SNG', 'R');
INSERT INTO condutor (idCadastro, cpf, nome, dataNasc, idCategoriaCNH, endereco, bairro, idCidade, situacaoCNH) VALUES (161, '70259631434', 'Levi Silva', '1953-08-28', 'E', 'Pátio Amanda Nogueira, 69', 'Rio Branco', 'JIP', 'R');
INSERT INTO condutor (idCadastro, cpf, nome, dataNasc, idCategoriaCNH, endereco, bairro, idCidade, situacaoCNH) VALUES (162, '32186795400', 'Isaac Dias', '1956-09-22', 'B', 'Rua Davi Lucas da Mata, 1', 'Manacas', 'MDP', 'R');
INSERT INTO condutor (idCadastro, cpf, nome, dataNasc, idCategoriaCNH, endereco, bairro, idCidade, situacaoCNH) VALUES (163, '15036498224', 'Heitor Silveira', '1942-06-22', 'C', 'Distrito de Moura, 14', 'Garças', 'PRP', 'R');
INSERT INTO condutor (idCadastro, cpf, nome, dataNasc, idCategoriaCNH, endereco, bairro, idCidade, situacaoCNH) VALUES (164, '08963715493', 'Dr. Benjamin da Cunha', '1942-09-29', 'E', 'Lago Renan Nascimento, 61', 'Novo Glória', 'CGG', 'R');
INSERT INTO condutor (idCadastro, cpf, nome, dataNasc, idCategoriaCNH, endereco, bairro, idCidade, situacaoCNH) VALUES (165, '85406913298', 'Enrico Monteiro', '1955-08-09', 'B', 'Praça de da Paz, 7', 'Confisco', 'MAC', 'R');
INSERT INTO condutor (idCadastro, cpf, nome, dataNasc, idCategoriaCNH, endereco, bairro, idCidade, situacaoCNH) VALUES (166, '92637548029', 'Diego Barbosa', '1996-03-15', 'E', 'Praia de Jesus, 9', 'Itatiaia', 'RMM', 'R');
INSERT INTO condutor (idCadastro, cpf, nome, dataNasc, idCategoriaCNH, endereco, bairro, idCidade, situacaoCNH) VALUES (167, '65423187044', 'Clarice Silva', '1960-11-29', 'D', 'Loteamento Cunha, 2', 'Salgado Filho', 'GDV', 'R');
INSERT INTO condutor (idCadastro, cpf, nome, dataNasc, idCategoriaCNH, endereco, bairro, idCidade, situacaoCNH) VALUES (168, '91468702530', 'Rafaela Fernandes', '1940-10-21', 'D', 'Estação de Nascimento, 36', 'Indaiá', 'BOM', 'R');
INSERT INTO condutor (idCadastro, cpf, nome, dataNasc, idCategoriaCNH, endereco, bairro, idCidade, situacaoCNH) VALUES (169, '06473958193', 'Dr. Samuel da Costa', '1981-09-05', 'E', 'Distrito Letícia Pinto, 3', 'Candelaria', 'RVC', 'R');
INSERT INTO condutor (idCadastro, cpf, nome, dataNasc, idCategoriaCNH, endereco, bairro, idCidade, situacaoCNH) VALUES (170, '03184526771', 'Theo Fernandes', '1948-01-29', 'D', 'Recanto de Porto', 'Jonas Veiga', 'PMC', 'R');
INSERT INTO condutor (idCadastro, cpf, nome, dataNasc, idCategoriaCNH, endereco, bairro, idCidade, situacaoCNH) VALUES (171, '60912734507', 'Laura Ribeiro', '1983-04-06', 'C', 'Rua Laura Nogueira, 7', 'Vila Da Ária', 'MMD', 'R');
INSERT INTO condutor (idCadastro, cpf, nome, dataNasc, idCategoriaCNH, endereco, bairro, idCidade, situacaoCNH) VALUES (172, '06357148920', 'Dr. Pedro Henrique Lima', '1975-10-01', 'E', 'Quadra Luiza Vieira, 3', 'Campo Alegre', 'ARG', 'R');
INSERT INTO condutor (idCadastro, cpf, nome, dataNasc, idCategoriaCNH, endereco, bairro, idCidade, situacaoCNH) VALUES (173, '62019847396', 'Ana Carolina Martins', '1987-12-04', 'D', 'Morro Moreira, 468', 'Horto', 'PSM', 'R');
INSERT INTO condutor (idCadastro, cpf, nome, dataNasc, idCategoriaCNH, endereco, bairro, idCidade, situacaoCNH) VALUES (174, '73025698195', 'Paulo Porto', '2001-05-24', 'D', 'Residencial Vieira, 93', 'Vila Santo Antônio', 'FEO', 'R');
INSERT INTO condutor (idCadastro, cpf, nome, dataNasc, idCategoriaCNH, endereco, bairro, idCidade, situacaoCNH) VALUES (175, '24508937179', 'Lara da Mata', '1987-04-04', 'B', 'Favela Elisa Duarte, 6', 'Alto Das Antenas', 'SIA', 'R');
INSERT INTO condutor (idCadastro, cpf, nome, dataNasc, idCategoriaCNH, endereco, bairro, idCidade, situacaoCNH) VALUES (176, '61509284702', 'Sr. Igor Costela', '1987-08-21', 'E', 'Via de Silva, 163', 'Alto Barroca', 'COF', 'R');
INSERT INTO condutor (idCadastro, cpf, nome, dataNasc, idCategoriaCNH, endereco, bairro, idCidade, situacaoCNH) VALUES (177, '61528437071', 'Anthony Oliveira', '1945-10-04', 'B', 'Avenida de da Mata', 'Conjunto Floramar', 'LMC', 'R');
INSERT INTO condutor (idCadastro, cpf, nome, dataNasc, idCategoriaCNH, endereco, bairro, idCidade, situacaoCNH) VALUES (178, '80752961411', 'Ana Luiza da Mota', '1958-09-26', 'D', 'Via Bárbara Jesus', 'Carlos Prates', 'AMM', 'R');
INSERT INTO condutor (idCadastro, cpf, nome, dataNasc, idCategoriaCNH, endereco, bairro, idCidade, situacaoCNH) VALUES (179, '71509643206', 'Camila da Conceição', '1944-04-29', 'A', 'Setor de da Rocha, 9', 'Vila Paquetá', 'TDV', 'R');
INSERT INTO condutor (idCadastro, cpf, nome, dataNasc, idCategoriaCNH, endereco, bairro, idCidade, situacaoCNH) VALUES (180, '51609837401', 'Vinicius da Mata', '1963-10-19', 'C', 'Setor de Monteiro, 51', 'Serra', 'MVV', 'R');
INSERT INTO condutor (idCadastro, cpf, nome, dataNasc, idCategoriaCNH, endereco, bairro, idCidade, situacaoCNH) VALUES (181, '34069251898', 'Bruno Oliveira', '1977-09-16', 'B', 'Distrito Barros, 95', 'Serra Verde', 'FNM', 'R');
INSERT INTO condutor (idCadastro, cpf, nome, dataNasc, idCategoriaCNH, endereco, bairro, idCidade, situacaoCNH) VALUES (182, '25107948685', 'Dra. Natália Carvalho', '1942-06-16', 'C', 'Viaduto de Cavalcanti', 'Vila Olhos Dágua', 'NVN', 'R');
INSERT INTO condutor (idCadastro, cpf, nome, dataNasc, idCategoriaCNH, endereco, bairro, idCidade, situacaoCNH) VALUES (183, '94352067865', 'Gabriela Moraes', '1994-07-12', 'B', 'Ladeira Ferreira, 28', 'Novo Glória', 'TDV', 'R');
INSERT INTO condutor (idCadastro, cpf, nome, dataNasc, idCategoriaCNH, endereco, bairro, idCidade, situacaoCNH) VALUES (184, '82094153797', 'Felipe da Cunha', '1962-07-07', 'B', 'Condomínio de Almeida', 'Novo Glória', 'VSN', 'R');
INSERT INTO condutor (idCadastro, cpf, nome, dataNasc, idCategoriaCNH, endereco, bairro, idCidade, situacaoCNH) VALUES (185, '02437965874', 'Sr. Danilo Cardoso', '1982-08-18', 'C', 'Favela de Gomes, 43', 'Padre Eustáquio', 'MGS', 'R');
INSERT INTO condutor (idCadastro, cpf, nome, dataNasc, idCategoriaCNH, endereco, bairro, idCidade, situacaoCNH) VALUES (186, '60475193261', 'Melissa Melo', '1956-05-04', 'E', 'Ladeira Azevedo, 16', 'Rio Branco', 'FDG', 'R');
INSERT INTO condutor (idCadastro, cpf, nome, dataNasc, idCategoriaCNH, endereco, bairro, idCidade, situacaoCNH) VALUES (187, '54129673025', 'Maitê Peixoto', '1993-11-29', 'B', 'Núcleo Maitê Oliveira, 25', 'Tiradentes', 'RNN', 'R');
INSERT INTO condutor (idCadastro, cpf, nome, dataNasc, idCategoriaCNH, endereco, bairro, idCidade, situacaoCNH) VALUES (188, '25436078974', 'Cauê Alves', '1991-12-27', 'E', 'Praça Fernandes, 44', 'Vila Fumec', 'SEP', 'R');
INSERT INTO condutor (idCadastro, cpf, nome, dataNasc, idCategoriaCNH, endereco, bairro, idCidade, situacaoCNH) VALUES (189, '89765310439', 'João Felipe da Paz', '1987-10-28', 'E', 'Área Fernandes, 7', 'Mangabeiras', 'MRM', 'R');
INSERT INTO condutor (idCadastro, cpf, nome, dataNasc, idCategoriaCNH, endereco, bairro, idCidade, situacaoCNH) VALUES (190, '12857609485', 'Matheus da Mata', '1985-10-30', 'B', 'Vereda de Duarte', 'Mirtes', 'CCM', 'R');
INSERT INTO condutor (idCadastro, cpf, nome, dataNasc, idCategoriaCNH, endereco, bairro, idCidade, situacaoCNH) VALUES (191, '02157948341', 'Dr. Kaique da Cunha', '1999-10-21', 'D', 'Distrito Campos, 85', 'Candelaria', 'CAP', 'R');
INSERT INTO condutor (idCadastro, cpf, nome, dataNasc, idCategoriaCNH, endereco, bairro, idCidade, situacaoCNH) VALUES (192, '54823706153', 'Emanuelly Aragão', '1957-05-14', 'D', 'Lago Ribeiro, 38', 'Santa Tereza', 'SVP', 'R');
INSERT INTO condutor (idCadastro, cpf, nome, dataNasc, idCategoriaCNH, endereco, bairro, idCidade, situacaoCNH) VALUES (193, '74980651267', 'Lucas Correia', '1958-11-28', 'B', 'Colônia de Martins, 53', 'Pousada Santo Antonio', 'AMM', 'R');
INSERT INTO condutor (idCadastro, cpf, nome, dataNasc, idCategoriaCNH, endereco, bairro, idCidade, situacaoCNH) VALUES (194, '57210946802', 'Isabel Martins', '1998-01-18', 'C', 'Praia Souza, 74', 'Jaraguá', 'LLG', 'R');
INSERT INTO condutor (idCadastro, cpf, nome, dataNasc, idCategoriaCNH, endereco, bairro, idCidade, situacaoCNH) VALUES (195, '15327048950', 'Emanuella Campos', '1999-04-29', 'E', 'Viaduto Isabel Nunes, 82', 'Boa Vista', 'ANG', 'R');
INSERT INTO condutor (idCadastro, cpf, nome, dataNasc, idCategoriaCNH, endereco, bairro, idCidade, situacaoCNH) VALUES (196, '28159076401', 'Lorena Cardoso', '1960-03-27', 'B', 'Ladeira de Pereira, 4', 'São João Batista', 'RCM', 'R');
INSERT INTO condutor (idCadastro, cpf, nome, dataNasc, idCategoriaCNH, endereco, bairro, idCidade, situacaoCNH) VALUES (197, '19637802487', 'Lucas Azevedo', '1957-05-13', 'E', 'Largo Castro, 61', 'Jardim Atlântico', 'MDP', 'R');
INSERT INTO condutor (idCadastro, cpf, nome, dataNasc, idCategoriaCNH, endereco, bairro, idCidade, situacaoCNH) VALUES (198, '87216043553', 'Isabella Vieira', '1939-10-18', 'B', 'Largo Maitê Sales, 34', 'Marilandia', 'SGG', 'R');
INSERT INTO condutor (idCadastro, cpf, nome, dataNasc, idCategoriaCNH, endereco, bairro, idCidade, situacaoCNH) VALUES (199, '07926481530', 'Sophia Caldeira', '1975-04-28', 'B', 'Ladeira de Souza, 49', 'Vila Maria', 'MGS', 'R');
INSERT INTO condutor (idCadastro, cpf, nome, dataNasc, idCategoriaCNH, endereco, bairro, idCidade, situacaoCNH) VALUES (200, '50623981777', 'Natália Costa', '1941-07-05', 'B', 'Parque Lima, 32', 'Vila Suzana Segunda Seção', 'ANP', 'R');
INSERT INTO condutor (idCadastro, cpf, nome, dataNasc, idCategoriaCNH, endereco, bairro, idCidade, situacaoCNH) VALUES (201, '36241950851', 'Leonardo Nunes', '1957-01-08', 'D', 'Passarela Davi Vieira, 9', 'Vila Sumaré', 'AIP', 'R');
INSERT INTO condutor (idCadastro, cpf, nome, dataNasc, idCategoriaCNH, endereco, bairro, idCidade, situacaoCNH) VALUES (202, '34915820670', 'Maria Clara da Mata', '2000-05-03', 'B', 'Trecho Giovanna Fogaça, 35', 'Vila Santo Antônio', 'CSP', 'R');
INSERT INTO condutor (idCadastro, cpf, nome, dataNasc, idCategoriaCNH, endereco, bairro, idCidade, situacaoCNH) VALUES (203, '82041376996', 'Anthony Cavalcanti', '1955-02-19', 'C', 'Feira de Cavalcanti, 897', 'Braúnas', 'ASO', 'R');
INSERT INTO condutor (idCadastro, cpf, nome, dataNasc, idCategoriaCNH, endereco, bairro, idCidade, situacaoCNH) VALUES (204, '69104723570', 'Luana Fernandes', '1955-08-02', 'D', 'Recanto de Cardoso, 28', 'Eymard', 'PDP', 'R');
INSERT INTO condutor (idCadastro, cpf, nome, dataNasc, idCategoriaCNH, endereco, bairro, idCidade, situacaoCNH) VALUES (205, '64520389151', 'Stephany da Paz', '1954-07-17', 'C', 'Rua de Cavalcanti, 23', 'Canaa', 'ACO', 'R');
INSERT INTO condutor (idCadastro, cpf, nome, dataNasc, idCategoriaCNH, endereco, bairro, idCidade, situacaoCNH) VALUES (206, '50478619294', 'Helena Nunes', '1982-05-20', 'A', 'Sítio Nicole Nascimento, 9', 'Laranjeiras', 'FPC', 'R');
INSERT INTO condutor (idCadastro, cpf, nome, dataNasc, idCategoriaCNH, endereco, bairro, idCidade, situacaoCNH) VALUES (207, '58236197409', 'Dr. Otávio Aragão', '1985-04-02', 'B', 'Viaduto Sales, 41', 'Conjunto Lagoa', 'CUG', 'R');
INSERT INTO condutor (idCadastro, cpf, nome, dataNasc, idCategoriaCNH, endereco, bairro, idCidade, situacaoCNH) VALUES (208, '62517498300', 'Alice Monteiro', '1943-07-06', 'D', 'Área da Costa, 718', 'Conjunto Lagoa', 'FGA', 'R');
INSERT INTO condutor (idCadastro, cpf, nome, dataNasc, idCategoriaCNH, endereco, bairro, idCidade, situacaoCNH) VALUES (209, '93510482689', 'Sofia Rezende', '1951-02-01', 'A', 'Vila de Santos, 449', 'Santana Do Cafezal', 'CPM', 'R');
INSERT INTO condutor (idCadastro, cpf, nome, dataNasc, idCategoriaCNH, endereco, bairro, idCidade, situacaoCNH) VALUES (210, '87310264940', 'Luiz Felipe da Rosa', '1969-08-02', 'A', 'Distrito Viana, 39', 'Vila São Dimas', 'CON', 'R');
INSERT INTO condutor (idCadastro, cpf, nome, dataNasc, idCategoriaCNH, endereco, bairro, idCidade, situacaoCNH) VALUES (211, '50132647907', 'Rodrigo Fogaça', '1964-07-23', 'B', 'Distrito de Sales, 58', 'Vila Inestan', 'VIO', 'R');
INSERT INTO condutor (idCadastro, cpf, nome, dataNasc, idCategoriaCNH, endereco, bairro, idCidade, situacaoCNH) VALUES (212, '49785312682', 'Srta. Isabel Araújo', '1983-04-29', 'D', 'Vale Nunes, 953', 'Vila De Sá', 'MEO', 'R');
INSERT INTO condutor (idCadastro, cpf, nome, dataNasc, idCategoriaCNH, endereco, bairro, idCidade, situacaoCNH) VALUES (213, '08796132469', 'Sr. Ian Melo', '1978-10-22', 'A', 'Praça de Novaes, 73', 'Funcionários', 'LGC', 'R');
INSERT INTO condutor (idCadastro, cpf, nome, dataNasc, idCategoriaCNH, endereco, bairro, idCidade, situacaoCNH) VALUES (214, '40327168978', 'Lívia Oliveira', '1984-05-07', 'B', 'Avenida de Souza, 1', 'Pousada Santo Antonio', 'FMP', 'R');
INSERT INTO condutor (idCadastro, cpf, nome, dataNasc, idCategoriaCNH, endereco, bairro, idCidade, situacaoCNH) VALUES (215, '01523769840', 'Sr. Kaique Lima', '1988-11-25', 'B', 'Favela Clarice Porto, 14', 'Marçola', 'MPP', 'R');
INSERT INTO condutor (idCadastro, cpf, nome, dataNasc, idCategoriaCNH, endereco, bairro, idCidade, situacaoCNH) VALUES (216, '87219403550', 'Dr. Alexandre Martins', '1996-04-22', 'D', 'Núcleo Miguel Ramos, 8', 'Aeroporto', 'DSP', 'R');
INSERT INTO condutor (idCadastro, cpf, nome, dataNasc, idCategoriaCNH, endereco, bairro, idCidade, situacaoCNH) VALUES (217, '34190276804', 'Ana das Neves', '1971-10-03', 'A', 'Praça Eloah Barros, 20', 'Conjunto Serra Verde', 'GOG', 'R');
INSERT INTO condutor (idCadastro, cpf, nome, dataNasc, idCategoriaCNH, endereco, bairro, idCidade, situacaoCNH) VALUES (218, '07215843904', 'João Pedro Ribeiro', '1997-05-05', 'D', 'Vila de da Mata, 5', 'Pongelupe', 'RPM', 'R');
INSERT INTO condutor (idCadastro, cpf, nome, dataNasc, idCategoriaCNH, endereco, bairro, idCidade, situacaoCNH) VALUES (219, '89652317012', 'Giovanna Campos', '1953-07-04', 'D', 'Lagoa Catarina Dias, 95', 'Santana Do Cafezal', 'GMM', 'R');
INSERT INTO condutor (idCadastro, cpf, nome, dataNasc, idCategoriaCNH, endereco, bairro, idCidade, situacaoCNH) VALUES (220, '95428370114', 'Luiz Miguel Rodrigues', '1973-08-27', 'B', 'Aeroporto de Santos, 93', 'Beija Flor', 'FVP', 'R');
INSERT INTO condutor (idCadastro, cpf, nome, dataNasc, idCategoriaCNH, endereco, bairro, idCidade, situacaoCNH) VALUES (221, '78914563219', 'Clarice Martins', '1942-05-09', 'A', 'Vale de Farias', 'Jardim Vitoria', 'NAP', 'R');
INSERT INTO condutor (idCadastro, cpf, nome, dataNasc, idCategoriaCNH, endereco, bairro, idCidade, situacaoCNH) VALUES (222, '25380467938', 'Gabrielly Barbosa', '1966-01-24', 'C', 'Rua Lopes, 37', 'Parque São José', 'VCM', 'R');
INSERT INTO condutor (idCadastro, cpf, nome, dataNasc, idCategoriaCNH, endereco, bairro, idCidade, situacaoCNH) VALUES (223, '85719632077', 'Otávio Costela', '1970-04-21', 'D', 'Vale de da Rocha, 7', 'Vila Real 2ª Seção', 'MSD', 'R');
INSERT INTO condutor (idCadastro, cpf, nome, dataNasc, idCategoriaCNH, endereco, bairro, idCidade, situacaoCNH) VALUES (224, '32047518644', 'Felipe Lopes', '1964-02-27', 'D', 'Recanto de Aragão, 8', 'Aarão Reis', 'AAM', 'R');
INSERT INTO condutor (idCadastro, cpf, nome, dataNasc, idCategoriaCNH, endereco, bairro, idCidade, situacaoCNH) VALUES (225, '30297415832', 'Ana Julia Jesus', '1993-06-18', 'C', 'Sítio Rafaela Castro, 532', 'Itapoa', 'PSV', 'R');
INSERT INTO condutor (idCadastro, cpf, nome, dataNasc, idCategoriaCNH, endereco, bairro, idCidade, situacaoCNH) VALUES (226, '34716825035', 'Luiz Felipe Cardoso', '1973-07-21', 'E', 'Via da Costa, 546', 'Vila Primeiro De Maio', 'MLP', 'R');
INSERT INTO condutor (idCadastro, cpf, nome, dataNasc, idCategoriaCNH, endereco, bairro, idCidade, situacaoCNH) VALUES (227, '62894370113', 'João Lucas Lima', '1982-12-11', 'D', 'Loteamento de Alves, 66', 'Conjunto Floramar', 'CNM', 'R');
INSERT INTO condutor (idCadastro, cpf, nome, dataNasc, idCategoriaCNH, endereco, bairro, idCidade, situacaoCNH) VALUES (228, '80462735117', 'Bárbara Ferreira', '1988-07-15', 'E', 'Fazenda Rodrigo Viana, 9', 'Vila Sesc', 'CPA', 'R');
INSERT INTO condutor (idCadastro, cpf, nome, dataNasc, idCategoriaCNH, endereco, bairro, idCidade, situacaoCNH) VALUES (229, '68174390510', 'João Guilherme Nunes', '1948-12-28', 'B', 'Travessa Maitê Duarte, 76', 'Vila Suzana Segunda Seção', 'MCP', 'R');
INSERT INTO condutor (idCadastro, cpf, nome, dataNasc, idCategoriaCNH, endereco, bairro, idCidade, situacaoCNH) VALUES (230, '05618973286', 'Agatha Barbosa', '1984-10-05', 'E', 'Via Maria Alice Moreira', 'Dom Cabral', 'OEN', 'R');
INSERT INTO condutor (idCadastro, cpf, nome, dataNasc, idCategoriaCNH, endereco, bairro, idCidade, situacaoCNH) VALUES (231, '27586930112', 'Maria Luiza da Cunha', '1976-10-05', 'D', 'Via de Mendes, 85', 'Vila Antena', 'FNM', 'R');
INSERT INTO condutor (idCadastro, cpf, nome, dataNasc, idCategoriaCNH, endereco, bairro, idCidade, situacaoCNH) VALUES (232, '64871950301', 'Emilly Viana', '1970-12-31', 'D', 'Lagoa de Ferreira', 'Outro', 'GCC', 'R');
INSERT INTO condutor (idCadastro, cpf, nome, dataNasc, idCategoriaCNH, endereco, bairro, idCidade, situacaoCNH) VALUES (233, '90154786357', 'Alexia Cardoso', '1986-05-14', 'C', 'Ladeira de Silveira, 2', 'Taquaril', 'MEO', 'R');
INSERT INTO condutor (idCadastro, cpf, nome, dataNasc, idCategoriaCNH, endereco, bairro, idCidade, situacaoCNH) VALUES (234, '29603541761', 'Paulo Araújo', '1956-05-21', 'B', 'Travessa Teixeira, 5', 'Xodo-Marize', 'NAP', 'R');
INSERT INTO condutor (idCadastro, cpf, nome, dataNasc, idCategoriaCNH, endereco, bairro, idCidade, situacaoCNH) VALUES (235, '30647251906', 'Dr. Gustavo Henrique Lopes', '1992-12-12', 'B', 'Condomínio de Costela, 79', 'Vila Santa Monica 2ª Seção', 'AAV', 'R');
INSERT INTO condutor (idCadastro, cpf, nome, dataNasc, idCategoriaCNH, endereco, bairro, idCidade, situacaoCNH) VALUES (236, '68031724903', 'Rodrigo Correia', '1970-05-20', 'A', 'Rua Rocha, 15', 'Horto', 'CRN', 'R');
INSERT INTO condutor (idCadastro, cpf, nome, dataNasc, idCategoriaCNH, endereco, bairro, idCidade, situacaoCNH) VALUES (237, '42350698106', 'Dra. Sabrina Moreira', '1969-01-05', 'A', 'Condomínio de Correia, 88', 'Distrito Industrial Do Jatoba', 'DVV', 'R');
INSERT INTO condutor (idCadastro, cpf, nome, dataNasc, idCategoriaCNH, endereco, bairro, idCidade, situacaoCNH) VALUES (238, '06894152306', 'Matheus Costela', '1947-11-18', 'C', 'Esplanada de Mendes, 6', 'Cdi Jatoba', 'CCS', 'R');
INSERT INTO condutor (idCadastro, cpf, nome, dataNasc, idCategoriaCNH, endereco, bairro, idCidade, situacaoCNH) VALUES (239, '20859137686', 'Isabella Carvalho', '1952-01-17', 'B', 'Vila de Rezende', 'Céu Azul', 'LGC', 'R');
INSERT INTO condutor (idCadastro, cpf, nome, dataNasc, idCategoriaCNH, endereco, bairro, idCidade, situacaoCNH) VALUES (240, '35721869437', 'Julia da Rocha', '1988-01-05', 'B', 'Feira Costela', 'Vila Nova', 'GSP', 'R');
INSERT INTO condutor (idCadastro, cpf, nome, dataNasc, idCategoriaCNH, endereco, bairro, idCidade, situacaoCNH) VALUES (241, '23186479509', 'Clarice Rocha', '1987-11-08', 'B', 'Aeroporto Fernandes, 778', 'Leticia', 'MFA', 'R');
INSERT INTO condutor (idCadastro, cpf, nome, dataNasc, idCategoriaCNH, endereco, bairro, idCidade, situacaoCNH) VALUES (242, '21984705350', 'Catarina Oliveira', '1972-07-02', 'B', 'Loteamento Agatha Araújo, 6', 'Custodinha', 'PMS', 'R');
INSERT INTO condutor (idCadastro, cpf, nome, dataNasc, idCategoriaCNH, endereco, bairro, idCidade, situacaoCNH) VALUES (243, '23078459179', 'Breno Campos', '1961-06-24', 'C', 'Residencial Pires', 'João Paulo Ii', 'CSS', 'R');
INSERT INTO condutor (idCadastro, cpf, nome, dataNasc, idCategoriaCNH, endereco, bairro, idCidade, situacaoCNH) VALUES (244, '15692370859', 'Francisco Souza', '1965-11-03', 'E', 'Rodovia Letícia Rocha, 16', 'Juliana', 'JOP', 'R');
INSERT INTO condutor (idCadastro, cpf, nome, dataNasc, idCategoriaCNH, endereco, bairro, idCidade, situacaoCNH) VALUES (245, '21847063969', 'Maria Julia da Luz', '1968-10-07', 'A', 'Pátio Jesus, 9', 'Oeste', 'MPC', 'R');
INSERT INTO condutor (idCadastro, cpf, nome, dataNasc, idCategoriaCNH, endereco, bairro, idCidade, situacaoCNH) VALUES (246, '06325948106', 'Rebeca Gomes', '1992-11-19', 'B', 'Vale Moreira, 9', 'Conjunto Jardim Filadélfia', 'BVA', 'R');
INSERT INTO condutor (idCadastro, cpf, nome, dataNasc, idCategoriaCNH, endereco, bairro, idCidade, situacaoCNH) VALUES (247, '94621780549', 'Luiz Henrique Dias', '1981-08-07', 'B', 'Alameda Emilly Fogaça, 5', 'Vila Olhos Dágua', 'RPN', 'R');
INSERT INTO condutor (idCadastro, cpf, nome, dataNasc, idCategoriaCNH, endereco, bairro, idCidade, situacaoCNH) VALUES (248, '42183790504', 'Diego da Rocha', '1975-01-12', 'D', 'Residencial da Mota, 84', 'Conjunto Bonsucesso', 'PEP', 'R');
INSERT INTO condutor (idCadastro, cpf, nome, dataNasc, idCategoriaCNH, endereco, bairro, idCidade, situacaoCNH) VALUES (249, '14352870960', 'Isabella Sales', '1952-08-02', 'D', 'Lago de Peixoto, 2', 'Santa Branca', 'PTP', 'R');
INSERT INTO condutor (idCadastro, cpf, nome, dataNasc, idCategoriaCNH, endereco, bairro, idCidade, situacaoCNH) VALUES (250, '24593187664', 'Dra. Sofia Cunha', '1969-04-27', 'D', 'Esplanada Augusto Ferreira, 50', 'Novo Das Industrias', 'SMP', 'R');
INSERT INTO condutor (idCadastro, cpf, nome, dataNasc, idCategoriaCNH, endereco, bairro, idCidade, situacaoCNH) VALUES (251, '28754916364', 'Dra. Bianca da Cunha', '2001-01-18', 'E', 'Ladeira Eloah Fogaça, 41', 'Vista Do Sol', 'NMP', 'R');
INSERT INTO condutor (idCadastro, cpf, nome, dataNasc, idCategoriaCNH, endereco, bairro, idCidade, situacaoCNH) VALUES (252, '93208765410', 'Theo Azevedo', '1954-11-23', 'C', 'Ladeira Heloísa Mendes, 421', 'Mala E Cuia', 'SOP', 'R');
INSERT INTO condutor (idCadastro, cpf, nome, dataNasc, idCategoriaCNH, endereco, bairro, idCidade, situacaoCNH) VALUES (253, '07683491500', 'Anthony Teixeira', '1956-07-09', 'B', 'Favela de Pereira, 36', 'Jardim Guanabara', 'MFN', 'R');
INSERT INTO condutor (idCadastro, cpf, nome, dataNasc, idCategoriaCNH, endereco, bairro, idCidade, situacaoCNH) VALUES (254, '49201758332', 'Ryan da Luz', '1995-02-16', 'D', 'Passarela Alves, 30', 'Jardim Felicidade', 'MCA', 'R');
INSERT INTO condutor (idCadastro, cpf, nome, dataNasc, idCategoriaCNH, endereco, bairro, idCidade, situacaoCNH) VALUES (255, '12683950721', 'Ryan Monteiro', '1950-11-14', 'C', 'Vila Gabriela Teixeira, 320', 'Vila Primeiro De Maio', 'ACO', 'R');
INSERT INTO condutor (idCadastro, cpf, nome, dataNasc, idCategoriaCNH, endereco, bairro, idCidade, situacaoCNH) VALUES (256, '86407915201', 'Dr. Luiz Otávio da Mota', '1948-05-31', 'A', 'Viaduto de Cardoso, 20', 'Vila Olhos Dágua', 'RPN', 'R');
INSERT INTO condutor (idCadastro, cpf, nome, dataNasc, idCategoriaCNH, endereco, bairro, idCidade, situacaoCNH) VALUES (257, '62845791011', 'Kamilly Ribeiro', '1971-11-30', 'E', 'Campo Thomas Azevedo, 7', 'Olhos Dágua', 'PLM', 'R');
INSERT INTO condutor (idCadastro, cpf, nome, dataNasc, idCategoriaCNH, endereco, bairro, idCidade, situacaoCNH) VALUES (258, '61824095333', 'Juan da Luz', '1996-04-20', 'B', 'Rodovia de Lopes, 725', 'São Gabriel', 'LGO', 'R');
INSERT INTO condutor (idCadastro, cpf, nome, dataNasc, idCategoriaCNH, endereco, bairro, idCidade, situacaoCNH) VALUES (259, '32174058979', 'Luiz Felipe Teixeira', '1968-04-13', 'A', 'Travessa de Cunha', 'Manacas', 'GDA', 'R');
INSERT INTO condutor (idCadastro, cpf, nome, dataNasc, idCategoriaCNH, endereco, bairro, idCidade, situacaoCNH) VALUES (260, '51273984005', 'Ana Sophia Nogueira', '1982-05-26', 'E', 'Chácara Alexandre Castro, 40', 'Jardim Leblon', 'CVV', 'R');
INSERT INTO condutor (idCadastro, cpf, nome, dataNasc, idCategoriaCNH, endereco, bairro, idCidade, situacaoCNH) VALUES (261, '54826731973', 'Catarina Alves', '1979-10-02', 'A', 'Chácara de Dias, 93', 'Grotinha', 'SSP', 'R');
INSERT INTO condutor (idCadastro, cpf, nome, dataNasc, idCategoriaCNH, endereco, bairro, idCidade, situacaoCNH) VALUES (262, '57064291380', 'João Lucas Souza', '1986-07-11', 'B', 'Morro de Souza, 93', 'Mangabeiras', 'MRM', 'R');
INSERT INTO condutor (idCadastro, cpf, nome, dataNasc, idCategoriaCNH, endereco, bairro, idCidade, situacaoCNH) VALUES (263, '20681374535', 'Daniela Campos', '1967-03-03', 'A', 'Jardim Sophia da Cruz, 57', 'Vila Oeste', 'CPA', 'R');
INSERT INTO condutor (idCadastro, cpf, nome, dataNasc, idCategoriaCNH, endereco, bairro, idCidade, situacaoCNH) VALUES (264, '97526840176', 'Pedro Sales', '1971-07-25', 'E', 'Parque Azevedo, 281', 'Vila Inestan', 'VIO', 'R');
INSERT INTO condutor (idCadastro, cpf, nome, dataNasc, idCategoriaCNH, endereco, bairro, idCidade, situacaoCNH) VALUES (265, '13856294015', 'Ana Fernandes', '1963-03-05', 'A', 'Lago de Ferreira, 17', 'Caiçaras', 'AMS', 'R');
INSERT INTO condutor (idCadastro, cpf, nome, dataNasc, idCategoriaCNH, endereco, bairro, idCidade, situacaoCNH) VALUES (266, '15982304689', 'Sr. Benjamin Vieira', '1945-11-07', 'D', 'Praia Nascimento, 60', 'Manacas', 'RRM', 'R');
INSERT INTO condutor (idCadastro, cpf, nome, dataNasc, idCategoriaCNH, endereco, bairro, idCidade, situacaoCNH) VALUES (267, '45620317943', 'Amanda Castro', '1959-12-16', 'A', 'Lago Vitor Hugo das Neves', 'Confisco', 'MOS', 'R');
INSERT INTO condutor (idCadastro, cpf, nome, dataNasc, idCategoriaCNH, endereco, bairro, idCidade, situacaoCNH) VALUES (268, '09641378520', 'Srta. Gabriela Porto', '1984-01-01', 'E', 'Passarela Lorenzo da Rocha, 28', 'Aguas Claras', 'SGG', 'R');
INSERT INTO condutor (idCadastro, cpf, nome, dataNasc, idCategoriaCNH, endereco, bairro, idCidade, situacaoCNH) VALUES (269, '46512038762', 'Cauã Moura', '1951-12-09', 'B', 'Colônia Costela, 5', 'Vila Olhos Dágua', 'FFV', 'R');
INSERT INTO condutor (idCadastro, cpf, nome, dataNasc, idCategoriaCNH, endereco, bairro, idCidade, situacaoCNH) VALUES (270, '23981504615', 'Luiz Felipe da Rosa', '1994-02-11', 'D', 'Passarela Barros, 79', 'Vila Novo São Lucas', 'RRG', 'R');
INSERT INTO condutor (idCadastro, cpf, nome, dataNasc, idCategoriaCNH, endereco, bairro, idCidade, situacaoCNH) VALUES (271, '72851690302', 'Maysa Barros', '1952-10-07', 'B', 'Viaduto de Duarte', 'Vila Inestan', 'VIO', 'R');
INSERT INTO condutor (idCadastro, cpf, nome, dataNasc, idCategoriaCNH, endereco, bairro, idCidade, situacaoCNH) VALUES (272, '76895321012', 'Matheus Peixoto', '1952-04-26', 'A', 'Setor de Novaes, 91', 'Vila Oeste', 'CPA', 'R');
INSERT INTO condutor (idCadastro, cpf, nome, dataNasc, idCategoriaCNH, endereco, bairro, idCidade, situacaoCNH) VALUES (273, '93140756216', 'Lucas Costela', '1981-08-27', 'E', 'Estrada Santos, 510', 'Lindéia', 'CTG', 'R');
INSERT INTO condutor (idCadastro, cpf, nome, dataNasc, idCategoriaCNH, endereco, bairro, idCidade, situacaoCNH) VALUES (274, '92714038603', 'Yuri da Conceição', '1942-12-10', 'D', 'Viela Davi Luiz Moura, 76', 'Alto Dos Pinheiros', 'PSV', 'R');
INSERT INTO condutor (idCadastro, cpf, nome, dataNasc, idCategoriaCNH, endereco, bairro, idCidade, situacaoCNH) VALUES (275, '64381250753', 'Dr. Luiz Fernando Oliveira', '1957-05-01', 'A', 'Fazenda de da Rosa, 394', 'Marmiteiros', 'SMG', 'R');
INSERT INTO condutor (idCadastro, cpf, nome, dataNasc, idCategoriaCNH, endereco, bairro, idCidade, situacaoCNH) VALUES (276, '89571640220', 'Benício Sales', '1991-01-02', 'E', 'Chácara Eduarda Souza, 34', 'Vila Havaí', 'BRN', 'R');
INSERT INTO condutor (idCadastro, cpf, nome, dataNasc, idCategoriaCNH, endereco, bairro, idCidade, situacaoCNH) VALUES (277, '38215470904', 'Bianca Nogueira', '1963-02-26', 'C', 'Ladeira de Sales, 22', 'Nova Granada', 'PPP', 'R');
INSERT INTO condutor (idCadastro, cpf, nome, dataNasc, idCategoriaCNH, endereco, bairro, idCidade, situacaoCNH) VALUES (278, '98247530600', 'Rafael Carvalho', '1973-01-11', 'B', 'Ladeira Levi Oliveira, 720', 'Santana Do Cafezal', 'PEM', 'R');
INSERT INTO condutor (idCadastro, cpf, nome, dataNasc, idCategoriaCNH, endereco, bairro, idCidade, situacaoCNH) VALUES (279, '64837251919', 'João da Costa', '1973-12-03', 'E', 'Parque João Lucas Dias', 'Pirineus', 'PRG', 'R');
INSERT INTO condutor (idCadastro, cpf, nome, dataNasc, idCategoriaCNH, endereco, bairro, idCidade, situacaoCNH) VALUES (280, '14862705308', 'Dra. Camila Rodrigues', '1953-01-28', 'E', 'Residencial Cardoso', 'Alto Caiçaras', 'CPO', 'R');
INSERT INTO condutor (idCadastro, cpf, nome, dataNasc, idCategoriaCNH, endereco, bairro, idCidade, situacaoCNH) VALUES (281, '14985267309', 'Carolina Fogaça', '1967-01-08', 'C', 'Estação da Costa', 'Acaiaca', 'CFS', 'R');
INSERT INTO condutor (idCadastro, cpf, nome, dataNasc, idCategoriaCNH, endereco, bairro, idCidade, situacaoCNH) VALUES (282, '30867491213', 'Pedro Lucas Martins', '1999-08-04', 'D', 'Trevo de Nascimento, 31', 'Vila Nova', 'GSP', 'R');
INSERT INTO condutor (idCadastro, cpf, nome, dataNasc, idCategoriaCNH, endereco, bairro, idCidade, situacaoCNH) VALUES (283, '19536702452', 'Anthony Campos', '1987-03-28', 'A', 'Vale de Mendes, 789', 'Buraco Quente', 'MGP', 'R');
INSERT INTO condutor (idCadastro, cpf, nome, dataNasc, idCategoriaCNH, endereco, bairro, idCidade, situacaoCNH) VALUES (284, '63298014524', 'Henrique da Rocha', '1969-09-17', 'E', 'Alameda Pietra Jesus, 91', 'Cenaculo', 'ACN', 'R');
INSERT INTO condutor (idCadastro, cpf, nome, dataNasc, idCategoriaCNH, endereco, bairro, idCidade, situacaoCNH) VALUES (285, '05781943250', 'Gustavo Henrique Jesus', '1955-07-07', 'A', 'Estação Leandro da Mota', 'Morro Dos Macacos', 'MCP', 'R');
INSERT INTO condutor (idCadastro, cpf, nome, dataNasc, idCategoriaCNH, endereco, bairro, idCidade, situacaoCNH) VALUES (286, '63219854737', 'Alice Alves', '1978-01-02', 'E', 'Residencial Kamilly Ribeiro, 801', 'Lagoinha', 'SMP', 'R');
INSERT INTO condutor (idCadastro, cpf, nome, dataNasc, idCategoriaCNH, endereco, bairro, idCidade, situacaoCNH) VALUES (287, '30716894548', 'Mirella Santos', '1952-02-26', 'D', 'Lago Pedro Freitas, 86', 'Vila Nova Cachoeirinha 2ª Seção', 'ARM', 'R');
INSERT INTO condutor (idCadastro, cpf, nome, dataNasc, idCategoriaCNH, endereco, bairro, idCidade, situacaoCNH) VALUES (288, '49572681001', 'Catarina Novaes', '1955-09-11', 'C', 'Viela Dias, 206', 'Conjunto Jatoba', 'AFO', 'R');
INSERT INTO condutor (idCadastro, cpf, nome, dataNasc, idCategoriaCNH, endereco, bairro, idCidade, situacaoCNH) VALUES (289, '63275491873', 'Sr. Breno Cunha', '1949-07-10', 'E', 'Alameda de Cunha, 222', 'Vila Nova Cachoeirinha 1ª Seção', 'VSO', 'R');
INSERT INTO condutor (idCadastro, cpf, nome, dataNasc, idCategoriaCNH, endereco, bairro, idCidade, situacaoCNH) VALUES (290, '04137926506', 'Bianca da Mata', '1982-04-23', 'C', 'Distrito Moreira, 386', 'Senhor Dos Passos', 'CTG', 'R');
INSERT INTO condutor (idCadastro, cpf, nome, dataNasc, idCategoriaCNH, endereco, bairro, idCidade, situacaoCNH) VALUES (291, '64358902189', 'Bárbara da Mata', '1982-03-12', 'D', 'Quadra Jesus, 47', 'Santa Lúcia', 'CNP', 'R');
INSERT INTO condutor (idCadastro, cpf, nome, dataNasc, idCategoriaCNH, endereco, bairro, idCidade, situacaoCNH) VALUES (292, '49528601324', 'Elisa Moura', '1951-10-29', 'B', 'Vila Kevin Fogaça', 'Coração De Jesus', 'PAD', 'R');
INSERT INTO condutor (idCadastro, cpf, nome, dataNasc, idCategoriaCNH, endereco, bairro, idCidade, situacaoCNH) VALUES (293, '49832150698', 'Dr. Joaquim Santos', '1957-08-17', 'E', 'Parque Gustavo Henrique Ferreira, 553', 'Céu Azul', 'SDP', 'R');
INSERT INTO condutor (idCadastro, cpf, nome, dataNasc, idCategoriaCNH, endereco, bairro, idCidade, situacaoCNH) VALUES (294, '40923185615', 'Gabriela Lima', '1958-05-29', 'E', 'Avenida Beatriz da Cunha, 6', 'Cruzeiro', 'SRP', 'R');
INSERT INTO condutor (idCadastro, cpf, nome, dataNasc, idCategoriaCNH, endereco, bairro, idCidade, situacaoCNH) VALUES (295, '87162950485', 'Diego Peixoto', '1977-09-22', 'B', 'Parque Fernando Novaes', 'Vila Nova', 'GSP', 'R');
INSERT INTO condutor (idCadastro, cpf, nome, dataNasc, idCategoriaCNH, endereco, bairro, idCidade, situacaoCNH) VALUES (296, '36584072983', 'Ana Vitória Sales', '1941-09-08', 'B', 'Lago Farias, 17', 'Vila Paquetá', 'ALV', 'R');
INSERT INTO condutor (idCadastro, cpf, nome, dataNasc, idCategoriaCNH, endereco, bairro, idCidade, situacaoCNH) VALUES (297, '18096754300', 'Paulo Moraes', '1958-11-01', 'B', 'Via Pereira, 767', 'Vila Aeroporto Jaraguá', 'RPF', 'R');
INSERT INTO condutor (idCadastro, cpf, nome, dataNasc, idCategoriaCNH, endereco, bairro, idCidade, situacaoCNH) VALUES (298, '35742698119', 'Caroline da Paz', '1957-09-02', 'C', 'Residencial Martins, 40', 'Vila Cloris', 'CAO', 'R');
INSERT INTO condutor (idCadastro, cpf, nome, dataNasc, idCategoriaCNH, endereco, bairro, idCidade, situacaoCNH) VALUES (299, '74268305947', 'Sofia Cardoso', '1971-03-26', 'E', 'Trecho de Castro, 3', 'Pindorama', 'SDP', 'R');
INSERT INTO condutor (idCadastro, cpf, nome, dataNasc, idCategoriaCNH, endereco, bairro, idCidade, situacaoCNH) VALUES (300, '39085467292', 'Srta. Milena da Conceição', '1985-09-19', 'A', 'Recanto de Azevedo, 337', 'Boa União 2ª Seção', 'CPF', 'R');
INSERT INTO condutor (idCadastro, cpf, nome, dataNasc, idCategoriaCNH, endereco, bairro, idCidade, situacaoCNH) VALUES (301, '32041869704', 'Leonardo Gomes', '1959-09-02', 'D', 'Estação Carolina Sales, 51', 'Marieta 3ª Seção', 'PSD', 'R');
INSERT INTO condutor (idCadastro, cpf, nome, dataNasc, idCategoriaCNH, endereco, bairro, idCidade, situacaoCNH) VALUES (302, '19785230686', 'Gustavo Henrique Nunes', '1976-05-09', 'B', 'Alameda de Farias, 1', 'Frei Leopoldo', 'RMA', 'R');
INSERT INTO condutor (idCadastro, cpf, nome, dataNasc, idCategoriaCNH, endereco, bairro, idCidade, situacaoCNH) VALUES (303, '04587392197', 'Ana Clara Oliveira', '1988-07-19', 'D', 'Área Lorena Fogaça, 25', 'Vila Engenho Nogueira', 'COO', 'R');
INSERT INTO condutor (idCadastro, cpf, nome, dataNasc, idCategoriaCNH, endereco, bairro, idCidade, situacaoCNH) VALUES (304, '51748960393', 'Renan Freitas', '1992-02-23', 'C', 'Fazenda Gonçalves', 'Vila Pinho', 'RVC', 'R');
INSERT INTO condutor (idCadastro, cpf, nome, dataNasc, idCategoriaCNH, endereco, bairro, idCidade, situacaoCNH) VALUES (305, '73568192012', 'Sophia Nogueira', '1976-07-15', 'A', 'Conjunto Luigi Nunes, 74', 'Confisco', 'CSC', 'R');
INSERT INTO condutor (idCadastro, cpf, nome, dataNasc, idCategoriaCNH, endereco, bairro, idCidade, situacaoCNH) VALUES (306, '13469258015', 'Maria Vitória Duarte', '1977-03-26', 'D', 'Quadra de Souza', 'Braúnas', 'ASO', 'R');
INSERT INTO condutor (idCadastro, cpf, nome, dataNasc, idCategoriaCNH, endereco, bairro, idCidade, situacaoCNH) VALUES (307, '13984607296', 'Lívia Pereira', '1945-01-21', 'B', 'Vila de Ferreira, 276', 'Beira Linha', 'SNG', 'R');
INSERT INTO condutor (idCadastro, cpf, nome, dataNasc, idCategoriaCNH, endereco, bairro, idCidade, situacaoCNH) VALUES (308, '13726804978', 'Emanuelly Moreira', '1946-02-10', 'E', 'Morro Nunes, 98', 'Beira Linha', 'SNG', 'R');
INSERT INTO condutor (idCadastro, cpf, nome, dataNasc, idCategoriaCNH, endereco, bairro, idCidade, situacaoCNH) VALUES (309, '46725930883', 'Daniel Lima', '1976-12-06', 'D', 'Largo Helena Vieira, 5', 'Nova Floresta', 'RNP', 'R');
INSERT INTO condutor (idCadastro, cpf, nome, dataNasc, idCategoriaCNH, endereco, bairro, idCidade, situacaoCNH) VALUES (310, '02749815304', 'Gabriela Ribeiro', '1961-04-20', 'A', 'Travessa de Pereira, 21', 'Vila Bandeirantes', 'SIA', 'R');
INSERT INTO condutor (idCadastro, cpf, nome, dataNasc, idCategoriaCNH, endereco, bairro, idCidade, situacaoCNH) VALUES (311, '17350429860', 'Erick Martins', '1976-10-01', 'C', 'Lagoa Pietra da Cruz', 'Marmiteiros', 'GFO', 'R');
INSERT INTO condutor (idCadastro, cpf, nome, dataNasc, idCategoriaCNH, endereco, bairro, idCidade, situacaoCNH) VALUES (312, '94068325189', 'Maria Clara Araújo', '1954-05-25', 'E', 'Núcleo Santos, 9', 'Paraíso', 'CVO', 'R');
INSERT INTO condutor (idCadastro, cpf, nome, dataNasc, idCategoriaCNH, endereco, bairro, idCidade, situacaoCNH) VALUES (313, '93416728564', 'Sr. Enzo das Neves', '1944-02-18', 'D', 'Sítio de Cavalcanti, 2', 'Vista Alegre', 'GIP', 'R');
INSERT INTO condutor (idCadastro, cpf, nome, dataNasc, idCategoriaCNH, endereco, bairro, idCidade, situacaoCNH) VALUES (314, '95072136434', 'Joaquim Sales', '1997-12-09', 'C', 'Trevo Nunes, 19', 'Pilar', 'CVM', 'R');
INSERT INTO condutor (idCadastro, cpf, nome, dataNasc, idCategoriaCNH, endereco, bairro, idCidade, situacaoCNH) VALUES (315, '46802179369', 'Vitor Alves', '1976-08-23', 'E', 'Lagoa de Viana, 32', 'Nossa Senhora Da Aparecida', 'CMA', 'R');
INSERT INTO condutor (idCadastro, cpf, nome, dataNasc, idCategoriaCNH, endereco, bairro, idCidade, situacaoCNH) VALUES (316, '73210456844', 'Davi Lucca Fogaça', '1954-02-08', 'D', 'Pátio de Correia, 37', 'Cinquentenário', 'PAP', 'R');
INSERT INTO condutor (idCadastro, cpf, nome, dataNasc, idCategoriaCNH, endereco, bairro, idCidade, situacaoCNH) VALUES (317, '68791035295', 'Pedro Lima', '1958-08-19', 'C', 'Praia de Caldeira, 1', 'Penha', 'NOO', 'R');
INSERT INTO condutor (idCadastro, cpf, nome, dataNasc, idCategoriaCNH, endereco, bairro, idCidade, situacaoCNH) VALUES (318, '54903712850', 'Rebeca Barros', '1994-02-03', 'A', 'Colônia Castro', 'Aeroporto', 'COP', 'R');
INSERT INTO condutor (idCadastro, cpf, nome, dataNasc, idCategoriaCNH, endereco, bairro, idCidade, situacaoCNH) VALUES (319, '51974320634', 'Srta. Gabrielly Duarte', '1955-12-08', 'B', 'Condomínio Oliveira', 'Vila Da Ária', 'GIP', 'R');
INSERT INTO condutor (idCadastro, cpf, nome, dataNasc, idCategoriaCNH, endereco, bairro, idCidade, situacaoCNH) VALUES (320, '92807354629', 'Felipe Lima', '1965-08-15', 'B', 'Travessa de Aragão, 64', 'Vila Satélite', 'FPC', 'R');
INSERT INTO condutor (idCadastro, cpf, nome, dataNasc, idCategoriaCNH, endereco, bairro, idCidade, situacaoCNH) VALUES (321, '52743608900', 'Amanda Pires', '1991-02-13', 'D', 'Pátio de Vieira, 3', 'Vila Das Oliveiras', 'MIG', 'R');
INSERT INTO condutor (idCadastro, cpf, nome, dataNasc, idCategoriaCNH, endereco, bairro, idCidade, situacaoCNH) VALUES (322, '82130594689', 'Alana Teixeira', '1960-11-20', 'D', 'Travessa de Cardoso, 80', 'Nova Cachoeirinha', 'LGG', 'R');
INSERT INTO condutor (idCadastro, cpf, nome, dataNasc, idCategoriaCNH, endereco, bairro, idCidade, situacaoCNH) VALUES (323, '08456327956', 'Marcelo Barbosa', '1990-08-03', 'B', 'Feira Leandro Costa, 71', 'Santo Antônio', 'MIP', 'R');
INSERT INTO condutor (idCadastro, cpf, nome, dataNasc, idCategoriaCNH, endereco, bairro, idCidade, situacaoCNH) VALUES (324, '51849063710', 'Ian Pinto', '1939-10-29', 'A', 'Morro Maria Clara Freitas, 8', 'Pongelupe', 'SRP', 'R');
INSERT INTO condutor (idCadastro, cpf, nome, dataNasc, idCategoriaCNH, endereco, bairro, idCidade, situacaoCNH) VALUES (325, '92768053465', 'Luiz Miguel Alves', '1973-11-18', 'A', 'Quadra Daniel Ribeiro', 'Vila Da Amizade', 'AND', 'R');
INSERT INTO condutor (idCadastro, cpf, nome, dataNasc, idCategoriaCNH, endereco, bairro, idCidade, situacaoCNH) VALUES (326, '47518926067', 'Sr. João Lucas Cavalcanti', '1966-04-15', 'E', 'Loteamento Marcela Cardoso, 78', 'Cidade Jardim Taquaril', 'FGA', 'R');
INSERT INTO condutor (idCadastro, cpf, nome, dataNasc, idCategoriaCNH, endereco, bairro, idCidade, situacaoCNH) VALUES (327, '75910482602', 'João Ramos', '1986-07-01', 'E', 'Praia de Teixeira, 152', 'Cidade Nova', 'MOS', 'R');
INSERT INTO condutor (idCadastro, cpf, nome, dataNasc, idCategoriaCNH, endereco, bairro, idCidade, situacaoCNH) VALUES (328, '65293187040', 'Pedro Lucas das Neves', '1940-10-11', 'D', 'Largo Araújo, 51', 'Vila Formosa', 'RMA', 'R');
INSERT INTO condutor (idCadastro, cpf, nome, dataNasc, idCategoriaCNH, endereco, bairro, idCidade, situacaoCNH) VALUES (329, '90635427125', 'Levi Duarte', '1969-03-08', 'A', 'Passarela Martins, 19', 'Outro', 'FSG', 'R');
INSERT INTO condutor (idCadastro, cpf, nome, dataNasc, idCategoriaCNH, endereco, bairro, idCidade, situacaoCNH) VALUES (330, '67832014903', 'Enzo Gabriel Nunes', '1964-01-08', 'E', 'Residencial Rezende, 39', 'Araguaia', 'VRP', 'R');
INSERT INTO condutor (idCadastro, cpf, nome, dataNasc, idCategoriaCNH, endereco, bairro, idCidade, situacaoCNH) VALUES (331, '17956284309', 'Mariane Vieira', '1968-01-29', 'B', 'Fazenda Almeida, 92', 'Boa Vista', 'COG', 'R');
INSERT INTO condutor (idCadastro, cpf, nome, dataNasc, idCategoriaCNH, endereco, bairro, idCidade, situacaoCNH) VALUES (332, '82495761364', 'Calebe da Costa', '1967-08-15', 'D', 'Parque de Cunha, 78', 'Santa Lúcia', 'FFG', 'R');
INSERT INTO condutor (idCadastro, cpf, nome, dataNasc, idCategoriaCNH, endereco, bairro, idCidade, situacaoCNH) VALUES (333, '97248315079', 'Sr. Otávio Fernandes', '1939-10-03', 'A', 'Via Lucca Cardoso, 7', 'Primeiro De Maio', 'CGF', 'R');
INSERT INTO condutor (idCadastro, cpf, nome, dataNasc, idCategoriaCNH, endereco, bairro, idCidade, situacaoCNH) VALUES (334, '46019723887', 'Sr. Davi Luiz Vieira', '1991-01-05', 'D', 'Praia de Freitas, 420', 'Vila Paquetá', 'ALV', 'R');
INSERT INTO condutor (idCadastro, cpf, nome, dataNasc, idCategoriaCNH, endereco, bairro, idCidade, situacaoCNH) VALUES (335, '43526098700', 'Pedro Moraes', '1956-01-29', 'C', 'Estrada de da Cruz, 24', 'Vitoria', 'MEA', 'R');
INSERT INTO condutor (idCadastro, cpf, nome, dataNasc, idCategoriaCNH, endereco, bairro, idCidade, situacaoCNH) VALUES (336, '42706198303', 'Ana Julia Melo', '1987-01-27', 'C', 'Alameda Raul Duarte, 14', 'Nossa Senhora De Fátima', 'RPC', 'R');
INSERT INTO condutor (idCadastro, cpf, nome, dataNasc, idCategoriaCNH, endereco, bairro, idCidade, situacaoCNH) VALUES (337, '83256749119', 'Dra. Marcela Oliveira', '1951-04-29', 'E', 'Viela Kamilly Costela, 2', 'Pantanal', 'LFG', 'R');
INSERT INTO condutor (idCadastro, cpf, nome, dataNasc, idCategoriaCNH, endereco, bairro, idCidade, situacaoCNH) VALUES (338, '56481903793', 'Davi Lucca Pereira', '1950-02-05', 'D', 'Residencial Alexia Silveira', 'Castelo', 'SAA', 'R');
INSERT INTO condutor (idCadastro, cpf, nome, dataNasc, idCategoriaCNH, endereco, bairro, idCidade, situacaoCNH) VALUES (339, '37964810278', 'Emanuella Aragão', '2000-10-20', 'D', 'Recanto Castro, 96', 'Chácara Leonina', 'RMM', 'R');
INSERT INTO condutor (idCadastro, cpf, nome, dataNasc, idCategoriaCNH, endereco, bairro, idCidade, situacaoCNH) VALUES (340, '72694015867', 'Daniela da Cunha', '1944-07-30', 'B', 'Estação de Correia, 64', 'Barão Homem De Melo 2ª Seção', 'ASO', 'R');
INSERT INTO condutor (idCadastro, cpf, nome, dataNasc, idCategoriaCNH, endereco, bairro, idCidade, situacaoCNH) VALUES (341, '52461907811', 'Maitê Teixeira', '1966-05-04', 'E', 'Passarela Rebeca Caldeira, 46', 'Beira Linha', 'VPP', 'R');
INSERT INTO condutor (idCadastro, cpf, nome, dataNasc, idCategoriaCNH, endereco, bairro, idCidade, situacaoCNH) VALUES (342, '97281304579', 'Isis Moura', '1954-07-23', 'E', 'Favela Kaique Ramos, 305', 'Laranjeiras', 'FPC', 'R');
INSERT INTO condutor (idCadastro, cpf, nome, dataNasc, idCategoriaCNH, endereco, bairro, idCidade, situacaoCNH) VALUES (343, '40672159830', 'Nina Almeida', '1977-04-14', 'B', 'Vereda Castro, 7', 'Vila Puc', 'AAS', 'R');
INSERT INTO condutor (idCadastro, cpf, nome, dataNasc, idCategoriaCNH, endereco, bairro, idCidade, situacaoCNH) VALUES (344, '81934276022', 'Heitor Castro', '1965-01-06', 'B', 'Recanto Levi Ribeiro, 20', 'Nova Granada', 'CCO', 'R');
INSERT INTO condutor (idCadastro, cpf, nome, dataNasc, idCategoriaCNH, endereco, bairro, idCidade, situacaoCNH) VALUES (345, '89042356774', 'João Gabriel Pinto', '1986-01-15', 'D', 'Conjunto Nunes, 838', 'Nova Gameleira', 'MSA', 'R');
INSERT INTO condutor (idCadastro, cpf, nome, dataNasc, idCategoriaCNH, endereco, bairro, idCidade, situacaoCNH) VALUES (346, '23816759068', 'Eduardo Cunha', '1976-01-19', 'A', 'Chácara Henrique Farias, 928', 'Petropolis', 'PPV', 'R');
INSERT INTO condutor (idCadastro, cpf, nome, dataNasc, idCategoriaCNH, endereco, bairro, idCidade, situacaoCNH) VALUES (347, '17049632570', 'Bianca Mendes', '1939-03-25', 'E', 'Chácara Mirella Santos', 'Vila Canto Do Sabiá', 'FDG', 'R');
INSERT INTO condutor (idCadastro, cpf, nome, dataNasc, idCategoriaCNH, endereco, bairro, idCidade, situacaoCNH) VALUES (348, '60419523898', 'Pedro Lucas Nascimento', '1975-02-21', 'D', 'Praça Lima, 31', 'Anchieta', 'FPS', 'R');
INSERT INTO condutor (idCadastro, cpf, nome, dataNasc, idCategoriaCNH, endereco, bairro, idCidade, situacaoCNH) VALUES (349, '81623045762', 'Marina Fogaça', '1962-10-19', 'D', 'Avenida Ribeiro, 98', 'Conjunto Lagoa', 'PLM', 'R');
INSERT INTO condutor (idCadastro, cpf, nome, dataNasc, idCategoriaCNH, endereco, bairro, idCidade, situacaoCNH) VALUES (350, '59601783202', 'Renan Rodrigues', '1983-10-31', 'B', 'Viela de Araújo, 9', 'Europa', 'JNP', 'R');
INSERT INTO condutor (idCadastro, cpf, nome, dataNasc, idCategoriaCNH, endereco, bairro, idCidade, situacaoCNH) VALUES (351, '13829475691', 'Natália Martins', '1951-07-13', 'B', 'Jardim de Santos, 962', 'Vila Cemig', 'BEO', 'R');
INSERT INTO condutor (idCadastro, cpf, nome, dataNasc, idCategoriaCNH, endereco, bairro, idCidade, situacaoCNH) VALUES (352, '56827149382', 'Theo da Rosa', '1954-02-04', 'C', 'Campo Caldeira, 965', 'Esperança', 'MIP', 'R');
INSERT INTO condutor (idCadastro, cpf, nome, dataNasc, idCategoriaCNH, endereco, bairro, idCidade, situacaoCNH) VALUES (353, '50418932689', 'Maria Clara Correia', '1997-08-13', 'D', 'Loteamento de Souza, 52', 'Jaraguá', 'LLG', 'R');
INSERT INTO condutor (idCadastro, cpf, nome, dataNasc, idCategoriaCNH, endereco, bairro, idCidade, situacaoCNH) VALUES (354, '70651932840', 'Pietra Sales', '1989-11-05', 'D', 'Quadra Lucca Aragão, 9', 'Novo Aarão Reis', 'JPP', 'R');
INSERT INTO condutor (idCadastro, cpf, nome, dataNasc, idCategoriaCNH, endereco, bairro, idCidade, situacaoCNH) VALUES (355, '39145078610', 'Igor Pinto', '1976-01-06', 'E', 'Estrada Vitória da Rocha, 37', 'Serra', 'PSV', 'R');
INSERT INTO condutor (idCadastro, cpf, nome, dataNasc, idCategoriaCNH, endereco, bairro, idCidade, situacaoCNH) VALUES (356, '02614853933', 'Marcela da Cunha', '1954-01-24', 'B', 'Recanto de Nogueira, 35', 'Vila Independencia 3ª Seção', 'CUP', 'R');
INSERT INTO condutor (idCadastro, cpf, nome, dataNasc, idCategoriaCNH, endereco, bairro, idCidade, situacaoCNH) VALUES (357, '79482653173', 'Dr. Murilo Sales', '1984-10-05', 'C', 'Trevo de Teixeira, 5', 'Cônego Pinheiro 2ª Seção', 'CLM', 'R');
INSERT INTO condutor (idCadastro, cpf, nome, dataNasc, idCategoriaCNH, endereco, bairro, idCidade, situacaoCNH) VALUES (358, '78963402592', 'Isabel Aragão', '1955-08-11', 'E', 'Vereda Yago Rezende, 33', 'Sion', 'TGA', 'R');
INSERT INTO condutor (idCadastro, cpf, nome, dataNasc, idCategoriaCNH, endereco, bairro, idCidade, situacaoCNH) VALUES (359, '17624083507', 'Sra. Lavínia da Cruz', '1984-12-11', 'D', 'Vila Cardoso, 236', 'Vila Vista Alegre', 'SMP', 'R');
INSERT INTO condutor (idCadastro, cpf, nome, dataNasc, idCategoriaCNH, endereco, bairro, idCidade, situacaoCNH) VALUES (360, '34087259692', 'Dra. Beatriz Dias', '1953-03-30', 'A', 'Recanto Emanuel Dias, 16', 'Alto Vera Cruz', 'LFG', 'R');
INSERT INTO condutor (idCadastro, cpf, nome, dataNasc, idCategoriaCNH, endereco, bairro, idCidade, situacaoCNH) VALUES (361, '58916243033', 'Sr. Enrico Viana', '1959-10-17', 'D', 'Largo João da Rocha, 1', 'Acaba Mundo', 'VOA', 'R');
INSERT INTO condutor (idCadastro, cpf, nome, dataNasc, idCategoriaCNH, endereco, bairro, idCidade, situacaoCNH) VALUES (362, '25038716903', 'Francisco Costa', '1969-09-03', 'E', 'Rua Costela', 'Itapoa', 'COM', 'R');
INSERT INTO condutor (idCadastro, cpf, nome, dataNasc, idCategoriaCNH, endereco, bairro, idCidade, situacaoCNH) VALUES (363, '30796542856', 'Mariana da Rosa', '1962-11-05', 'E', 'Largo da Mata, 7', 'Marieta 1ª Seção', 'LSA', 'R');
INSERT INTO condutor (idCadastro, cpf, nome, dataNasc, idCategoriaCNH, endereco, bairro, idCidade, situacaoCNH) VALUES (364, '46753810900', 'Ryan Gonçalves', '1953-11-07', 'D', 'Loteamento de Cavalcanti, 69', 'Vila Real 2ª Seção', 'FRF', 'R');
INSERT INTO condutor (idCadastro, cpf, nome, dataNasc, idCategoriaCNH, endereco, bairro, idCidade, situacaoCNH) VALUES (365, '06214985720', 'Raquel Ribeiro', '1988-07-29', 'A', 'Favela Ian Silva, 358', 'Vila Nova Paraíso', 'PRG', 'R');
INSERT INTO condutor (idCadastro, cpf, nome, dataNasc, idCategoriaCNH, endereco, bairro, idCidade, situacaoCNH) VALUES (366, '23567194828', 'Isabella Azevedo', '1948-01-23', 'E', 'Chácara Campos, 75', 'Ouro Preto', 'PAM', 'R');
INSERT INTO condutor (idCadastro, cpf, nome, dataNasc, idCategoriaCNH, endereco, bairro, idCidade, situacaoCNH) VALUES (367, '40519236734', 'Vinicius Azevedo', '1947-09-10', 'E', 'Loteamento Gustavo Castro, 388', 'Satelite', 'CFA', 'R');
INSERT INTO condutor (idCadastro, cpf, nome, dataNasc, idCategoriaCNH, endereco, bairro, idCidade, situacaoCNH) VALUES (368, '58702693186', 'Srta. Isadora Rezende', '1948-12-26', 'C', 'Área Cavalcanti, 45', 'Mangueiras', 'CMC', 'R');
INSERT INTO condutor (idCadastro, cpf, nome, dataNasc, idCategoriaCNH, endereco, bairro, idCidade, situacaoCNH) VALUES (369, '63548217982', 'Milena Dias', '1999-07-03', 'A', 'Quadra Henrique Porto', 'Parque São José', 'MAP', 'R');
INSERT INTO condutor (idCadastro, cpf, nome, dataNasc, idCategoriaCNH, endereco, bairro, idCidade, situacaoCNH) VALUES (370, '84267053910', 'Marcelo Duarte', '1992-04-21', 'A', 'Avenida Porto, 2', 'Mirtes', 'CCM', 'R');
INSERT INTO condutor (idCadastro, cpf, nome, dataNasc, idCategoriaCNH, endereco, bairro, idCidade, situacaoCNH) VALUES (371, '65182497300', 'Renan da Cunha', '2000-06-06', 'C', 'Morro de Dias, 95', 'Vila Betânia', 'DLG', 'R');
INSERT INTO condutor (idCadastro, cpf, nome, dataNasc, idCategoriaCNH, endereco, bairro, idCidade, situacaoCNH) VALUES (372, '20618597476', 'Amanda Porto', '1992-07-21', 'E', 'Colônia Vicente Sales, 47', 'Suzana', 'GIP', 'R');
INSERT INTO condutor (idCadastro, cpf, nome, dataNasc, idCategoriaCNH, endereco, bairro, idCidade, situacaoCNH) VALUES (373, '72130456871', 'Luiz Fernando Pires', '1979-04-25', 'B', 'Trecho de Viana', 'Boa União 2ª Seção', 'CSF', 'R');
INSERT INTO condutor (idCadastro, cpf, nome, dataNasc, idCategoriaCNH, endereco, bairro, idCidade, situacaoCNH) VALUES (374, '37021658435', 'Benjamin Mendes', '1979-11-26', 'E', 'Fazenda Fernandes, 41', 'Centro', 'PIS', 'R');
INSERT INTO condutor (idCadastro, cpf, nome, dataNasc, idCategoriaCNH, endereco, bairro, idCidade, situacaoCNH) VALUES (375, '90514672811', 'Anthony da Conceição', '1969-12-15', 'B', 'Estação Luiza da Luz, 21', 'Urca', 'BMP', 'R');
INSERT INTO condutor (idCadastro, cpf, nome, dataNasc, idCategoriaCNH, endereco, bairro, idCidade, situacaoCNH) VALUES (376, '79348601296', 'Yago Novaes', '1965-03-03', 'E', 'Lago Monteiro, 57', 'Engenho Nogueira', 'RPC', 'R');
INSERT INTO condutor (idCadastro, cpf, nome, dataNasc, idCategoriaCNH, endereco, bairro, idCidade, situacaoCNH) VALUES (377, '09546781258', 'Dra. Yasmin Barbosa', '1939-10-21', 'E', 'Praia Gustavo da Conceição, 614', 'Vila Santa Monica 1ª Seção', 'SSP', 'R');
INSERT INTO condutor (idCadastro, cpf, nome, dataNasc, idCategoriaCNH, endereco, bairro, idCidade, situacaoCNH) VALUES (378, '52417609894', 'Amanda da Mota', '1949-09-22', 'B', 'Área Porto, 1', 'Boa União 1ª Seção', 'DOG', 'R');
INSERT INTO condutor (idCadastro, cpf, nome, dataNasc, idCategoriaCNH, endereco, bairro, idCidade, situacaoCNH) VALUES (379, '93045761801', 'Ana Carolina Gomes', '1997-05-25', 'B', 'Colônia Porto, 633', 'São Vicente', 'RRM', 'R');
INSERT INTO condutor (idCadastro, cpf, nome, dataNasc, idCategoriaCNH, endereco, bairro, idCidade, situacaoCNH) VALUES (380, '93746285038', 'Maria Eduarda Castro', '1955-02-21', 'D', 'Campo Luiz Miguel da Cunha, 99', 'Cidade Jardim Taquaril', 'MSD', 'R');
INSERT INTO condutor (idCadastro, cpf, nome, dataNasc, idCategoriaCNH, endereco, bairro, idCidade, situacaoCNH) VALUES (381, '98273104613', 'Renan Porto', '1977-08-10', 'E', 'Quadra Ana Clara Moraes, 52', 'Vila São Rafael', 'FGS', 'R');
INSERT INTO condutor (idCadastro, cpf, nome, dataNasc, idCategoriaCNH, endereco, bairro, idCidade, situacaoCNH) VALUES (382, '17534809223', 'Davi Martins', '1969-09-12', 'C', 'Aeroporto Costela, 50', 'Cinquentenário', 'RAS', 'R');
INSERT INTO condutor (idCadastro, cpf, nome, dataNasc, idCategoriaCNH, endereco, bairro, idCidade, situacaoCNH) VALUES (383, '57908642101', 'Sophie da Costa', '1954-11-28', 'D', 'Feira Raquel Almeida, 23', 'Vila Inestan', 'CNP', 'R');
INSERT INTO condutor (idCadastro, cpf, nome, dataNasc, idCategoriaCNH, endereco, bairro, idCidade, situacaoCNH) VALUES (384, '89536471000', 'Pedro Henrique Santos', '1953-08-21', 'C', 'Chácara Davi Lucas Lopes, 91', 'Santa Efigênia', 'MCN', 'R');
INSERT INTO condutor (idCadastro, cpf, nome, dataNasc, idCategoriaCNH, endereco, bairro, idCidade, situacaoCNH) VALUES (385, '49672138555', 'Valentina Martins', '1993-05-12', 'A', 'Jardim Luiz Henrique da Rocha, 54', 'Carlos Prates', 'JPS', 'R');
INSERT INTO condutor (idCadastro, cpf, nome, dataNasc, idCategoriaCNH, endereco, bairro, idCidade, situacaoCNH) VALUES (386, '45607239829', 'Dra. Maria Clara Carvalho', '1945-02-05', 'B', 'Jardim de Rocha', 'Lagoinha', 'MDN', 'R');
INSERT INTO condutor (idCadastro, cpf, nome, dataNasc, idCategoriaCNH, endereco, bairro, idCidade, situacaoCNH) VALUES (387, '30462819515', 'Mariana Duarte', '1995-02-19', 'D', 'Campo Rocha', 'Vila Nova', 'ROS', 'R');
INSERT INTO condutor (idCadastro, cpf, nome, dataNasc, idCategoriaCNH, endereco, bairro, idCidade, situacaoCNH) VALUES (388, '04583729600', 'Lara Pereira', '1974-05-16', 'A', 'Vereda de da Conceição, 16', 'Santa Efigênia', 'CPM', 'R');
INSERT INTO condutor (idCadastro, cpf, nome, dataNasc, idCategoriaCNH, endereco, bairro, idCidade, situacaoCNH) VALUES (389, '92564708374', 'Danilo Peixoto', '1997-01-03', 'B', 'Lagoa Silveira, 624', 'Minaslandia', 'SLC', 'R');
INSERT INTO condutor (idCadastro, cpf, nome, dataNasc, idCategoriaCNH, endereco, bairro, idCidade, situacaoCNH) VALUES (390, '78951206386', 'João Felipe Dias', '1982-06-10', 'D', 'Ladeira Rocha', 'Manacas', 'GDA', 'R');
INSERT INTO condutor (idCadastro, cpf, nome, dataNasc, idCategoriaCNH, endereco, bairro, idCidade, situacaoCNH) VALUES (391, '96175208340', 'Isabelly Rodrigues', '1945-10-04', 'B', 'Viaduto de Oliveira, 203', 'Vila Nova', 'GSS', 'R');
INSERT INTO condutor (idCadastro, cpf, nome, dataNasc, idCategoriaCNH, endereco, bairro, idCidade, situacaoCNH) VALUES (392, '56342718008', 'João Miguel Correia', '1962-12-25', 'D', 'Passarela João Dias', 'Boa União 2ª Seção', 'MCD', 'R');
INSERT INTO condutor (idCadastro, cpf, nome, dataNasc, idCategoriaCNH, endereco, bairro, idCidade, situacaoCNH) VALUES (393, '94083621524', 'Daniel Nascimento', '1975-09-24', 'B', 'Morro de da Conceição, 16', 'Independência', 'NEP', 'R');
INSERT INTO condutor (idCadastro, cpf, nome, dataNasc, idCategoriaCNH, endereco, bairro, idCidade, situacaoCNH) VALUES (394, '02871539405', 'Cecília Carvalho', '2000-01-30', 'A', 'Viela Moraes, 7', 'Vila Da Amizade', 'AND', 'R');
INSERT INTO condutor (idCadastro, cpf, nome, dataNasc, idCategoriaCNH, endereco, bairro, idCidade, situacaoCNH) VALUES (395, '21470968576', 'Sr. Vitor Gabriel Ferreira', '1971-12-30', 'A', 'Favela Davi Luiz Rocha', 'Conjunto Providencia', 'FPS', 'R');
INSERT INTO condutor (idCadastro, cpf, nome, dataNasc, idCategoriaCNH, endereco, bairro, idCidade, situacaoCNH) VALUES (396, '30712489622', 'Marcelo Porto', '1969-10-12', 'C', 'Estação Heloísa Nunes, 81', 'Barão Homem De Melo 3ª Seção', 'AZP', 'R');
INSERT INTO condutor (idCadastro, cpf, nome, dataNasc, idCategoriaCNH, endereco, bairro, idCidade, situacaoCNH) VALUES (397, '58629073195', 'Mariane da Luz', '1982-03-21', 'E', 'Parque Maria Clara da Costa, 53', 'Conjunto Capitão Eduardo', 'POD', 'R');
INSERT INTO condutor (idCadastro, cpf, nome, dataNasc, idCategoriaCNH, endereco, bairro, idCidade, situacaoCNH) VALUES (398, '02978354674', 'Laís da Rosa', '1939-04-18', 'B', 'Ladeira Sarah da Cruz, 36', 'Vila Calafate', 'GSF', 'R');
INSERT INTO condutor (idCadastro, cpf, nome, dataNasc, idCategoriaCNH, endereco, bairro, idCidade, situacaoCNH) VALUES (399, '31785026453', 'Luiz Gustavo Costa', '1991-10-29', 'D', 'Lagoa Caio Souza, 86', 'Conjunto Serra Verde', 'DES', 'R');
INSERT INTO condutor (idCadastro, cpf, nome, dataNasc, idCategoriaCNH, endereco, bairro, idCidade, situacaoCNH) VALUES (400, '98013627403', 'Catarina Campos', '1944-10-19', 'D', 'Núcleo Nina Pires, 39', 'Vila União', 'PPV', 'R');
INSERT INTO condutor (idCadastro, cpf, nome, dataNasc, idCategoriaCNH, endereco, bairro, idCidade, situacaoCNH) VALUES (401, '76251908386', 'Mariana Castro', '1967-08-18', 'A', 'Fazenda de da Mata, 90', 'Vila Ecológica', 'GEA', 'R');
INSERT INTO condutor (idCadastro, cpf, nome, dataNasc, idCategoriaCNH, endereco, bairro, idCidade, situacaoCNH) VALUES (402, '85713246035', 'Maria Vitória Silva', '1979-09-09', 'A', 'Alameda Nunes, 36', 'Aguas Claras', 'RLA', 'R');
INSERT INTO condutor (idCadastro, cpf, nome, dataNasc, idCategoriaCNH, endereco, bairro, idCidade, situacaoCNH) VALUES (403, '63578214035', 'Mariana Ferreira', '1984-09-29', 'D', 'Largo Fernandes, 66', 'Flamengo', 'RRS', 'R');
INSERT INTO condutor (idCadastro, cpf, nome, dataNasc, idCategoriaCNH, endereco, bairro, idCidade, situacaoCNH) VALUES (404, '27104835997', 'Ana Beatriz Carvalho', '1977-10-26', 'C', 'Viaduto de Ramos, 79', 'Grotinha', 'FPS', 'R');
INSERT INTO condutor (idCadastro, cpf, nome, dataNasc, idCategoriaCNH, endereco, bairro, idCidade, situacaoCNH) VALUES (405, '89376420187', 'Manuela Lopes', '1980-05-06', 'A', 'Fazenda Juliana Viana, 152', 'Cruzeiro', 'VOA', 'R');
INSERT INTO condutor (idCadastro, cpf, nome, dataNasc, idCategoriaCNH, endereco, bairro, idCidade, situacaoCNH) VALUES (406, '81246705958', 'Dr. Gustavo Henrique Cunha', '1960-01-30', 'D', 'Loteamento de Nogueira, 218', 'São Sebastião', 'RSO', 'R');
INSERT INTO condutor (idCadastro, cpf, nome, dataNasc, idCategoriaCNH, endereco, bairro, idCidade, situacaoCNH) VALUES (407, '94321750814', 'Benjamin da Rocha', '1986-11-20', 'C', 'Conjunto Sophia Mendes, 58', 'Paraíso', 'MTM', 'R');
INSERT INTO condutor (idCadastro, cpf, nome, dataNasc, idCategoriaCNH, endereco, bairro, idCidade, situacaoCNH) VALUES (408, '32590148704', 'Dr. Kaique das Neves', '1975-04-23', 'B', 'Morro Luiz Otávio Jesus, 43', 'Alto Dos Pinheiros', 'FAP', 'R');
INSERT INTO condutor (idCadastro, cpf, nome, dataNasc, idCategoriaCNH, endereco, bairro, idCidade, situacaoCNH) VALUES (409, '03651827453', 'Carolina da Cunha', '2001-01-07', 'B', 'Ladeira Yago Moraes, 62', 'Vila União', 'PPV', 'R');
INSERT INTO condutor (idCadastro, cpf, nome, dataNasc, idCategoriaCNH, endereco, bairro, idCidade, situacaoCNH) VALUES (410, '31475290616', 'Marcela Martins', '1985-01-02', 'C', 'Via de Freitas', 'Saudade', 'APC', 'R');
INSERT INTO condutor (idCadastro, cpf, nome, dataNasc, idCategoriaCNH, endereco, bairro, idCidade, situacaoCNH) VALUES (411, '13764508957', 'Dr. Luiz Felipe Barbosa', '1969-07-01', 'B', 'Condomínio das Neves, 61', 'Liberdade', 'MGG', 'R');
INSERT INTO condutor (idCadastro, cpf, nome, dataNasc, idCategoriaCNH, endereco, bairro, idCidade, situacaoCNH) VALUES (412, '89361745255', 'Daniel Jesus', '1982-08-05', 'A', 'Vale de Ramos, 2', 'Nova Floresta', 'MOC', 'R');
INSERT INTO condutor (idCadastro, cpf, nome, dataNasc, idCategoriaCNH, endereco, bairro, idCidade, situacaoCNH) VALUES (413, '24308975123', 'Gabriela Campos', '1984-09-12', 'B', 'Fazenda Guilherme da Costa', 'Santa Efigênia', 'GAP', 'R');
INSERT INTO condutor (idCadastro, cpf, nome, dataNasc, idCategoriaCNH, endereco, bairro, idCidade, situacaoCNH) VALUES (414, '89742106576', 'Emanuella da Costa', '1989-05-22', 'D', 'Residencial Ana Julia Gonçalves, 565', 'Minaslandia', 'MDP', 'R');
INSERT INTO condutor (idCadastro, cpf, nome, dataNasc, idCategoriaCNH, endereco, bairro, idCidade, situacaoCNH) VALUES (415, '23584760992', 'Pietra Silva', '1942-02-08', 'D', 'Lagoa de Cavalcanti, 5', 'Providencia', 'PNN', 'R');
INSERT INTO condutor (idCadastro, cpf, nome, dataNasc, idCategoriaCNH, endereco, bairro, idCidade, situacaoCNH) VALUES (416, '85429716391', 'Paulo Novaes', '1984-03-03', 'B', 'Parque Camila Peixoto', 'Maria Helena', 'ARM', 'R');
INSERT INTO condutor (idCadastro, cpf, nome, dataNasc, idCategoriaCNH, endereco, bairro, idCidade, situacaoCNH) VALUES (417, '49685317020', 'Yasmin da Cruz', '1939-03-31', 'D', 'Viaduto Giovanna das Neves, 4', 'Inconfidência', 'RRS', 'R');
INSERT INTO condutor (idCadastro, cpf, nome, dataNasc, idCategoriaCNH, endereco, bairro, idCidade, situacaoCNH) VALUES (418, '79528304656', 'Sofia Souza', '1972-02-29', 'E', 'Feira Mariana Rezende, 5', 'Pilar', 'CMD', 'R');
INSERT INTO condutor (idCadastro, cpf, nome, dataNasc, idCategoriaCNH, endereco, bairro, idCidade, situacaoCNH) VALUES (419, '62807194303', 'Felipe Sales', '1953-06-04', 'A', 'Condomínio de Alves, 173', 'Camponesa 1ª Seção', 'GLS', 'R');
INSERT INTO condutor (idCadastro, cpf, nome, dataNasc, idCategoriaCNH, endereco, bairro, idCidade, situacaoCNH) VALUES (420, '52401378979', 'Sr. João Gabriel Rezende', '1965-07-26', 'D', 'Parque de Barbosa, 76', 'Olhos Dágua', 'SGG', 'R');
INSERT INTO condutor (idCadastro, cpf, nome, dataNasc, idCategoriaCNH, endereco, bairro, idCidade, situacaoCNH) VALUES (421, '30159764866', 'Davi Lucca Dias', '1969-04-03', 'A', 'Conjunto Cardoso, 75', 'Fazendinha', 'MEA', 'R');
INSERT INTO condutor (idCadastro, cpf, nome, dataNasc, idCategoriaCNH, endereco, bairro, idCidade, situacaoCNH) VALUES (422, '65472189373', 'Dr. Anthony Nunes', '1951-03-11', 'D', 'Trecho Rocha', 'Vila Sesc', 'AVC', 'R');
INSERT INTO condutor (idCadastro, cpf, nome, dataNasc, idCategoriaCNH, endereco, bairro, idCidade, situacaoCNH) VALUES (423, '34576192809', 'Natália da Rosa', '1948-02-11', 'C', 'Loteamento Leandro Santos, 904', 'Vila Inestan', 'CTM', 'R');
INSERT INTO condutor (idCadastro, cpf, nome, dataNasc, idCategoriaCNH, endereco, bairro, idCidade, situacaoCNH) VALUES (424, '02987165420', 'Vitor Freitas', '1995-09-01', 'A', 'Favela Campos, 55', 'Gutierrez', 'FOM', 'R');
INSERT INTO condutor (idCadastro, cpf, nome, dataNasc, idCategoriaCNH, endereco, bairro, idCidade, situacaoCNH) VALUES (425, '37190826440', 'Thiago Cavalcanti', '1981-10-23', 'A', 'Sítio de da Cunha, 57', 'Maria Helena', 'JNG', 'R');
INSERT INTO condutor (idCadastro, cpf, nome, dataNasc, idCategoriaCNH, endereco, bairro, idCidade, situacaoCNH) VALUES (426, '96542378146', 'Diogo Costa', '1944-12-14', 'C', 'Setor Isaac das Neves, 140', 'Vila Santo Antônio', 'VOA', 'R');
INSERT INTO condutor (idCadastro, cpf, nome, dataNasc, idCategoriaCNH, endereco, bairro, idCidade, situacaoCNH) VALUES (427, '75186039268', 'Catarina Moura', '1996-10-18', 'C', 'Ladeira da Cunha, 22', 'Boa Vista', 'ANG', 'R');
INSERT INTO condutor (idCadastro, cpf, nome, dataNasc, idCategoriaCNH, endereco, bairro, idCidade, situacaoCNH) VALUES (428, '73169205480', 'Srta. Catarina Rezende', '1976-04-02', 'B', 'Campo Brenda Ferreira, 51', 'Universitário', 'PAM', 'R');
INSERT INTO condutor (idCadastro, cpf, nome, dataNasc, idCategoriaCNH, endereco, bairro, idCidade, situacaoCNH) VALUES (429, '85791630212', 'Srta. Emilly Alves', '1975-10-27', 'C', 'Loteamento Felipe da Luz, 85', 'Leticia', 'SOS', 'R');
INSERT INTO condutor (idCadastro, cpf, nome, dataNasc, idCategoriaCNH, endereco, bairro, idCidade, situacaoCNH) VALUES (430, '86209137512', 'Augusto Nunes', '1991-09-16', 'E', 'Fazenda Ana Lívia da Cruz, 688', 'Monsenhor Messias', 'RNO', 'R');
INSERT INTO condutor (idCadastro, cpf, nome, dataNasc, idCategoriaCNH, endereco, bairro, idCidade, situacaoCNH) VALUES (431, '12790643822', 'Matheus Pinto', '1949-07-23', 'C', 'Setor Eduardo Almeida, 57', 'Jardim Alvorada', 'LCG', 'R');
INSERT INTO condutor (idCadastro, cpf, nome, dataNasc, idCategoriaCNH, endereco, bairro, idCidade, situacaoCNH) VALUES (432, '47863152909', 'João Guilherme Cardoso', '1973-12-04', 'B', 'Campo de Sales, 438', 'Candelaria', 'FVP', 'R');
INSERT INTO condutor (idCadastro, cpf, nome, dataNasc, idCategoriaCNH, endereco, bairro, idCidade, situacaoCNH) VALUES (433, '92601543752', 'Valentina Sales', '1960-07-01', 'C', 'Sítio Barros, 10', 'Lagoa', 'COM', 'R');
INSERT INTO condutor (idCadastro, cpf, nome, dataNasc, idCategoriaCNH, endereco, bairro, idCidade, situacaoCNH) VALUES (434, '01948763575', 'Mariane Freitas', '1998-01-25', 'D', 'Parque Cardoso', 'Vila Batik', 'RAA', 'R');
INSERT INTO condutor (idCadastro, cpf, nome, dataNasc, idCategoriaCNH, endereco, bairro, idCidade, situacaoCNH) VALUES (435, '56417839001', 'Lavínia Oliveira', '1970-08-01', 'C', 'Campo Cauã Pinto, 8', 'Vila Calafate', 'GSF', 'R');
INSERT INTO condutor (idCadastro, cpf, nome, dataNasc, idCategoriaCNH, endereco, bairro, idCidade, situacaoCNH) VALUES (436, '07659142801', 'Pedro Miguel Alves', '1962-01-23', 'C', 'Quadra Mariana Lopes, 53', 'Vila Nova Cachoeirinha 2ª Seção', 'PPC', 'R');
INSERT INTO condutor (idCadastro, cpf, nome, dataNasc, idCategoriaCNH, endereco, bairro, idCidade, situacaoCNH) VALUES (437, '12947568001', 'Eloah Novaes', '1990-11-08', 'D', 'Condomínio Stephany Freitas, 309', 'Santa Lúcia', 'FFG', 'R');
INSERT INTO condutor (idCadastro, cpf, nome, dataNasc, idCategoriaCNH, endereco, bairro, idCidade, situacaoCNH) VALUES (438, '49510736252', 'Vitor Rezende', '1957-05-11', 'D', 'Lago Murilo Lima, 50', 'Lagoinha', 'OEN', 'R');
INSERT INTO condutor (idCadastro, cpf, nome, dataNasc, idCategoriaCNH, endereco, bairro, idCidade, situacaoCNH) VALUES (439, '21374098604', 'Sr. Enrico da Luz', '1969-02-24', 'D', 'Trevo Rodrigues, 54', 'Capitão Eduardo', 'FAA', 'R');
INSERT INTO condutor (idCadastro, cpf, nome, dataNasc, idCategoriaCNH, endereco, bairro, idCidade, situacaoCNH) VALUES (440, '42735918637', 'Rodrigo Santos', '1999-08-04', 'C', 'Colônia de Moraes, 62', 'Vila São Paulo', 'NSP', 'R');
INSERT INTO condutor (idCadastro, cpf, nome, dataNasc, idCategoriaCNH, endereco, bairro, idCidade, situacaoCNH) VALUES (441, '20487631978', 'Gustavo Henrique Alves', '1992-03-17', 'C', 'Esplanada Arthur Gomes', 'Ribeiro De Abreu', 'CDO', 'R');
INSERT INTO condutor (idCadastro, cpf, nome, dataNasc, idCategoriaCNH, endereco, bairro, idCidade, situacaoCNH) VALUES (442, '15497230814', 'Luiz Otávio Azevedo', '1964-01-18', 'A', 'Ladeira Isis Carvalho, 50', 'São José', 'RPN', 'R');
INSERT INTO condutor (idCadastro, cpf, nome, dataNasc, idCategoriaCNH, endereco, bairro, idCidade, situacaoCNH) VALUES (443, '13708564901', 'Dra. Ana Julia Correia', '2000-03-10', 'B', 'Núcleo de Melo, 27', 'Nova Esperança', 'NRA', 'R');
INSERT INTO condutor (idCadastro, cpf, nome, dataNasc, idCategoriaCNH, endereco, bairro, idCidade, situacaoCNH) VALUES (444, '34697852010', 'Lucca da Rocha', '1946-12-03', 'C', 'Morro Cavalcanti, 44', 'Cenaculo', 'RPV', 'R');
INSERT INTO condutor (idCadastro, cpf, nome, dataNasc, idCategoriaCNH, endereco, bairro, idCidade, situacaoCNH) VALUES (445, '16379245855', 'Raquel Costela', '1941-07-31', 'C', 'Parque Augusto Peixoto, 65', 'Funcionários', 'RCM', 'R');
INSERT INTO condutor (idCadastro, cpf, nome, dataNasc, idCategoriaCNH, endereco, bairro, idCidade, situacaoCNH) VALUES (446, '61023857480', 'Benjamin das Neves', '1987-08-30', 'B', 'Pátio Silveira, 1', 'Vila Nova', 'SCA', 'R');
INSERT INTO condutor (idCadastro, cpf, nome, dataNasc, idCategoriaCNH, endereco, bairro, idCidade, situacaoCNH) VALUES (447, '81530927404', 'Luiza Duarte', '1985-09-10', 'E', 'Lagoa de das Neves, 9', 'Jardim Alvorada', 'PTP', 'R');
INSERT INTO condutor (idCadastro, cpf, nome, dataNasc, idCategoriaCNH, endereco, bairro, idCidade, situacaoCNH) VALUES (448, '47382510905', 'Sr. Paulo Aragão', '1944-12-29', 'E', 'Avenida Porto', 'Indaiá', 'RFO', 'R');
INSERT INTO condutor (idCadastro, cpf, nome, dataNasc, idCategoriaCNH, endereco, bairro, idCidade, situacaoCNH) VALUES (449, '82645790356', 'Luana Teixeira', '1980-01-03', 'D', 'Conjunto Nogueira, 32', 'Virgínia', 'CUP', 'R');
INSERT INTO condutor (idCadastro, cpf, nome, dataNasc, idCategoriaCNH, endereco, bairro, idCidade, situacaoCNH) VALUES (450, '38190742604', 'Felipe Pires', '1990-09-23', 'D', 'Estação Lavínia Ferreira, 95', 'Dom Cabral', 'MMP', 'R');
INSERT INTO condutor (idCadastro, cpf, nome, dataNasc, idCategoriaCNH, endereco, bairro, idCidade, situacaoCNH) VALUES (451, '86574201985', 'Dr. João Vitor Duarte', '2001-05-05', 'C', 'Aeroporto Cunha, 2', 'Conjunto Celso Machado', 'PRP', 'R');
INSERT INTO condutor (idCadastro, cpf, nome, dataNasc, idCategoriaCNH, endereco, bairro, idCidade, situacaoCNH) VALUES (452, '26150739406', 'Gabriela Moraes', '1997-07-11', 'A', 'Feira Novaes, 6', 'Jaraguá', 'POO', 'R');
INSERT INTO condutor (idCadastro, cpf, nome, dataNasc, idCategoriaCNH, endereco, bairro, idCidade, situacaoCNH) VALUES (453, '94156872319', 'Sr. Kaique Costa', '1965-07-14', 'D', 'Esplanada de Mendes, 75', 'Aarão Reis', 'PIS', 'R');
INSERT INTO condutor (idCadastro, cpf, nome, dataNasc, idCategoriaCNH, endereco, bairro, idCidade, situacaoCNH) VALUES (454, '14729680502', 'Júlia Rezende', '1946-01-25', 'B', 'Esplanada Caio da Costa, 99', 'São Gonçalo', 'DUV', 'R');
INSERT INTO condutor (idCadastro, cpf, nome, dataNasc, idCategoriaCNH, endereco, bairro, idCidade, situacaoCNH) VALUES (455, '59462783128', 'Emanuelly Duarte', '1952-04-16', 'D', 'Loteamento Fernandes, 67', 'Vila São João Batista', 'MDA', 'R');
INSERT INTO condutor (idCadastro, cpf, nome, dataNasc, idCategoriaCNH, endereco, bairro, idCidade, situacaoCNH) VALUES (456, '41652970894', 'Heitor Cardoso', '1971-01-13', 'E', 'Loteamento Dias', 'Nazare', 'MDP', 'R');
INSERT INTO condutor (idCadastro, cpf, nome, dataNasc, idCategoriaCNH, endereco, bairro, idCidade, situacaoCNH) VALUES (457, '74081593639', 'Ana Laura Gonçalves', '1993-02-12', 'B', 'Ladeira de Sales, 8', 'Canaa', 'DUV', 'R');
INSERT INTO condutor (idCadastro, cpf, nome, dataNasc, idCategoriaCNH, endereco, bairro, idCidade, situacaoCNH) VALUES (458, '27583901405', 'Sabrina da Paz', '1995-08-29', 'A', 'Esplanada de Cardoso, 50', 'Campo Alegre', 'AVA', 'R');
INSERT INTO condutor (idCadastro, cpf, nome, dataNasc, idCategoriaCNH, endereco, bairro, idCidade, situacaoCNH) VALUES (459, '46930257125', 'Breno Correia', '1989-06-07', 'E', 'Avenida da Cunha, 76', 'Jardim Guanabara', 'ATP', 'R');
INSERT INTO condutor (idCadastro, cpf, nome, dataNasc, idCategoriaCNH, endereco, bairro, idCidade, situacaoCNH) VALUES (460, '69027513406', 'Sr. Luiz Fernando Fernandes', '1947-11-11', 'B', 'Trecho de Rodrigues, 28', 'Caiçaras', 'AMS', 'R');
INSERT INTO condutor (idCadastro, cpf, nome, dataNasc, idCategoriaCNH, endereco, bairro, idCidade, situacaoCNH) VALUES (461, '12948536006', 'Rodrigo da Costa', '1974-05-23', 'E', 'Lagoa Gonçalves, 57', 'Grotinha', 'SSP', 'R');
INSERT INTO condutor (idCadastro, cpf, nome, dataNasc, idCategoriaCNH, endereco, bairro, idCidade, situacaoCNH) VALUES (462, '64509178220', 'Otávio Farias', '1999-10-30', 'A', 'Lago de Castro', 'Estrela', 'VND', 'R');
INSERT INTO condutor (idCadastro, cpf, nome, dataNasc, idCategoriaCNH, endereco, bairro, idCidade, situacaoCNH) VALUES (463, '24598371609', 'Sra. Sarah Teixeira', '1958-05-26', 'A', 'Largo Rafael Peixoto', 'Vila Suzana Segunda Seção', 'ANP', 'R');
INSERT INTO condutor (idCadastro, cpf, nome, dataNasc, idCategoriaCNH, endereco, bairro, idCidade, situacaoCNH) VALUES (464, '82579143041', 'Maria Julia Freitas', '1984-03-07', 'C', 'Lago Luiz Felipe Novaes, 5', 'Minas Brasil', 'AAP', 'R');
INSERT INTO condutor (idCadastro, cpf, nome, dataNasc, idCategoriaCNH, endereco, bairro, idCidade, situacaoCNH) VALUES (465, '59178046300', 'Luana Jesus', '1953-07-17', 'D', 'Alameda Mendes', 'Vila Mangueiras', 'CSF', 'R');
INSERT INTO condutor (idCadastro, cpf, nome, dataNasc, idCategoriaCNH, endereco, bairro, idCidade, situacaoCNH) VALUES (466, '78216350490', 'Camila Moura', '1961-09-19', 'E', 'Avenida Emilly Carvalho, 30', 'Jardim Atlântico', 'NDG', 'R');
INSERT INTO condutor (idCadastro, cpf, nome, dataNasc, idCategoriaCNH, endereco, bairro, idCidade, situacaoCNH) VALUES (467, '41965327052', 'Lucca Teixeira', '2001-03-06', 'A', 'Rodovia de Cardoso, 4', 'Mangueiras', 'JNP', 'R');
INSERT INTO condutor (idCadastro, cpf, nome, dataNasc, idCategoriaCNH, endereco, bairro, idCidade, situacaoCNH) VALUES (468, '12307489622', 'Giovanna da Luz', '1960-12-09', 'D', 'Jardim Leandro da Mata', 'Savassi', 'JPS', 'R');
INSERT INTO condutor (idCadastro, cpf, nome, dataNasc, idCategoriaCNH, endereco, bairro, idCidade, situacaoCNH) VALUES (469, '50847361993', 'Bryan Araújo', '1972-08-16', 'E', 'Feira Alexandre Novaes, 861', 'Custodinha', 'MOO', 'R');
INSERT INTO condutor (idCadastro, cpf, nome, dataNasc, idCategoriaCNH, endereco, bairro, idCidade, situacaoCNH) VALUES (470, '59037246800', 'Benjamin Moraes', '1951-06-16', 'E', 'Quadra Maysa Fogaça, 45', 'Lajedo', 'PAD', 'R');
INSERT INTO condutor (idCadastro, cpf, nome, dataNasc, idCategoriaCNH, endereco, bairro, idCidade, situacaoCNH) VALUES (471, '39586104710', 'João Melo', '1986-07-07', 'C', 'Avenida Araújo, 45', 'Prado', 'NAP', 'R');
INSERT INTO condutor (idCadastro, cpf, nome, dataNasc, idCategoriaCNH, endereco, bairro, idCidade, situacaoCNH) VALUES (472, '78063452135', 'Joana Azevedo', '1955-10-20', 'B', 'Campo de Correia, 6', 'Solar Do Barreiro', 'CMG', 'R');
INSERT INTO condutor (idCadastro, cpf, nome, dataNasc, idCategoriaCNH, endereco, bairro, idCidade, situacaoCNH) VALUES (473, '54327190888', 'Bernardo Cardoso', '1950-09-16', 'E', 'Alameda Moura, 72', 'Vila Minaslandia', 'DAM', 'R');
INSERT INTO condutor (idCadastro, cpf, nome, dataNasc, idCategoriaCNH, endereco, bairro, idCidade, situacaoCNH) VALUES (474, '98507124658', 'Olivia Lopes', '1970-08-05', 'E', 'Viela de Farias, 37', 'Vila Rica', 'RNN', 'R');
INSERT INTO condutor (idCadastro, cpf, nome, dataNasc, idCategoriaCNH, endereco, bairro, idCidade, situacaoCNH) VALUES (475, '97650428176', 'Maria Fernanda Caldeira', '2001-01-30', 'E', 'Feira João Miguel das Neves, 1', 'Vila Santa Monica 2ª Seção', 'RGG', 'R');
INSERT INTO condutor (idCadastro, cpf, nome, dataNasc, idCategoriaCNH, endereco, bairro, idCidade, situacaoCNH) VALUES (476, '95128467058', 'Enrico Viana', '1945-08-23', 'E', 'Trecho Isaac Duarte, 40', 'Trevo', 'FFV', 'R');
INSERT INTO condutor (idCadastro, cpf, nome, dataNasc, idCategoriaCNH, endereco, bairro, idCidade, situacaoCNH) VALUES (477, '67185032407', 'Yuri Silveira', '1952-09-15', 'A', 'Residencial das Neves, 348', 'Vista Do Sol', 'RRV', 'R');
INSERT INTO condutor (idCadastro, cpf, nome, dataNasc, idCategoriaCNH, endereco, bairro, idCidade, situacaoCNH) VALUES (478, '09845216315', 'Sra. Stella Pires', '1944-11-10', 'B', 'Viela Carolina da Mota, 8', 'Santa Efigênia', 'POM', 'R');
INSERT INTO condutor (idCadastro, cpf, nome, dataNasc, idCategoriaCNH, endereco, bairro, idCidade, situacaoCNH) VALUES (479, '36954210706', 'Luiz Fernando da Costa', '1971-06-14', 'E', 'Recanto de Caldeira, 99', 'Jardim Montanhês', 'JFC', 'R');
INSERT INTO condutor (idCadastro, cpf, nome, dataNasc, idCategoriaCNH, endereco, bairro, idCidade, situacaoCNH) VALUES (480, '41053876939', 'Heloísa Almeida', '1988-05-15', 'E', 'Parque Correia, 63', 'Vila Inestan', 'JSS', 'R');
INSERT INTO condutor (idCadastro, cpf, nome, dataNasc, idCategoriaCNH, endereco, bairro, idCidade, situacaoCNH) VALUES (481, '64918527094', 'Pietra Caldeira', '1942-06-05', 'A', 'Trecho Sofia Jesus, 4', 'Lagoinha', 'OEN', 'R');
INSERT INTO condutor (idCadastro, cpf, nome, dataNasc, idCategoriaCNH, endereco, bairro, idCidade, situacaoCNH) VALUES (482, '35124098732', 'Joana da Rosa', '1988-05-23', 'E', 'Residencial Sarah da Luz, 85', 'Bonfim', 'FDG', 'R');
INSERT INTO condutor (idCadastro, cpf, nome, dataNasc, idCategoriaCNH, endereco, bairro, idCidade, situacaoCNH) VALUES (483, '36148520753', 'Leandro Porto', '1983-03-20', 'A', 'Feira de Santos, 61', 'Mangueiras', 'CMC', 'R');
INSERT INTO condutor (idCadastro, cpf, nome, dataNasc, idCategoriaCNH, endereco, bairro, idCidade, situacaoCNH) VALUES (484, '45368901739', 'Dr. Gabriel Correia', '1943-12-23', 'A', 'Pátio da Mata', 'Ipe', 'JSS', 'R');
INSERT INTO condutor (idCadastro, cpf, nome, dataNasc, idCategoriaCNH, endereco, bairro, idCidade, situacaoCNH) VALUES (485, '53704891657', 'Gustavo Henrique Silva', '1973-03-13', 'B', 'Aeroporto da Luz, 73', 'Suzana', 'DES', 'R');
INSERT INTO condutor (idCadastro, cpf, nome, dataNasc, idCategoriaCNH, endereco, bairro, idCidade, situacaoCNH) VALUES (486, '14756029361', 'Luiz Gustavo Lopes', '1978-07-17', 'D', 'Parque de da Paz, 6', 'Vila Puc', 'AAS', 'R');
INSERT INTO condutor (idCadastro, cpf, nome, dataNasc, idCategoriaCNH, endereco, bairro, idCidade, situacaoCNH) VALUES (487, '91047258676', 'Maria Lima', '1987-06-28', 'A', 'Setor Teixeira, 963', 'Nova Floresta', 'MOC', 'R');
INSERT INTO condutor (idCadastro, cpf, nome, dataNasc, idCategoriaCNH, endereco, bairro, idCidade, situacaoCNH) VALUES (488, '83467920187', 'Srta. Eduarda da Luz', '1946-08-18', 'B', 'Ladeira Luiz Felipe Dias', 'Vila Das Oliveiras', 'AVC', 'R');
INSERT INTO condutor (idCadastro, cpf, nome, dataNasc, idCategoriaCNH, endereco, bairro, idCidade, situacaoCNH) VALUES (489, '56827401308', 'Dra. Ana Luiza Cavalcanti', '1944-05-23', 'C', 'Conjunto de Campos, 83', 'Túnel De Ibirité', 'SGF', 'R');
INSERT INTO condutor (idCadastro, cpf, nome, dataNasc, idCategoriaCNH, endereco, bairro, idCidade, situacaoCNH) VALUES (490, '79526108302', 'Ian Gomes', '1954-02-04', 'E', 'Residencial Castro, 7', 'Alta Tensão 2ª Seção', 'SNG', 'R');
INSERT INTO condutor (idCadastro, cpf, nome, dataNasc, idCategoriaCNH, endereco, bairro, idCidade, situacaoCNH) VALUES (491, '27138649509', 'Juliana Rezende', '1955-02-24', 'D', 'Vila Fogaça, 66', 'Das Industrias I', 'SEV', 'R');
INSERT INTO condutor (idCadastro, cpf, nome, dataNasc, idCategoriaCNH, endereco, bairro, idCidade, situacaoCNH) VALUES (492, '59608142342', 'Dra. Maria Alice da Cunha', '1987-12-16', 'E', 'Vale de da Rocha, 57', 'Vila São Gabriel', 'RAP', 'R');
INSERT INTO condutor (idCadastro, cpf, nome, dataNasc, idCategoriaCNH, endereco, bairro, idCidade, situacaoCNH) VALUES (493, '59234807600', 'Sofia Ribeiro', '1979-10-26', 'C', 'Vereda Maria Cecília Sales, 54', 'Jardim São José', 'SPA', 'R');
INSERT INTO condutor (idCadastro, cpf, nome, dataNasc, idCategoriaCNH, endereco, bairro, idCidade, situacaoCNH) VALUES (494, '08192756386', 'Dr. Davi Oliveira', '1980-11-02', 'C', 'Setor Peixoto, 5', 'Vila São João Batista', 'MDA', 'R');
INSERT INTO condutor (idCadastro, cpf, nome, dataNasc, idCategoriaCNH, endereco, bairro, idCidade, situacaoCNH) VALUES (495, '53187402941', 'Vitor Rocha', '1990-06-22', 'B', 'Jardim de Rodrigues, 71', 'Vila São Geraldo', 'CSF', 'R');
INSERT INTO condutor (idCadastro, cpf, nome, dataNasc, idCategoriaCNH, endereco, bairro, idCidade, situacaoCNH) VALUES (496, '85103247607', 'Calebe Moura', '1999-08-08', 'E', 'Praia Viana, 4', 'Novo Das Industrias', 'PVV', 'R');
INSERT INTO condutor (idCadastro, cpf, nome, dataNasc, idCategoriaCNH, endereco, bairro, idCidade, situacaoCNH) VALUES (497, '68049731278', 'Srta. Beatriz Moreira', '1939-12-09', 'E', 'Travessa de Moraes, 66', 'São Paulo', 'ANG', 'R');
INSERT INTO condutor (idCadastro, cpf, nome, dataNasc, idCategoriaCNH, endereco, bairro, idCidade, situacaoCNH) VALUES (498, '71456293800', 'Caroline Moura', '1979-03-09', 'D', 'Morro Moreira, 211', 'Senhor Dos Passos', 'SEP', 'R');
INSERT INTO condutor (idCadastro, cpf, nome, dataNasc, idCategoriaCNH, endereco, bairro, idCidade, situacaoCNH) VALUES (499, '54302861924', 'Isaac Nascimento', '1980-03-23', 'E', 'Trevo de da Costa, 61', 'Vila Jardim Montanhes', 'JPS', 'R');
INSERT INTO condutor (idCadastro, cpf, nome, dataNasc, idCategoriaCNH, endereco, bairro, idCidade, situacaoCNH) VALUES (500, '12078563986', 'Joaquim Nogueira', '1984-02-08', 'D', 'Condomínio de da Rosa, 47', 'Cidade Nova', 'AMC', 'R');
INSERT INTO condutor (idCadastro, cpf, nome, dataNasc, idCategoriaCNH, endereco, bairro, idCidade, situacaoCNH) VALUES (501, '92431768546', 'Luiz Gustavo Araújo', '1968-05-11', 'C', 'Favela Ana Luiza Carvalho', 'Barão Homem De Melo 3ª Seção', 'AZP', 'R');
INSERT INTO condutor (idCadastro, cpf, nome, dataNasc, idCategoriaCNH, endereco, bairro, idCidade, situacaoCNH) VALUES (502, '73901562877', 'Maria Vitória Correia', '1949-05-16', 'E', 'Alameda Gomes, 7', 'Eymard', 'CSP', 'R');
INSERT INTO condutor (idCadastro, cpf, nome, dataNasc, idCategoriaCNH, endereco, bairro, idCidade, situacaoCNH) VALUES (503, '28930754104', 'Mariane Barros', '1966-10-11', 'E', 'Recanto Lopes, 34', 'Esperança', 'MEP', 'R');
INSERT INTO condutor (idCadastro, cpf, nome, dataNasc, idCategoriaCNH, endereco, bairro, idCidade, situacaoCNH) VALUES (504, '43902187603', 'Valentina Melo', '2001-11-03', 'A', 'Vale Pedro Henrique Caldeira', 'Atila De Paiva', 'MAG', 'R');
INSERT INTO condutor (idCadastro, cpf, nome, dataNasc, idCategoriaCNH, endereco, bairro, idCidade, situacaoCNH) VALUES (505, '23781954609', 'Maria Luiza Novaes', '1972-11-17', 'E', 'Vale Francisco Silva', 'Independência', 'SGP', 'R');
INSERT INTO condutor (idCadastro, cpf, nome, dataNasc, idCategoriaCNH, endereco, bairro, idCidade, situacaoCNH) VALUES (506, '71563928400', 'Luiz Felipe Nunes', '1988-03-21', 'C', 'Núcleo Fernando Araújo, 44', 'Nova Esperança', 'PPV', 'R');
INSERT INTO condutor (idCadastro, cpf, nome, dataNasc, idCategoriaCNH, endereco, bairro, idCidade, situacaoCNH) VALUES (507, '82690513730', 'Júlia Porto', '1947-03-26', 'A', 'Núcleo Vieira, 4', 'Mirtes', 'FRN', 'R');
INSERT INTO condutor (idCadastro, cpf, nome, dataNasc, idCategoriaCNH, endereco, bairro, idCidade, situacaoCNH) VALUES (508, '02618937503', 'Laís Fernandes', '1969-06-19', 'C', 'Jardim Correia, 826', 'Jardim Felicidade', 'CAM', 'R');
INSERT INTO condutor (idCadastro, cpf, nome, dataNasc, idCategoriaCNH, endereco, bairro, idCidade, situacaoCNH) VALUES (509, '03746819539', 'Raul Rezende', '1954-02-04', 'A', 'Via Ribeiro, 10', 'Taquaril', 'CEG', 'R');
INSERT INTO condutor (idCadastro, cpf, nome, dataNasc, idCategoriaCNH, endereco, bairro, idCidade, situacaoCNH) VALUES (510, '26019875377', 'Samuel Azevedo', '1984-10-17', 'C', 'Campo de da Conceição, 417', 'Esperança', 'MIP', 'R');
INSERT INTO condutor (idCadastro, cpf, nome, dataNasc, idCategoriaCNH, endereco, bairro, idCidade, situacaoCNH) VALUES (511, '34615087993', 'Luiz Henrique Pereira', '1988-01-26', 'C', 'Largo de Nogueira, 828', 'Jatobá', 'ROS', 'R');
INSERT INTO condutor (idCadastro, cpf, nome, dataNasc, idCategoriaCNH, endereco, bairro, idCidade, situacaoCNH) VALUES (512, '16374950801', 'Fernando Moura', '1941-07-24', 'B', 'Avenida Santos, 64', 'Conjunto Novo Dom Bosco', 'MEA', 'R');
INSERT INTO condutor (idCadastro, cpf, nome, dataNasc, idCategoriaCNH, endereco, bairro, idCidade, situacaoCNH) VALUES (513, '92547160811', 'Caroline Campos', '1970-04-13', 'B', 'Recanto Monteiro, 3', 'Das Industrias I', 'APA', 'R');
INSERT INTO condutor (idCadastro, cpf, nome, dataNasc, idCategoriaCNH, endereco, bairro, idCidade, situacaoCNH) VALUES (514, '76429138500', 'Enrico da Mata', '1943-09-17', 'E', 'Lago Cardoso, 79', 'Vila Betânia', 'PES', 'R');
INSERT INTO condutor (idCadastro, cpf, nome, dataNasc, idCategoriaCNH, endereco, bairro, idCidade, situacaoCNH) VALUES (515, '26813097431', 'Ana Beatriz Almeida', '1957-02-10', 'C', 'Conjunto Ramos, 31', 'Serra Do Curral', 'DOG', 'R');
INSERT INTO condutor (idCadastro, cpf, nome, dataNasc, idCategoriaCNH, endereco, bairro, idCidade, situacaoCNH) VALUES (516, '59831062795', 'Dra. Lorena Cunha', '1953-05-29', 'D', 'Trevo de da Luz, 65', 'Santa Monica', 'MOS', 'R');
INSERT INTO condutor (idCadastro, cpf, nome, dataNasc, idCategoriaCNH, endereco, bairro, idCidade, situacaoCNH) VALUES (517, '19463052860', 'Davi Luiz Campos', '1965-08-23', 'E', 'Lago Thales da Costa, 6', 'Jardim Do Vale', 'AAG', 'R');
INSERT INTO condutor (idCadastro, cpf, nome, dataNasc, idCategoriaCNH, endereco, bairro, idCidade, situacaoCNH) VALUES (518, '54896301242', 'Lorenzo Castro', '1992-10-19', 'D', 'Conjunto da Costa, 32', 'Conjunto São Francisco De Assis', 'CUG', 'R');
INSERT INTO condutor (idCadastro, cpf, nome, dataNasc, idCategoriaCNH, endereco, bairro, idCidade, situacaoCNH) VALUES (519, '61357804253', 'Miguel Mendes', '1983-11-07', 'D', 'Lago de Duarte, 36', 'Universitário', 'RFF', 'R');
INSERT INTO condutor (idCadastro, cpf, nome, dataNasc, idCategoriaCNH, endereco, bairro, idCidade, situacaoCNH) VALUES (520, '54276183090', 'Ana Luiza Santos', '1981-12-19', 'B', 'Recanto Pietro da Rocha', 'Alto Caiçaras', 'ASO', 'R');
INSERT INTO condutor (idCadastro, cpf, nome, dataNasc, idCategoriaCNH, endereco, bairro, idCidade, situacaoCNH) VALUES (521, '85374290665', 'Thales Duarte', '2000-07-11', 'A', 'Distrito Mirella Oliveira', 'Novo Tupi', 'SIM', 'R');
INSERT INTO condutor (idCadastro, cpf, nome, dataNasc, idCategoriaCNH, endereco, bairro, idCidade, situacaoCNH) VALUES (522, '93874056210', 'Dr. Kevin Monteiro', '1991-05-26', 'A', 'Trecho Enzo Aragão, 9', 'Vila Rica', 'SES', 'R');
INSERT INTO condutor (idCadastro, cpf, nome, dataNasc, idCategoriaCNH, endereco, bairro, idCidade, situacaoCNH) VALUES (523, '14802769520', 'Emanuel Farias', '1959-10-29', 'C', 'Sítio Carolina Nascimento, 1', 'Jardim Atlântico', 'FFD', 'R');
INSERT INTO condutor (idCadastro, cpf, nome, dataNasc, idCategoriaCNH, endereco, bairro, idCidade, situacaoCNH) VALUES (524, '63798041296', 'Enzo Pinto', '1954-09-29', 'A', 'Viela de Freitas, 299', 'Jardim Atlântico', 'NDG', 'R');
INSERT INTO condutor (idCadastro, cpf, nome, dataNasc, idCategoriaCNH, endereco, bairro, idCidade, situacaoCNH) VALUES (525, '17439605810', 'João Pedro Caldeira', '1945-10-10', 'D', 'Favela Cardoso', 'Graça', 'JSP', 'R');
INSERT INTO condutor (idCadastro, cpf, nome, dataNasc, idCategoriaCNH, endereco, bairro, idCidade, situacaoCNH) VALUES (526, '28930745105', 'Sra. Carolina Lopes', '1999-11-28', 'E', 'Travessa de da Conceição, 98', 'Vila Aeroporto Jaraguá', 'PVV', 'R');
INSERT INTO condutor (idCadastro, cpf, nome, dataNasc, idCategoriaCNH, endereco, bairro, idCidade, situacaoCNH) VALUES (527, '43012876987', 'Luiz Miguel Cardoso', '1954-10-17', 'B', 'Alameda de Costa, 21', 'Santa Maria', 'SGG', 'R');
INSERT INTO condutor (idCadastro, cpf, nome, dataNasc, idCategoriaCNH, endereco, bairro, idCidade, situacaoCNH) VALUES (528, '76510382903', 'Samuel da Conceição', '1995-07-25', 'A', 'Viela Joaquim Silva, 8', 'Carlos Prates', 'PPS', 'R');
INSERT INTO condutor (idCadastro, cpf, nome, dataNasc, idCategoriaCNH, endereco, bairro, idCidade, situacaoCNH) VALUES (529, '06957814300', 'Sophie Jesus', '1993-01-14', 'B', 'Distrito de Rodrigues, 956', 'Nova Suíça', 'CNC', 'R');
INSERT INTO condutor (idCadastro, cpf, nome, dataNasc, idCategoriaCNH, endereco, bairro, idCidade, situacaoCNH) VALUES (530, '38792140505', 'Ana Vitória Carvalho', '1941-04-03', 'C', 'Feira de Silveira', 'São Geraldo', 'FPG', 'R');
INSERT INTO condutor (idCadastro, cpf, nome, dataNasc, idCategoriaCNH, endereco, bairro, idCidade, situacaoCNH) VALUES (531, '89506317410', 'Bryan Barros', '2000-02-26', 'E', 'Estação Alexia Barbosa, 356', 'Luxemburgo', 'RPM', 'R');
INSERT INTO condutor (idCadastro, cpf, nome, dataNasc, idCategoriaCNH, endereco, bairro, idCidade, situacaoCNH) VALUES (532, '40265179343', 'João Pedro Ferreira', '1960-04-12', 'D', 'Pátio Enrico Cardoso, 10', 'Aparecida', 'PLM', 'R');
INSERT INTO condutor (idCadastro, cpf, nome, dataNasc, idCategoriaCNH, endereco, bairro, idCidade, situacaoCNH) VALUES (533, '70891635203', 'Stephany Caldeira', '1966-03-11', 'C', 'Pátio de das Neves', 'Jardim Vitoria', 'BRN', 'R');
INSERT INTO condutor (idCadastro, cpf, nome, dataNasc, idCategoriaCNH, endereco, bairro, idCidade, situacaoCNH) VALUES (534, '35041986215', 'Davi Luiz Jesus', '1995-06-07', 'E', 'Vale de Monteiro, 90', 'João Paulo Ii', 'MOO', 'R');
INSERT INTO condutor (idCadastro, cpf, nome, dataNasc, idCategoriaCNH, endereco, bairro, idCidade, situacaoCNH) VALUES (535, '32567918400', 'Lucca Jesus', '1957-09-27', 'E', 'Condomínio Sales, 843', 'Estoril', 'SAS', 'R');
INSERT INTO condutor (idCadastro, cpf, nome, dataNasc, idCategoriaCNH, endereco, bairro, idCidade, situacaoCNH) VALUES (536, '13769508475', 'Ana Lívia Nunes', '1984-11-25', 'E', 'Trevo de da Mota, 11', 'Vila Nova', 'GSS', 'R');
INSERT INTO condutor (idCadastro, cpf, nome, dataNasc, idCategoriaCNH, endereco, bairro, idCidade, situacaoCNH) VALUES (537, '50146873262', 'Sr. Fernando Duarte', '1972-03-11', 'C', 'Quadra Costa, 32', 'Marmiteiros', 'CIP', 'R');
INSERT INTO condutor (idCadastro, cpf, nome, dataNasc, idCategoriaCNH, endereco, bairro, idCidade, situacaoCNH) VALUES (538, '93652870140', 'Luiz Miguel Vieira', '1967-07-25', 'E', 'Jardim Valentina das Neves, 30', 'Ouro Preto', 'PAM', 'R');
INSERT INTO condutor (idCadastro, cpf, nome, dataNasc, idCategoriaCNH, endereco, bairro, idCidade, situacaoCNH) VALUES (539, '06279318559', 'Maria Luiza Almeida', '1978-05-23', 'D', 'Vereda de Pereira, 38', 'Jatobá', 'ROS', 'R');
INSERT INTO condutor (idCadastro, cpf, nome, dataNasc, idCategoriaCNH, endereco, bairro, idCidade, situacaoCNH) VALUES (540, '47251389673', 'Augusto Teixeira', '1980-07-16', 'A', 'Esplanada Julia Araújo, 6', 'Vila Copacabana', 'TAP', 'R');
INSERT INTO condutor (idCadastro, cpf, nome, dataNasc, idCategoriaCNH, endereco, bairro, idCidade, situacaoCNH) VALUES (541, '52638714909', 'Isabelly Carvalho', '1986-01-20', 'B', 'Viela da Rosa, 35', 'Vila Piratininga Venda Nova', 'SDS', 'R');
INSERT INTO condutor (idCadastro, cpf, nome, dataNasc, idCategoriaCNH, endereco, bairro, idCidade, situacaoCNH) VALUES (542, '14635809242', 'Nicolas Rocha', '1957-03-02', 'C', 'Chácara da Luz, 31', 'Céu Azul', 'SDP', 'R');
INSERT INTO condutor (idCadastro, cpf, nome, dataNasc, idCategoriaCNH, endereco, bairro, idCidade, situacaoCNH) VALUES (543, '23017459888', 'Sophie Alves', '1970-01-11', 'D', 'Passarela Luiz Miguel da Luz, 57', 'Conjunto Lagoa', 'MAV', 'R');
INSERT INTO condutor (idCadastro, cpf, nome, dataNasc, idCategoriaCNH, endereco, bairro, idCidade, situacaoCNH) VALUES (544, '38694051710', 'Arthur Aragão', '1952-08-07', 'D', 'Rodovia Maria Pinto, 45', 'Vila Inestan', 'JSS', 'R');
INSERT INTO condutor (idCadastro, cpf, nome, dataNasc, idCategoriaCNH, endereco, bairro, idCidade, situacaoCNH) VALUES (545, '08765241371', 'Maria Cecília Costa', '1953-03-02', 'A', 'Distrito de Barbosa, 20', 'Estrela', 'MAG', 'R');
INSERT INTO condutor (idCadastro, cpf, nome, dataNasc, idCategoriaCNH, endereco, bairro, idCidade, situacaoCNH) VALUES (546, '42513897005', 'Sr. Breno Lima', '1944-09-23', 'C', 'Estação de da Costa, 78', 'Santo Antônio', 'MIP', 'R');
INSERT INTO condutor (idCadastro, cpf, nome, dataNasc, idCategoriaCNH, endereco, bairro, idCidade, situacaoCNH) VALUES (547, '41952730805', 'Ana Luiza Farias', '1961-10-27', 'A', 'Morro Gabriel Fernandes, 52', 'Monsenhor Messias', 'RNO', 'R');
INSERT INTO condutor (idCadastro, cpf, nome, dataNasc, idCategoriaCNH, endereco, bairro, idCidade, situacaoCNH) VALUES (548, '04985726338', 'Juliana Azevedo', '1997-08-10', 'A', 'Avenida de da Cunha, 56', 'Senhor Dos Passos', 'MAA', 'R');
INSERT INTO condutor (idCadastro, cpf, nome, dataNasc, idCategoriaCNH, endereco, bairro, idCidade, situacaoCNH) VALUES (549, '94068517339', 'Marcelo Barbosa', '1948-12-11', 'A', 'Jardim Catarina Castro, 1', 'Parque São José', 'VCM', 'R');
INSERT INTO condutor (idCadastro, cpf, nome, dataNasc, idCategoriaCNH, endereco, bairro, idCidade, situacaoCNH) VALUES (550, '80754162362', 'Marcelo Peixoto', '1944-09-15', 'D', 'Distrito de Melo, 98', 'Santo Antônio', 'MIP', 'R');
INSERT INTO condutor (idCadastro, cpf, nome, dataNasc, idCategoriaCNH, endereco, bairro, idCidade, situacaoCNH) VALUES (551, '15897034648', 'Dr. Thales Farias', '1991-01-27', 'B', 'Favela de Martins, 50', 'João Paulo Ii', 'CSS', 'R');
INSERT INTO condutor (idCadastro, cpf, nome, dataNasc, idCategoriaCNH, endereco, bairro, idCidade, situacaoCNH) VALUES (552, '79634815057', 'Luiz Fernando Melo', '1953-08-01', 'E', 'Jardim Daniel Santos, 55', 'Ouro Minas', 'CUG', 'R');
INSERT INTO condutor (idCadastro, cpf, nome, dataNasc, idCategoriaCNH, endereco, bairro, idCidade, situacaoCNH) VALUES (553, '60518297411', 'Raul Oliveira', '1945-10-21', 'E', 'Avenida Luiz Fernando Alves, 62', 'Vila Cloris', 'RCG', 'R');
INSERT INTO condutor (idCadastro, cpf, nome, dataNasc, idCategoriaCNH, endereco, bairro, idCidade, situacaoCNH) VALUES (554, '25498063792', 'Luiz Miguel da Costa', '1998-12-06', 'C', 'Parque Rezende, 66', 'Vila Rica', 'SES', 'R');
INSERT INTO condutor (idCadastro, cpf, nome, dataNasc, idCategoriaCNH, endereco, bairro, idCidade, situacaoCNH) VALUES (555, '95012634870', 'Raquel Ramos', '1943-12-01', 'D', 'Chácara Pedro Rodrigues, 28', 'Vila Suzana Primeira Seção', 'CMP', 'R');
INSERT INTO condutor (idCadastro, cpf, nome, dataNasc, idCategoriaCNH, endereco, bairro, idCidade, situacaoCNH) VALUES (556, '29458601398', 'Catarina Lopes', '1989-01-27', 'A', 'Vereda de Caldeira', 'Santa Helena', 'CSS', 'R');
INSERT INTO condutor (idCadastro, cpf, nome, dataNasc, idCategoriaCNH, endereco, bairro, idCidade, situacaoCNH) VALUES (557, '52948637074', 'Dr. Leandro Ribeiro', '1958-10-08', 'A', 'Condomínio de Costa, 336', 'Vila Cemig', 'FRF', 'R');
INSERT INTO condutor (idCadastro, cpf, nome, dataNasc, idCategoriaCNH, endereco, bairro, idCidade, situacaoCNH) VALUES (558, '15864720380', 'Luna Fogaça', '1975-09-25', 'B', 'Vereda de Costa', 'Vila Pinho', 'RVC', 'R');
INSERT INTO condutor (idCadastro, cpf, nome, dataNasc, idCategoriaCNH, endereco, bairro, idCidade, situacaoCNH) VALUES (559, '25139760886', 'Esther Moreira', '1997-03-19', 'D', 'Pátio de Barros, 11', 'Santa Efigênia', 'CRO', 'R');
INSERT INTO condutor (idCadastro, cpf, nome, dataNasc, idCategoriaCNH, endereco, bairro, idCidade, situacaoCNH) VALUES (560, '37529086103', 'Rodrigo Pereira', '1986-04-30', 'D', 'Vereda Francisco Pereira, 8', 'Penha', 'FSV', 'R');
INSERT INTO condutor (idCadastro, cpf, nome, dataNasc, idCategoriaCNH, endereco, bairro, idCidade, situacaoCNH) VALUES (561, '68230975400', 'Erick da Mata', '1997-04-08', 'E', 'Travessa Martins, 82', 'Santa Cruz', 'VDP', 'R');
INSERT INTO condutor (idCadastro, cpf, nome, dataNasc, idCategoriaCNH, endereco, bairro, idCidade, situacaoCNH) VALUES (562, '60329871404', 'Lorenzo Nunes', '1941-08-31', 'A', 'Viela de Gomes, 9', 'Venda Nova', 'NCG', 'R');
INSERT INTO condutor (idCadastro, cpf, nome, dataNasc, idCategoriaCNH, endereco, bairro, idCidade, situacaoCNH) VALUES (563, '36817049296', 'Ryan Cunha', '1991-12-18', 'A', 'Aeroporto Nascimento, 49', 'Nova Gameleira', 'MSA', 'R');
INSERT INTO condutor (idCadastro, cpf, nome, dataNasc, idCategoriaCNH, endereco, bairro, idCidade, situacaoCNH) VALUES (564, '04362758135', 'João Miguel Teixeira', '1978-01-06', 'C', 'Avenida Santos, 224', 'Vila Piratininga', 'CPA', 'R');
INSERT INTO condutor (idCadastro, cpf, nome, dataNasc, idCategoriaCNH, endereco, bairro, idCidade, situacaoCNH) VALUES (565, '62084357900', 'Sr. Joaquim Sales', '1956-09-19', 'A', 'Conjunto de Moura, 725', 'Betânia', 'DMP', 'R');
INSERT INTO condutor (idCadastro, cpf, nome, dataNasc, idCategoriaCNH, endereco, bairro, idCidade, situacaoCNH) VALUES (566, '03675249883', 'Pietra Moraes', '1992-07-03', 'C', 'Jardim João Vitor Ferreira, 12', 'Santa Sofia', 'VSO', 'R');
INSERT INTO condutor (idCadastro, cpf, nome, dataNasc, idCategoriaCNH, endereco, bairro, idCidade, situacaoCNH) VALUES (567, '74283916528', 'Maria Sophia Novaes', '1961-10-25', 'A', 'Lagoa de da Mota, 188', 'Taquaril', 'SPA', 'R');
INSERT INTO condutor (idCadastro, cpf, nome, dataNasc, idCategoriaCNH, endereco, bairro, idCidade, situacaoCNH) VALUES (568, '72980316512', 'Enzo Gabriel Duarte', '1993-02-06', 'A', 'Rodovia Juliana Mendes, 98', 'Belvedere', 'CSP', 'R');
INSERT INTO condutor (idCadastro, cpf, nome, dataNasc, idCategoriaCNH, endereco, bairro, idCidade, situacaoCNH) VALUES (569, '82130476996', 'Sr. João Guilherme Barbosa', '1949-07-19', 'C', 'Área Davi Luiz da Rosa, 78', 'Vila Copasa', 'GSP', 'R');
INSERT INTO condutor (idCadastro, cpf, nome, dataNasc, idCategoriaCNH, endereco, bairro, idCidade, situacaoCNH) VALUES (570, '75291368446', 'Dra. Vitória da Paz', '1941-10-07', 'A', 'Passarela Rezende, 15', 'Barão Homem De Melo 2ª Seção', 'SLA', 'R');
INSERT INTO condutor (idCadastro, cpf, nome, dataNasc, idCategoriaCNH, endereco, bairro, idCidade, situacaoCNH) VALUES (571, '52639478109', 'Isis Costela', '1960-04-12', 'D', 'Lagoa de Lopes, 17', 'Vila São Rafael', 'ACN', 'R');
INSERT INTO condutor (idCadastro, cpf, nome, dataNasc, idCategoriaCNH, endereco, bairro, idCidade, situacaoCNH) VALUES (572, '03861729512', 'Pietra Novaes', '1971-05-07', 'D', 'Trecho de Nogueira', 'Leonina', 'SLG', 'R');
INSERT INTO condutor (idCadastro, cpf, nome, dataNasc, idCategoriaCNH, endereco, bairro, idCidade, situacaoCNH) VALUES (573, '13479508260', 'Emanuelly Cavalcanti', '1961-04-12', 'C', 'Alameda Leonardo Santos, 48', 'Universitário', 'MMO', 'R');
INSERT INTO condutor (idCadastro, cpf, nome, dataNasc, idCategoriaCNH, endereco, bairro, idCidade, situacaoCNH) VALUES (574, '25409817630', 'Renan da Luz', '1948-04-25', 'D', 'Viela Maria Julia da Cruz', 'Europa', 'ADD', 'R');
INSERT INTO condutor (idCadastro, cpf, nome, dataNasc, idCategoriaCNH, endereco, bairro, idCidade, situacaoCNH) VALUES (575, '05694381793', 'Sr. Pedro Miguel Campos', '1951-06-18', 'B', 'Residencial Beatriz Silveira, 6', 'Mangueiras', 'CMC', 'R');
INSERT INTO condutor (idCadastro, cpf, nome, dataNasc, idCategoriaCNH, endereco, bairro, idCidade, situacaoCNH) VALUES (576, '78103596493', 'Lorena Cardoso', '1954-09-02', 'D', 'Praça de Lima, 87', 'Aparecida', 'VTN', 'R');
INSERT INTO condutor (idCadastro, cpf, nome, dataNasc, idCategoriaCNH, endereco, bairro, idCidade, situacaoCNH) VALUES (577, '84713629537', 'Breno Pires', '1978-03-16', 'D', 'Estrada Thiago Rodrigues, 38', 'Pongelupe', 'SRP', 'R');
INSERT INTO condutor (idCadastro, cpf, nome, dataNasc, idCategoriaCNH, endereco, bairro, idCidade, situacaoCNH) VALUES (578, '47653208126', 'Giovanna Barbosa', '1973-02-20', 'C', 'Parque de da Costa, 11', 'São José', 'ASG', 'R');
INSERT INTO condutor (idCadastro, cpf, nome, dataNasc, idCategoriaCNH, endereco, bairro, idCidade, situacaoCNH) VALUES (579, '89560143700', 'Maria Eduarda Santos', '1988-12-21', 'E', 'Residencial Arthur Dias, 66', 'Frei Leopoldo', 'PPC', 'R');
INSERT INTO condutor (idCadastro, cpf, nome, dataNasc, idCategoriaCNH, endereco, bairro, idCidade, situacaoCNH) VALUES (580, '69278403113', 'Julia Santos', '1972-09-05', 'C', 'Setor de Carvalho, 924', 'Canadá', 'GGP', 'R');
INSERT INTO condutor (idCadastro, cpf, nome, dataNasc, idCategoriaCNH, endereco, bairro, idCidade, situacaoCNH) VALUES (581, '18603527903', 'João Felipe da Cruz', '1975-07-28', 'C', 'Setor de Barbosa, 196', 'Marajó', 'APP', 'R');
INSERT INTO condutor (idCadastro, cpf, nome, dataNasc, idCategoriaCNH, endereco, bairro, idCidade, situacaoCNH) VALUES (582, '45378902150', 'Luiz Gustavo da Rosa', '1946-04-29', 'A', 'Conjunto de Rocha, 63', 'Jardim Vitoria', 'SLG', 'R');
INSERT INTO condutor (idCadastro, cpf, nome, dataNasc, idCategoriaCNH, endereco, bairro, idCidade, situacaoCNH) VALUES (583, '10357264835', 'Pedro Henrique da Cunha', '1975-06-25', 'D', 'Esplanada Pinto, 58', 'Minas Brasil', 'AAP', 'R');
INSERT INTO condutor (idCadastro, cpf, nome, dataNasc, idCategoriaCNH, endereco, bairro, idCidade, situacaoCNH) VALUES (584, '75364098265', 'Esther da Costa', '1981-04-04', 'E', 'Esplanada de Moreira, 32', 'Jardim Felicidade', 'FAA', 'R');
INSERT INTO condutor (idCadastro, cpf, nome, dataNasc, idCategoriaCNH, endereco, bairro, idCidade, situacaoCNH) VALUES (585, '85134906793', 'Srta. Pietra Silveira', '2000-01-29', 'D', 'Ladeira de Silva, 29', 'Beija Flor', 'RAM', 'R');
INSERT INTO condutor (idCadastro, cpf, nome, dataNasc, idCategoriaCNH, endereco, bairro, idCidade, situacaoCNH) VALUES (586, '20536971480', 'Vitor Gabriel Fogaça', '1976-07-30', 'B', 'Condomínio de Duarte, 9', 'Lagoinha Leblon', 'FVP', 'R');
INSERT INTO condutor (idCadastro, cpf, nome, dataNasc, idCategoriaCNH, endereco, bairro, idCidade, situacaoCNH) VALUES (587, '23594860710', 'Vitor Gabriel Silva', '1993-01-17', 'D', 'Estrada Leonardo Lima, 636', 'Jardim Vitoria', 'TAP', 'R');
INSERT INTO condutor (idCadastro, cpf, nome, dataNasc, idCategoriaCNH, endereco, bairro, idCidade, situacaoCNH) VALUES (588, '02683719469', 'Ryan Melo', '1973-08-28', 'E', 'Parque Cardoso, 10', 'Nova Gameleira', 'CRN', 'R');
INSERT INTO condutor (idCadastro, cpf, nome, dataNasc, idCategoriaCNH, endereco, bairro, idCidade, situacaoCNH) VALUES (589, '52387164946', 'Pietra Nogueira', '1993-01-30', 'A', 'Vereda Luiz Felipe Duarte, 77', 'Nova Suíça', 'DGG', 'R');
INSERT INTO condutor (idCadastro, cpf, nome, dataNasc, idCategoriaCNH, endereco, bairro, idCidade, situacaoCNH) VALUES (590, '03741568910', 'Maysa Alves', '1974-08-10', 'B', 'Aeroporto Sabrina Nunes', 'Vila Santa Monica 1ª Seção', 'CMC', 'R');
INSERT INTO condutor (idCadastro, cpf, nome, dataNasc, idCategoriaCNH, endereco, bairro, idCidade, situacaoCNH) VALUES (591, '31705864244', 'Luiz Gustavo da Rocha', '1980-11-18', 'C', 'Vila Fernandes, 59', 'Monte São José', 'PEV', 'R');
INSERT INTO condutor (idCadastro, cpf, nome, dataNasc, idCategoriaCNH, endereco, bairro, idCidade, situacaoCNH) VALUES (592, '47821039560', 'Sr. Luiz Henrique Carvalho', '1972-10-20', 'D', 'Viela Rafaela Monteiro, 2', 'Santa Rita De Cássia', 'AVA', 'R');
INSERT INTO condutor (idCadastro, cpf, nome, dataNasc, idCategoriaCNH, endereco, bairro, idCidade, situacaoCNH) VALUES (593, '15620874958', 'Manuela Moraes', '1981-12-26', 'E', 'Aeroporto de Moura, 813', 'Santo Antônio', 'MIP', 'R');
INSERT INTO condutor (idCadastro, cpf, nome, dataNasc, idCategoriaCNH, endereco, bairro, idCidade, situacaoCNH) VALUES (594, '16785432928', 'Thomas da Rosa', '1991-10-13', 'D', 'Colônia Freitas, 66', 'Boa União 1ª Seção', 'DOG', 'R');
INSERT INTO condutor (idCadastro, cpf, nome, dataNasc, idCategoriaCNH, endereco, bairro, idCidade, situacaoCNH) VALUES (595, '92640815776', 'Erick Alves', '1941-07-04', 'C', 'Passarela Manuela Silveira, 39', 'Conjunto Paulo Vi', 'MSD', 'R');
INSERT INTO condutor (idCadastro, cpf, nome, dataNasc, idCategoriaCNH, endereco, bairro, idCidade, situacaoCNH) VALUES (596, '90231857659', 'Joana das Neves', '1952-06-08', 'A', 'Sítio de Cardoso', 'Betânia', 'PPP', 'R');
INSERT INTO condutor (idCadastro, cpf, nome, dataNasc, idCategoriaCNH, endereco, bairro, idCidade, situacaoCNH) VALUES (597, '69304158206', 'Dr. André Fernandes', '1948-12-29', 'B', 'Aeroporto Moreira, 9', 'Salgado Filho', 'CRD', 'R');
INSERT INTO condutor (idCadastro, cpf, nome, dataNasc, idCategoriaCNH, endereco, bairro, idCidade, situacaoCNH) VALUES (598, '16782340526', 'João Vitor Campos', '1956-12-17', 'D', 'Residencial Caldeira, 6', 'Vila Da Luz', 'CVV', 'R');
INSERT INTO condutor (idCadastro, cpf, nome, dataNasc, idCategoriaCNH, endereco, bairro, idCidade, situacaoCNH) VALUES (599, '40762839538', 'Rodrigo Barbosa', '1944-05-08', 'C', 'Rodovia de Ribeiro, 75', 'Graça', 'VVP', 'R');
INSERT INTO condutor (idCadastro, cpf, nome, dataNasc, idCategoriaCNH, endereco, bairro, idCidade, situacaoCNH) VALUES (600, '81950637212', 'Gustavo Correia', '1950-01-01', 'C', 'Favela João Sales, 187', 'Cenaculo', 'ACN', 'R');
INSERT INTO condutor (idCadastro, cpf, nome, dataNasc, idCategoriaCNH, endereco, bairro, idCidade, situacaoCNH) VALUES (601, '65419203707', 'Cauã Freitas', '1948-11-10', 'E', 'Travessa Eduardo Novaes, 42', 'Itapoa', 'PAM', 'R');
INSERT INTO condutor (idCadastro, cpf, nome, dataNasc, idCategoriaCNH, endereco, bairro, idCidade, situacaoCNH) VALUES (602, '62187403904', 'Maria Fernanda Ramos', '1976-06-20', 'B', 'Parque de Ferreira, 376', 'Conjunto Floramar', 'GFF', 'R');
INSERT INTO condutor (idCadastro, cpf, nome, dataNasc, idCategoriaCNH, endereco, bairro, idCidade, situacaoCNH) VALUES (603, '59647123043', 'Pedro Lucas Viana', '1983-11-11', 'D', 'Largo de Nascimento, 456', 'São Bernardo', 'GEA', 'R');
INSERT INTO condutor (idCadastro, cpf, nome, dataNasc, idCategoriaCNH, endereco, bairro, idCidade, situacaoCNH) VALUES (604, '59862370483', 'Dra. Ana Carolina Sales', '1956-05-07', 'B', 'Largo Maria Alice Alves, 657', 'Santa Rita De Cássia', 'PNN', 'R');
INSERT INTO condutor (idCadastro, cpf, nome, dataNasc, idCategoriaCNH, endereco, bairro, idCidade, situacaoCNH) VALUES (605, '70861459202', 'Eduarda Campos', '1952-09-24', 'D', 'Campo Joaquim Caldeira', 'Unidas', 'SEP', 'R');
INSERT INTO condutor (idCadastro, cpf, nome, dataNasc, idCategoriaCNH, endereco, bairro, idCidade, situacaoCNH) VALUES (606, '37504296856', 'Ana Laura Rezende', '1999-10-01', 'C', 'Loteamento de Jesus, 11', 'Nossa Senhora Do Rosário', 'FRP', 'R');
INSERT INTO condutor (idCadastro, cpf, nome, dataNasc, idCategoriaCNH, endereco, bairro, idCidade, situacaoCNH) VALUES (607, '82174936003', 'Emanuella da Costa', '1939-01-11', 'B', 'Colônia de Ribeiro, 5', 'Goiania', 'MDN', 'R');
INSERT INTO condutor (idCadastro, cpf, nome, dataNasc, idCategoriaCNH, endereco, bairro, idCidade, situacaoCNH) VALUES (608, '97362085400', 'Ana Júlia Araújo', '1956-04-04', 'E', 'Núcleo de Nunes, 121', 'Vila Pilar', 'SGF', 'R');
INSERT INTO condutor (idCadastro, cpf, nome, dataNasc, idCategoriaCNH, endereco, bairro, idCidade, situacaoCNH) VALUES (609, '29583760102', 'Caroline Gomes', '1942-03-13', 'A', 'Praça da Rosa, 52', 'Santana Do Cafezal', 'BVA', 'R');
INSERT INTO condutor (idCadastro, cpf, nome, dataNasc, idCategoriaCNH, endereco, bairro, idCidade, situacaoCNH) VALUES (610, '27489153646', 'Júlia Caldeira', '1982-09-24', 'D', 'Favela Freitas, 557', 'Vila Santa Monica 2ª Seção', 'SLC', 'R');
INSERT INTO condutor (idCadastro, cpf, nome, dataNasc, idCategoriaCNH, endereco, bairro, idCidade, situacaoCNH) VALUES (611, '01985763400', 'Ana Ribeiro', '1965-05-10', 'E', 'Alameda Anthony Gomes, 56', 'Vila Santa Monica 2ª Seção', 'CNA', 'R');
INSERT INTO condutor (idCadastro, cpf, nome, dataNasc, idCategoriaCNH, endereco, bairro, idCidade, situacaoCNH) VALUES (612, '50391764225', 'Guilherme da Conceição', '1960-12-26', 'E', 'Área de Barbosa, 18', 'Santa Cruz', 'CND', 'R');
INSERT INTO condutor (idCadastro, cpf, nome, dataNasc, idCategoriaCNH, endereco, bairro, idCidade, situacaoCNH) VALUES (613, '38074921514', 'Theo da Cunha', '1941-06-24', 'A', 'Via Oliveira, 847', 'Cidade Jardim', 'OEN', 'R');
INSERT INTO condutor (idCadastro, cpf, nome, dataNasc, idCategoriaCNH, endereco, bairro, idCidade, situacaoCNH) VALUES (614, '27193486004', 'Letícia Costa', '1944-05-09', 'E', 'Rodovia de Moura, 735', 'Jardim Alvorada', 'PTP', 'R');
INSERT INTO condutor (idCadastro, cpf, nome, dataNasc, idCategoriaCNH, endereco, bairro, idCidade, situacaoCNH) VALUES (615, '26108935740', 'Helena da Luz', '1990-04-11', 'D', 'Rodovia Vinicius da Rosa, 3', 'Tupi B', 'BMP', 'R');
INSERT INTO condutor (idCadastro, cpf, nome, dataNasc, idCategoriaCNH, endereco, bairro, idCidade, situacaoCNH) VALUES (616, '24308576938', 'Sra. Juliana Farias', '1941-06-13', 'D', 'Chácara João Pereira, 40', 'Santa Efigênia', 'MCN', 'R');
INSERT INTO condutor (idCadastro, cpf, nome, dataNasc, idCategoriaCNH, endereco, bairro, idCidade, situacaoCNH) VALUES (617, '20751396443', 'Isadora Pires', '1964-09-28', 'D', 'Viaduto Rocha, 1', 'Urca', 'MAM', 'R');
INSERT INTO condutor (idCadastro, cpf, nome, dataNasc, idCategoriaCNH, endereco, bairro, idCidade, situacaoCNH) VALUES (618, '59082341760', 'Esther Correia', '1998-01-21', 'B', 'Lago Luiz Gustavo Pinto', 'Novo Santa Cecilia', 'GCC', 'R');
INSERT INTO condutor (idCadastro, cpf, nome, dataNasc, idCategoriaCNH, endereco, bairro, idCidade, situacaoCNH) VALUES (619, '62743890592', 'Kaique Moreira', '1971-08-27', 'E', 'Loteamento Barros, 3', 'Solar Do Barreiro', 'CSS', 'R');
INSERT INTO condutor (idCadastro, cpf, nome, dataNasc, idCategoriaCNH, endereco, bairro, idCidade, situacaoCNH) VALUES (620, '50689273177', 'Carolina Nascimento', '1994-02-19', 'D', 'Vereda de Barros, 934', 'Parque São José', 'AOD', 'R');
INSERT INTO condutor (idCadastro, cpf, nome, dataNasc, idCategoriaCNH, endereco, bairro, idCidade, situacaoCNH) VALUES (621, '34705192850', 'Cauã Farias', '1938-11-23', 'A', 'Loteamento de Pinto, 389', 'Parque São Pedro', 'RMA', 'R');
INSERT INTO condutor (idCadastro, cpf, nome, dataNasc, idCategoriaCNH, endereco, bairro, idCidade, situacaoCNH) VALUES (622, '23098651415', 'Sabrina da Cruz', '1955-04-07', 'B', 'Rua Nunes, 45', 'Cidade Jardim Taquaril', 'FGA', 'R');
INSERT INTO condutor (idCadastro, cpf, nome, dataNasc, idCategoriaCNH, endereco, bairro, idCidade, situacaoCNH) VALUES (623, '76931485075', 'João Vitor Campos', '1946-04-25', 'B', 'Estação Almeida, 45', 'Conjunto Santa Maria', 'AMS', 'R');
INSERT INTO condutor (idCadastro, cpf, nome, dataNasc, idCategoriaCNH, endereco, bairro, idCidade, situacaoCNH) VALUES (624, '31479568228', 'Eloah Costela', '1996-03-25', 'D', 'Passarela de das Neves, 89', 'Jardim Leblon', 'CVV', 'R');
INSERT INTO condutor (idCadastro, cpf, nome, dataNasc, idCategoriaCNH, endereco, bairro, idCidade, situacaoCNH) VALUES (625, '74109625343', 'Maria Fernanda Cardoso', '1966-03-15', 'C', 'Praia de Oliveira, 15', 'Castelo', 'PSD', 'R');
INSERT INTO condutor (idCadastro, cpf, nome, dataNasc, idCategoriaCNH, endereco, bairro, idCidade, situacaoCNH) VALUES (626, '85217469382', 'Diego Melo', '1995-12-30', 'A', 'Largo de Nogueira, 37', 'São Sebastião', 'DGA', 'R');
INSERT INTO condutor (idCadastro, cpf, nome, dataNasc, idCategoriaCNH, endereco, bairro, idCidade, situacaoCNH) VALUES (627, '96270458374', 'Paulo Nunes', '1982-11-30', 'A', 'Vila Fogaça, 74', 'Jatobá', 'NPM', 'R');
INSERT INTO condutor (idCadastro, cpf, nome, dataNasc, idCategoriaCNH, endereco, bairro, idCidade, situacaoCNH) VALUES (628, '12065384735', 'Valentina Silva', '1939-10-06', 'C', 'Pátio Costela', 'João Pinheiro', 'DSP', 'R');
INSERT INTO condutor (idCadastro, cpf, nome, dataNasc, idCategoriaCNH, endereco, bairro, idCidade, situacaoCNH) VALUES (629, '48329016560', 'Dra. Sophia Santos', '1995-04-29', 'A', 'Jardim de Melo, 865', 'Vila Ecológica', 'BCC', 'R');
INSERT INTO condutor (idCadastro, cpf, nome, dataNasc, idCategoriaCNH, endereco, bairro, idCidade, situacaoCNH) VALUES (630, '87461953001', 'Luiz Miguel Barbosa', '1961-11-02', 'A', 'Fazenda Pereira, 918', 'Carlos Prates', 'JPS', 'R');
INSERT INTO condutor (idCadastro, cpf, nome, dataNasc, idCategoriaCNH, endereco, bairro, idCidade, situacaoCNH) VALUES (631, '02974863140', 'Vitor Gabriel Souza', '1960-09-28', 'B', 'Parque de Aragão', 'Gameleira', 'BAA', 'R');
INSERT INTO condutor (idCadastro, cpf, nome, dataNasc, idCategoriaCNH, endereco, bairro, idCidade, situacaoCNH) VALUES (632, '41875936084', 'Luiz Henrique Nunes', '1962-01-10', 'E', 'Chácara de Peixoto, 71', 'Jaraguá', 'POO', 'R');
INSERT INTO condutor (idCadastro, cpf, nome, dataNasc, idCategoriaCNH, endereco, bairro, idCidade, situacaoCNH) VALUES (633, '41302759680', 'Dra. Mariane da Mota', '1978-02-10', 'A', 'Feira de Gomes, 25', 'Sport Club', 'SNG', 'R');
INSERT INTO condutor (idCadastro, cpf, nome, dataNasc, idCategoriaCNH, endereco, bairro, idCidade, situacaoCNH) VALUES (634, '39240187669', 'Vicente Cavalcanti', '1947-08-25', 'C', 'Aeroporto Teixeira', 'Conjunto Paulo Vi', 'GEA', 'R');
INSERT INTO condutor (idCadastro, cpf, nome, dataNasc, idCategoriaCNH, endereco, bairro, idCidade, situacaoCNH) VALUES (635, '72546803107', 'Lucas Cunha', '1948-03-10', 'E', 'Conjunto Fernandes, 19', 'Vila Novo São Lucas', 'DEG', 'R');
INSERT INTO condutor (idCadastro, cpf, nome, dataNasc, idCategoriaCNH, endereco, bairro, idCidade, situacaoCNH) VALUES (636, '49731625828', 'Esther Peixoto', '1991-06-04', 'D', 'Vila Ana Clara Nunes, 4', 'Madre Gertrudes', 'CCS', 'R');
INSERT INTO condutor (idCadastro, cpf, nome, dataNasc, idCategoriaCNH, endereco, bairro, idCidade, situacaoCNH) VALUES (637, '70521936802', 'Bruno Peixoto', '1969-07-01', 'B', 'Estação de Pinto, 3', 'Santa Efigênia', 'POM', 'R');
INSERT INTO condutor (idCadastro, cpf, nome, dataNasc, idCategoriaCNH, endereco, bairro, idCidade, situacaoCNH) VALUES (638, '93821657464', 'Luigi Rezende', '1973-04-12', 'B', 'Vila Jesus', 'São Gabriel', 'CFS', 'R');
INSERT INTO condutor (idCadastro, cpf, nome, dataNasc, idCategoriaCNH, endereco, bairro, idCidade, situacaoCNH) VALUES (639, '32905861703', 'Davi Luiz Lima', '1961-09-09', 'A', 'Alameda Monteiro, 851', 'Liberdade', 'LGG', 'R');
INSERT INTO condutor (idCadastro, cpf, nome, dataNasc, idCategoriaCNH, endereco, bairro, idCidade, situacaoCNH) VALUES (640, '32096471516', 'Sr. Lorenzo Aragão', '1941-09-08', 'D', 'Passarela Costela, 2', 'Nova Cintra', 'MTM', 'R');
INSERT INTO condutor (idCadastro, cpf, nome, dataNasc, idCategoriaCNH, endereco, bairro, idCidade, situacaoCNH) VALUES (641, '89037165230', 'Davi Lucas Costa', '1940-02-05', 'C', 'Rua Bryan da Costa, 88', 'Liberdade', 'PFV', 'R');
INSERT INTO condutor (idCadastro, cpf, nome, dataNasc, idCategoriaCNH, endereco, bairro, idCidade, situacaoCNH) VALUES (642, '63984517084', 'Joaquim Fogaça', '1999-02-05', 'A', 'Aeroporto Henrique Sales, 35', 'Garças', 'GFF', 'R');
INSERT INTO condutor (idCadastro, cpf, nome, dataNasc, idCategoriaCNH, endereco, bairro, idCidade, situacaoCNH) VALUES (643, '30254187960', 'Sra. Juliana Gomes', '1959-05-24', 'B', 'Aeroporto de Castro, 48', 'Acaiaca', 'MFA', 'R');
INSERT INTO condutor (idCadastro, cpf, nome, dataNasc, idCategoriaCNH, endereco, bairro, idCidade, situacaoCNH) VALUES (644, '98046752347', 'Maria Clara Correia', '1955-06-28', 'B', 'Alameda de Porto, 47', 'Jardim América', 'PRN', 'R');
INSERT INTO condutor (idCadastro, cpf, nome, dataNasc, idCategoriaCNH, endereco, bairro, idCidade, situacaoCNH) VALUES (645, '29431650851', 'Brenda Oliveira', '1947-06-19', 'C', 'Quadra Bryan Melo, 676', 'Vila Madre Gertrudes 3ª Seção', 'RGG', 'R');
INSERT INTO condutor (idCadastro, cpf, nome, dataNasc, idCategoriaCNH, endereco, bairro, idCidade, situacaoCNH) VALUES (646, '30798246103', 'Luiz Felipe da Mata', '1968-08-06', 'A', 'Largo de da Cruz, 52', 'Cônego Pinheiro 2ª Seção', 'RAM', 'R');
INSERT INTO especie (idEspecie, descricao) VALUES (1, 'de passageiros');
INSERT INTO especie (idEspecie, descricao) VALUES (2, 'de carga');
INSERT INTO especie (idEspecie, descricao) VALUES (3, 'misto');
INSERT INTO especie (idEspecie, descricao) VALUES (4, 'de competição');
INSERT INTO especie (idEspecie, descricao) VALUES (5, 'de tração');
INSERT INTO especie (idEspecie, descricao) VALUES (6, 'especial');
INSERT INTO especie (idEspecie, descricao) VALUES (7, 'de coleção');
INSERT INTO categoria_veiculo (idCategoria, descricao, idEspecie) VALUES (1, 'Particular', 1);
INSERT INTO categoria_veiculo (idCategoria, descricao, idEspecie) VALUES (2, 'Oficial', 1);
INSERT INTO categoria_veiculo (idCategoria, descricao, idEspecie) VALUES (3, 'Aprendizagem', 1);
INSERT INTO categoria_veiculo (idCategoria, descricao, idEspecie) VALUES (4, 'Aluguel', 1);
INSERT INTO categoria_veiculo (idCategoria, descricao, idEspecie) VALUES (5, 'Representação Diplomática', 1);
INSERT INTO categoria_veiculo (idCategoria, descricao, idEspecie) VALUES (6, 'Particular', 2);
INSERT INTO categoria_veiculo (idCategoria, descricao, idEspecie) VALUES (7, 'Oficial', 2);
INSERT INTO categoria_veiculo (idCategoria, descricao, idEspecie) VALUES (8, 'Aprendizagem', 2);
INSERT INTO categoria_veiculo (idCategoria, descricao, idEspecie) VALUES (9, 'Aluguel', 2);
INSERT INTO categoria_veiculo (idCategoria, descricao, idEspecie) VALUES (10, 'Representação Diplomática', 2);
INSERT INTO categoria_veiculo (idCategoria, descricao, idEspecie) VALUES (11, 'Particular', 3);
INSERT INTO categoria_veiculo (idCategoria, descricao, idEspecie) VALUES (12, 'Oficial', 3);
INSERT INTO categoria_veiculo (idCategoria, descricao, idEspecie) VALUES (13, 'Aprendizagem', 3);
INSERT INTO categoria_veiculo (idCategoria, descricao, idEspecie) VALUES (14, 'Aluguel', 3);
INSERT INTO categoria_veiculo (idCategoria, descricao, idEspecie) VALUES (15, 'Representação Diplomática', 3);
INSERT INTO categoria_veiculo (idCategoria, descricao, idEspecie) VALUES (16, 'Particular', 4);
INSERT INTO categoria_veiculo (idCategoria, descricao, idEspecie) VALUES (17, 'Oficial', 4);
INSERT INTO categoria_veiculo (idCategoria, descricao, idEspecie) VALUES (18, 'Aprendizagem', 4);
INSERT INTO categoria_veiculo (idCategoria, descricao, idEspecie) VALUES (19, 'Aluguel', 4);
INSERT INTO categoria_veiculo (idCategoria, descricao, idEspecie) VALUES (20, 'Representação Diplomática', 4);
INSERT INTO categoria_veiculo (idCategoria, descricao, idEspecie) VALUES (21, 'Particular', 5);
INSERT INTO categoria_veiculo (idCategoria, descricao, idEspecie) VALUES (22, 'Oficial', 5);
INSERT INTO categoria_veiculo (idCategoria, descricao, idEspecie) VALUES (23, 'Aprendizagem', 5);
INSERT INTO categoria_veiculo (idCategoria, descricao, idEspecie) VALUES (24, 'Aluguel', 5);
INSERT INTO categoria_veiculo (idCategoria, descricao, idEspecie) VALUES (25, 'Representação Diplomática', 5);
INSERT INTO categoria_veiculo (idCategoria, descricao, idEspecie) VALUES (26, 'Particular', 6);
INSERT INTO categoria_veiculo (idCategoria, descricao, idEspecie) VALUES (27, 'Oficial', 6);
INSERT INTO categoria_veiculo (idCategoria, descricao, idEspecie) VALUES (28, 'Aprendizagem', 6);
INSERT INTO categoria_veiculo (idCategoria, descricao, idEspecie) VALUES (29, 'Aluguel', 6);
INSERT INTO categoria_veiculo (idCategoria, descricao, idEspecie) VALUES (30, 'Representação Diplomática', 6);
INSERT INTO categoria_veiculo (idCategoria, descricao, idEspecie) VALUES (31, 'Particular', 7);
INSERT INTO categoria_veiculo (idCategoria, descricao, idEspecie) VALUES (32, 'Oficial', 7);
INSERT INTO categoria_veiculo (idCategoria, descricao, idEspecie) VALUES (33, 'Aprendizagem', 7);
INSERT INTO categoria_veiculo (idCategoria, descricao, idEspecie) VALUES (34, 'Aluguel', 7);
INSERT INTO categoria_veiculo (idCategoria, descricao, idEspecie) VALUES (35, 'Representação Diplomática', 7);
INSERT INTO veiculo (renavam, placa, ano, idCategoria, idProprietario, idModelo, idCidade, dataCompra, dataAquisicao, valor, situacao) VALUES ('69678055464', 'ECP5546', 1991, 13, 162, 656, 'MDP', '1991-06-11', '1991-06-11', '48348.9', 'R');
INSERT INTO veiculo (renavam, placa, ano, idCategoria, idProprietario, idModelo, idCidade, dataCompra, dataAquisicao, valor, situacao) VALUES ('87806601928', 'WPB0192', 1995, 20, 148, 2518, 'CSC', '1995-11-10', '1995-11-10', '23126.15', 'R');
INSERT INTO veiculo (renavam, placa, ano, idCategoria, idProprietario, idModelo, idCidade, dataCompra, dataAquisicao, valor, situacao) VALUES ('65747123475', 'AJG2347', 2019, 22, 385, 4398, 'JPS', '2019-10-06', '2019-10-06', '56577.95', 'R');
INSERT INTO veiculo (renavam, placa, ano, idCategoria, idProprietario, idModelo, idCidade, dataCompra, dataAquisicao, valor, situacao) VALUES ('847484734510', 'TJT7345', 1991, 17, 514, 2499, 'PES', '1991-05-02', '1991-05-02', '7199.44', 'R');
INSERT INTO veiculo (renavam, placa, ano, idCategoria, idProprietario, idModelo, idCidade, dataCompra, dataAquisicao, valor, situacao) VALUES ('81878733961', 'QWW3396', 2003, 16, 400, 2784, 'PPV', '2003-03-05', '2003-03-05', '27853.92', 'R');
INSERT INTO veiculo (renavam, placa, ano, idCategoria, idProprietario, idModelo, idCidade, dataCompra, dataAquisicao, valor, situacao) VALUES ('759082148910', 'KZR1489', 1994, 21, 157, 2562, 'RFF', '1994-09-20', '1994-09-20', '24394.2', 'R');
INSERT INTO veiculo (renavam, placa, ano, idCategoria, idProprietario, idModelo, idCidade, dataCompra, dataAquisicao, valor, situacao) VALUES ('85848735624', 'UTW3562', 1980, 21, 572, 2594, 'SLG', '1980-06-09', '1980-06-09', '53954.7', 'R');
INSERT INTO veiculo (renavam, placa, ano, idCategoria, idProprietario, idModelo, idCidade, dataCompra, dataAquisicao, valor, situacao) VALUES ('81696663771', 'QEB6377', 1979, 35, 282, 2683, 'GSP', '1979-10-21', '1979-10-21', '79393.89', 'R');
INSERT INTO veiculo (renavam, placa, ano, idCategoria, idProprietario, idModelo, idCidade, dataCompra, dataAquisicao, valor, situacao) VALUES ('83836635461', 'SSB3546', 2001, 4, 429, 4960, 'SOS', '2001-10-30', '2001-10-30', '64615.41', 'R');
INSERT INTO veiculo (renavam, placa, ano, idCategoria, idProprietario, idModelo, idCidade, dataCompra, dataAquisicao, valor, situacao) VALUES ('70658422953', 'FAT2295', 2010, 14, 367, 1994, 'CFA', '2010-10-23', '2010-10-23', '44354.35', 'R');
INSERT INTO veiculo (renavam, placa, ano, idCategoria, idProprietario, idModelo, idCidade, dataCompra, dataAquisicao, valor, situacao) VALUES ('85887014320', 'UXF1432', 1988, 32, 192, 755, 'SVP', '1988-06-01', '1988-06-01', '64159.22', 'R');
INSERT INTO veiculo (renavam, placa, ano, idCategoria, idProprietario, idModelo, idCidade, dataCompra, dataAquisicao, valor, situacao) VALUES ('73686571539', 'IDA7153', 2014, 3, 436, 2577, 'PPC', '2014-12-23', '2014-12-23', '66761.17', 'R');
INSERT INTO veiculo (renavam, placa, ano, idCategoria, idProprietario, idModelo, idCidade, dataCompra, dataAquisicao, valor, situacao) VALUES ('85866774598', 'UVC7459', 1999, 5, 562, 2103, 'NCG', '1999-07-22', '1999-07-22', '18067.37', 'R');
INSERT INTO veiculo (renavam, placa, ano, idCategoria, idProprietario, idModelo, idCidade, dataCompra, dataAquisicao, valor, situacao) VALUES ('83758615534', 'SKV1553', 1997, 14, 340, 652, 'ASO', '1997-11-17', '1997-11-17', '30075.55', 'R');
INSERT INTO veiculo (renavam, placa, ano, idCategoria, idProprietario, idModelo, idCidade, dataCompra, dataAquisicao, valor, situacao) VALUES ('806677980210', 'PBM9802', 1990, 13, 138, 2599, 'CCM', '1990-04-18', '1990-04-18', '28069.59', 'R');
INSERT INTO veiculo (renavam, placa, ano, idCategoria, idProprietario, idModelo, idCidade, dataCompra, dataAquisicao, valor, situacao) VALUES ('75867228964', 'KVH2896', 2005, 17, 110, 2238, 'CFP', '2005-03-12', '2005-03-12', '41476.9', 'R');
INSERT INTO veiculo (renavam, placa, ano, idCategoria, idProprietario, idModelo, idCidade, dataCompra, dataAquisicao, valor, situacao) VALUES ('78868953292', 'NVY5329', 2008, 2, 34, 629, 'CMP', '2008-10-17', '2008-10-17', '95232.5', 'R');
INSERT INTO veiculo (renavam, placa, ano, idCategoria, idProprietario, idModelo, idCidade, dataCompra, dataAquisicao, valor, situacao) VALUES ('69746959785', 'EJE5978', 1977, 33, 197, 2927, 'MDP', '1977-05-30', '1977-05-30', '94060.44', 'R');
INSERT INTO veiculo (renavam, placa, ano, idCategoria, idProprietario, idModelo, idCidade, dataCompra, dataAquisicao, valor, situacao) VALUES ('68768242362', 'DLR4236', 2007, 11, 551, 1453, 'CSS', '2007-05-22', '2007-05-22', '90061.91', 'R');
INSERT INTO veiculo (renavam, placa, ano, idCategoria, idProprietario, idModelo, idCidade, dataCompra, dataAquisicao, valor, situacao) VALUES ('84818237350', 'TQR3735', 2014, 18, 484, 3152, 'JSS', '2014-11-30', '2014-11-30', '48823.56', 'R');
INSERT INTO veiculo (renavam, placa, ano, idCategoria, idProprietario, idModelo, idCidade, dataCompra, dataAquisicao, valor, situacao) VALUES ('78868486996', 'NVT8699', 1976, 9, 7, 953, 'PMC', '1976-05-06', '1976-05-06', '57513.91', 'R');
INSERT INTO veiculo (renavam, placa, ano, idCategoria, idProprietario, idModelo, idCidade, dataCompra, dataAquisicao, valor, situacao) VALUES ('81748729050', 'QJW2905', 1986, 23, 61, 2942, 'MCA', '1986-10-31', '1986-10-31', '54801.39', 'R');
INSERT INTO veiculo (renavam, placa, ano, idCategoria, idProprietario, idModelo, idCidade, dataCompra, dataAquisicao, valor, situacao) VALUES ('729067343110', 'HZC3431', 1990, 6, 265, 4410, 'AMS', '1990-04-17', '1990-04-17', '89692.83', 'R');
INSERT INTO veiculo (renavam, placa, ano, idCategoria, idProprietario, idModelo, idCidade, dataCompra, dataAquisicao, valor, situacao) VALUES ('77837994282', 'MSO9428', 2012, 21, 138, 2626, 'CCM', '2012-04-01', '2012-04-01', '25224.88', 'R');
INSERT INTO veiculo (renavam, placa, ano, idCategoria, idProprietario, idModelo, idCidade, dataCompra, dataAquisicao, valor, situacao) VALUES ('85908271998', 'UZR7199', 2009, 32, 638, 2922, 'CFS', '2009-02-05', '2009-02-05', '12564.43', 'R');
INSERT INTO veiculo (renavam, placa, ano, idCategoria, idProprietario, idModelo, idCidade, dataCompra, dataAquisicao, valor, situacao) VALUES ('73668189350', 'IBQ8935', 1978, 14, 183, 1885, 'TDV', '1978-02-21', '1978-02-21', '63602.16', 'R');
INSERT INTO veiculo (renavam, placa, ano, idCategoria, idProprietario, idModelo, idCidade, dataCompra, dataAquisicao, valor, situacao) VALUES ('88857673363', 'XUL7336', 1971, 3, 233, 325, 'MEO', '1971-02-09', '1971-02-09', '20117.69', 'R');
INSERT INTO veiculo (renavam, placa, ano, idCategoria, idProprietario, idModelo, idCidade, dataCompra, dataAquisicao, valor, situacao) VALUES ('74737236020', 'JIH3602', 1971, 31, 462, 2847, 'VND', '1971-09-04', '1971-09-04', '41115.16', 'R');
INSERT INTO veiculo (renavam, placa, ano, idCategoria, idProprietario, idModelo, idCidade, dataCompra, dataAquisicao, valor, situacao) VALUES ('67866783572', 'CVC8357', 1999, 25, 169, 1049, 'RVC', '1999-03-03', '1999-03-03', '30245.94', 'R');
INSERT INTO veiculo (renavam, placa, ano, idCategoria, idProprietario, idModelo, idCidade, dataCompra, dataAquisicao, valor, situacao) VALUES ('86897681344', 'VYL8134', 1972, 28, 476, 891, 'FFV', '1972-01-14', '1972-01-14', '88080.28', 'R');
INSERT INTO veiculo (renavam, placa, ano, idCategoria, idProprietario, idModelo, idCidade, dataCompra, dataAquisicao, valor, situacao) VALUES ('76709036620', 'LFZ3662', 1983, 6, 190, 3024, 'CCM', '1983-12-04', '1983-12-04', '80985.51', 'R');
INSERT INTO veiculo (renavam, placa, ano, idCategoria, idProprietario, idModelo, idCidade, dataCompra, dataAquisicao, valor, situacao) VALUES ('76659005603', 'LAZ0560', 2012, 26, 527, 2596, 'SGG', '2012-05-05', '2012-05-05', '44002.37', 'R');
INSERT INTO veiculo (renavam, placa, ano, idCategoria, idProprietario, idModelo, idCidade, dataCompra, dataAquisicao, valor, situacao) VALUES ('82878643650', 'RWV4365', 1993, 23, 191, 1873, 'CAP', '1993-10-30', '1993-10-30', '72000.35', 'R');
INSERT INTO veiculo (renavam, placa, ano, idCategoria, idProprietario, idModelo, idCidade, dataCompra, dataAquisicao, valor, situacao) VALUES ('668978722010', 'BYN7220', 2017, 19, 514, 4952, 'PES', '2017-01-18', '2017-01-18', '1227.6', 'R');
INSERT INTO veiculo (renavam, placa, ano, idCategoria, idProprietario, idModelo, idCidade, dataCompra, dataAquisicao, valor, situacao) VALUES ('838175182010', 'SQK1820', 2016, 18, 606, 289, 'FRP', '2016-11-11', '2016-11-11', '76726.39', 'R');
INSERT INTO veiculo (renavam, placa, ano, idCategoria, idProprietario, idModelo, idCidade, dataCompra, dataAquisicao, valor, situacao) VALUES ('90886838113', 'ZXD3811', 1992, 27, 27, 779, 'NEP', '1992-03-13', '1992-03-13', '45866.9', 'R');
INSERT INTO veiculo (renavam, placa, ano, idCategoria, idProprietario, idModelo, idCidade, dataCompra, dataAquisicao, valor, situacao) VALUES ('66668951373', 'BBY5137', 1995, 32, 260, 468, 'CVV', '1995-12-26', '1995-12-26', '6370.55', 'R');
INSERT INTO veiculo (renavam, placa, ano, idCategoria, idProprietario, idModelo, idCidade, dataCompra, dataAquisicao, valor, situacao) VALUES ('78748985626', 'NJY8562', 2014, 26, 321, 132, 'MIG', '2014-06-08', '2014-06-08', '52784.31', 'R');
INSERT INTO veiculo (renavam, placa, ano, idCategoria, idProprietario, idModelo, idCidade, dataCompra, dataAquisicao, valor, situacao) VALUES ('67687992037', 'CDO9203', 1975, 19, 430, 2923, 'RNO', '1975-10-26', '1975-10-26', '85965.61', 'R');
INSERT INTO veiculo (renavam, placa, ano, idCategoria, idProprietario, idModelo, idCidade, dataCompra, dataAquisicao, valor, situacao) VALUES ('67697213561', 'CEH1356', 2016, 14, 49, 3144, 'FPC', '2016-01-01', '2016-01-01', '48895.37', 'R');
INSERT INTO veiculo (renavam, placa, ano, idCategoria, idProprietario, idModelo, idCidade, dataCompra, dataAquisicao, valor, situacao) VALUES ('77888892096', 'MXX9209', 1995, 35, 587, 1048, 'TAP', '1995-12-20', '1995-12-20', '21823.28', 'R');
INSERT INTO veiculo (renavam, placa, ano, idCategoria, idProprietario, idModelo, idCidade, dataCompra, dataAquisicao, valor, situacao) VALUES ('77767223266', 'MLH2326', 1979, 11, 201, 2004, 'AIP', '1979-11-24', '1979-11-24', '39885.68', 'R');
INSERT INTO veiculo (renavam, placa, ano, idCategoria, idProprietario, idModelo, idCidade, dataCompra, dataAquisicao, valor, situacao) VALUES ('80807743230', 'PPM4323', 2013, 33, 593, 1157, 'MIP', '2013-09-13', '2013-09-13', '62291.38', 'R');
INSERT INTO veiculo (renavam, placa, ano, idCategoria, idProprietario, idModelo, idCidade, dataCompra, dataAquisicao, valor, situacao) VALUES ('67727528026', 'CHK2802', 1978, 20, 550, 2723, 'MIP', '1978-02-20', '1978-02-20', '12440.1', 'R');
INSERT INTO veiculo (renavam, placa, ano, idCategoria, idProprietario, idModelo, idCidade, dataCompra, dataAquisicao, valor, situacao) VALUES ('79717257406', 'OGH5740', 1991, 14, 376, 1108, 'RPC', '1991-04-06', '1991-04-06', '60768.81', 'R');
INSERT INTO veiculo (renavam, placa, ano, idCategoria, idProprietario, idModelo, idCidade, dataCompra, dataAquisicao, valor, situacao) VALUES ('81848143694', 'QTQ4369', 1977, 21, 576, 573, 'VTN', '1977-11-01', '1977-11-01', '89972.0', 'R');
INSERT INTO veiculo (renavam, placa, ano, idCategoria, idProprietario, idModelo, idCidade, dataCompra, dataAquisicao, valor, situacao) VALUES ('66707595005', 'BFK9500', 1996, 25, 397, 2782, 'POD', '1996-02-12', '1996-02-12', '16043.15', 'R');
INSERT INTO veiculo (renavam, placa, ano, idCategoria, idProprietario, idModelo, idCidade, dataCompra, dataAquisicao, valor, situacao) VALUES ('83888130417', 'SXQ3041', 1998, 8, 249, 1985, 'PTP', '1998-10-19', '1998-10-19', '46172.91', 'R');
INSERT INTO veiculo (renavam, placa, ano, idCategoria, idProprietario, idModelo, idCidade, dataCompra, dataAquisicao, valor, situacao) VALUES ('687867390110', 'DNC3901', 2016, 17, 471, 1870, 'NAP', '2016-06-15', '2016-06-15', '91259.21', 'R');
INSERT INTO veiculo (renavam, placa, ano, idCategoria, idProprietario, idModelo, idCidade, dataCompra, dataAquisicao, valor, situacao) VALUES ('89759034313', 'YKZ3431', 1992, 16, 115, 2962, 'ACO', '1992-01-18', '1992-01-18', '19157.65', 'R');
INSERT INTO veiculo (renavam, placa, ano, idCategoria, idProprietario, idModelo, idCidade, dataCompra, dataAquisicao, valor, situacao) VALUES ('82797022419', 'ROF2241', 1983, 25, 625, 2890, 'PSD', '1983-08-29', '1983-08-29', '90173.36', 'R');
INSERT INTO veiculo (renavam, placa, ano, idCategoria, idProprietario, idModelo, idCidade, dataCompra, dataAquisicao, valor, situacao) VALUES ('85748839789', 'UJX3978', 1974, 11, 180, 1192, 'MVV', '1974-03-09', '1974-03-09', '7774.68', 'R');
INSERT INTO veiculo (renavam, placa, ano, idCategoria, idProprietario, idModelo, idCidade, dataCompra, dataAquisicao, valor, situacao) VALUES ('74718643074', 'JGV4307', 1996, 32, 537, 810, 'CIP', '1996-04-16', '1996-04-16', '23627.64', 'R');
INSERT INTO veiculo (renavam, placa, ano, idCategoria, idProprietario, idModelo, idCidade, dataCompra, dataAquisicao, valor, situacao) VALUES ('81807460555', 'QPJ6055', 2002, 7, 497, 1141, 'ANG', '2002-02-01', '2002-02-01', '30232.73', 'R');
INSERT INTO veiculo (renavam, placa, ano, idCategoria, idProprietario, idModelo, idCidade, dataCompra, dataAquisicao, valor, situacao) VALUES ('74756558143', 'JKA5814', 2002, 25, 461, 1045, 'SSP', '2002-11-15', '2002-11-15', '73243.44', 'R');
INSERT INTO veiculo (renavam, placa, ano, idCategoria, idProprietario, idModelo, idCidade, dataCompra, dataAquisicao, valor, situacao) VALUES ('84867745623', 'TVM4562', 1990, 31, 59, 251, 'CLM', '1990-07-10', '1990-07-10', '74508.41', 'R');
INSERT INTO veiculo (renavam, placa, ano, idCategoria, idProprietario, idModelo, idCidade, dataCompra, dataAquisicao, valor, situacao) VALUES ('65798790649', 'AOW9064', 2018, 28, 533, 2127, 'BRN', '2018-09-15', '2018-09-15', '71960.98', 'R');
INSERT INTO veiculo (renavam, placa, ano, idCategoria, idProprietario, idModelo, idCidade, dataCompra, dataAquisicao, valor, situacao) VALUES ('87677941701', 'WCO4170', 2015, 6, 619, 2185, 'CSS', '2015-03-08', '2015-03-08', '34362.42', 'R');
INSERT INTO veiculo (renavam, placa, ano, idCategoria, idProprietario, idModelo, idCidade, dataCompra, dataAquisicao, valor, situacao) VALUES ('69657568047', 'EAK6804', 2012, 26, 440, 773, 'NSP', '2012-11-23', '2012-11-23', '38450.19', 'R');
INSERT INTO veiculo (renavam, placa, ano, idCategoria, idProprietario, idModelo, idCidade, dataCompra, dataAquisicao, valor, situacao) VALUES ('67748917145', 'CJY1714', 2010, 22, 596, 5000, 'PPP', '2010-10-27', '2010-10-27', '62436.22', 'R');
INSERT INTO veiculo (renavam, placa, ano, idCategoria, idProprietario, idModelo, idCidade, dataCompra, dataAquisicao, valor, situacao) VALUES ('72687286058', 'HDH8605', 2016, 24, 371, 128, 'DLG', '2016-08-22', '2016-08-22', '23761.18', 'R');
INSERT INTO veiculo (renavam, placa, ano, idCategoria, idProprietario, idModelo, idCidade, dataCompra, dataAquisicao, valor, situacao) VALUES ('84896706541', 'TYC0654', 1991, 18, 429, 1240, 'SOS', '1991-02-22', '1991-02-22', '90918.22', 'R');
INSERT INTO veiculo (renavam, placa, ano, idCategoria, idProprietario, idModelo, idCidade, dataCompra, dataAquisicao, valor, situacao) VALUES ('67747910503', 'CJO1050', 2011, 15, 356, 2946, 'CUP', '2011-07-09', '2011-07-09', '18272.87', 'R');
INSERT INTO veiculo (renavam, placa, ano, idCategoria, idProprietario, idModelo, idCidade, dataCompra, dataAquisicao, valor, situacao) VALUES ('66826723309', 'BRC2330', 2009, 8, 268, 202, 'SGG', '2009-07-31', '2009-07-31', '83570.29', 'R');
INSERT INTO veiculo (renavam, placa, ano, idCategoria, idProprietario, idModelo, idCidade, dataCompra, dataAquisicao, valor, situacao) VALUES ('82668866092', 'RBX6609', 2000, 1, 504, 944, 'MAG', '2000-12-14', '2000-12-14', '88720.42', 'R');
INSERT INTO veiculo (renavam, placa, ano, idCategoria, idProprietario, idModelo, idCidade, dataCompra, dataAquisicao, valor, situacao) VALUES ('757983768410', 'KOS7684', 2015, 3, 376, 4413, 'RPC', '2015-07-13', '2015-07-13', '99589.62', 'R');
INSERT INTO veiculo (renavam, placa, ano, idCategoria, idProprietario, idModelo, idCidade, dataCompra, dataAquisicao, valor, situacao) VALUES ('65877185705', 'AWG8570', 1997, 6, 395, 2861, 'FPS', '1997-04-25', '1997-04-25', '59885.35', 'R');
INSERT INTO veiculo (renavam, placa, ano, idCategoria, idProprietario, idModelo, idCidade, dataCompra, dataAquisicao, valor, situacao) VALUES ('72658043851', 'HAP4385', 2002, 23, 390, 563, 'GDA', '2002-05-01', '2002-05-01', '99195.1', 'R');
INSERT INTO veiculo (renavam, placa, ano, idCategoria, idProprietario, idModelo, idCidade, dataCompra, dataAquisicao, valor, situacao) VALUES ('67797221876', 'COH2187', 1985, 9, 539, 370, 'ROS', '1985-04-16', '1985-04-16', '58683.42', 'R');
INSERT INTO veiculo (renavam, placa, ano, idCategoria, idProprietario, idModelo, idCidade, dataCompra, dataAquisicao, valor, situacao) VALUES ('70866709488', 'FVC0948', 2002, 13, 521, 2555, 'SIM', '2002-10-03', '2002-10-03', '88176.9', 'R');
INSERT INTO veiculo (renavam, placa, ano, idCategoria, idProprietario, idModelo, idCidade, dataCompra, dataAquisicao, valor, situacao) VALUES ('89748110307', 'YJQ1030', 1986, 35, 565, 1538, 'DMP', '1986-11-04', '1986-11-04', '86555.53', 'R');
INSERT INTO veiculo (renavam, placa, ano, idCategoria, idProprietario, idModelo, idCidade, dataCompra, dataAquisicao, valor, situacao) VALUES ('89867987539', 'YVO8753', 2018, 18, 367, 290, 'CFA', '2018-04-17', '2018-04-17', '43387.69', 'R');
INSERT INTO veiculo (renavam, placa, ano, idCategoria, idProprietario, idModelo, idCidade, dataCompra, dataAquisicao, valor, situacao) VALUES ('80699017228', 'PEZ1722', 2015, 21, 443, 1630, 'NRA', '2015-06-29', '2015-06-29', '67750.67', 'R');
INSERT INTO veiculo (renavam, placa, ano, idCategoria, idProprietario, idModelo, idCidade, dataCompra, dataAquisicao, valor, situacao) VALUES ('90859055634', 'ZUZ5563', 1989, 26, 19, 2629, 'AZP', '1989-07-28', '1989-07-28', '41690.61', 'R');
INSERT INTO veiculo (renavam, placa, ano, idCategoria, idProprietario, idModelo, idCidade, dataCompra, dataAquisicao, valor, situacao) VALUES ('82828800019', 'RRX0001', 1982, 23, 531, 1888, 'RPM', '1982-04-01', '1982-04-01', '40886.4', 'R');
INSERT INTO veiculo (renavam, placa, ano, idCategoria, idProprietario, idModelo, idCidade, dataCompra, dataAquisicao, valor, situacao) VALUES ('68697601357', 'DEL0135', 1970, 21, 76, 669, 'CNP', '1970-07-15', '1970-07-15', '18916.82', 'R');
INSERT INTO veiculo (renavam, placa, ano, idCategoria, idProprietario, idModelo, idCidade, dataCompra, dataAquisicao, valor, situacao) VALUES ('78748358818', 'NJS5881', 1979, 27, 464, 1718, 'AAP', '1979-04-23', '1979-04-23', '85558.17', 'R');
INSERT INTO veiculo (renavam, placa, ano, idCategoria, idProprietario, idModelo, idCidade, dataCompra, dataAquisicao, valor, situacao) VALUES ('76708612059', 'LFV1205', 1995, 14, 9, 325, 'MOS', '1995-12-08', '1995-12-08', '11296.74', 'R');
INSERT INTO veiculo (renavam, placa, ano, idCategoria, idProprietario, idModelo, idCidade, dataCompra, dataAquisicao, valor, situacao) VALUES ('758983645510', 'KYS6455', 1987, 29, 455, 813, 'MDA', '1987-12-14', '1987-12-14', '92396.13', 'R');
INSERT INTO veiculo (renavam, placa, ano, idCategoria, idProprietario, idModelo, idCidade, dataCompra, dataAquisicao, valor, situacao) VALUES ('81758477356', 'QKT7735', 1998, 3, 430, 3184, 'RNO', '1998-09-25', '1998-09-25', '79275.77', 'R');
INSERT INTO veiculo (renavam, placa, ano, idCategoria, idProprietario, idModelo, idCidade, dataCompra, dataAquisicao, valor, situacao) VALUES ('758682426010', 'KVR4260', 1999, 13, 370, 2104, 'CCM', '1999-06-10', '1999-06-10', '34750.41', 'R');
INSERT INTO veiculo (renavam, placa, ano, idCategoria, idProprietario, idModelo, idCidade, dataCompra, dataAquisicao, valor, situacao) VALUES ('82847722702', 'RTM2270', 1979, 13, 210, 291, 'CON', '1979-08-02', '1979-08-02', '94770.36', 'R');
INSERT INTO veiculo (renavam, placa, ano, idCategoria, idProprietario, idModelo, idCidade, dataCompra, dataAquisicao, valor, situacao) VALUES ('836585914810', 'SAU9148', 2018, 30, 384, 1106, 'MCN', '2018-05-22', '2018-05-22', '26547.8', 'R');
INSERT INTO veiculo (renavam, placa, ano, idCategoria, idProprietario, idModelo, idCidade, dataCompra, dataAquisicao, valor, situacao) VALUES ('78898256646', 'NYR5664', 1979, 16, 527, 4925, 'SGG', '1979-07-26', '1979-07-26', '37192.78', 'R');
INSERT INTO veiculo (renavam, placa, ano, idCategoria, idProprietario, idModelo, idCidade, dataCompra, dataAquisicao, valor, situacao) VALUES ('69796879610', 'EOD7961', 2000, 15, 533, 816, 'BRN', '2000-02-01', '2000-02-01', '80232.48', 'R');
INSERT INTO veiculo (renavam, placa, ano, idCategoria, idProprietario, idModelo, idCidade, dataCompra, dataAquisicao, valor, situacao) VALUES ('75878050622', 'KWP5062', 1997, 11, 451, 626, 'PRP', '1997-06-21', '1997-06-21', '11357.86', 'R');
INSERT INTO veiculo (renavam, placa, ano, idCategoria, idProprietario, idModelo, idCidade, dataCompra, dataAquisicao, valor, situacao) VALUES ('709078358910', 'FZN3589', 2012, 12, 104, 2404, 'FFD', '2012-06-16', '2012-06-16', '52062.51', 'R');
INSERT INTO veiculo (renavam, placa, ano, idCategoria, idProprietario, idModelo, idCidade, dataCompra, dataAquisicao, valor, situacao) VALUES ('88747468099', 'XJJ6809', 1991, 19, 120, 386, 'FRC', '1991-01-23', '1991-01-23', '67341.37', 'R');
INSERT INTO veiculo (renavam, placa, ano, idCategoria, idProprietario, idModelo, idCidade, dataCompra, dataAquisicao, valor, situacao) VALUES ('90656683509', 'ZAB8350', 1986, 24, 6, 1860, 'PRP', '1986-07-08', '1986-07-08', '45503.2', 'R');
INSERT INTO veiculo (renavam, placa, ano, idCategoria, idProprietario, idModelo, idCidade, dataCompra, dataAquisicao, valor, situacao) VALUES ('84767826516', 'TLN2651', 2010, 4, 172, 3175, 'ARG', '2010-06-27', '2010-06-27', '73294.8', 'R');
INSERT INTO veiculo (renavam, placa, ano, idCategoria, idProprietario, idModelo, idCidade, dataCompra, dataAquisicao, valor, situacao) VALUES ('74787697676', 'JNL9767', 2018, 18, 195, 4474, 'ANG', '2018-07-17', '2018-07-17', '67516.47', 'R');
INSERT INTO veiculo (renavam, placa, ano, idCategoria, idProprietario, idModelo, idCidade, dataCompra, dataAquisicao, valor, situacao) VALUES ('78908147593', 'NZQ4759', 1989, 8, 594, 781, 'DOG', '1989-08-10', '1989-08-10', '90548.5', 'R');
INSERT INTO veiculo (renavam, placa, ano, idCategoria, idProprietario, idModelo, idCidade, dataCompra, dataAquisicao, valor, situacao) VALUES ('84807936341', 'TPO3634', 2014, 31, 518, 2078, 'CUG', '2014-12-30', '2014-12-30', '37318.75', 'R');
INSERT INTO veiculo (renavam, placa, ano, idCategoria, idProprietario, idModelo, idCidade, dataCompra, dataAquisicao, valor, situacao) VALUES ('79728582834', 'OHU8283', 2000, 21, 597, 3135, 'CRD', '2000-12-15', '2000-12-15', '621.63', 'R');
INSERT INTO veiculo (renavam, placa, ano, idCategoria, idProprietario, idModelo, idCidade, dataCompra, dataAquisicao, valor, situacao) VALUES ('76656687762', 'LAB8776', 1995, 24, 637, 2303, 'POM', '1995-12-26', '1995-12-26', '61186.19', 'R');
INSERT INTO veiculo (renavam, placa, ano, idCategoria, idProprietario, idModelo, idCidade, dataCompra, dataAquisicao, valor, situacao) VALUES ('746876794810', 'JDL7948', 2004, 17, 565, 815, 'DMP', '2004-08-19', '2004-08-19', '39412.4', 'R');
INSERT INTO veiculo (renavam, placa, ano, idCategoria, idProprietario, idModelo, idCidade, dataCompra, dataAquisicao, valor, situacao) VALUES ('73696992642', 'IEE9264', 1984, 26, 336, 2208, 'RPC', '1984-04-08', '1984-04-08', '37456.15', 'R');
INSERT INTO veiculo (renavam, placa, ano, idCategoria, idProprietario, idModelo, idCidade, dataCompra, dataAquisicao, valor, situacao) VALUES ('88686757487', 'XDC5748', 1974, 19, 418, 2782, 'CMD', '1974-04-07', '1974-04-07', '78898.63', 'R');
INSERT INTO veiculo (renavam, placa, ano, idCategoria, idProprietario, idModelo, idCidade, dataCompra, dataAquisicao, valor, situacao) VALUES ('698485865210', 'ETU8652', 2001, 18, 188, 2588, 'SEP', '2001-11-04', '2001-11-04', '56617.91', 'R');
INSERT INTO veiculo (renavam, placa, ano, idCategoria, idProprietario, idModelo, idCidade, dataCompra, dataAquisicao, valor, situacao) VALUES ('66727792612', 'BHM9261', 1986, 7, 602, 904, 'GFF', '1986-10-30', '1986-10-30', '15368.63', 'R');
INSERT INTO veiculo (renavam, placa, ano, idCategoria, idProprietario, idModelo, idCidade, dataCompra, dataAquisicao, valor, situacao) VALUES ('72756826206', 'HKD2620', 2005, 6, 206, 2080, 'FPC', '2005-04-01', '2005-04-01', '24235.48', 'R');
INSERT INTO veiculo (renavam, placa, ano, idCategoria, idProprietario, idModelo, idCidade, dataCompra, dataAquisicao, valor, situacao) VALUES ('69778951798', 'EMY5179', 2018, 30, 390, 3188, 'GDA', '2018-11-18', '2018-11-18', '96271.86', 'R');
INSERT INTO veiculo (renavam, placa, ano, idCategoria, idProprietario, idModelo, idCidade, dataCompra, dataAquisicao, valor, situacao) VALUES ('87797901405', 'WOO0140', 1997, 13, 635, 196, 'DEG', '1997-01-16', '1997-01-16', '44907.13', 'R');
INSERT INTO veiculo (renavam, placa, ano, idCategoria, idProprietario, idModelo, idCidade, dataCompra, dataAquisicao, valor, situacao) VALUES ('73877447328', 'IWJ4732', 1992, 33, 54, 287, 'RRS', '1992-04-25', '1992-04-25', '1944.81', 'R');
INSERT INTO veiculo (renavam, placa, ano, idCategoria, idProprietario, idModelo, idCidade, dataCompra, dataAquisicao, valor, situacao) VALUES ('76896988406', 'LYE8840', 1998, 10, 611, 1335, 'CNA', '1998-06-20', '1998-06-20', '79180.96', 'R');
INSERT INTO veiculo (renavam, placa, ano, idCategoria, idProprietario, idModelo, idCidade, dataCompra, dataAquisicao, valor, situacao) VALUES ('85656530897', 'UAA3089', 1985, 14, 173, 2421, 'PSM', '1985-08-04', '1985-08-04', '73024.43', 'R');
INSERT INTO veiculo (renavam, placa, ano, idCategoria, idProprietario, idModelo, idCidade, dataCompra, dataAquisicao, valor, situacao) VALUES ('69808637360', 'EPV3736', 2017, 26, 110, 372, 'CFP', '2017-05-02', '2017-05-02', '84303.79', 'R');
INSERT INTO veiculo (renavam, placa, ano, idCategoria, idProprietario, idModelo, idCidade, dataCompra, dataAquisicao, valor, situacao) VALUES ('71886522640', 'GXA2264', 1978, 32, 255, 1156, 'ACO', '1978-06-10', '1978-06-10', '30568.78', 'R');
INSERT INTO veiculo (renavam, placa, ano, idCategoria, idProprietario, idModelo, idCidade, dataCompra, dataAquisicao, valor, situacao) VALUES ('72828645687', 'HRV4568', 1972, 4, 387, 2765, 'ROS', '1972-09-13', '1972-09-13', '7648.37', 'R');
INSERT INTO veiculo (renavam, placa, ano, idCategoria, idProprietario, idModelo, idCidade, dataCompra, dataAquisicao, valor, situacao) VALUES ('68897374621', 'DYI7462', 2001, 27, 466, 1067, 'NDG', '2001-09-10', '2001-09-10', '46413.93', 'R');
INSERT INTO veiculo (renavam, placa, ano, idCategoria, idProprietario, idModelo, idCidade, dataCompra, dataAquisicao, valor, situacao) VALUES ('88878132191', 'XWQ3219', 2010, 2, 99, 330, 'NAO', '2010-06-30', '2010-06-30', '56193.51', 'R');
INSERT INTO veiculo (renavam, placa, ano, idCategoria, idProprietario, idModelo, idCidade, dataCompra, dataAquisicao, valor, situacao) VALUES ('77778649073', 'MMV4907', 1988, 8, 19, 2004, 'AZP', '1988-08-16', '1988-08-16', '62562.7', 'R');
INSERT INTO veiculo (renavam, placa, ano, idCategoria, idProprietario, idModelo, idCidade, dataCompra, dataAquisicao, valor, situacao) VALUES ('77907740608', 'MZM4060', 1978, 28, 145, 1632, 'SGG', '1978-04-26', '1978-04-26', '30580.66', 'R');
INSERT INTO veiculo (renavam, placa, ano, idCategoria, idProprietario, idModelo, idCidade, dataCompra, dataAquisicao, valor, situacao) VALUES ('67728616301', 'CHV1630', 1987, 29, 540, 725, 'TAP', '1987-09-21', '1987-09-21', '23782.55', 'R');
INSERT INTO veiculo (renavam, placa, ano, idCategoria, idProprietario, idModelo, idCidade, dataCompra, dataAquisicao, valor, situacao) VALUES ('68768424363', 'DLT2436', 1986, 17, 333, 951, 'CGF', '1986-01-15', '1986-01-15', '19447.8', 'R');
INSERT INTO veiculo (renavam, placa, ano, idCategoria, idProprietario, idModelo, idCidade, dataCompra, dataAquisicao, valor, situacao) VALUES ('70748541862', 'FJU4186', 1979, 29, 624, 3176, 'CVV', '1979-05-16', '1979-05-16', '59745.49', 'R');
INSERT INTO veiculo (renavam, placa, ano, idCategoria, idProprietario, idModelo, idCidade, dataCompra, dataAquisicao, valor, situacao) VALUES ('75698117036', 'KEQ1703', 2003, 30, 115, 990, 'ACO', '2003-02-05', '2003-02-05', '77984.71', 'R');
INSERT INTO veiculo (renavam, placa, ano, idCategoria, idProprietario, idModelo, idCidade, dataCompra, dataAquisicao, valor, situacao) VALUES ('74828071733', 'JRP7173', 2007, 7, 280, 573, 'CPO', '2007-08-05', '2007-08-05', '23926.32', 'R');
INSERT INTO veiculo (renavam, placa, ano, idCategoria, idProprietario, idModelo, idCidade, dataCompra, dataAquisicao, valor, situacao) VALUES ('89868010261', 'YVP1026', 2014, 34, 513, 4378, 'APA', '2014-03-28', '2014-03-28', '56421.2', 'R');
INSERT INTO veiculo (renavam, placa, ano, idCategoria, idProprietario, idModelo, idCidade, dataCompra, dataAquisicao, valor, situacao) VALUES ('75827227916', 'KRH2791', 1988, 5, 628, 2121, 'DSP', '1988-05-09', '1988-05-09', '74577.52', 'R');
INSERT INTO veiculo (renavam, placa, ano, idCategoria, idProprietario, idModelo, idCidade, dataCompra, dataAquisicao, valor, situacao) VALUES ('65657733894', 'AAM3389', 2005, 6, 573, 1748, 'MMO', '2005-06-16', '2005-06-16', '61997.76', 'R');
INSERT INTO veiculo (renavam, placa, ano, idCategoria, idProprietario, idModelo, idCidade, dataCompra, dataAquisicao, valor, situacao) VALUES ('89837299472', 'YSH9947', 1993, 14, 300, 4375, 'CPF', '1993-04-18', '1993-04-18', '59479.6', 'R');
INSERT INTO veiculo (renavam, placa, ano, idCategoria, idProprietario, idModelo, idCidade, dataCompra, dataAquisicao, valor, situacao) VALUES ('71827075684', 'GRF7568', 1973, 2, 82, 1884, 'SEV', '1973-03-15', '1973-03-15', '85758.75', 'R');
INSERT INTO veiculo (renavam, placa, ano, idCategoria, idProprietario, idModelo, idCidade, dataCompra, dataAquisicao, valor, situacao) VALUES ('90667386322', 'ZBI8632', 2005, 21, 115, 1893, 'ACO', '2005-04-22', '2005-04-22', '92119.38', 'R');
INSERT INTO veiculo (renavam, placa, ano, idCategoria, idProprietario, idModelo, idCidade, dataCompra, dataAquisicao, valor, situacao) VALUES ('70858552168', 'FUU5216', 1976, 3, 149, 160, 'SAA', '1976-04-10', '1976-04-10', '15773.49', 'R');
INSERT INTO veiculo (renavam, placa, ano, idCategoria, idProprietario, idModelo, idCidade, dataCompra, dataAquisicao, valor, situacao) VALUES ('88717747526', 'XGM4752', 1995, 8, 613, 2166, 'OEN', '1995-01-31', '1995-01-31', '57118.91', 'R');
INSERT INTO veiculo (renavam, placa, ano, idCategoria, idProprietario, idModelo, idCidade, dataCompra, dataAquisicao, valor, situacao) VALUES ('848366419410', 'TSB4194', 1994, 12, 205, 272, 'ACO', '1994-11-18', '1994-11-18', '66230.59', 'R');
INSERT INTO veiculo (renavam, placa, ano, idCategoria, idProprietario, idModelo, idCidade, dataCompra, dataAquisicao, valor, situacao) VALUES ('74808639998', 'JPV3999', 2013, 11, 190, 989, 'CCM', '2013-06-22', '2013-06-22', '98376.36', 'R');
INSERT INTO veiculo (renavam, placa, ano, idCategoria, idProprietario, idModelo, idCidade, dataCompra, dataAquisicao, valor, situacao) VALUES ('83688997875', 'SDY9787', 1981, 1, 307, 2154, 'SNG', '1981-04-02', '1981-04-02', '7502.2', 'R');
INSERT INTO veiculo (renavam, placa, ano, idCategoria, idProprietario, idModelo, idCidade, dataCompra, dataAquisicao, valor, situacao) VALUES ('72777310616', 'HMI1061', 2010, 34, 577, 2514, 'SRP', '2010-06-05', '2010-06-05', '74204.14', 'R');
INSERT INTO veiculo (renavam, placa, ano, idCategoria, idProprietario, idModelo, idCidade, dataCompra, dataAquisicao, valor, situacao) VALUES ('73736830710', 'IID3071', 2011, 8, 139, 3142, 'FEM', '2011-03-09', '2011-03-09', '57492.87', 'R');
INSERT INTO veiculo (renavam, placa, ano, idCategoria, idProprietario, idModelo, idCidade, dataCompra, dataAquisicao, valor, situacao) VALUES ('719083844410', 'GZS8444', 1984, 5, 548, 229, 'MAA', '1984-06-26', '1984-06-26', '66107.86', 'R');
INSERT INTO veiculo (renavam, placa, ano, idCategoria, idProprietario, idModelo, idCidade, dataCompra, dataAquisicao, valor, situacao) VALUES ('79738119053', 'OIQ1905', 2006, 17, 281, 2425, 'CFS', '2006-09-09', '2006-09-09', '50441.11', 'R');
INSERT INTO veiculo (renavam, placa, ano, idCategoria, idProprietario, idModelo, idCidade, dataCompra, dataAquisicao, valor, situacao) VALUES ('75737587409', 'KIK8740', 1998, 13, 413, 1886, 'GAP', '1998-06-13', '1998-06-13', '32146.85', 'R');
INSERT INTO veiculo (renavam, placa, ano, idCategoria, idProprietario, idModelo, idCidade, dataCompra, dataAquisicao, valor, situacao) VALUES ('89816957020', 'YQE5702', 1995, 23, 638, 2150, 'CFS', '1995-07-21', '1995-07-21', '69156.95', 'R');
INSERT INTO veiculo (renavam, placa, ano, idCategoria, idProprietario, idModelo, idCidade, dataCompra, dataAquisicao, valor, situacao) VALUES ('74846913694', 'JTE1369', 2010, 19, 102, 2944, 'CMC', '2010-11-14', '2010-11-14', '23789.44', 'R');
INSERT INTO veiculo (renavam, placa, ano, idCategoria, idProprietario, idModelo, idCidade, dataCompra, dataAquisicao, valor, situacao) VALUES ('79757800712', 'OKN0071', 1986, 26, 410, 2481, 'APC', '1986-06-20', '1986-06-20', '36425.64', 'R');
INSERT INTO veiculo (renavam, placa, ano, idCategoria, idProprietario, idModelo, idCidade, dataCompra, dataAquisicao, valor, situacao) VALUES ('81897275582', 'QYH7558', 2002, 10, 23, 2761, 'CSP', '2002-10-10', '2002-10-10', '16179.69', 'R');
INSERT INTO veiculo (renavam, placa, ano, idCategoria, idProprietario, idModelo, idCidade, dataCompra, dataAquisicao, valor, situacao) VALUES ('74717158059', 'JGG5805', 2013, 7, 575, 2689, 'CMC', '2013-10-23', '2013-10-23', '96974.35', 'R');
INSERT INTO veiculo (renavam, placa, ano, idCategoria, idProprietario, idModelo, idCidade, dataCompra, dataAquisicao, valor, situacao) VALUES ('90727535051', 'ZHK3505', 2003, 13, 176, 1640, 'COF', '2003-08-22', '2003-08-22', '41711.15', 'R');
INSERT INTO veiculo (renavam, placa, ano, idCategoria, idProprietario, idModelo, idCidade, dataCompra, dataAquisicao, valor, situacao) VALUES ('80868580390', 'PVU8039', 1991, 1, 430, 4375, 'RNO', '1991-05-03', '1991-05-03', '15643.36', 'R');
INSERT INTO veiculo (renavam, placa, ano, idCategoria, idProprietario, idModelo, idCidade, dataCompra, dataAquisicao, valor, situacao) VALUES ('72797113883', 'HOG1388', 2005, 5, 543, 1661, 'MAV', '2005-12-16', '2005-12-16', '8625.62', 'R');
INSERT INTO veiculo (renavam, placa, ano, idCategoria, idProprietario, idModelo, idCidade, dataCompra, dataAquisicao, valor, situacao) VALUES ('658675198310', 'AVK1983', 1979, 4, 35, 2700, 'MAP', '1979-07-07', '1979-07-07', '93568.44', 'R');
INSERT INTO veiculo (renavam, placa, ano, idCategoria, idProprietario, idModelo, idCidade, dataCompra, dataAquisicao, valor, situacao) VALUES ('74808960583', 'JPY6058', 1989, 9, 291, 4942, 'CNP', '1989-06-18', '1989-06-18', '46940.56', 'R');
INSERT INTO veiculo (renavam, placa, ano, idCategoria, idProprietario, idModelo, idCidade, dataCompra, dataAquisicao, valor, situacao) VALUES ('86676809364', 'VCD0936', 1976, 28, 110, 2632, 'CFP', '1976-09-06', '1976-09-06', '15627.28', 'R');
INSERT INTO veiculo (renavam, placa, ano, idCategoria, idProprietario, idModelo, idCidade, dataCompra, dataAquisicao, valor, situacao) VALUES ('68798836244', 'DOX3624', 1982, 13, 488, 2954, 'AVC', '1982-06-20', '1982-06-20', '61491.6', 'R');
INSERT INTO veiculo (renavam, placa, ano, idCategoria, idProprietario, idModelo, idCidade, dataCompra, dataAquisicao, valor, situacao) VALUES ('82727783712', 'RHM8371', 2014, 1, 28, 783, 'BDP', '2014-07-09', '2014-07-09', '90199.86', 'R');
INSERT INTO veiculo (renavam, placa, ano, idCategoria, idProprietario, idModelo, idCidade, dataCompra, dataAquisicao, valor, situacao) VALUES ('81718528936', 'QGU2893', 1999, 13, 91, 1341, 'OON', '1999-11-02', '1999-11-02', '49917.4', 'R');
INSERT INTO veiculo (renavam, placa, ano, idCategoria, idProprietario, idModelo, idCidade, dataCompra, dataAquisicao, valor, situacao) VALUES ('82778096186', 'RMP9618', 2006, 16, 170, 3121, 'PMC', '2006-09-06', '2006-09-06', '48215.7', 'R');
INSERT INTO veiculo (renavam, placa, ano, idCategoria, idProprietario, idModelo, idCidade, dataCompra, dataAquisicao, valor, situacao) VALUES ('82849063706', 'RTZ6370', 1998, 31, 547, 4963, 'RNO', '1998-01-16', '1998-01-16', '87460.89', 'R');
INSERT INTO veiculo (renavam, placa, ano, idCategoria, idProprietario, idModelo, idCidade, dataCompra, dataAquisicao, valor, situacao) VALUES ('89768395978', 'YLS9597', 1987, 21, 530, 152, 'FPG', '1987-10-09', '1987-10-09', '70385.4', 'R');
INSERT INTO veiculo (renavam, placa, ano, idCategoria, idProprietario, idModelo, idCidade, dataCompra, dataAquisicao, valor, situacao) VALUES ('70908761059', 'FZW6105', 1973, 8, 364, 1753, 'FRF', '1973-03-04', '1973-03-04', '75164.1', 'R');
INSERT INTO veiculo (renavam, placa, ano, idCategoria, idProprietario, idModelo, idCidade, dataCompra, dataAquisicao, valor, situacao) VALUES ('73747656598', 'IJL5659', 1998, 12, 214, 1845, 'FMP', '1998-11-05', '1998-11-05', '48042.27', 'R');
INSERT INTO veiculo (renavam, placa, ano, idCategoria, idProprietario, idModelo, idCidade, dataCompra, dataAquisicao, valor, situacao) VALUES ('67886617872', 'CXB1787', 1974, 5, 207, 340, 'CUG', '1974-08-04', '1974-08-04', '19032.14', 'R');
INSERT INTO veiculo (renavam, placa, ano, idCategoria, idProprietario, idModelo, idCidade, dataCompra, dataAquisicao, valor, situacao) VALUES ('74836787009', 'JSC8700', 1986, 19, 307, 2, 'SNG', '1986-01-22', '1986-01-22', '99035.47', 'R');
INSERT INTO veiculo (renavam, placa, ano, idCategoria, idProprietario, idModelo, idCidade, dataCompra, dataAquisicao, valor, situacao) VALUES ('83857144920', 'SUG4492', 2015, 7, 551, 4978, 'CSS', '2015-10-12', '2015-10-12', '15353.85', 'R');
INSERT INTO veiculo (renavam, placa, ano, idCategoria, idProprietario, idModelo, idCidade, dataCompra, dataAquisicao, valor, situacao) VALUES ('73698428442', 'IET2844', 1989, 21, 181, 2923, 'FNM', '1989-08-25', '1989-08-25', '77932.49', 'R');
INSERT INTO veiculo (renavam, placa, ano, idCategoria, idProprietario, idModelo, idCidade, dataCompra, dataAquisicao, valor, situacao) VALUES ('76877942307', 'LWO4230', 1972, 21, 641, 4991, 'PFV', '1972-01-03', '1972-01-03', '2145.68', 'R');
INSERT INTO veiculo (renavam, placa, ano, idCategoria, idProprietario, idModelo, idCidade, dataCompra, dataAquisicao, valor, situacao) VALUES ('81708479452', 'QFT7945', 2008, 4, 505, 1027, 'SGP', '2008-01-31', '2008-01-31', '87107.79', 'R');
INSERT INTO veiculo (renavam, placa, ano, idCategoria, idProprietario, idModelo, idCidade, dataCompra, dataAquisicao, valor, situacao) VALUES ('828972125210', 'RYH1252', 2013, 19, 230, 3121, 'OEN', '2013-04-18', '2013-04-18', '45238.46', 'R');
INSERT INTO veiculo (renavam, placa, ano, idCategoria, idProprietario, idModelo, idCidade, dataCompra, dataAquisicao, valor, situacao) VALUES ('79707076190', 'OFF7619', 1981, 2, 645, 1117, 'RGG', '1981-02-21', '1981-02-21', '58326.44', 'R');
INSERT INTO veiculo (renavam, placa, ano, idCategoria, idProprietario, idModelo, idCidade, dataCompra, dataAquisicao, valor, situacao) VALUES ('76908401914', 'LZT0191', 2012, 1, 111, 2941, 'LDG', '2012-10-23', '2012-10-23', '16986.5', 'R');
INSERT INTO veiculo (renavam, placa, ano, idCategoria, idProprietario, idModelo, idCidade, dataCompra, dataAquisicao, valor, situacao) VALUES ('83766933221', 'SLE3322', 2014, 7, 101, 781, 'CRD', '2014-11-09', '2014-11-09', '85723.53', 'R');
INSERT INTO veiculo (renavam, placa, ano, idCategoria, idProprietario, idModelo, idCidade, dataCompra, dataAquisicao, valor, situacao) VALUES ('877078943410', 'WFN9434', 2017, 27, 75, 3124, 'FRF', '2017-10-16', '2017-10-16', '491.46', 'R');
INSERT INTO veiculo (renavam, placa, ano, idCategoria, idProprietario, idModelo, idCidade, dataCompra, dataAquisicao, valor, situacao) VALUES ('88666853723', 'XBD5372', 2005, 13, 419, 2931, 'GLS', '2005-12-16', '2005-12-16', '55638.9', 'R');
INSERT INTO veiculo (renavam, placa, ano, idCategoria, idProprietario, idModelo, idCidade, dataCompra, dataAquisicao, valor, situacao) VALUES ('70688607552', 'FDV0755', 2012, 25, 520, 1988, 'ASO', '2012-02-03', '2012-02-03', '19334.22', 'R');
INSERT INTO veiculo (renavam, placa, ano, idCategoria, idProprietario, idModelo, idCidade, dataCompra, dataAquisicao, valor, situacao) VALUES ('73748926602', 'IJY2660', 1980, 10, 597, 1454, 'CRD', '1980-10-28', '1980-10-28', '99474.66', 'R');
INSERT INTO veiculo (renavam, placa, ano, idCategoria, idProprietario, idModelo, idCidade, dataCompra, dataAquisicao, valor, situacao) VALUES ('78807005335', 'NPF0533', 1987, 32, 8, 812, 'MAA', '1987-03-19', '1987-03-19', '25520.74', 'R');
INSERT INTO veiculo (renavam, placa, ano, idCategoria, idProprietario, idModelo, idCidade, dataCompra, dataAquisicao, valor, situacao) VALUES ('76816521859', 'LQA2185', 1998, 21, 84, 1266, 'NAP', '1998-11-19', '1998-11-19', '60713.4', 'R');
INSERT INTO veiculo (renavam, placa, ano, idCategoria, idProprietario, idModelo, idCidade, dataCompra, dataAquisicao, valor, situacao) VALUES ('66738266852', 'BIR6685', 1983, 32, 429, 2524, 'SOS', '1983-06-19', '1983-06-19', '46755.48', 'R');
INSERT INTO veiculo (renavam, placa, ano, idCategoria, idProprietario, idModelo, idCidade, dataCompra, dataAquisicao, valor, situacao) VALUES ('71697513830', 'GEK1383', 2015, 3, 67, 2143, 'MEO', '2015-12-09', '2015-12-09', '95388.64', 'R');
INSERT INTO veiculo (renavam, placa, ano, idCategoria, idProprietario, idModelo, idCidade, dataCompra, dataAquisicao, valor, situacao) VALUES ('68828114675', 'DRQ1467', 1976, 33, 436, 767, 'PPC', '1976-11-12', '1976-11-12', '39578.56', 'R');
INSERT INTO veiculo (renavam, placa, ano, idCategoria, idProprietario, idModelo, idCidade, dataCompra, dataAquisicao, valor, situacao) VALUES ('69716801091', 'EGD0109', 1973, 26, 222, 4388, 'VCM', '1973-07-11', '1973-07-11', '1384.36', 'R');
INSERT INTO veiculo (renavam, placa, ano, idCategoria, idProprietario, idModelo, idCidade, dataCompra, dataAquisicao, valor, situacao) VALUES ('816678832210', 'QBN8322', 2006, 33, 524, 358, 'NDG', '2006-12-15', '2006-12-15', '62230.28', 'R');
INSERT INTO veiculo (renavam, placa, ano, idCategoria, idProprietario, idModelo, idCidade, dataCompra, dataAquisicao, valor, situacao) VALUES ('75797021169', 'KOF2116', 1997, 23, 192, 2140, 'SVP', '1997-11-27', '1997-11-27', '48763.35', 'R');
INSERT INTO veiculo (renavam, placa, ano, idCategoria, idProprietario, idModelo, idCidade, dataCompra, dataAquisicao, valor, situacao) VALUES ('88818838098', 'XQX3809', 2009, 1, 481, 1388, 'OEN', '2009-01-11', '2009-01-11', '27977.67', 'R');
INSERT INTO veiculo (renavam, placa, ano, idCategoria, idProprietario, idModelo, idCidade, dataCompra, dataAquisicao, valor, situacao) VALUES ('87837291564', 'WSH9156', 2016, 29, 73, 1988, 'SGF', '2016-11-13', '2016-11-13', '68080.65', 'R');
INSERT INTO veiculo (renavam, placa, ano, idCategoria, idProprietario, idModelo, idCidade, dataCompra, dataAquisicao, valor, situacao) VALUES ('707167331210', 'FGC3312', 1984, 10, 496, 1063, 'PVV', '1984-10-20', '1984-10-20', '52986.9', 'R');
INSERT INTO veiculo (renavam, placa, ano, idCategoria, idProprietario, idModelo, idCidade, dataCompra, dataAquisicao, valor, situacao) VALUES ('71778684759', 'GMV8475', 1992, 1, 147, 2303, 'ACO', '1992-01-24', '1992-01-24', '26501.67', 'R');
INSERT INTO veiculo (renavam, placa, ano, idCategoria, idProprietario, idModelo, idCidade, dataCompra, dataAquisicao, valor, situacao) VALUES ('83907702700', 'SZM0270', 1985, 10, 69, 1854, 'FGA', '1985-01-22', '1985-01-22', '36653.24', 'R');
INSERT INTO veiculo (renavam, placa, ano, idCategoria, idProprietario, idModelo, idCidade, dataCompra, dataAquisicao, valor, situacao) VALUES ('90906749447', 'ZZC4944', 2014, 4, 537, 1661, 'CIP', '2014-07-29', '2014-07-29', '78284.86', 'R');
INSERT INTO veiculo (renavam, placa, ano, idCategoria, idProprietario, idModelo, idCidade, dataCompra, dataAquisicao, valor, situacao) VALUES ('908071637210', 'ZPG6372', 1978, 35, 5, 3185, 'LGO', '1978-11-04', '1978-11-04', '93514.1', 'R');
INSERT INTO veiculo (renavam, placa, ano, idCategoria, idProprietario, idModelo, idCidade, dataCompra, dataAquisicao, valor, situacao) VALUES ('70797191497', 'FOG9149', 2019, 2, 449, 4946, 'CUP', '2019-03-09', '2019-03-09', '33130.1', 'R');
INSERT INTO veiculo (renavam, placa, ano, idCategoria, idProprietario, idModelo, idCidade, dataCompra, dataAquisicao, valor, situacao) VALUES ('898390372210', 'YSZ3722', 1981, 4, 221, 248, 'NAP', '1981-04-10', '1981-04-10', '34661.94', 'R');
INSERT INTO veiculo (renavam, placa, ano, idCategoria, idProprietario, idModelo, idCidade, dataCompra, dataAquisicao, valor, situacao) VALUES ('85778589322', 'UMU8932', 2000, 19, 628, 3113, 'DSP', '2000-07-09', '2000-07-09', '21652.71', 'R');
INSERT INTO veiculo (renavam, placa, ano, idCategoria, idProprietario, idModelo, idCidade, dataCompra, dataAquisicao, valor, situacao) VALUES ('85856864748', 'UUD6474', 2014, 2, 534, 2669, 'MOO', '2014-07-18', '2014-07-18', '3511.66', 'R');
INSERT INTO veiculo (renavam, placa, ano, idCategoria, idProprietario, idModelo, idCidade, dataCompra, dataAquisicao, valor, situacao) VALUES ('87877100298', 'WWG0029', 1989, 13, 336, 4399, 'RPC', '1989-01-30', '1989-01-30', '67317.98', 'R');
INSERT INTO veiculo (renavam, placa, ano, idCategoria, idProprietario, idModelo, idCidade, dataCompra, dataAquisicao, valor, situacao) VALUES ('87748256852', 'WJR5685', 1980, 24, 256, 231, 'RPN', '1980-02-25', '1980-02-25', '74103.44', 'R');
INSERT INTO veiculo (renavam, placa, ano, idCategoria, idProprietario, idModelo, idCidade, dataCompra, dataAquisicao, valor, situacao) VALUES ('84698518137', 'TEU1813', 1991, 13, 544, 1882, 'JSS', '1991-03-09', '1991-03-09', '35007.83', 'R');
INSERT INTO veiculo (renavam, placa, ano, idCategoria, idProprietario, idModelo, idCidade, dataCompra, dataAquisicao, valor, situacao) VALUES ('81856648171', 'QUB4817', 2002, 29, 169, 1864, 'RVC', '2002-08-10', '2002-08-10', '94701.52', 'R');
INSERT INTO veiculo (renavam, placa, ano, idCategoria, idProprietario, idModelo, idCidade, dataCompra, dataAquisicao, valor, situacao) VALUES ('68906967588', 'DZE6758', 2011, 27, 569, 2503, 'GSP', '2011-08-13', '2011-08-13', '35867.28', 'R');
INSERT INTO veiculo (renavam, placa, ano, idCategoria, idProprietario, idModelo, idCidade, dataCompra, dataAquisicao, valor, situacao) VALUES ('81827478700', 'QRJ7870', 2005, 32, 415, 191, 'PNN', '2005-12-14', '2005-12-14', '33582.18', 'R');
INSERT INTO veiculo (renavam, placa, ano, idCategoria, idProprietario, idModelo, idCidade, dataCompra, dataAquisicao, valor, situacao) VALUES ('87847821523', 'WTN2152', 1991, 32, 210, 2449, 'CON', '1991-09-06', '1991-09-06', '3326.8', 'R');
INSERT INTO veiculo (renavam, placa, ano, idCategoria, idProprietario, idModelo, idCidade, dataCompra, dataAquisicao, valor, situacao) VALUES ('70728175151', 'FHQ7515', 1999, 9, 224, 2135, 'AAM', '1999-03-09', '1999-03-09', '53475.23', 'R');
INSERT INTO veiculo (renavam, placa, ano, idCategoria, idProprietario, idModelo, idCidade, dataCompra, dataAquisicao, valor, situacao) VALUES ('88756728642', 'XKC2864', 1972, 4, 209, 152, 'CPM', '1972-07-22', '1972-07-22', '23394.39', 'R');
INSERT INTO veiculo (renavam, placa, ano, idCategoria, idProprietario, idModelo, idCidade, dataCompra, dataAquisicao, valor, situacao) VALUES ('70909079502', 'FZZ7950', 2017, 29, 625, 817, 'PSD', '2017-01-10', '2017-01-10', '58811.24', 'R');
INSERT INTO veiculo (renavam, placa, ano, idCategoria, idProprietario, idModelo, idCidade, dataCompra, dataAquisicao, valor, situacao) VALUES ('75858300992', 'KUS0099', 2009, 18, 40, 4404, 'PMS', '2009-10-03', '2009-10-03', '15682.27', 'R');
INSERT INTO veiculo (renavam, placa, ano, idCategoria, idProprietario, idModelo, idCidade, dataCompra, dataAquisicao, valor, situacao) VALUES ('90877023277', 'ZWF2327', 2011, 22, 132, 898, 'APG', '2011-11-05', '2011-11-05', '57308.18', 'R');
INSERT INTO veiculo (renavam, placa, ano, idCategoria, idProprietario, idModelo, idCidade, dataCompra, dataAquisicao, valor, situacao) VALUES ('67888330279', 'CXS3027', 1977, 19, 420, 4922, 'SGG', '1977-09-15', '1977-09-15', '72687.62', 'R');
INSERT INTO veiculo (renavam, placa, ano, idCategoria, idProprietario, idModelo, idCidade, dataCompra, dataAquisicao, valor, situacao) VALUES ('75768101990', 'KLQ0199', 2002, 18, 76, 420, 'CNP', '2002-09-04', '2002-09-04', '4484.42', 'R');
INSERT INTO veiculo (renavam, placa, ano, idCategoria, idProprietario, idModelo, idCidade, dataCompra, dataAquisicao, valor, situacao) VALUES ('88817937440', 'XQO3744', 1986, 35, 646, 145, 'RAM', '1986-02-19', '1986-02-19', '79086.32', 'R');
INSERT INTO veiculo (renavam, placa, ano, idCategoria, idProprietario, idModelo, idCidade, dataCompra, dataAquisicao, valor, situacao) VALUES ('68909006376', 'DZZ0637', 1978, 27, 101, 1518, 'CRD', '1978-03-24', '1978-03-24', '42847.2', 'R');
INSERT INTO veiculo (renavam, placa, ano, idCategoria, idProprietario, idModelo, idCidade, dataCompra, dataAquisicao, valor, situacao) VALUES ('88686614198', 'XDB1419', 2011, 14, 450, 656, 'MMP', '2011-12-27', '2011-12-27', '77580.41', 'R');
INSERT INTO veiculo (renavam, placa, ano, idCategoria, idProprietario, idModelo, idCidade, dataCompra, dataAquisicao, valor, situacao) VALUES ('77787321638', 'MNI2163', 2010, 2, 507, 2097, 'FRN', '2010-06-10', '2010-06-10', '82190.52', 'R');
INSERT INTO veiculo (renavam, placa, ano, idCategoria, idProprietario, idModelo, idCidade, dataCompra, dataAquisicao, valor, situacao) VALUES ('828680933310', 'RVP9333', 1971, 27, 415, 974, 'PNN', '1971-10-28', '1971-10-28', '34078.12', 'R');
INSERT INTO veiculo (renavam, placa, ano, idCategoria, idProprietario, idModelo, idCidade, dataCompra, dataAquisicao, valor, situacao) VALUES ('70808742265', 'FPW4226', 1994, 11, 586, 2081, 'FVP', '1994-05-21', '1994-05-21', '69763.7', 'R');
INSERT INTO veiculo (renavam, placa, ano, idCategoria, idProprietario, idModelo, idCidade, dataCompra, dataAquisicao, valor, situacao) VALUES ('85738223408', 'UIR2340', 2003, 29, 240, 1627, 'GSP', '2003-11-08', '2003-11-08', '24967.8', 'R');
INSERT INTO veiculo (renavam, placa, ano, idCategoria, idProprietario, idModelo, idCidade, dataCompra, dataAquisicao, valor, situacao) VALUES ('66667470169', 'BBJ7016', 2009, 19, 327, 1341, 'MOS', '2009-10-25', '2009-10-25', '53360.3', 'R');
INSERT INTO veiculo (renavam, placa, ano, idCategoria, idProprietario, idModelo, idCidade, dataCompra, dataAquisicao, valor, situacao) VALUES ('80808994113', 'PPY9411', 1988, 19, 624, 3119, 'CVV', '1988-03-11', '1988-03-11', '7114.28', 'R');
INSERT INTO veiculo (renavam, placa, ano, idCategoria, idProprietario, idModelo, idCidade, dataCompra, dataAquisicao, valor, situacao) VALUES ('74807997408', 'JPO9740', 1970, 11, 40, 4918, 'PMS', '1970-11-05', '1970-11-05', '68023.72', 'R');
INSERT INTO veiculo (renavam, placa, ano, idCategoria, idProprietario, idModelo, idCidade, dataCompra, dataAquisicao, valor, situacao) VALUES ('80856999847', 'PUE9984', 2006, 28, 296, 2827, 'ALV', '2006-05-03', '2006-05-03', '17764.38', 'R');
INSERT INTO veiculo (renavam, placa, ano, idCategoria, idProprietario, idModelo, idCidade, dataCompra, dataAquisicao, valor, situacao) VALUES ('75667256867', 'KBH5686', 1983, 24, 532, 4998, 'PLM', '1983-05-03', '1983-05-03', '52694.43', 'R');
INSERT INTO veiculo (renavam, placa, ano, idCategoria, idProprietario, idModelo, idCidade, dataCompra, dataAquisicao, valor, situacao) VALUES ('86886875754', 'VXD7575', 2009, 20, 500, 2684, 'AMC', '2009-02-15', '2009-02-15', '39613.12', 'R');
INSERT INTO veiculo (renavam, placa, ano, idCategoria, idProprietario, idModelo, idCidade, dataCompra, dataAquisicao, valor, situacao) VALUES ('727086845710', 'HFV8457', 1985, 31, 246, 366, 'BVA', '1985-11-10', '1985-11-10', '21701.54', 'R');
INSERT INTO veiculo (renavam, placa, ano, idCategoria, idProprietario, idModelo, idCidade, dataCompra, dataAquisicao, valor, situacao) VALUES ('73818231810', 'IQR3181', 1980, 6, 403, 2962, 'RRS', '1980-06-01', '1980-06-01', '9882.67', 'R');
INSERT INTO veiculo (renavam, placa, ano, idCategoria, idProprietario, idModelo, idCidade, dataCompra, dataAquisicao, valor, situacao) VALUES ('73717265264', 'IGH6526', 1975, 6, 146, 3000, 'NAC', '1975-11-28', '1975-11-28', '21525.84', 'R');
INSERT INTO veiculo (renavam, placa, ano, idCategoria, idProprietario, idModelo, idCidade, dataCompra, dataAquisicao, valor, situacao) VALUES ('687273896110', 'DHI8961', 2003, 32, 345, 1307, 'MSA', '2003-11-29', '2003-11-29', '22380.81', 'R');
INSERT INTO veiculo (renavam, placa, ano, idCategoria, idProprietario, idModelo, idCidade, dataCompra, dataAquisicao, valor, situacao) VALUES ('78788039292', 'NNP3929', 2009, 5, 384, 1157, 'MCN', '2009-06-14', '2009-06-14', '5527.56', 'R');
INSERT INTO veiculo (renavam, placa, ano, idCategoria, idProprietario, idModelo, idCidade, dataCompra, dataAquisicao, valor, situacao) VALUES ('79776683564', 'OMB8356', 1982, 27, 387, 957, 'ROS', '1982-01-07', '1982-01-07', '91231.49', 'R');
INSERT INTO veiculo (renavam, placa, ano, idCategoria, idProprietario, idModelo, idCidade, dataCompra, dataAquisicao, valor, situacao) VALUES ('66747228259', 'BJH2825', 1970, 24, 254, 1064, 'MCA', '1970-07-17', '1970-07-17', '15931.66', 'R');
INSERT INTO veiculo (renavam, placa, ano, idCategoria, idProprietario, idModelo, idCidade, dataCompra, dataAquisicao, valor, situacao) VALUES ('70657153649', 'FAG5364', 1998, 25, 636, 845, 'CCS', '1998-03-22', '1998-03-22', '4713.8', 'R');
INSERT INTO veiculo (renavam, placa, ano, idCategoria, idProprietario, idModelo, idCidade, dataCompra, dataAquisicao, valor, situacao) VALUES ('72696505441', 'HEA0544', 1987, 22, 222, 2204, 'VCM', '1987-10-14', '1987-10-14', '3334.95', 'R');
INSERT INTO veiculo (renavam, placa, ano, idCategoria, idProprietario, idModelo, idCidade, dataCompra, dataAquisicao, valor, situacao) VALUES ('73706875090', 'IFD7509', 1986, 1, 352, 837, 'MIP', '1986-01-08', '1986-01-08', '56511.92', 'R');
INSERT INTO veiculo (renavam, placa, ano, idCategoria, idProprietario, idModelo, idCidade, dataCompra, dataAquisicao, valor, situacao) VALUES ('71898958570', 'GYY5857', 1977, 33, 291, 620, 'CNP', '1977-03-01', '1977-03-01', '56168.42', 'R');
INSERT INTO veiculo (renavam, placa, ano, idCategoria, idProprietario, idModelo, idCidade, dataCompra, dataAquisicao, valor, situacao) VALUES ('83828940862', 'SRY4086', 1972, 32, 40, 971, 'PMS', '1972-11-13', '1972-11-13', '26880.91', 'R');
INSERT INTO veiculo (renavam, placa, ano, idCategoria, idProprietario, idModelo, idCidade, dataCompra, dataAquisicao, valor, situacao) VALUES ('90696822615', 'ZED2261', 2014, 1, 274, 632, 'PSV', '2014-08-08', '2014-08-08', '63496.72', 'R');
INSERT INTO veiculo (renavam, placa, ano, idCategoria, idProprietario, idModelo, idCidade, dataCompra, dataAquisicao, valor, situacao) VALUES ('80887676284', 'PXL7628', 1971, 31, 583, 2293, 'AAP', '1971-05-18', '1971-05-18', '76145.98', 'R');
INSERT INTO veiculo (renavam, placa, ano, idCategoria, idProprietario, idModelo, idCidade, dataCompra, dataAquisicao, valor, situacao) VALUES ('827981933910', 'ROQ9339', 1990, 27, 165, 819, 'MAC', '1990-02-08', '1990-02-08', '33039.35', 'R');
INSERT INTO veiculo (renavam, placa, ano, idCategoria, idProprietario, idModelo, idCidade, dataCompra, dataAquisicao, valor, situacao) VALUES ('87838133598', 'WSQ3359', 1981, 19, 379, 3145, 'RRM', '1981-04-25', '1981-04-25', '99740.57', 'R');
INSERT INTO veiculo (renavam, placa, ano, idCategoria, idProprietario, idModelo, idCidade, dataCompra, dataAquisicao, valor, situacao) VALUES ('85778447072', 'UMT4707', 2019, 18, 632, 2304, 'POO', '2019-11-25', '2019-11-25', '61748.55', 'R');
INSERT INTO veiculo (renavam, placa, ano, idCategoria, idProprietario, idModelo, idCidade, dataCompra, dataAquisicao, valor, situacao) VALUES ('85816929156', 'UQE2915', 1972, 12, 640, 2714, 'MTM', '1972-09-11', '1972-09-11', '72374.78', 'R');
INSERT INTO veiculo (renavam, placa, ano, idCategoria, idProprietario, idModelo, idCidade, dataCompra, dataAquisicao, valor, situacao) VALUES ('827076233710', 'RFL2337', 1975, 13, 111, 2157, 'LDG', '1975-05-07', '1975-05-07', '47512.76', 'R');
INSERT INTO veiculo (renavam, placa, ano, idCategoria, idProprietario, idModelo, idCidade, dataCompra, dataAquisicao, valor, situacao) VALUES ('85707001098', 'UFF0109', 2002, 33, 306, 2071, 'ASO', '2002-05-29', '2002-05-29', '56489.26', 'R');
INSERT INTO veiculo (renavam, placa, ano, idCategoria, idProprietario, idModelo, idCidade, dataCompra, dataAquisicao, valor, situacao) VALUES ('807567510710', 'PKC5107', 2002, 24, 336, 371, 'RPC', '2002-07-03', '2002-07-03', '48052.76', 'R');
INSERT INTO veiculo (renavam, placa, ano, idCategoria, idProprietario, idModelo, idCidade, dataCompra, dataAquisicao, valor, situacao) VALUES ('82897587396', 'RYK8739', 2006, 5, 311, 3196, 'GFO', '2006-08-31', '2006-08-31', '39825.66', 'R');
INSERT INTO veiculo (renavam, placa, ano, idCategoria, idProprietario, idModelo, idCidade, dataCompra, dataAquisicao, valor, situacao) VALUES ('76887543413', 'LXK4341', 2016, 31, 439, 2116, 'FAA', '2016-11-16', '2016-11-16', '63905.38', 'R');
INSERT INTO veiculo (renavam, placa, ano, idCategoria, idProprietario, idModelo, idCidade, dataCompra, dataAquisicao, valor, situacao) VALUES ('77746532294', 'MJA3229', 1977, 29, 112, 2082, 'BDP', '1977-01-30', '1977-01-30', '70018.4', 'R');
INSERT INTO veiculo (renavam, placa, ano, idCategoria, idProprietario, idModelo, idCidade, dataCompra, dataAquisicao, valor, situacao) VALUES ('74668099139', 'JBP9913', 2017, 15, 330, 4957, 'VRP', '2017-10-26', '2017-10-26', '78388.28', 'R');
INSERT INTO veiculo (renavam, placa, ano, idCategoria, idProprietario, idModelo, idCidade, dataCompra, dataAquisicao, valor, situacao) VALUES ('85768768135', 'ULW6813', 1982, 20, 3, 1270, 'FPC', '1982-05-16', '1982-05-16', '33736.47', 'R');
INSERT INTO veiculo (renavam, placa, ano, idCategoria, idProprietario, idModelo, idCidade, dataCompra, dataAquisicao, valor, situacao) VALUES ('80767648941', 'PLL4894', 1976, 8, 57, 2905, 'NAO', '1976-08-12', '1976-08-12', '23086.62', 'R');
INSERT INTO veiculo (renavam, placa, ano, idCategoria, idProprietario, idModelo, idCidade, dataCompra, dataAquisicao, valor, situacao) VALUES ('75887856901', 'KXN5690', 2015, 26, 60, 1878, 'NPM', '2015-08-07', '2015-08-07', '67897.5', 'R');
INSERT INTO veiculo (renavam, placa, ano, idCategoria, idProprietario, idModelo, idCidade, dataCompra, dataAquisicao, valor, situacao) VALUES ('80818811151', 'PQX1115', 2005, 18, 479, 905, 'JFC', '2005-06-03', '2005-06-03', '70697.7', 'R');
INSERT INTO veiculo (renavam, placa, ano, idCategoria, idProprietario, idModelo, idCidade, dataCompra, dataAquisicao, valor, situacao) VALUES ('71807550131', 'GPK5013', 2015, 17, 253, 863, 'MFN', '2015-06-30', '2015-06-30', '76894.28', 'R');
INSERT INTO veiculo (renavam, placa, ano, idCategoria, idProprietario, idModelo, idCidade, dataCompra, dataAquisicao, valor, situacao) VALUES ('68888973488', 'DXY7348', 2014, 2, 339, 3025, 'RMM', '2014-03-08', '2014-03-08', '84878.69', 'R');
INSERT INTO veiculo (renavam, placa, ano, idCategoria, idProprietario, idModelo, idCidade, dataCompra, dataAquisicao, valor, situacao) VALUES ('72778081750', 'HMP8175', 2011, 15, 548, 468, 'MAA', '2011-01-02', '2011-01-02', '26473.45', 'R');
INSERT INTO veiculo (renavam, placa, ano, idCategoria, idProprietario, idModelo, idCidade, dataCompra, dataAquisicao, valor, situacao) VALUES ('88907317891', 'XZI1789', 2009, 2, 15, 1866, 'CPO', '2009-09-23', '2009-09-23', '21500.2', 'R');
INSERT INTO veiculo (renavam, placa, ano, idCategoria, idProprietario, idModelo, idCidade, dataCompra, dataAquisicao, valor, situacao) VALUES ('86887204977', 'VXH0497', 2013, 25, 15, 2825, 'CPO', '2013-10-23', '2013-10-23', '66005.5', 'R');
INSERT INTO veiculo (renavam, placa, ano, idCategoria, idProprietario, idModelo, idCidade, dataCompra, dataAquisicao, valor, situacao) VALUES ('68809031557', 'DPZ3155', 1987, 31, 119, 2828, 'MFF', '1987-03-11', '1987-03-11', '85180.81', 'R');
INSERT INTO veiculo (renavam, placa, ano, idCategoria, idProprietario, idModelo, idCidade, dataCompra, dataAquisicao, valor, situacao) VALUES ('88678227334', 'XCR2733', 1989, 29, 575, 2715, 'CMC', '1989-02-12', '1989-02-12', '91700.8', 'R');
INSERT INTO veiculo (renavam, placa, ano, idCategoria, idProprietario, idModelo, idCidade, dataCompra, dataAquisicao, valor, situacao) VALUES ('75768634336', 'KLV3433', 1990, 33, 337, 942, 'LFG', '1990-01-24', '1990-01-24', '88149.9', 'R');
INSERT INTO veiculo (renavam, placa, ano, idCategoria, idProprietario, idModelo, idCidade, dataCompra, dataAquisicao, valor, situacao) VALUES ('71777700416', 'GMM0041', 2005, 14, 509, 1429, 'CEG', '2005-04-06', '2005-04-06', '61019.57', 'R');
INSERT INTO veiculo (renavam, placa, ano, idCategoria, idProprietario, idModelo, idCidade, dataCompra, dataAquisicao, valor, situacao) VALUES ('758867465510', 'KXC4655', 1985, 9, 87, 806, 'DEN', '1985-03-10', '1985-03-10', '62053.79', 'R');
INSERT INTO veiculo (renavam, placa, ano, idCategoria, idProprietario, idModelo, idCidade, dataCompra, dataAquisicao, valor, situacao) VALUES ('786966794910', 'NEB7949', 2004, 25, 258, 3120, 'LGO', '2004-05-20', '2004-05-20', '50488.87', 'R');
INSERT INTO veiculo (renavam, placa, ano, idCategoria, idProprietario, idModelo, idCidade, dataCompra, dataAquisicao, valor, situacao) VALUES ('71758245814', 'GKR4581', 1996, 17, 410, 1900, 'APC', '1996-01-10', '1996-01-10', '45117.5', 'R');
INSERT INTO veiculo (renavam, placa, ano, idCategoria, idProprietario, idModelo, idCidade, dataCompra, dataAquisicao, valor, situacao) VALUES ('69708301107', 'EFS0110', 1996, 29, 297, 726, 'RPF', '1996-06-08', '1996-06-08', '19832.9', 'R');
INSERT INTO veiculo (renavam, placa, ano, idCategoria, idProprietario, idModelo, idCidade, dataCompra, dataAquisicao, valor, situacao) VALUES ('71688682013', 'GDV8201', 1978, 30, 37, 1317, 'GDA', '1978-11-29', '1978-11-29', '23335.59', 'R');
INSERT INTO veiculo (renavam, placa, ano, idCategoria, idProprietario, idModelo, idCidade, dataCompra, dataAquisicao, valor, situacao) VALUES ('90798943284', 'ZOY4328', 2001, 14, 570, 951, 'SLA', '2001-12-03', '2001-12-03', '69511.78', 'R');
INSERT INTO veiculo (renavam, placa, ano, idCategoria, idProprietario, idModelo, idCidade, dataCompra, dataAquisicao, valor, situacao) VALUES ('84687762481', 'TDM6248', 1980, 3, 181, 373, 'FNM', '1980-05-31', '1980-05-31', '58016.77', 'R');
INSERT INTO veiculo (renavam, placa, ano, idCategoria, idProprietario, idModelo, idCidade, dataCompra, dataAquisicao, valor, situacao) VALUES ('73856700784', 'IUC0078', 2005, 22, 142, 603, 'AIP', '2005-04-06', '2005-04-06', '14258.38', 'R');
INSERT INTO veiculo (renavam, placa, ano, idCategoria, idProprietario, idModelo, idCidade, dataCompra, dataAquisicao, valor, situacao) VALUES ('86818376497', 'VQS7649', 1995, 23, 533, 2378, 'BRN', '1995-08-03', '1995-08-03', '42915.11', 'R');
INSERT INTO veiculo (renavam, placa, ano, idCategoria, idProprietario, idModelo, idCidade, dataCompra, dataAquisicao, valor, situacao) VALUES ('73678957563', 'ICY5756', 1987, 3, 556, 2141, 'CSS', '1987-08-10', '1987-08-10', '72559.98', 'R');
INSERT INTO veiculo (renavam, placa, ano, idCategoria, idProprietario, idModelo, idCidade, dataCompra, dataAquisicao, valor, situacao) VALUES ('877168631510', 'WGD6315', 1977, 31, 85, 5016, 'JIP', '1977-06-14', '1977-06-14', '71405.35', 'R');
INSERT INTO veiculo (renavam, placa, ano, idCategoria, idProprietario, idModelo, idCidade, dataCompra, dataAquisicao, valor, situacao) VALUES ('73707977245', 'IFO7724', 1982, 22, 568, 1537, 'CSP', '1982-02-22', '1982-02-22', '57659.43', 'R');
INSERT INTO veiculo (renavam, placa, ano, idCategoria, idProprietario, idModelo, idCidade, dataCompra, dataAquisicao, valor, situacao) VALUES ('71757527883', 'GKK2788', 1989, 16, 72, 2704, 'DOS', '1989-03-25', '1989-03-25', '39280.28', 'R');
INSERT INTO veiculo (renavam, placa, ano, idCategoria, idProprietario, idModelo, idCidade, dataCompra, dataAquisicao, valor, situacao) VALUES ('75897782587', 'KYM8258', 2000, 21, 12, 927, 'DUV', '2000-06-16', '2000-06-16', '39743.96', 'R');
INSERT INTO veiculo (renavam, placa, ano, idCategoria, idProprietario, idModelo, idCidade, dataCompra, dataAquisicao, valor, situacao) VALUES ('88778348869', 'XMS4886', 1970, 33, 472, 1001, 'CMG', '1970-11-01', '1970-11-01', '39226.94', 'R');
INSERT INTO veiculo (renavam, placa, ano, idCategoria, idProprietario, idModelo, idCidade, dataCompra, dataAquisicao, valor, situacao) VALUES ('73677025942', 'ICF2594', 1973, 5, 140, 4925, 'FGP', '1973-08-26', '1973-08-26', '18725.8', 'R');
INSERT INTO veiculo (renavam, placa, ano, idCategoria, idProprietario, idModelo, idCidade, dataCompra, dataAquisicao, valor, situacao) VALUES ('85816739489', 'UQC3948', 2009, 32, 623, 2495, 'AMS', '2009-09-29', '2009-09-29', '94217.41', 'R');
INSERT INTO veiculo (renavam, placa, ano, idCategoria, idProprietario, idModelo, idCidade, dataCompra, dataAquisicao, valor, situacao) VALUES ('86758613897', 'VKV1389', 1975, 17, 324, 4956, 'SRP', '1975-04-25', '1975-04-25', '34611.54', 'R');
INSERT INTO veiculo (renavam, placa, ano, idCategoria, idProprietario, idModelo, idCidade, dataCompra, dataAquisicao, valor, situacao) VALUES ('74708229291', 'JFR2929', 1990, 28, 556, 1641, 'CSS', '1990-05-15', '1990-05-15', '42065.6', 'R');
INSERT INTO veiculo (renavam, placa, ano, idCategoria, idProprietario, idModelo, idCidade, dataCompra, dataAquisicao, valor, situacao) VALUES ('72737661396', 'HIL6139', 1987, 18, 353, 1020, 'LLG', '1987-01-02', '1987-01-02', '35529.67', 'R');
INSERT INTO veiculo (renavam, placa, ano, idCategoria, idProprietario, idModelo, idCidade, dataCompra, dataAquisicao, valor, situacao) VALUES ('70778494293', 'FMT9429', 2011, 16, 100, 2380, 'AMC', '2011-01-13', '2011-01-13', '53233.73', 'R');
INSERT INTO veiculo (renavam, placa, ano, idCategoria, idProprietario, idModelo, idCidade, dataCompra, dataAquisicao, valor, situacao) VALUES ('90708445573', 'ZFT4557', 1979, 2, 621, 1205, 'RMA', '1979-08-03', '1979-08-03', '97653.33', 'R');
INSERT INTO veiculo (renavam, placa, ano, idCategoria, idProprietario, idModelo, idCidade, dataCompra, dataAquisicao, valor, situacao) VALUES ('88676611706', 'XCB1170', 1972, 35, 308, 608, 'SNG', '1972-11-20', '1972-11-20', '51976.21', 'R');
INSERT INTO veiculo (renavam, placa, ano, idCategoria, idProprietario, idModelo, idCidade, dataCompra, dataAquisicao, valor, situacao) VALUES ('69739077071', 'EIZ7707', 1975, 27, 198, 3021, 'SGG', '1975-01-09', '1975-01-09', '50.14', 'R');
INSERT INTO veiculo (renavam, placa, ano, idCategoria, idProprietario, idModelo, idCidade, dataCompra, dataAquisicao, valor, situacao) VALUES ('87717332530', 'WGI3253', 1981, 7, 175, 207, 'SIA', '1981-01-31', '1981-01-31', '38423.87', 'R');
INSERT INTO veiculo (renavam, placa, ano, idCategoria, idProprietario, idModelo, idCidade, dataCompra, dataAquisicao, valor, situacao) VALUES ('69876586733', 'EWA8673', 1995, 4, 208, 4398, 'FGA', '1995-01-19', '1995-01-19', '95082.11', 'R');
INSERT INTO veiculo (renavam, placa, ano, idCategoria, idProprietario, idModelo, idCidade, dataCompra, dataAquisicao, valor, situacao) VALUES ('69777134931', 'EMG3493', 2001, 3, 360, 768, 'LFG', '2001-11-25', '2001-11-25', '3891.84', 'R');
INSERT INTO veiculo (renavam, placa, ano, idCategoria, idProprietario, idModelo, idCidade, dataCompra, dataAquisicao, valor, situacao) VALUES ('737678756610', 'ILN7566', 2003, 27, 637, 1730, 'POM', '2003-05-30', '2003-05-30', '52508.5', 'R');
INSERT INTO veiculo (renavam, placa, ano, idCategoria, idProprietario, idModelo, idCidade, dataCompra, dataAquisicao, valor, situacao) VALUES ('87858631488', 'WUV3148', 2015, 30, 243, 382, 'CSS', '2015-05-04', '2015-05-04', '65130.76', 'R');
INSERT INTO veiculo (renavam, placa, ano, idCategoria, idProprietario, idModelo, idCidade, dataCompra, dataAquisicao, valor, situacao) VALUES ('68708846342', 'DFX4634', 1983, 22, 364, 2493, 'FRF', '1983-05-19', '1983-05-19', '26868.32', 'R');
INSERT INTO veiculo (renavam, placa, ano, idCategoria, idProprietario, idModelo, idCidade, dataCompra, dataAquisicao, valor, situacao) VALUES ('73837433296', 'ISJ3329', 1992, 8, 419, 1047, 'GLS', '1992-06-08', '1992-06-08', '37216.14', 'R');
INSERT INTO veiculo (renavam, placa, ano, idCategoria, idProprietario, idModelo, idCidade, dataCompra, dataAquisicao, valor, situacao) VALUES ('65668611558', 'ABV1155', 1989, 20, 325, 2267, 'AND', '1989-01-10', '1989-01-10', '10120.28', 'R');
INSERT INTO veiculo (renavam, placa, ano, idCategoria, idProprietario, idModelo, idCidade, dataCompra, dataAquisicao, valor, situacao) VALUES ('83828581854', 'SRU8185', 1995, 15, 481, 1122, 'OEN', '1995-08-01', '1995-08-01', '10364.69', 'R');
INSERT INTO veiculo (renavam, placa, ano, idCategoria, idProprietario, idModelo, idCidade, dataCompra, dataAquisicao, valor, situacao) VALUES ('70757422951', 'FKJ2295', 1991, 7, 451, 2453, 'PRP', '1991-08-26', '1991-08-26', '35542.5', 'R');
INSERT INTO veiculo (renavam, placa, ano, idCategoria, idProprietario, idModelo, idCidade, dataCompra, dataAquisicao, valor, situacao) VALUES ('676769781610', 'CCE7816', 2012, 14, 575, 969, 'CMC', '2012-01-24', '2012-01-24', '19204.33', 'R');
INSERT INTO veiculo (renavam, placa, ano, idCategoria, idProprietario, idModelo, idCidade, dataCompra, dataAquisicao, valor, situacao) VALUES ('88756876420', 'XKD7642', 1991, 16, 468, 1885, 'JPS', '1991-10-12', '1991-10-12', '3321.7', 'R');
INSERT INTO veiculo (renavam, placa, ano, idCategoria, idProprietario, idModelo, idCidade, dataCompra, dataAquisicao, valor, situacao) VALUES ('83717902776', 'SGO0277', 1977, 19, 95, 1225, 'PIS', '1977-02-12', '1977-02-12', '43003.56', 'R');
INSERT INTO veiculo (renavam, placa, ano, idCategoria, idProprietario, idModelo, idCidade, dataCompra, dataAquisicao, valor, situacao) VALUES ('90867942377', 'ZVO4237', 1975, 5, 98, 1156, 'CPA', '1975-07-31', '1975-07-31', '45214.7', 'R');
INSERT INTO veiculo (renavam, placa, ano, idCategoria, idProprietario, idModelo, idCidade, dataCompra, dataAquisicao, valor, situacao) VALUES ('89718874147', 'YGX7414', 2003, 20, 345, 2200, 'MSA', '2003-10-11', '2003-10-11', '90686.68', 'R');
INSERT INTO veiculo (renavam, placa, ano, idCategoria, idProprietario, idModelo, idCidade, dataCompra, dataAquisicao, valor, situacao) VALUES ('75717550925', 'KGK5092', 2015, 9, 371, 1518, 'DLG', '2015-11-28', '2015-11-28', '26165.65', 'R');
INSERT INTO veiculo (renavam, placa, ano, idCategoria, idProprietario, idModelo, idCidade, dataCompra, dataAquisicao, valor, situacao) VALUES ('82907137800', 'RZG3780', 1974, 27, 82, 1670, 'SEV', '1974-07-21', '1974-07-21', '53722.58', 'R');
INSERT INTO veiculo (renavam, placa, ano, idCategoria, idProprietario, idModelo, idCidade, dataCompra, dataAquisicao, valor, situacao) VALUES ('84658493265', 'TAT9326', 1971, 16, 515, 422, 'DOG', '1971-11-13', '1971-11-13', '30134.72', 'R');
INSERT INTO veiculo (renavam, placa, ano, idCategoria, idProprietario, idModelo, idCidade, dataCompra, dataAquisicao, valor, situacao) VALUES ('76738138053', 'LIQ3805', 1985, 15, 535, 2960, 'SAS', '1985-09-11', '1985-09-11', '11331.32', 'R');
INSERT INTO veiculo (renavam, placa, ano, idCategoria, idProprietario, idModelo, idCidade, dataCompra, dataAquisicao, valor, situacao) VALUES ('77788085199', 'MNP8519', 1975, 1, 327, 2001, 'MOS', '1975-11-28', '1975-11-28', '7165.9', 'R');
INSERT INTO veiculo (renavam, placa, ano, idCategoria, idProprietario, idModelo, idCidade, dataCompra, dataAquisicao, valor, situacao) VALUES ('708765474310', 'FWA4743', 2007, 32, 120, 1162, 'FRC', '2007-03-26', '2007-03-26', '73471.78', 'R');
INSERT INTO veiculo (renavam, placa, ano, idCategoria, idProprietario, idModelo, idCidade, dataCompra, dataAquisicao, valor, situacao) VALUES ('86858287738', 'VUR8773', 1983, 19, 592, 4953, 'AVA', '1983-01-10', '1983-01-10', '58298.42', 'R');
INSERT INTO veiculo (renavam, placa, ano, idCategoria, idProprietario, idModelo, idCidade, dataCompra, dataAquisicao, valor, situacao) VALUES ('74736897465', 'JID9746', 2006, 2, 622, 159, 'FGA', '2006-02-10', '2006-02-10', '93212.87', 'R');
INSERT INTO veiculo (renavam, placa, ano, idCategoria, idProprietario, idModelo, idCidade, dataCompra, dataAquisicao, valor, situacao) VALUES ('77688477443', 'MDT7744', 1977, 21, 280, 373, 'CPO', '1977-09-26', '1977-09-26', '85977.6', 'R');
INSERT INTO veiculo (renavam, placa, ano, idCategoria, idProprietario, idModelo, idCidade, dataCompra, dataAquisicao, valor, situacao) VALUES ('65656830594', 'AAD3059', 2006, 10, 292, 2239, 'PAD', '2006-03-13', '2006-03-13', '76298.77', 'R');
INSERT INTO veiculo (renavam, placa, ano, idCategoria, idProprietario, idModelo, idCidade, dataCompra, dataAquisicao, valor, situacao) VALUES ('79798118487', 'OOQ1848', 1986, 20, 511, 2637, 'ROS', '1986-01-13', '1986-01-13', '21083.91', 'R');
INSERT INTO veiculo (renavam, placa, ano, idCategoria, idProprietario, idModelo, idCidade, dataCompra, dataAquisicao, valor, situacao) VALUES ('81687099478', 'QDF9947', 2002, 4, 409, 1429, 'PPV', '2002-12-12', '2002-12-12', '52628.73', 'R');
INSERT INTO veiculo (renavam, placa, ano, idCategoria, idProprietario, idModelo, idCidade, dataCompra, dataAquisicao, valor, situacao) VALUES ('87657505922', 'WAK0592', 2008, 34, 117, 970, 'SAC', '2008-02-19', '2008-02-19', '79380.81', 'R');
INSERT INTO veiculo (renavam, placa, ano, idCategoria, idProprietario, idModelo, idCidade, dataCompra, dataAquisicao, valor, situacao) VALUES ('80828377012', 'PRS7701', 1992, 27, 402, 5006, 'RLA', '1992-05-23', '1992-05-23', '20770.94', 'R');
INSERT INTO veiculo (renavam, placa, ano, idCategoria, idProprietario, idModelo, idCidade, dataCompra, dataAquisicao, valor, situacao) VALUES ('65657169948', 'AAG6994', 1998, 30, 212, 954, 'MEO', '1998-04-11', '1998-04-11', '660.48', 'R');
INSERT INTO veiculo (renavam, placa, ano, idCategoria, idProprietario, idModelo, idCidade, dataCompra, dataAquisicao, valor, situacao) VALUES ('78757723310', 'NKM2331', 1980, 4, 260, 1664, 'CVV', '1980-01-19', '1980-01-19', '1264.6', 'R');
INSERT INTO veiculo (renavam, placa, ano, idCategoria, idProprietario, idModelo, idCidade, dataCompra, dataAquisicao, valor, situacao) VALUES ('75679060520', 'KCZ6052', 1985, 18, 597, 2936, 'CRD', '1985-09-09', '1985-09-09', '20326.28', 'R');
INSERT INTO veiculo (renavam, placa, ano, idCategoria, idProprietario, idModelo, idCidade, dataCompra, dataAquisicao, valor, situacao) VALUES ('77658739857', 'MAW3985', 1976, 12, 204, 2074, 'PDP', '1976-09-15', '1976-09-15', '92410.13', 'R');
INSERT INTO veiculo (renavam, placa, ano, idCategoria, idProprietario, idModelo, idCidade, dataCompra, dataAquisicao, valor, situacao) VALUES ('86799063689', 'VOZ6368', 1973, 2, 201, 1022, 'AIP', '1973-07-15', '1973-07-15', '3045.52', 'R');
INSERT INTO veiculo (renavam, placa, ano, idCategoria, idProprietario, idModelo, idCidade, dataCompra, dataAquisicao, valor, situacao) VALUES ('87867136737', 'WVG3673', 1986, 32, 228, 2625, 'CPA', '1986-07-01', '1986-07-01', '51448.17', 'R');
INSERT INTO veiculo (renavam, placa, ano, idCategoria, idProprietario, idModelo, idCidade, dataCompra, dataAquisicao, valor, situacao) VALUES ('73666916492', 'IBE1649', 1975, 20, 642, 2879, 'GFF', '1975-07-01', '1975-07-01', '60114.93', 'R');
INSERT INTO veiculo (renavam, placa, ano, idCategoria, idProprietario, idModelo, idCidade, dataCompra, dataAquisicao, valor, situacao) VALUES ('83718372118', 'SGS7211', 2018, 16, 136, 1063, 'SOS', '2018-01-27', '2018-01-27', '99088.13', 'R');
INSERT INTO veiculo (renavam, placa, ano, idCategoria, idProprietario, idModelo, idCidade, dataCompra, dataAquisicao, valor, situacao) VALUES ('79808009251', 'OPP0925', 2015, 18, 245, 2423, 'MPC', '2015-02-02', '2015-02-02', '62016.23', 'R');
INSERT INTO veiculo (renavam, placa, ano, idCategoria, idProprietario, idModelo, idCidade, dataCompra, dataAquisicao, valor, situacao) VALUES ('90818313663', 'ZQS1366', 1980, 21, 396, 3153, 'AZP', '1980-02-04', '1980-02-04', '27431.21', 'R');
INSERT INTO veiculo (renavam, placa, ano, idCategoria, idProprietario, idModelo, idCidade, dataCompra, dataAquisicao, valor, situacao) VALUES ('70657700208', 'FAM0020', 1971, 8, 411, 2355, 'MGG', '1971-03-28', '1971-03-28', '15809.82', 'R');
INSERT INTO veiculo (renavam, placa, ano, idCategoria, idProprietario, idModelo, idCidade, dataCompra, dataAquisicao, valor, situacao) VALUES ('79898222057', 'OYR2205', 1988, 24, 121, 2021, 'MPC', '1988-03-07', '1988-03-07', '32347.6', 'R');
INSERT INTO veiculo (renavam, placa, ano, idCategoria, idProprietario, idModelo, idCidade, dataCompra, dataAquisicao, valor, situacao) VALUES ('90697096497', 'ZEF9649', 2006, 28, 617, 4929, 'MAM', '2006-04-19', '2006-04-19', '84441.76', 'R');
INSERT INTO veiculo (renavam, placa, ano, idCategoria, idProprietario, idModelo, idCidade, dataCompra, dataAquisicao, valor, situacao) VALUES ('82858455808', 'RUT5580', 1998, 35, 360, 3204, 'LFG', '1998-03-08', '1998-03-08', '36948.18', 'R');
INSERT INTO veiculo (renavam, placa, ano, idCategoria, idProprietario, idModelo, idCidade, dataCompra, dataAquisicao, valor, situacao) VALUES ('65686832862', 'ADD3286', 1970, 15, 136, 1454, 'SOS', '1970-02-23', '1970-02-23', '14539.41', 'R');
INSERT INTO veiculo (renavam, placa, ano, idCategoria, idProprietario, idModelo, idCidade, dataCompra, dataAquisicao, valor, situacao) VALUES ('65817428334', 'AQJ2833', 1976, 28, 152, 2264, 'BVA', '1976-11-19', '1976-11-19', '26805.31', 'R');
INSERT INTO veiculo (renavam, placa, ano, idCategoria, idProprietario, idModelo, idCidade, dataCompra, dataAquisicao, valor, situacao) VALUES ('84909034355', 'TZZ3435', 1996, 27, 204, 379, 'PDP', '1996-06-06', '1996-06-06', '65897.92', 'R');
INSERT INTO veiculo (renavam, placa, ano, idCategoria, idProprietario, idModelo, idCidade, dataCompra, dataAquisicao, valor, situacao) VALUES ('727577011310', 'HKM0113', 1988, 21, 527, 1291, 'SGG', '1988-10-02', '1988-10-02', '70492.37', 'R');
INSERT INTO veiculo (renavam, placa, ano, idCategoria, idProprietario, idModelo, idCidade, dataCompra, dataAquisicao, valor, situacao) VALUES ('82838913428', 'RSY1342', 1977, 24, 343, 546, 'AAS', '1977-04-10', '1977-04-10', '74002.27', 'R');
INSERT INTO veiculo (renavam, placa, ano, idCategoria, idProprietario, idModelo, idCidade, dataCompra, dataAquisicao, valor, situacao) VALUES ('90788681643', 'ZNV8164', 1984, 1, 487, 1074, 'MOC', '1984-04-05', '1984-04-05', '23034.59', 'R');
INSERT INTO veiculo (renavam, placa, ano, idCategoria, idProprietario, idModelo, idCidade, dataCompra, dataAquisicao, valor, situacao) VALUES ('87868435428', 'WVT3542', 1980, 18, 393, 2765, 'NEP', '1980-07-19', '1980-07-19', '85737.43', 'R');
INSERT INTO veiculo (renavam, placa, ano, idCategoria, idProprietario, idModelo, idCidade, dataCompra, dataAquisicao, valor, situacao) VALUES ('84877989819', 'TWO8981', 2009, 13, 293, 1421, 'SDP', '2009-02-05', '2009-02-05', '80516.48', 'R');
INSERT INTO veiculo (renavam, placa, ano, idCategoria, idProprietario, idModelo, idCidade, dataCompra, dataAquisicao, valor, situacao) VALUES ('79816894676', 'OQD9467', 1986, 13, 67, 2137, 'MEO', '1986-12-30', '1986-12-30', '49486.67', 'R');
INSERT INTO veiculo (renavam, placa, ano, idCategoria, idProprietario, idModelo, idCidade, dataCompra, dataAquisicao, valor, situacao) VALUES ('73768324063', 'ILS2406', 1994, 14, 450, 2419, 'MMP', '1994-05-31', '1994-05-31', '21371.63', 'R');
INSERT INTO veiculo (renavam, placa, ano, idCategoria, idProprietario, idModelo, idCidade, dataCompra, dataAquisicao, valor, situacao) VALUES ('76808252674', 'LPR5267', 1971, 14, 373, 4976, 'CSF', '1971-05-19', '1971-05-19', '71344.52', 'R');
INSERT INTO veiculo (renavam, placa, ano, idCategoria, idProprietario, idModelo, idCidade, dataCompra, dataAquisicao, valor, situacao) VALUES ('71898251663', 'GYR5166', 1972, 23, 420, 209, 'SGG', '1972-07-19', '1972-07-19', '32855.76', 'R');
INSERT INTO veiculo (renavam, placa, ano, idCategoria, idProprietario, idModelo, idCidade, dataCompra, dataAquisicao, valor, situacao) VALUES ('668780837010', 'BWP8370', 1999, 34, 646, 2685, 'RAM', '1999-05-18', '1999-05-18', '92002.15', 'R');
INSERT INTO veiculo (renavam, placa, ano, idCategoria, idProprietario, idModelo, idCidade, dataCompra, dataAquisicao, valor, situacao) VALUES ('85727674225', 'UHL7422', 1995, 23, 92, 1266, 'CSP', '1995-11-15', '1995-11-15', '19146.7', 'R');
INSERT INTO veiculo (renavam, placa, ano, idCategoria, idProprietario, idModelo, idCidade, dataCompra, dataAquisicao, valor, situacao) VALUES ('74857656698', 'JUL5669', 2015, 21, 536, 543, 'GSS', '2015-04-17', '2015-04-17', '51112.43', 'R');
INSERT INTO veiculo (renavam, placa, ano, idCategoria, idProprietario, idModelo, idCidade, dataCompra, dataAquisicao, valor, situacao) VALUES ('86676531501', 'VCA3150', 1996, 19, 600, 2456, 'ACN', '1996-01-20', '1996-01-20', '93047.55', 'R');
INSERT INTO veiculo (renavam, placa, ano, idCategoria, idProprietario, idModelo, idCidade, dataCompra, dataAquisicao, valor, situacao) VALUES ('67857797248', 'CUM9724', 1975, 21, 245, 3181, 'MPC', '1975-10-26', '1975-10-26', '53029.61', 'R');
INSERT INTO veiculo (renavam, placa, ano, idCategoria, idProprietario, idModelo, idCidade, dataCompra, dataAquisicao, valor, situacao) VALUES ('66668539405', 'BBU3940', 1982, 10, 68, 1151, 'MMA', '1982-11-07', '1982-11-07', '7509.5', 'R');
INSERT INTO veiculo (renavam, placa, ano, idCategoria, idProprietario, idModelo, idCidade, dataCompra, dataAquisicao, valor, situacao) VALUES ('82898005056', 'RYP0505', 1980, 35, 499, 2678, 'JPS', '1980-04-18', '1980-04-18', '78834.38', 'R');
INSERT INTO veiculo (renavam, placa, ano, idCategoria, idProprietario, idModelo, idCidade, dataCompra, dataAquisicao, valor, situacao) VALUES ('718975225410', 'GYK2254', 2011, 28, 72, 1153, 'DOS', '2011-09-21', '2011-09-21', '45444.8', 'R');
INSERT INTO veiculo (renavam, placa, ano, idCategoria, idProprietario, idModelo, idCidade, dataCompra, dataAquisicao, valor, situacao) VALUES ('76906716845', 'LZC1684', 2005, 17, 236, 863, 'CRN', '2005-10-22', '2005-10-22', '15360.89', 'R');
INSERT INTO veiculo (renavam, placa, ano, idCategoria, idProprietario, idModelo, idCidade, dataCompra, dataAquisicao, valor, situacao) VALUES ('89876980681', 'YWE8068', 2013, 11, 286, 2006, 'SMP', '2013-07-28', '2013-07-28', '99143.82', 'R');
INSERT INTO veiculo (renavam, placa, ano, idCategoria, idProprietario, idModelo, idCidade, dataCompra, dataAquisicao, valor, situacao) VALUES ('76778272354', 'LMR7235', 2007, 8, 510, 781, 'MIP', '2007-11-23', '2007-11-23', '58551.64', 'R');
INSERT INTO veiculo (renavam, placa, ano, idCategoria, idProprietario, idModelo, idCidade, dataCompra, dataAquisicao, valor, situacao) VALUES ('76818375701', 'LQS7570', 1978, 18, 374, 2426, 'PIS', '1978-07-30', '1978-07-30', '95990.85', 'R');
INSERT INTO veiculo (renavam, placa, ano, idCategoria, idProprietario, idModelo, idCidade, dataCompra, dataAquisicao, valor, situacao) VALUES ('79677886041', 'OCN8604', 2011, 25, 570, 2941, 'SLA', '2011-04-01', '2011-04-01', '81472.26', 'R');
INSERT INTO veiculo (renavam, placa, ano, idCategoria, idProprietario, idModelo, idCidade, dataCompra, dataAquisicao, valor, situacao) VALUES ('848174285610', 'TQJ2856', 2014, 15, 562, 4464, 'NCG', '2014-12-21', '2014-12-21', '38018.13', 'R');
INSERT INTO veiculo (renavam, placa, ano, idCategoria, idProprietario, idModelo, idCidade, dataCompra, dataAquisicao, valor, situacao) VALUES ('81758268951', 'QKR6895', 1982, 8, 624, 4477, 'CVV', '1982-03-05', '1982-03-05', '39708.7', 'R');
INSERT INTO veiculo (renavam, placa, ano, idCategoria, idProprietario, idModelo, idCidade, dataCompra, dataAquisicao, valor, situacao) VALUES ('83666656196', 'SBB5619', 1990, 22, 299, 432, 'SDP', '1990-01-13', '1990-01-13', '45587.2', 'R');
INSERT INTO veiculo (renavam, placa, ano, idCategoria, idProprietario, idModelo, idCidade, dataCompra, dataAquisicao, valor, situacao) VALUES ('79788191424', 'ONQ9142', 2003, 31, 362, 3020, 'COM', '2003-10-04', '2003-10-04', '1249.49', 'R');
INSERT INTO veiculo (renavam, placa, ano, idCategoria, idProprietario, idModelo, idCidade, dataCompra, dataAquisicao, valor, situacao) VALUES ('78877261004', 'NWH6100', 2015, 19, 316, 121, 'PAP', '2015-06-11', '2015-06-11', '63459.15', 'R');
INSERT INTO veiculo (renavam, placa, ano, idCategoria, idProprietario, idModelo, idCidade, dataCompra, dataAquisicao, valor, situacao) VALUES ('67878017519', 'CWP1751', 1999, 27, 480, 2784, 'JSS', '1999-06-18', '1999-06-18', '68662.79', 'R');
INSERT INTO veiculo (renavam, placa, ano, idCategoria, idProprietario, idModelo, idCidade, dataCompra, dataAquisicao, valor, situacao) VALUES ('718475551010', 'GTK5510', 1986, 1, 642, 1094, 'GFF', '1986-11-06', '1986-11-06', '35481.76', 'R');
INSERT INTO veiculo (renavam, placa, ano, idCategoria, idProprietario, idModelo, idCidade, dataCompra, dataAquisicao, valor, situacao) VALUES ('73738276451', 'IIR7645', 1972, 32, 207, 1383, 'CUG', '1972-03-24', '1972-03-24', '46002.88', 'R');
INSERT INTO veiculo (renavam, placa, ano, idCategoria, idProprietario, idModelo, idCidade, dataCompra, dataAquisicao, valor, situacao) VALUES ('816879909610', 'QDO9096', 1990, 1, 124, 1194, 'MRM', '1990-12-17', '1990-12-17', '43281.13', 'R');
INSERT INTO veiculo (renavam, placa, ano, idCategoria, idProprietario, idModelo, idCidade, dataCompra, dataAquisicao, valor, situacao) VALUES ('84717211895', 'TGH1189', 2012, 17, 337, 1153, 'LFG', '2012-09-20', '2012-09-20', '20671.13', 'R');
INSERT INTO veiculo (renavam, placa, ano, idCategoria, idProprietario, idModelo, idCidade, dataCompra, dataAquisicao, valor, situacao) VALUES ('89807658814', 'YPL5881', 1976, 5, 582, 2909, 'SLG', '1976-07-25', '1976-07-25', '31186.71', 'R');
INSERT INTO veiculo (renavam, placa, ano, idCategoria, idProprietario, idModelo, idCidade, dataCompra, dataAquisicao, valor, situacao) VALUES ('79667626799', 'OBL2679', 2003, 12, 30, 807, 'OGP', '2003-10-19', '2003-10-19', '24418.53', 'R');
INSERT INTO veiculo (renavam, placa, ano, idCategoria, idProprietario, idModelo, idCidade, dataCompra, dataAquisicao, valor, situacao) VALUES ('80717132445', 'PGG3244', 1997, 7, 380, 1255, 'MSD', '1997-07-21', '1997-07-21', '15904.17', 'R');
INSERT INTO veiculo (renavam, placa, ano, idCategoria, idProprietario, idModelo, idCidade, dataCompra, dataAquisicao, valor, situacao) VALUES ('73698549703', 'IEU4970', 2017, 12, 445, 3027, 'RCM', '2017-05-04', '2017-05-04', '39002.8', 'R');
INSERT INTO veiculo (renavam, placa, ano, idCategoria, idProprietario, idModelo, idCidade, dataCompra, dataAquisicao, valor, situacao) VALUES ('74856607383', 'JUB0738', 2018, 16, 453, 2432, 'PIS', '2018-09-02', '2018-09-02', '80385.59', 'R');
INSERT INTO veiculo (renavam, placa, ano, idCategoria, idProprietario, idModelo, idCidade, dataCompra, dataAquisicao, valor, situacao) VALUES ('71848877283', 'GTX7728', 2007, 6, 535, 2594, 'SAS', '2007-12-14', '2007-12-14', '32443.73', 'R');
INSERT INTO veiculo (renavam, placa, ano, idCategoria, idProprietario, idModelo, idCidade, dataCompra, dataAquisicao, valor, situacao) VALUES ('856585291110', 'UAU2911', 2018, 13, 524, 1635, 'NDG', '2018-09-23', '2018-09-23', '70444.69', 'R');
INSERT INTO veiculo (renavam, placa, ano, idCategoria, idProprietario, idModelo, idCidade, dataCompra, dataAquisicao, valor, situacao) VALUES ('75747201309', 'KJH0130', 1977, 34, 420, 4362, 'SGG', '1977-01-17', '1977-01-17', '34274.98', 'R');
INSERT INTO veiculo (renavam, placa, ano, idCategoria, idProprietario, idModelo, idCidade, dataCompra, dataAquisicao, valor, situacao) VALUES ('73687671103', 'IDL7110', 1993, 28, 248, 2545, 'PEP', '1993-06-21', '1993-06-21', '35595.3', 'R');
INSERT INTO veiculo (renavam, placa, ano, idCategoria, idProprietario, idModelo, idCidade, dataCompra, dataAquisicao, valor, situacao) VALUES ('88898709834', 'XYW0983', 1975, 27, 572, 2823, 'SLG', '1975-04-07', '1975-04-07', '11847.31', 'R');
INSERT INTO veiculo (renavam, placa, ano, idCategoria, idProprietario, idModelo, idCidade, dataCompra, dataAquisicao, valor, situacao) VALUES ('71697448079', 'GEJ4807', 1989, 29, 555, 718, 'CMP', '1989-11-09', '1989-11-09', '72901.4', 'R');
INSERT INTO veiculo (renavam, placa, ano, idCategoria, idProprietario, idModelo, idCidade, dataCompra, dataAquisicao, valor, situacao) VALUES ('69807561549', 'EPK6154', 2015, 9, 611, 3152, 'CNA', '2015-06-30', '2015-06-30', '50207.3', 'R');
INSERT INTO veiculo (renavam, placa, ano, idCategoria, idProprietario, idModelo, idCidade, dataCompra, dataAquisicao, valor, situacao) VALUES ('83707844730', 'SFN4473', 1987, 15, 197, 2520, 'MDP', '1987-06-20', '1987-06-20', '48035.46', 'R');
INSERT INTO veiculo (renavam, placa, ano, idCategoria, idProprietario, idModelo, idCidade, dataCompra, dataAquisicao, valor, situacao) VALUES ('73827271676', 'IRH7167', 2006, 33, 632, 2830, 'POO', '2006-12-23', '2006-12-23', '19287.3', 'R');
INSERT INTO veiculo (renavam, placa, ano, idCategoria, idProprietario, idModelo, idCidade, dataCompra, dataAquisicao, valor, situacao) VALUES ('888284716010', 'XRT7160', 1996, 26, 24, 206, 'DOS', '1996-07-25', '1996-07-25', '20885.94', 'R');
INSERT INTO veiculo (renavam, placa, ano, idCategoria, idProprietario, idModelo, idCidade, dataCompra, dataAquisicao, valor, situacao) VALUES ('77877408430', 'MWJ0843', 2006, 25, 173, 3171, 'PSM', '2006-05-31', '2006-05-31', '20766.98', 'R');
INSERT INTO veiculo (renavam, placa, ano, idCategoria, idProprietario, idModelo, idCidade, dataCompra, dataAquisicao, valor, situacao) VALUES ('86878522775', 'VWU2277', 2000, 4, 203, 365, 'ASO', '2000-02-18', '2000-02-18', '50017.8', 'R');
INSERT INTO veiculo (renavam, placa, ano, idCategoria, idProprietario, idModelo, idCidade, dataCompra, dataAquisicao, valor, situacao) VALUES ('84868271021', 'TVR7102', 1973, 33, 504, 1888, 'MAG', '1973-01-31', '1973-01-31', '87682.37', 'R');
INSERT INTO veiculo (renavam, placa, ano, idCategoria, idProprietario, idModelo, idCidade, dataCompra, dataAquisicao, valor, situacao) VALUES ('85708709329', 'UFW0932', 2016, 9, 366, 2426, 'PAM', '2016-04-02', '2016-04-02', '99728.23', 'R');
INSERT INTO veiculo (renavam, placa, ano, idCategoria, idProprietario, idModelo, idCidade, dataCompra, dataAquisicao, valor, situacao) VALUES ('80748639819', 'PJV3981', 1996, 13, 621, 4380, 'RMA', '1996-01-16', '1996-01-16', '14157.19', 'R');
INSERT INTO veiculo (renavam, placa, ano, idCategoria, idProprietario, idModelo, idCidade, dataCompra, dataAquisicao, valor, situacao) VALUES ('78818345507', 'NQS4550', 2013, 17, 482, 904, 'FDG', '2013-02-07', '2013-02-07', '70318.1', 'R');
INSERT INTO veiculo (renavam, placa, ano, idCategoria, idProprietario, idModelo, idCidade, dataCompra, dataAquisicao, valor, situacao) VALUES ('81908028926', 'QZP2892', 1989, 5, 413, 682, 'GAP', '1989-04-10', '1989-04-10', '95220.3', 'R');
INSERT INTO veiculo (renavam, placa, ano, idCategoria, idProprietario, idModelo, idCidade, dataCompra, dataAquisicao, valor, situacao) VALUES ('67656594404', 'CAA9440', 1976, 30, 606, 612, 'FRP', '1976-12-03', '1976-12-03', '51044.84', 'R');
INSERT INTO veiculo (renavam, placa, ano, idCategoria, idProprietario, idModelo, idCidade, dataCompra, dataAquisicao, valor, situacao) VALUES ('89667763130', 'YBM6313', 1995, 9, 583, 1248, 'AAP', '1995-12-08', '1995-12-08', '2223.14', 'R');
INSERT INTO veiculo (renavam, placa, ano, idCategoria, idProprietario, idModelo, idCidade, dataCompra, dataAquisicao, valor, situacao) VALUES ('65846829392', 'ATD2939', 1977, 2, 610, 2853, 'SLC', '1977-04-22', '1977-04-22', '92597.78', 'R');
INSERT INTO veiculo (renavam, placa, ano, idCategoria, idProprietario, idModelo, idCidade, dataCompra, dataAquisicao, valor, situacao) VALUES ('90698603651', 'ZEV0365', 1995, 11, 617, 2995, 'MAM', '1995-01-16', '1995-01-16', '41823.82', 'R');
INSERT INTO veiculo (renavam, placa, ano, idCategoria, idProprietario, idModelo, idCidade, dataCompra, dataAquisicao, valor, situacao) VALUES ('69856991268', 'EUE9126', 2012, 28, 509, 942, 'CEG', '2012-03-21', '2012-03-21', '52313.82', 'R');
INSERT INTO veiculo (renavam, placa, ano, idCategoria, idProprietario, idModelo, idCidade, dataCompra, dataAquisicao, valor, situacao) VALUES ('668765855210', 'BWA8552', 1979, 24, 409, 2359, 'PPV', '1979-07-06', '1979-07-06', '21079.46', 'R');
INSERT INTO veiculo (renavam, placa, ano, idCategoria, idProprietario, idModelo, idCidade, dataCompra, dataAquisicao, valor, situacao) VALUES ('80788242170', 'PNR4217', 1997, 35, 631, 723, 'BAA', '1997-09-26', '1997-09-26', '599.76', 'R');
INSERT INTO veiculo (renavam, placa, ano, idCategoria, idProprietario, idModelo, idCidade, dataCompra, dataAquisicao, valor, situacao) VALUES ('78848530167', 'NTU3016', 1985, 16, 267, 1633, 'MOS', '1985-01-20', '1985-01-20', '33987.19', 'R');
INSERT INTO veiculo (renavam, placa, ano, idCategoria, idProprietario, idModelo, idCidade, dataCompra, dataAquisicao, valor, situacao) VALUES ('77846512252', 'MTA1225', 2006, 16, 514, 4375, 'PES', '2006-03-10', '2006-03-10', '11020.4', 'R');
INSERT INTO veiculo (renavam, placa, ano, idCategoria, idProprietario, idModelo, idCidade, dataCompra, dataAquisicao, valor, situacao) VALUES ('77857234879', 'MUH3487', 1992, 6, 421, 4936, 'MEA', '1992-04-26', '1992-04-26', '84362.1', 'R');
INSERT INTO veiculo (renavam, placa, ano, idCategoria, idProprietario, idModelo, idCidade, dataCompra, dataAquisicao, valor, situacao) VALUES ('82828311875', 'RRS1187', 1980, 21, 621, 3135, 'RMA', '1980-11-06', '1980-11-06', '28786.67', 'R');
INSERT INTO veiculo (renavam, placa, ano, idCategoria, idProprietario, idModelo, idCidade, dataCompra, dataAquisicao, valor, situacao) VALUES ('658665382710', 'AVA3827', 1985, 30, 169, 2684, 'RVC', '1985-02-09', '1985-02-09', '63267.65', 'R');
INSERT INTO veiculo (renavam, placa, ano, idCategoria, idProprietario, idModelo, idCidade, dataCompra, dataAquisicao, valor, situacao) VALUES ('76708207464', 'LFR0746', 1990, 25, 553, 2826, 'RCG', '1990-08-30', '1990-08-30', '83438.55', 'R');
INSERT INTO veiculo (renavam, placa, ano, idCategoria, idProprietario, idModelo, idCidade, dataCompra, dataAquisicao, valor, situacao) VALUES ('76837984211', 'LSO8421', 1995, 23, 19, 469, 'AZP', '1995-02-02', '1995-02-02', '6418.9', 'R');
INSERT INTO veiculo (renavam, placa, ano, idCategoria, idProprietario, idModelo, idCidade, dataCompra, dataAquisicao, valor, situacao) VALUES ('74887069774', 'JXF6977', 1982, 22, 578, 1160, 'ASG', '1982-05-15', '1982-05-15', '69759.7', 'R');
INSERT INTO veiculo (renavam, placa, ano, idCategoria, idProprietario, idModelo, idCidade, dataCompra, dataAquisicao, valor, situacao) VALUES ('75767281154', 'KLH8115', 2002, 26, 81, 1991, 'JIP', '2002-07-30', '2002-07-30', '315.61', 'R');
INSERT INTO veiculo (renavam, placa, ano, idCategoria, idProprietario, idModelo, idCidade, dataCompra, dataAquisicao, valor, situacao) VALUES ('65776647827', 'AMB4782', 1982, 26, 346, 4928, 'PPV', '1982-03-04', '1982-03-04', '4030.2', 'R');
INSERT INTO veiculo (renavam, placa, ano, idCategoria, idProprietario, idModelo, idCidade, dataCompra, dataAquisicao, valor, situacao) VALUES ('69818698664', 'EQV9866', 1997, 34, 183, 625, 'TDV', '1997-03-16', '1997-03-16', '59126.78', 'R');
INSERT INTO veiculo (renavam, placa, ano, idCategoria, idProprietario, idModelo, idCidade, dataCompra, dataAquisicao, valor, situacao) VALUES ('66826547055', 'BRA4705', 1999, 5, 394, 2990, 'AND', '1999-04-01', '1999-04-01', '27364.53', 'R');
INSERT INTO veiculo (renavam, placa, ano, idCategoria, idProprietario, idModelo, idCidade, dataCompra, dataAquisicao, valor, situacao) VALUES ('81728877968', 'QHX7796', 1982, 15, 187, 2625, 'RNN', '1982-05-02', '1982-05-02', '49465.95', 'R');
INSERT INTO veiculo (renavam, placa, ano, idCategoria, idProprietario, idModelo, idCidade, dataCompra, dataAquisicao, valor, situacao) VALUES ('837785041010', 'SMU0410', 1972, 8, 378, 2527, 'DOG', '1972-05-27', '1972-05-27', '17818.86', 'R');
INSERT INTO veiculo (renavam, placa, ano, idCategoria, idProprietario, idModelo, idCidade, dataCompra, dataAquisicao, valor, situacao) VALUES ('90896864443', 'ZYD6444', 1982, 9, 484, 2264, 'JSS', '1982-08-10', '1982-08-10', '45411.84', 'R');
INSERT INTO veiculo (renavam, placa, ano, idCategoria, idProprietario, idModelo, idCidade, dataCompra, dataAquisicao, valor, situacao) VALUES ('70698903472', 'FEY0347', 1985, 26, 131, 2693, 'LAP', '1985-11-20', '1985-11-20', '80977.46', 'R');
INSERT INTO veiculo (renavam, placa, ano, idCategoria, idProprietario, idModelo, idCidade, dataCompra, dataAquisicao, valor, situacao) VALUES ('80658862241', 'PAX6224', 1970, 8, 497, 2171, 'ANG', '1970-08-17', '1970-08-17', '10300.85', 'R');
INSERT INTO veiculo (renavam, placa, ano, idCategoria, idProprietario, idModelo, idCidade, dataCompra, dataAquisicao, valor, situacao) VALUES ('73906964097', 'IZE6409', 1983, 27, 562, 3193, 'NCG', '1983-07-22', '1983-07-22', '98819.84', 'R');
INSERT INTO veiculo (renavam, placa, ano, idCategoria, idProprietario, idModelo, idCidade, dataCompra, dataAquisicao, valor, situacao) VALUES ('82777305903', 'RMI0590', 2003, 12, 43, 4393, 'FNP', '2003-10-21', '2003-10-21', '47831.89', 'R');
INSERT INTO veiculo (renavam, placa, ano, idCategoria, idProprietario, idModelo, idCidade, dataCompra, dataAquisicao, valor, situacao) VALUES ('70786784858', 'FNC8485', 2012, 34, 207, 2852, 'CUG', '2012-08-24', '2012-08-24', '90598.57', 'R');
INSERT INTO veiculo (renavam, placa, ano, idCategoria, idProprietario, idModelo, idCidade, dataCompra, dataAquisicao, valor, situacao) VALUES ('68806966245', 'DPE6624', 1987, 34, 270, 2179, 'RRG', '1987-05-12', '1987-05-12', '59271.64', 'R');
INSERT INTO veiculo (renavam, placa, ano, idCategoria, idProprietario, idModelo, idCidade, dataCompra, dataAquisicao, valor, situacao) VALUES ('87827627527', 'WRL2752', 1974, 28, 186, 4978, 'FDG', '1974-01-17', '1974-01-17', '6626.82', 'R');
INSERT INTO veiculo (renavam, placa, ano, idCategoria, idProprietario, idModelo, idCidade, dataCompra, dataAquisicao, valor, situacao) VALUES ('78668801383', 'NBX0138', 1993, 35, 397, 4957, 'POD', '1993-03-20', '1993-03-20', '1313.24', 'R');
INSERT INTO veiculo (renavam, placa, ano, idCategoria, idProprietario, idModelo, idCidade, dataCompra, dataAquisicao, valor, situacao) VALUES ('67677975792', 'CCO7579', 2011, 33, 335, 2673, 'MEA', '2011-08-09', '2011-08-09', '41399.8', 'R');
INSERT INTO veiculo (renavam, placa, ano, idCategoria, idProprietario, idModelo, idCidade, dataCompra, dataAquisicao, valor, situacao) VALUES ('67737066947', 'CIF6694', 1998, 30, 631, 3180, 'BAA', '1998-12-10', '1998-12-10', '53644.55', 'R');
INSERT INTO veiculo (renavam, placa, ano, idCategoria, idProprietario, idModelo, idCidade, dataCompra, dataAquisicao, valor, situacao) VALUES ('72867923250', 'HVO2325', 1978, 10, 114, 1846, 'CPF', '1978-02-10', '1978-02-10', '8789.95', 'R');
INSERT INTO veiculo (renavam, placa, ano, idCategoria, idProprietario, idModelo, idCidade, dataCompra, dataAquisicao, valor, situacao) VALUES ('75818526337', 'KQU2633', 1983, 11, 560, 1784, 'FSV', '1983-04-24', '1983-04-24', '76287.26', 'R');
INSERT INTO veiculo (renavam, placa, ano, idCategoria, idProprietario, idModelo, idCidade, dataCompra, dataAquisicao, valor, situacao) VALUES ('71768655608', 'GLV5560', 2011, 28, 260, 148, 'CVV', '2011-01-24', '2011-01-24', '46884.81', 'R');
INSERT INTO veiculo (renavam, placa, ano, idCategoria, idProprietario, idModelo, idCidade, dataCompra, dataAquisicao, valor, situacao) VALUES ('76776550101', 'LMA5010', 1990, 8, 330, 2207, 'VRP', '1990-04-13', '1990-04-13', '75118.65', 'R');
INSERT INTO veiculo (renavam, placa, ano, idCategoria, idProprietario, idModelo, idCidade, dataCompra, dataAquisicao, valor, situacao) VALUES ('697474184610', 'EJJ1846', 2010, 20, 511, 2118, 'ROS', '2010-11-30', '2010-11-30', '51230.84', 'R');
INSERT INTO veiculo (renavam, placa, ano, idCategoria, idProprietario, idModelo, idCidade, dataCompra, dataAquisicao, valor, situacao) VALUES ('75856524192', 'KUA2419', 1972, 11, 621, 2112, 'RMA', '1972-01-25', '1972-01-25', '96035.26', 'R');
INSERT INTO veiculo (renavam, placa, ano, idCategoria, idProprietario, idModelo, idCidade, dataCompra, dataAquisicao, valor, situacao) VALUES ('71827930096', 'GRO3009', 2008, 5, 396, 2858, 'AZP', '2008-09-14', '2008-09-14', '92447.1', 'R');
INSERT INTO veiculo (renavam, placa, ano, idCategoria, idProprietario, idModelo, idCidade, dataCompra, dataAquisicao, valor, situacao) VALUES ('74858949087', 'JUY4908', 1982, 28, 22, 2679, 'SNG', '1982-05-14', '1982-05-14', '62251.7', 'R');
INSERT INTO veiculo (renavam, placa, ano, idCategoria, idProprietario, idModelo, idCidade, dataCompra, dataAquisicao, valor, situacao) VALUES ('84667791214', 'TBM9121', 2004, 28, 184, 2514, 'VSN', '2004-07-14', '2004-07-14', '10.46', 'R');
INSERT INTO veiculo (renavam, placa, ano, idCategoria, idProprietario, idModelo, idCidade, dataCompra, dataAquisicao, valor, situacao) VALUES ('78857266248', 'NUH6624', 2018, 26, 635, 1886, 'DEG', '2018-10-24', '2018-10-24', '56761.91', 'R');
INSERT INTO veiculo (renavam, placa, ano, idCategoria, idProprietario, idModelo, idCidade, dataCompra, dataAquisicao, valor, situacao) VALUES ('87688992426', 'WDY9242', 1998, 12, 231, 2340, 'FNM', '1998-10-15', '1998-10-15', '3651.37', 'R');
INSERT INTO veiculo (renavam, placa, ano, idCategoria, idProprietario, idModelo, idCidade, dataCompra, dataAquisicao, valor, situacao) VALUES ('77658962475', 'MAY6247', 1975, 35, 305, 707, 'CSC', '1975-01-01', '1975-01-01', '81114.97', 'R');
INSERT INTO veiculo (renavam, placa, ano, idCategoria, idProprietario, idModelo, idCidade, dataCompra, dataAquisicao, valor, situacao) VALUES ('65858760856', 'AUW6085', 1998, 17, 445, 2114, 'RCM', '1998-07-30', '1998-07-30', '44841.21', 'R');
INSERT INTO veiculo (renavam, placa, ano, idCategoria, idProprietario, idModelo, idCidade, dataCompra, dataAquisicao, valor, situacao) VALUES ('77808789617', 'MPW8961', 2018, 13, 320, 815, 'FPC', '2018-01-20', '2018-01-20', '22117.37', 'R');
INSERT INTO veiculo (renavam, placa, ano, idCategoria, idProprietario, idModelo, idCidade, dataCompra, dataAquisicao, valor, situacao) VALUES ('66746501172', 'BJA0117', 1998, 10, 44, 2714, 'FPC', '1998-06-24', '1998-06-24', '95153.4', 'R');
INSERT INTO veiculo (renavam, placa, ano, idCategoria, idProprietario, idModelo, idCidade, dataCompra, dataAquisicao, valor, situacao) VALUES ('89668760852', 'YBW6085', 1996, 9, 302, 369, 'RMA', '1996-04-27', '1996-04-27', '83808.85', 'R');
INSERT INTO veiculo (renavam, placa, ano, idCategoria, idProprietario, idModelo, idCidade, dataCompra, dataAquisicao, valor, situacao) VALUES ('84768784450', 'TLW8445', 1999, 18, 606, 2104, 'FRP', '1999-03-18', '1999-03-18', '44654.81', 'R');
INSERT INTO veiculo (renavam, placa, ano, idCategoria, idProprietario, idModelo, idCidade, dataCompra, dataAquisicao, valor, situacao) VALUES ('83668453993', 'SBT5399', 1994, 26, 525, 2200, 'JSP', '1994-03-25', '1994-03-25', '43372.11', 'R');
INSERT INTO veiculo (renavam, placa, ano, idCategoria, idProprietario, idModelo, idCidade, dataCompra, dataAquisicao, valor, situacao) VALUES ('78659040146', 'NAZ4014', 1974, 21, 300, 2946, 'CPF', '1974-05-16', '1974-05-16', '20235.22', 'R');
INSERT INTO veiculo (renavam, placa, ano, idCategoria, idProprietario, idModelo, idCidade, dataCompra, dataAquisicao, valor, situacao) VALUES ('846566479410', 'TAB4794', 2000, 3, 251, 2456, 'NMP', '2000-09-01', '2000-09-01', '66531.1', 'R');
INSERT INTO veiculo (renavam, placa, ano, idCategoria, idProprietario, idModelo, idCidade, dataCompra, dataAquisicao, valor, situacao) VALUES ('84727991753', 'THO9175', 1980, 16, 22, 580, 'SNG', '1980-09-19', '1980-09-19', '24163.74', 'R');
INSERT INTO veiculo (renavam, placa, ano, idCategoria, idProprietario, idModelo, idCidade, dataCompra, dataAquisicao, valor, situacao) VALUES ('826685058810', 'RBU0588', 1988, 17, 640, 360, 'MTM', '1988-08-14', '1988-08-14', '54319.3', 'R');
