INSERT INTO estado (uf, nome) VALUES ('AC', 'Acre');
INSERT INTO estado (uf, nome) VALUES ('AL', 'Alagoas');
INSERT INTO estado (uf, nome) VALUES ('AM', 'Amazonas');
INSERT INTO estado (uf, nome) VALUES ('AP', 'Amapá');
INSERT INTO estado (uf, nome) VALUES ('BA', 'Bahia');
INSERT INTO estado (uf, nome) VALUES ('CE', 'Ceará');
INSERT INTO estado (uf, nome) VALUES ('DF', 'Distrito Federal');
INSERT INTO estado (uf, nome) VALUES ('ES', 'Espírito Santo');
INSERT INTO estado (uf, nome) VALUES ('GO', 'Goiás');
INSERT INTO estado (uf, nome) VALUES ('MA', 'Maranhão');
INSERT INTO estado (uf, nome) VALUES ('MG', 'Minas Gerais');
INSERT INTO estado (uf, nome) VALUES ('MS', 'Mato Grosso do Sul');
INSERT INTO estado (uf, nome) VALUES ('MT', 'Mato Grosso');
INSERT INTO estado (uf, nome) VALUES ('PA', 'Pará');
INSERT INTO estado (uf, nome) VALUES ('PB', 'Paraíba');
INSERT INTO estado (uf, nome) VALUES ('PE', 'Pernambuco');
INSERT INTO estado (uf, nome) VALUES ('PI', 'Piauí');
INSERT INTO estado (uf, nome) VALUES ('PR', 'Paraná');
INSERT INTO estado (uf, nome) VALUES ('RJ', 'Rio de Janeiro');
INSERT INTO estado (uf, nome) VALUES ('RN', 'Rio Grande do Norte');
INSERT INTO estado (uf, nome) VALUES ('RO', 'Rondônia');
INSERT INTO estado (uf, nome) VALUES ('RR', 'Roraima');
INSERT INTO estado (uf, nome) VALUES ('RS', 'Rio Grande do Sul');
INSERT INTO estado (uf, nome) VALUES ('SC', 'Santa Catarina');
INSERT INTO estado (uf, nome) VALUES ('SE', 'Sergipe');
INSERT INTO estado (uf, nome) VALUES ('SP', 'São Paulo');
INSERT INTO estado (uf, nome) VALUES ('TO', 'Tocantins');
INSERT INTO cidade (idCidade, nome, uf) VALUES ('SEM', 'Silveira de Minas', 'AC');
INSERT INTO cidade (idCidade, nome, uf) VALUES ('CMM', 'Costa da Mata da Mata', 'AC');
INSERT INTO cidade (idCidade, nome, uf) VALUES ('MMA', 'Melo da Mata Alegre', 'AC');
INSERT INTO cidade (idCidade, nome, uf) VALUES ('FEA', 'Fernandes do Amparo', 'AC');
INSERT INTO cidade (idCidade, nome, uf) VALUES ('RRO', 'Rocha do Oeste', 'AC');
INSERT INTO cidade (idCidade, nome, uf) VALUES ('RPO', 'Ramos da Praia do Oeste', 'AL');
INSERT INTO cidade (idCidade, nome, uf) VALUES ('AGO', 'Azevedo de Gomes do Oeste', 'AL');
INSERT INTO cidade (idCidade, nome, uf) VALUES ('CMA', 'Campos do Amparo', 'AL');
INSERT INTO cidade (idCidade, nome, uf) VALUES ('NPD', 'Nogueira da Praia dos Dourados', 'AL');
INSERT INTO cidade (idCidade, nome, uf) VALUES ('APG', 'Azevedo da Praia de Goiás', 'AL');
INSERT INTO cidade (idCidade, nome, uf) VALUES ('CMG', 'Caldeira da Mata de Goiás', 'AL');
INSERT INTO cidade (idCidade, nome, uf) VALUES ('NAC', 'Nunes Alegre do Campo', 'AL');
INSERT INTO cidade (idCidade, nome, uf) VALUES ('CFA', 'Cunha de Fogaça do Amparo', 'AL');
INSERT INTO cidade (idCidade, nome, uf) VALUES ('CEF', 'Cunha das Flores', 'AL');
INSERT INTO cidade (idCidade, nome, uf) VALUES ('CAP', 'Cunha da Praia', 'AL');
INSERT INTO cidade (idCidade, nome, uf) VALUES ('DMG', 'Duarte da Mata do Galho', 'AL');
INSERT INTO cidade (idCidade, nome, uf) VALUES ('RRD', 'Rocha dos Dourados', 'AL');
INSERT INTO cidade (idCidade, nome, uf) VALUES ('MGS', 'Monteiro Grande do Sul', 'AL');
INSERT INTO cidade (idCidade, nome, uf) VALUES ('MSM', 'Mendes do Sul de Minas', 'AL');
INSERT INTO cidade (idCidade, nome, uf) VALUES ('RIG', 'Rezende de Goiás', 'AL');
INSERT INTO cidade (idCidade, nome, uf) VALUES ('PCS', 'Pires de da Conceição da Serra', 'AM');
INSERT INTO cidade (idCidade, nome, uf) VALUES ('GCN', 'Gomes de Cunha do Norte', 'AM');
INSERT INTO cidade (idCidade, nome, uf) VALUES ('FSA', 'Farias de Silveira do Amparo', 'AM');
INSERT INTO cidade (idCidade, nome, uf) VALUES ('MAG', 'Moreira do Galho', 'AM');
INSERT INTO cidade (idCidade, nome, uf) VALUES ('CPA', 'Cruz Paulista do Amparo', 'AM');
INSERT INTO cidade (idCidade, nome, uf) VALUES ('PSS', 'Porto do Sul da Serra', 'AM');
INSERT INTO cidade (idCidade, nome, uf) VALUES ('FFG', 'Fernandes do Galho', 'AM');
INSERT INTO cidade (idCidade, nome, uf) VALUES ('SMD', 'Souza de da Mota dos Dourados', 'AM');
INSERT INTO cidade (idCidade, nome, uf) VALUES ('MMN', 'Melo do Norte', 'AM');
INSERT INTO cidade (idCidade, nome, uf) VALUES ('MMG', 'Moura do Galho', 'AM');
INSERT INTO cidade (idCidade, nome, uf) VALUES ('RCV', 'Rosa de Costela Verde', 'AM');
INSERT INTO cidade (idCidade, nome, uf) VALUES ('ADG', 'Azevedo do Galho', 'AM');
INSERT INTO cidade (idCidade, nome, uf) VALUES ('CRP', 'Cunha das Pedras', 'AM');
INSERT INTO cidade (idCidade, nome, uf) VALUES ('NOG', 'Novaes do Galho', 'AM');
INSERT INTO cidade (idCidade, nome, uf) VALUES ('NFA', 'Nogueira das Flores do Amparo', 'AM');
INSERT INTO cidade (idCidade, nome, uf) VALUES ('LEM', 'Lopes de Minas', 'AM');
INSERT INTO cidade (idCidade, nome, uf) VALUES ('FEV', 'Fernandes Verde', 'AM');
INSERT INTO cidade (idCidade, nome, uf) VALUES ('REV', 'Rezende Verde', 'AM');
INSERT INTO cidade (idCidade, nome, uf) VALUES ('ASP', 'Almeida da Serra Paulista', 'AM');
INSERT INTO cidade (idCidade, nome, uf) VALUES ('CDG', 'Cavalcanti do Galho', 'AM');
INSERT INTO cidade (idCidade, nome, uf) VALUES ('MLS', 'Moreira do Sul', 'AP');
INSERT INTO cidade (idCidade, nome, uf) VALUES ('COA', 'Castro de Oliveira Alegre', 'AP');
INSERT INTO cidade (idCidade, nome, uf) VALUES ('COD', 'Costa dos Dourados', 'AP');
INSERT INTO cidade (idCidade, nome, uf) VALUES ('MMC', 'Melo do Campo', 'AP');
INSERT INTO cidade (idCidade, nome, uf) VALUES ('PDS', 'Porto do Sul', 'AP');
INSERT INTO cidade (idCidade, nome, uf) VALUES ('NCP', 'Neves do Campo Paulista', 'AP');
INSERT INTO cidade (idCidade, nome, uf) VALUES ('SIG', 'Silva de Goiás', 'AP');
INSERT INTO cidade (idCidade, nome, uf) VALUES ('OGP', 'Oliveira do Galho Paulista', 'AP');
INSERT INTO cidade (idCidade, nome, uf) VALUES ('VDS', 'Viana dos Dourados do Sul', 'AP');
INSERT INTO cidade (idCidade, nome, uf) VALUES ('BOM', 'Barros de Minas', 'AP');
INSERT INTO cidade (idCidade, nome, uf) VALUES ('MNA', 'Moura de das Neves do Amparo', 'AP');
INSERT INTO cidade (idCidade, nome, uf) VALUES ('CSP', 'Cardoso de Silva da Prata', 'AP');
INSERT INTO cidade (idCidade, nome, uf) VALUES ('CPP', 'Castro da Praia', 'AP');
INSERT INTO cidade (idCidade, nome, uf) VALUES ('NSM', 'Neves de Minas', 'AP');
INSERT INTO cidade (idCidade, nome, uf) VALUES ('COP', 'Cavalcanti do Oeste Paulista', 'AP');
INSERT INTO cidade (idCidade, nome, uf) VALUES ('FPC', 'Farias Paulista do Campo', 'AP');
INSERT INTO cidade (idCidade, nome, uf) VALUES ('PEG', 'Pires de Goiás', 'AP');
INSERT INTO cidade (idCidade, nome, uf) VALUES ('MGC', 'Moraes Grande do Campo', 'AP');
INSERT INTO cidade (idCidade, nome, uf) VALUES ('MFM', 'Monteiro das Flores da Mata', 'AP');
INSERT INTO cidade (idCidade, nome, uf) VALUES ('PRP', 'Porto das Pedras', 'AP');
INSERT INTO cidade (idCidade, nome, uf) VALUES ('NRV', 'Nunes de Rezende Verde', 'AP');
INSERT INTO cidade (idCidade, nome, uf) VALUES ('CGA', 'Cunha Grande Alegre', 'AP');
INSERT INTO cidade (idCidade, nome, uf) VALUES ('CMS', 'Costela de Monteiro da Serra', 'AP');
INSERT INTO cidade (idCidade, nome, uf) VALUES ('RVO', 'Rocha Verde do Oeste', 'AP');
INSERT INTO cidade (idCidade, nome, uf) VALUES ('MDC', 'Melo do Campo', 'AP');
INSERT INTO cidade (idCidade, nome, uf) VALUES ('NSN', 'Nunes da Serra do Norte', 'AP');
INSERT INTO cidade (idCidade, nome, uf) VALUES ('CDM', 'Costa dos Dourados de Minas', 'BA');
INSERT INTO cidade (idCidade, nome, uf) VALUES ('PPM', 'Pires das Pedras de Minas', 'BA');
INSERT INTO cidade (idCidade, nome, uf) VALUES ('PAM', 'Pereira da Mata', 'BA');
INSERT INTO cidade (idCidade, nome, uf) VALUES ('RGS', 'Rezende Grande do Sul', 'BA');
INSERT INTO cidade (idCidade, nome, uf) VALUES ('RGM', 'Rocha de Goiás da Mata', 'BA');
INSERT INTO cidade (idCidade, nome, uf) VALUES ('CDP', 'Correia da Praia', 'BA');
INSERT INTO cidade (idCidade, nome, uf) VALUES ('MBF', 'Mendes de Barbosa das Flores', 'BA');
INSERT INTO cidade (idCidade, nome, uf) VALUES ('FAS', 'Fogaça do Sul', 'BA');
INSERT INTO cidade (idCidade, nome, uf) VALUES ('VAN', 'Viana do Norte', 'BA');
INSERT INTO cidade (idCidade, nome, uf) VALUES ('FRM', 'Farias de Minas', 'BA');
INSERT INTO cidade (idCidade, nome, uf) VALUES ('BAO', 'Barros do Oeste', 'BA');
INSERT INTO cidade (idCidade, nome, uf) VALUES ('AGM', 'Azevedo de Goiás de Minas', 'BA');
INSERT INTO cidade (idCidade, nome, uf) VALUES ('MUS', 'Martins do Sul', 'BA');
INSERT INTO cidade (idCidade, nome, uf) VALUES ('CUP', 'Cunha da Praia', 'BA');
INSERT INTO cidade (idCidade, nome, uf) VALUES ('MRS', 'Moreira da Serra', 'BA');
INSERT INTO cidade (idCidade, nome, uf) VALUES ('NFP', 'Nogueira das Flores da Prata', 'BA');
INSERT INTO cidade (idCidade, nome, uf) VALUES ('MSP', 'Moraes das Pedras', 'BA');
INSERT INTO cidade (idCidade, nome, uf) VALUES ('CVV', 'Cavalcanti Verde Verde', 'BA');
INSERT INTO cidade (idCidade, nome, uf) VALUES ('RPP', 'Ribeiro das Pedras da Praia', 'BA');
INSERT INTO cidade (idCidade, nome, uf) VALUES ('NPO', 'Neves Paulista do Oeste', 'BA');
INSERT INTO cidade (idCidade, nome, uf) VALUES ('SDM', 'Souza de Minas', 'BA');
INSERT INTO cidade (idCidade, nome, uf) VALUES ('FEM', 'Fernandes da Mata', 'BA');
INSERT INTO cidade (idCidade, nome, uf) VALUES ('FMG', 'Ferreira de da Mota de Goiás', 'CE');
INSERT INTO cidade (idCidade, nome, uf) VALUES ('FFS', 'Freitas do Sul', 'CE');
INSERT INTO cidade (idCidade, nome, uf) VALUES ('NAG', 'Nogueira do Galho', 'CE');
INSERT INTO cidade (idCidade, nome, uf) VALUES ('RSS', 'Rocha da Serra da Serra', 'CE');
INSERT INTO cidade (idCidade, nome, uf) VALUES ('AVG', 'Araújo de Vieira do Galho', 'DF');
INSERT INTO cidade (idCidade, nome, uf) VALUES ('FGP', 'Fernandes do Galho das Pedras', 'DF');
INSERT INTO cidade (idCidade, nome, uf) VALUES ('NLS', 'Nogueira do Sul', 'DF');
INSERT INTO cidade (idCidade, nome, uf) VALUES ('AUS', 'Azevedo do Sul', 'DF');
INSERT INTO cidade (idCidade, nome, uf) VALUES ('CRA', 'Carvalho do Amparo', 'DF');
INSERT INTO cidade (idCidade, nome, uf) VALUES ('CSS', 'Cardoso do Sul da Serra', 'DF');
INSERT INTO cidade (idCidade, nome, uf) VALUES ('APM', 'Almeida das Pedras de Minas', 'DF');
INSERT INTO cidade (idCidade, nome, uf) VALUES ('MGG', 'Moraes de Goiás', 'DF');
INSERT INTO cidade (idCidade, nome, uf) VALUES ('FPA', 'Fogaça da Praia Alegre', 'DF');
INSERT INTO cidade (idCidade, nome, uf) VALUES ('CSF', 'Campos das Flores', 'DF');
INSERT INTO cidade (idCidade, nome, uf) VALUES ('JPN', 'Jesus das Pedras do Norte', 'DF');
INSERT INTO cidade (idCidade, nome, uf) VALUES ('RIM', 'Rosa de Minas', 'DF');
INSERT INTO cidade (idCidade, nome, uf) VALUES ('RAM', 'Rosa de Minas', 'DF');
INSERT INTO cidade (idCidade, nome, uf) VALUES ('SMV', 'Souza de Moreira Verde', 'DF');
INSERT INTO cidade (idCidade, nome, uf) VALUES ('ACA', 'Almeida do Campo Alegre', 'DF');
INSERT INTO cidade (idCidade, nome, uf) VALUES ('PMP', 'Paz de Minas da Praia', 'DF');
INSERT INTO cidade (idCidade, nome, uf) VALUES ('FFP', 'Fogaça das Flores da Praia', 'DF');
INSERT INTO cidade (idCidade, nome, uf) VALUES ('PMC', 'Paz de Minas do Campo', 'DF');
INSERT INTO cidade (idCidade, nome, uf) VALUES ('FNM', 'Freitas do Norte de Minas', 'DF');
INSERT INTO cidade (idCidade, nome, uf) VALUES ('MCM', 'Monteiro do Campo de Minas', 'DF');
INSERT INTO cidade (idCidade, nome, uf) VALUES ('CAG', 'Costela Grande', 'DF');
INSERT INTO cidade (idCidade, nome, uf) VALUES ('CAV', 'Costa Verde', 'DF');
INSERT INTO cidade (idCidade, nome, uf) VALUES ('RIP', 'Ribeiro das Pedras', 'DF');
INSERT INTO cidade (idCidade, nome, uf) VALUES ('LRP', 'Luz da Prata', 'ES');
INSERT INTO cidade (idCidade, nome, uf) VALUES ('POC', 'Peixoto do Oeste do Campo', 'ES');
INSERT INTO cidade (idCidade, nome, uf) VALUES ('AMM', 'Aragão da Mata da Mata', 'ES');
INSERT INTO cidade (idCidade, nome, uf) VALUES ('PMS', 'Pires da Mata do Sul', 'ES');
INSERT INTO cidade (idCidade, nome, uf) VALUES ('PMM', 'Peixoto da Mata', 'ES');
INSERT INTO cidade (idCidade, nome, uf) VALUES ('MOG', 'Melo Grande', 'ES');
INSERT INTO cidade (idCidade, nome, uf) VALUES ('CPM', 'Correia das Pedras da Mata', 'ES');
INSERT INTO cidade (idCidade, nome, uf) VALUES ('MAN', 'Monteiro do Amparo do Norte', 'GO');
INSERT INTO cidade (idCidade, nome, uf) VALUES ('SRV', 'Silveira Verde', 'GO');
INSERT INTO cidade (idCidade, nome, uf) VALUES ('CNN', 'Caldeira do Norte do Norte', 'GO');
INSERT INTO cidade (idCidade, nome, uf) VALUES ('AGN', 'Aragão do Galho do Norte', 'GO');
INSERT INTO cidade (idCidade, nome, uf) VALUES ('FMN', 'Ferreira da Mata do Norte', 'GO');
INSERT INTO cidade (idCidade, nome, uf) VALUES ('OIV', 'Oliveira Verde', 'GO');
INSERT INTO cidade (idCidade, nome, uf) VALUES ('DRD', 'Duarte dos Dourados', 'GO');
INSERT INTO cidade (idCidade, nome, uf) VALUES ('TGG', 'Teixeira do Galho', 'GO');
INSERT INTO cidade (idCidade, nome, uf) VALUES ('RDD', 'Rezende dos Dourados', 'GO');
INSERT INTO cidade (idCidade, nome, uf) VALUES ('RMP', 'Rocha de Minas da Prata', 'GO');
INSERT INTO cidade (idCidade, nome, uf) VALUES ('TEM', 'Teixeira da Mata', 'GO');
INSERT INTO cidade (idCidade, nome, uf) VALUES ('RCP', 'Rocha do Campo Paulista', 'GO');
INSERT INTO cidade (idCidade, nome, uf) VALUES ('VRA', 'Vieira Alegre', 'GO');
INSERT INTO cidade (idCidade, nome, uf) VALUES ('MVC', 'Mota Verde do Campo', 'GO');
INSERT INTO cidade (idCidade, nome, uf) VALUES ('CEG', 'Correia Grande', 'GO');
INSERT INTO cidade (idCidade, nome, uf) VALUES ('LEG', 'Lima de Goiás', 'GO');
INSERT INTO cidade (idCidade, nome, uf) VALUES ('CVS', 'Cavalcanti do Sul', 'GO');
INSERT INTO cidade (idCidade, nome, uf) VALUES ('CGM', 'Caldeira Grande da Mata', 'GO');
INSERT INTO cidade (idCidade, nome, uf) VALUES ('LES', 'Lopes da Serra', 'GO');
INSERT INTO cidade (idCidade, nome, uf) VALUES ('LPS', 'Lopes do Sul', 'GO');
INSERT INTO cidade (idCidade, nome, uf) VALUES ('NCD', 'Neves de Cardoso dos Dourados', 'GO');
INSERT INTO cidade (idCidade, nome, uf) VALUES ('STP', 'Santos Paulista', 'GO');
INSERT INTO cidade (idCidade, nome, uf) VALUES ('MOD', 'Melo dos Dourados', 'GO');
INSERT INTO cidade (idCidade, nome, uf) VALUES ('RFA', 'Rodrigues das Flores do Amparo', 'GO');
INSERT INTO cidade (idCidade, nome, uf) VALUES ('PGP', 'Pereira do Galho Paulista', 'GO');
INSERT INTO cidade (idCidade, nome, uf) VALUES ('SUS', 'Silveira do Sul', 'GO');
INSERT INTO cidade (idCidade, nome, uf) VALUES ('CAC', 'Castro do Campo', 'GO');
INSERT INTO cidade (idCidade, nome, uf) VALUES ('PPG', 'Paz das Pedras de Goiás', 'GO');
INSERT INTO cidade (idCidade, nome, uf) VALUES ('PSG', 'Pires de Goiás', 'GO');
INSERT INTO cidade (idCidade, nome, uf) VALUES ('PRV', 'Pinto Verde', 'GO');
INSERT INTO cidade (idCidade, nome, uf) VALUES ('CDD', 'Caldeira dos Dourados', 'GO');
INSERT INTO cidade (idCidade, nome, uf) VALUES ('MCS', 'Mata de Cavalcanti da Serra', 'MA');
INSERT INTO cidade (idCidade, nome, uf) VALUES ('FGA', 'Fogaça Alegre', 'MA');
INSERT INTO cidade (idCidade, nome, uf) VALUES ('CCC', 'Campos de da Cruz do Campo', 'MA');
INSERT INTO cidade (idCidade, nome, uf) VALUES ('MEP', 'Moura das Pedras', 'MA');
INSERT INTO cidade (idCidade, nome, uf) VALUES ('ASF', 'Azevedo das Flores', 'MA');
INSERT INTO cidade (idCidade, nome, uf) VALUES ('MRF', 'Moura das Flores', 'MA');
INSERT INTO cidade (idCidade, nome, uf) VALUES ('REG', 'Rezende do Galho', 'MA');
INSERT INTO cidade (idCidade, nome, uf) VALUES ('GEA', 'Gomes Alegre', 'MA');
INSERT INTO cidade (idCidade, nome, uf) VALUES ('LUP', 'Luz da Prata', 'MA');
INSERT INTO cidade (idCidade, nome, uf) VALUES ('FPP', 'Fernandes de Pereira Paulista', 'MA');
INSERT INTO cidade (idCidade, nome, uf) VALUES ('OVM', 'Oliveira da Mata', 'MA');
INSERT INTO cidade (idCidade, nome, uf) VALUES ('BPN', 'Barros Paulista do Norte', 'MA');
INSERT INTO cidade (idCidade, nome, uf) VALUES ('NEO', 'Neves do Oeste', 'MA');
INSERT INTO cidade (idCidade, nome, uf) VALUES ('RSO', 'Rocha da Serra do Oeste', 'MA');
INSERT INTO cidade (idCidade, nome, uf) VALUES ('FPG', 'Ferreira de Porto Grande', 'MA');
INSERT INTO cidade (idCidade, nome, uf) VALUES ('CHO', 'Cunha do Oeste', 'MA');
INSERT INTO cidade (idCidade, nome, uf) VALUES ('FGM', 'Fogaça Grande de Minas', 'MA');
INSERT INTO cidade (idCidade, nome, uf) VALUES ('SEO', 'Sales do Oeste', 'MA');
INSERT INTO cidade (idCidade, nome, uf) VALUES ('COC', 'Caldeira do Campo', 'MA');
INSERT INTO cidade (idCidade, nome, uf) VALUES ('CEM', 'Cunha de Minas', 'MA');
INSERT INTO cidade (idCidade, nome, uf) VALUES ('PPP', 'Peixoto Paulista', 'MA');
INSERT INTO cidade (idCidade, nome, uf) VALUES ('AAM', 'Alves Alegre da Mata', 'MA');
INSERT INTO cidade (idCidade, nome, uf) VALUES ('SSC', 'Santos do Campo', 'MA');
INSERT INTO cidade (idCidade, nome, uf) VALUES ('MDN', 'Martins dos Dourados do Norte', 'MA');
INSERT INTO cidade (idCidade, nome, uf) VALUES ('APC', 'Almeida da Prata do Campo', 'MA');
INSERT INTO cidade (idCidade, nome, uf) VALUES ('BBG', 'Barbosa de Goiás', 'MA');
INSERT INTO cidade (idCidade, nome, uf) VALUES ('RFS', 'Rezende das Flores da Serra', 'MA');
INSERT INTO cidade (idCidade, nome, uf) VALUES ('MGP', 'Mendes de Gomes da Prata', 'MA');
INSERT INTO cidade (idCidade, nome, uf) VALUES ('PMO', 'Paz da Mata do Oeste', 'MA');
INSERT INTO cidade (idCidade, nome, uf) VALUES ('CGG', 'Costa Grande', 'MG');
INSERT INTO cidade (idCidade, nome, uf) VALUES ('LSA', 'Luz do Sul do Amparo', 'MG');
INSERT INTO cidade (idCidade, nome, uf) VALUES ('FCG', 'Farias do Campo Grande', 'MG');
INSERT INTO cidade (idCidade, nome, uf) VALUES ('FGS', 'Ferreira de Gonçalves da Serra', 'MG');
INSERT INTO cidade (idCidade, nome, uf) VALUES ('AAS', 'Alves do Amparo da Serra', 'MS');
INSERT INTO cidade (idCidade, nome, uf) VALUES ('GOP', 'Gomes de Oliveira da Prata', 'MS');
INSERT INTO cidade (idCidade, nome, uf) VALUES ('CCP', 'Cavalcanti de da Conceição da Prata', 'MS');
INSERT INTO cidade (idCidade, nome, uf) VALUES ('CEN', 'Correia do Norte', 'MS');
INSERT INTO cidade (idCidade, nome, uf) VALUES ('PFG', 'Porto das Flores Grande', 'MS');
INSERT INTO cidade (idCidade, nome, uf) VALUES ('MAV', 'Mata de Aragão Verde', 'MS');
INSERT INTO cidade (idCidade, nome, uf) VALUES ('ANG', 'Aragão do Norte do Galho', 'MS');
INSERT INTO cidade (idCidade, nome, uf) VALUES ('FEO', 'Freitas do Oeste', 'MS');
INSERT INTO cidade (idCidade, nome, uf) VALUES ('PDO', 'Porto dos Dourados do Oeste', 'MS');
INSERT INTO cidade (idCidade, nome, uf) VALUES ('CSD', 'Costa dos Dourados', 'MS');
INSERT INTO cidade (idCidade, nome, uf) VALUES ('SLC', 'Sales do Campo', 'MS');
INSERT INTO cidade (idCidade, nome, uf) VALUES ('RVD', 'Ribeiro Verde dos Dourados', 'MS');
INSERT INTO cidade (idCidade, nome, uf) VALUES ('CFG', 'Castro das Flores de Goiás', 'MS');
INSERT INTO cidade (idCidade, nome, uf) VALUES ('CEP', 'Cardoso das Pedras', 'MS');
INSERT INTO cidade (idCidade, nome, uf) VALUES ('PON', 'Porto do Oeste do Norte', 'MS');
INSERT INTO cidade (idCidade, nome, uf) VALUES ('SPP', 'Santos Paulista da Praia', 'MS');
INSERT INTO cidade (idCidade, nome, uf) VALUES ('OEP', 'Oliveira da Prata', 'MS');
INSERT INTO cidade (idCidade, nome, uf) VALUES ('AEG', 'Almeida Grande', 'MS');
INSERT INTO cidade (idCidade, nome, uf) VALUES ('LOG', 'Lopes do Oeste do Galho', 'MS');
INSERT INTO cidade (idCidade, nome, uf) VALUES ('OLS', 'Oliveira da Serra', 'MS');
INSERT INTO cidade (idCidade, nome, uf) VALUES ('SCA', 'Sales de Cardoso do Amparo', 'MS');
INSERT INTO cidade (idCidade, nome, uf) VALUES ('CPG', 'Costa das Pedras de Goiás', 'MS');
INSERT INTO cidade (idCidade, nome, uf) VALUES ('COM', 'Carvalho do Oeste da Mata', 'MS');
INSERT INTO cidade (idCidade, nome, uf) VALUES ('MCG', 'Moraes de Campos de Goiás', 'MT');
INSERT INTO cidade (idCidade, nome, uf) VALUES ('RDG', 'Rodrigues de Goiás', 'MT');
INSERT INTO cidade (idCidade, nome, uf) VALUES ('TTD', 'Teixeira dos Dourados', 'MT');
INSERT INTO cidade (idCidade, nome, uf) VALUES ('FAP', 'Fogaça Alegre das Pedras', 'MT');
INSERT INTO cidade (idCidade, nome, uf) VALUES ('ADD', 'Azevedo dos Dourados', 'MT');
INSERT INTO cidade (idCidade, nome, uf) VALUES ('BBN', 'Barros do Norte', 'MT');
INSERT INTO cidade (idCidade, nome, uf) VALUES ('PIN', 'Pinto do Norte', 'MT');
INSERT INTO cidade (idCidade, nome, uf) VALUES ('GON', 'Gonçalves do Norte', 'MT');
INSERT INTO cidade (idCidade, nome, uf) VALUES ('RAC', 'Rocha do Campo', 'MT');
INSERT INTO cidade (idCidade, nome, uf) VALUES ('MEN', 'Mendes do Norte', 'MT');
INSERT INTO cidade (idCidade, nome, uf) VALUES ('FIV', 'Farias Verde', 'MT');
INSERT INTO cidade (idCidade, nome, uf) VALUES ('GPG', 'Gomes das Pedras de Goiás', 'MT');
INSERT INTO cidade (idCidade, nome, uf) VALUES ('FIM', 'Freitas da Mata', 'MT');
INSERT INTO cidade (idCidade, nome, uf) VALUES ('MPP', 'Mata da Praia Paulista', 'MT');
INSERT INTO cidade (idCidade, nome, uf) VALUES ('CHG', 'Carvalho Grande', 'MT');
INSERT INTO cidade (idCidade, nome, uf) VALUES ('OLV', 'Oliveira Verde', 'MT');
INSERT INTO cidade (idCidade, nome, uf) VALUES ('RCN', 'Ramos de Carvalho do Norte', 'MT');
INSERT INTO cidade (idCidade, nome, uf) VALUES ('PRO', 'Pires do Oeste', 'MT');
INSERT INTO cidade (idCidade, nome, uf) VALUES ('MAD', 'Melo Alegre dos Dourados', 'MT');
INSERT INTO cidade (idCidade, nome, uf) VALUES ('RGG', 'Ramos de Goiás do Galho', 'PA');
INSERT INTO cidade (idCidade, nome, uf) VALUES ('BOA', 'Barros do Amparo', 'PA');
INSERT INTO cidade (idCidade, nome, uf) VALUES ('CPC', 'Carvalho de Peixoto do Campo', 'PA');
INSERT INTO cidade (idCidade, nome, uf) VALUES ('FAM', 'Freitas da Mata', 'PA');
INSERT INTO cidade (idCidade, nome, uf) VALUES ('GAP', 'Gonçalves da Praia', 'PA');
INSERT INTO cidade (idCidade, nome, uf) VALUES ('VGP', 'Vieira do Galho das Pedras', 'PA');
INSERT INTO cidade (idCidade, nome, uf) VALUES ('MIC', 'Martins do Campo', 'PB');
INSERT INTO cidade (idCidade, nome, uf) VALUES ('RSD', 'Ramos dos Dourados', 'PB');
INSERT INTO cidade (idCidade, nome, uf) VALUES ('GLS', 'Gonçalves do Sul', 'PB');
INSERT INTO cidade (idCidade, nome, uf) VALUES ('CAA', 'Cunha Alegre Alegre', 'PB');
INSERT INTO cidade (idCidade, nome, uf) VALUES ('ANO', 'Azevedo do Norte do Oeste', 'PB');
INSERT INTO cidade (idCidade, nome, uf) VALUES ('RAG', 'Rosa do Galho', 'PB');
INSERT INTO cidade (idCidade, nome, uf) VALUES ('VVS', 'Viana da Serra', 'PB');
INSERT INTO cidade (idCidade, nome, uf) VALUES ('MAF', 'Moraes das Flores', 'PB');
INSERT INTO cidade (idCidade, nome, uf) VALUES ('MOM', 'Monteiro do Oeste de Minas', 'PE');
INSERT INTO cidade (idCidade, nome, uf) VALUES ('FMV', 'Ferreira da Mata Verde', 'PE');
INSERT INTO cidade (idCidade, nome, uf) VALUES ('SMO', 'Souza de Minas do Oeste', 'PE');
INSERT INTO cidade (idCidade, nome, uf) VALUES ('SAA', 'Santos Alegre Alegre', 'PE');
INSERT INTO cidade (idCidade, nome, uf) VALUES ('CCG', 'Cardoso de da Costa Grande', 'PE');
INSERT INTO cidade (idCidade, nome, uf) VALUES ('BDS', 'Barros da Serra', 'PE');
INSERT INTO cidade (idCidade, nome, uf) VALUES ('LCS', 'Lima do Campo da Serra', 'PE');
INSERT INTO cidade (idCidade, nome, uf) VALUES ('GTM', 'Gomes da Mata', 'PE');
INSERT INTO cidade (idCidade, nome, uf) VALUES ('CGP', 'Costela Grande Paulista', 'PE');
INSERT INTO cidade (idCidade, nome, uf) VALUES ('MOP', 'Melo do Oeste da Praia', 'PE');
INSERT INTO cidade (idCidade, nome, uf) VALUES ('LLC', 'Luz do Campo', 'PE');
INSERT INTO cidade (idCidade, nome, uf) VALUES ('VAS', 'Vieira do Sul', 'PE');
INSERT INTO cidade (idCidade, nome, uf) VALUES ('NGA', 'Nogueira de Gomes Alegre', 'PE');
INSERT INTO cidade (idCidade, nome, uf) VALUES ('NAS', 'Nunes de Araújo do Sul', 'PE');
INSERT INTO cidade (idCidade, nome, uf) VALUES ('CRF', 'Cunha de da Rosa das Flores', 'PE');
INSERT INTO cidade (idCidade, nome, uf) VALUES ('MPC', 'Mota da Prata do Campo', 'PE');
INSERT INTO cidade (idCidade, nome, uf) VALUES ('SSP', 'Souza das Pedras', 'PE');
INSERT INTO cidade (idCidade, nome, uf) VALUES ('CNM', 'Conceição do Norte de Minas', 'PE');
INSERT INTO cidade (idCidade, nome, uf) VALUES ('DOD', 'Duarte do Oeste dos Dourados', 'PE');
INSERT INTO cidade (idCidade, nome, uf) VALUES ('FOD', 'Freitas dos Dourados', 'PE');
INSERT INTO cidade (idCidade, nome, uf) VALUES ('SOG', 'Santos do Oeste Grande', 'PE');
INSERT INTO cidade (idCidade, nome, uf) VALUES ('PTP', 'Peixoto Paulista', 'PE');
INSERT INTO cidade (idCidade, nome, uf) VALUES ('SGG', 'Souza Grande do Galho', 'PE');
INSERT INTO cidade (idCidade, nome, uf) VALUES ('PFO', 'Peixoto das Flores do Oeste', 'PE');
INSERT INTO cidade (idCidade, nome, uf) VALUES ('PVV', 'Porto Verde Verde', 'PE');
INSERT INTO cidade (idCidade, nome, uf) VALUES ('DAG', 'Duarte Grande', 'PE');
INSERT INTO cidade (idCidade, nome, uf) VALUES ('RCS', 'Rosa de da Costa da Serra', 'PE');
INSERT INTO cidade (idCidade, nome, uf) VALUES ('MTG', 'Monteiro do Galho', 'PE');
INSERT INTO cidade (idCidade, nome, uf) VALUES ('MRP', 'Mendes das Pedras', 'PE');
INSERT INTO cidade (idCidade, nome, uf) VALUES ('NBO', 'Nogueira de Barros do Oeste', 'PI');
INSERT INTO cidade (idCidade, nome, uf) VALUES ('CSA', 'Cardoso de Santos Alegre', 'PI');
INSERT INTO cidade (idCidade, nome, uf) VALUES ('FGO', 'Fogaça do Oeste', 'PI');
INSERT INTO cidade (idCidade, nome, uf) VALUES ('PAD', 'Paz Alegre dos Dourados', 'PI');
INSERT INTO cidade (idCidade, nome, uf) VALUES ('FRS', 'Farias da Serra', 'PI');
INSERT INTO cidade (idCidade, nome, uf) VALUES ('JGG', 'Jesus de Goiás de Goiás', 'PI');
INSERT INTO cidade (idCidade, nome, uf) VALUES ('POG', 'Pinto de Goiás', 'PI');
INSERT INTO cidade (idCidade, nome, uf) VALUES ('NEG', 'Nogueira de Goiás', 'PI');
INSERT INTO cidade (idCidade, nome, uf) VALUES ('LAM', 'Luz do Amparo de Minas', 'PI');
INSERT INTO cidade (idCidade, nome, uf) VALUES ('POO', 'Pinto do Oeste', 'PI');
INSERT INTO cidade (idCidade, nome, uf) VALUES ('FIO', 'Farias do Oeste', 'PI');
INSERT INTO cidade (idCidade, nome, uf) VALUES ('COV', 'Carvalho Verde', 'PI');
INSERT INTO cidade (idCidade, nome, uf) VALUES ('PCC', 'Pires de Carvalho do Campo', 'PI');
INSERT INTO cidade (idCidade, nome, uf) VALUES ('SPM', 'Silva das Pedras de Minas', 'PI');
INSERT INTO cidade (idCidade, nome, uf) VALUES ('RPM', 'Rezende das Pedras da Mata', 'PR');
INSERT INTO cidade (idCidade, nome, uf) VALUES ('GVV', 'Gonçalves Verde', 'PR');
INSERT INTO cidade (idCidade, nome, uf) VALUES ('NFS', 'Nogueira das Flores do Sul', 'PR');
INSERT INTO cidade (idCidade, nome, uf) VALUES ('RDM', 'Rocha dos Dourados de Minas', 'PR');
INSERT INTO cidade (idCidade, nome, uf) VALUES ('BPC', 'Barros do Campo', 'PR');
INSERT INTO cidade (idCidade, nome, uf) VALUES ('LAD', 'Lima do Amparo dos Dourados', 'PR');
INSERT INTO cidade (idCidade, nome, uf) VALUES ('VSS', 'Vieira de Santos da Serra', 'PR');
INSERT INTO cidade (idCidade, nome, uf) VALUES ('FTP', 'Farias de Teixeira Paulista', 'PR');
INSERT INTO cidade (idCidade, nome, uf) VALUES ('GPS', 'Gomes da Prata da Serra', 'PR');
INSERT INTO cidade (idCidade, nome, uf) VALUES ('NPP', 'Nunes da Prata da Praia', 'PR');
INSERT INTO cidade (idCidade, nome, uf) VALUES ('MNV', 'Mota do Norte Verde', 'PR');
INSERT INTO cidade (idCidade, nome, uf) VALUES ('MPS', 'Moraes da Prata do Sul', 'PR');
INSERT INTO cidade (idCidade, nome, uf) VALUES ('GCG', 'Gomes de Costela do Galho', 'PR');
INSERT INTO cidade (idCidade, nome, uf) VALUES ('FCV', 'Fernandes do Campo Verde', 'PR');
INSERT INTO cidade (idCidade, nome, uf) VALUES ('DFO', 'Dias das Flores do Oeste', 'PR');
INSERT INTO cidade (idCidade, nome, uf) VALUES ('PEA', 'Porto Alegre', 'PR');
INSERT INTO cidade (idCidade, nome, uf) VALUES ('NNP', 'Nunes da Praia', 'PR');
INSERT INTO cidade (idCidade, nome, uf) VALUES ('CAM', 'Cardoso da Mata', 'PR');
INSERT INTO cidade (idCidade, nome, uf) VALUES ('VAA', 'Vieira Alegre', 'PR');
INSERT INTO cidade (idCidade, nome, uf) VALUES ('JSM', 'Jesus da Mata', 'PR');
INSERT INTO cidade (idCidade, nome, uf) VALUES ('BAA', 'Barros do Amparo do Amparo', 'PR');
INSERT INTO cidade (idCidade, nome, uf) VALUES ('MRA', 'Martins Alegre', 'PR');
INSERT INTO cidade (idCidade, nome, uf) VALUES ('SVM', 'Silva Verde da Mata', 'PR');
INSERT INTO cidade (idCidade, nome, uf) VALUES ('PCG', 'Pinto de Correia Grande', 'PR');
INSERT INTO cidade (idCidade, nome, uf) VALUES ('VNM', 'Vieira do Norte da Mata', 'RJ');
INSERT INTO cidade (idCidade, nome, uf) VALUES ('RRS', 'Ribeiro da Serra', 'RJ');
INSERT INTO cidade (idCidade, nome, uf) VALUES ('SFN', 'Souza das Flores do Norte', 'RJ');
INSERT INTO cidade (idCidade, nome, uf) VALUES ('DSN', 'Dias do Norte', 'RJ');
INSERT INTO cidade (idCidade, nome, uf) VALUES ('PUS', 'Porto do Sul', 'RJ');
INSERT INTO cidade (idCidade, nome, uf) VALUES ('FLS', 'Freitas do Sul', 'RJ');
INSERT INTO cidade (idCidade, nome, uf) VALUES ('ALM', 'Almeida da Mata', 'RJ');
INSERT INTO cidade (idCidade, nome, uf) VALUES ('PAG', 'Pires Grande', 'RJ');
INSERT INTO cidade (idCidade, nome, uf) VALUES ('MMO', 'Moraes de Mendes do Oeste', 'RJ');
INSERT INTO cidade (idCidade, nome, uf) VALUES ('MEF', 'Melo das Flores', 'RJ');
INSERT INTO cidade (idCidade, nome, uf) VALUES ('VAP', 'Viana Paulista', 'RJ');
INSERT INTO cidade (idCidade, nome, uf) VALUES ('PDP', 'Paz dos Dourados da Praia', 'RJ');
INSERT INTO cidade (idCidade, nome, uf) VALUES ('LLO', 'Lopes do Oeste', 'RJ');
INSERT INTO cidade (idCidade, nome, uf) VALUES ('POP', 'Pinto Paulista', 'RJ');
INSERT INTO cidade (idCidade, nome, uf) VALUES ('CRD', 'Cardoso dos Dourados', 'RJ');
INSERT INTO cidade (idCidade, nome, uf) VALUES ('PNO', 'Pires de Nunes do Oeste', 'RN');
INSERT INTO cidade (idCidade, nome, uf) VALUES ('LGG', 'Lopes Grande de Goiás', 'RN');
INSERT INTO cidade (idCidade, nome, uf) VALUES ('DUP', 'Duarte Paulista', 'RN');
INSERT INTO cidade (idCidade, nome, uf) VALUES ('NNN', 'Nascimento de das Neves do Norte', 'RN');
INSERT INTO cidade (idCidade, nome, uf) VALUES ('NAP', 'Nogueira do Amparo da Prata', 'RN');
INSERT INTO cidade (idCidade, nome, uf) VALUES ('CFN', 'Carvalho de Farias do Norte', 'RN');
INSERT INTO cidade (idCidade, nome, uf) VALUES ('ROG', 'Rosa do Galho', 'RN');
INSERT INTO cidade (idCidade, nome, uf) VALUES ('SMP', 'Silva de Minas da Praia', 'RN');
INSERT INTO cidade (idCidade, nome, uf) VALUES ('OON', 'Oliveira do Norte', 'RN');
INSERT INTO cidade (idCidade, nome, uf) VALUES ('MPA', 'Moreira da Prata Alegre', 'RN');
INSERT INTO cidade (idCidade, nome, uf) VALUES ('FFM', 'Freitas de Minas', 'RN');
INSERT INTO cidade (idCidade, nome, uf) VALUES ('AOG', 'Azevedo do Oeste Grande', 'RN');
INSERT INTO cidade (idCidade, nome, uf) VALUES ('PDM', 'Paz da Mata', 'RN');
INSERT INTO cidade (idCidade, nome, uf) VALUES ('VLA', 'Viana Alegre', 'RN');
INSERT INTO cidade (idCidade, nome, uf) VALUES ('PPN', 'Pires do Norte', 'RN');
INSERT INTO cidade (idCidade, nome, uf) VALUES ('GEG', 'Gonçalves do Galho', 'RN');
INSERT INTO cidade (idCidade, nome, uf) VALUES ('NOC', 'Nogueira do Campo', 'RN');
INSERT INTO cidade (idCidade, nome, uf) VALUES ('GOG', 'Gomes do Galho', 'RN');
INSERT INTO cidade (idCidade, nome, uf) VALUES ('CMO', 'Correia de Monteiro do Oeste', 'RN');
INSERT INTO cidade (idCidade, nome, uf) VALUES ('ACV', 'Aragão de Costa Verde', 'RN');
INSERT INTO cidade (idCidade, nome, uf) VALUES ('MDA', 'Mendes do Amparo', 'RN');
INSERT INTO cidade (idCidade, nome, uf) VALUES ('PSV', 'Paz do Sul Verde', 'RN');
INSERT INTO cidade (idCidade, nome, uf) VALUES ('LIA', 'Lima Alegre', 'RN');
INSERT INTO cidade (idCidade, nome, uf) VALUES ('FSF', 'Freitas das Flores', 'RN');
INSERT INTO cidade (idCidade, nome, uf) VALUES ('POS', 'Porto do Oeste do Sul', 'RN');
INSERT INTO cidade (idCidade, nome, uf) VALUES ('MGF', 'Moura de Goiás das Flores', 'RN');
INSERT INTO cidade (idCidade, nome, uf) VALUES ('MAP', 'Mata das Pedras', 'RN');
INSERT INTO cidade (idCidade, nome, uf) VALUES ('MTP', 'Mata da Praia', 'RN');
INSERT INTO cidade (idCidade, nome, uf) VALUES ('FLO', 'Ferreira de da Luz do Oeste', 'RN');
INSERT INTO cidade (idCidade, nome, uf) VALUES ('MEM', 'Moraes de Minas', 'RO');
INSERT INTO cidade (idCidade, nome, uf) VALUES ('SMN', 'Sales da Mata do Norte', 'RO');
INSERT INTO cidade (idCidade, nome, uf) VALUES ('POA', 'Porto do Amparo', 'RO');
INSERT INTO cidade (idCidade, nome, uf) VALUES ('RRN', 'Rodrigues do Norte', 'RO');
INSERT INTO cidade (idCidade, nome, uf) VALUES ('RVS', 'Rezende Verde do Sul', 'RO');
INSERT INTO cidade (idCidade, nome, uf) VALUES ('CNP', 'Cunha das Pedras', 'RO');
INSERT INTO cidade (idCidade, nome, uf) VALUES ('MOO', 'Moreira do Oeste', 'RO');
INSERT INTO cidade (idCidade, nome, uf) VALUES ('TSO', 'Teixeira da Serra do Oeste', 'RO');
INSERT INTO cidade (idCidade, nome, uf) VALUES ('PSP', 'Peixoto da Serra da Praia', 'RO');
INSERT INTO cidade (idCidade, nome, uf) VALUES ('DAS', 'Duarte do Sul', 'RO');
INSERT INTO cidade (idCidade, nome, uf) VALUES ('PDF', 'Pires das Flores', 'RO');
INSERT INTO cidade (idCidade, nome, uf) VALUES ('SOF', 'Silva das Flores', 'RO');
INSERT INTO cidade (idCidade, nome, uf) VALUES ('CDS', 'Costa do Sul', 'RO');
INSERT INTO cidade (idCidade, nome, uf) VALUES ('DMN', 'Duarte de Moura do Norte', 'RO');
INSERT INTO cidade (idCidade, nome, uf) VALUES ('VRV', 'Viana de Rezende Verde', 'RR');
INSERT INTO cidade (idCidade, nome, uf) VALUES ('FMM', 'Farias de Minas', 'RR');
INSERT INTO cidade (idCidade, nome, uf) VALUES ('MDP', 'Martins das Pedras', 'RR');
INSERT INTO cidade (idCidade, nome, uf) VALUES ('MAA', 'Moraes do Amparo', 'RR');
INSERT INTO cidade (idCidade, nome, uf) VALUES ('PJG', 'Peixoto de Jesus do Galho', 'RR');
INSERT INTO cidade (idCidade, nome, uf) VALUES ('MEO', 'Mota do Oeste', 'RR');
INSERT INTO cidade (idCidade, nome, uf) VALUES ('PCP', 'Peixoto de da Costa Paulista', 'RR');
INSERT INTO cidade (idCidade, nome, uf) VALUES ('GAV', 'Gonçalves Verde', 'RR');
INSERT INTO cidade (idCidade, nome, uf) VALUES ('DPG', 'Dias da Prata Grande', 'RR');
INSERT INTO cidade (idCidade, nome, uf) VALUES ('CUG', 'Cunha Grande', 'RR');
INSERT INTO cidade (idCidade, nome, uf) VALUES ('PED', 'Peixoto dos Dourados', 'RR');
INSERT INTO cidade (idCidade, nome, uf) VALUES ('PAA', 'Pereira Alegre', 'RS');
INSERT INTO cidade (idCidade, nome, uf) VALUES ('COG', 'Cardoso Grande', 'RS');
INSERT INTO cidade (idCidade, nome, uf) VALUES ('BPP', 'Barbosa de Pires da Praia', 'RS');
INSERT INTO cidade (idCidade, nome, uf) VALUES ('NGS', 'Nogueira do Sul', 'RS');
INSERT INTO cidade (idCidade, nome, uf) VALUES ('CAN', 'Castro de Araújo do Norte', 'RS');
INSERT INTO cidade (idCidade, nome, uf) VALUES ('CLV', 'Costela Verde', 'RS');
INSERT INTO cidade (idCidade, nome, uf) VALUES ('RSA', 'Rezende da Serra Alegre', 'RS');
INSERT INTO cidade (idCidade, nome, uf) VALUES ('CSG', 'Campos de Goiás', 'RS');
INSERT INTO cidade (idCidade, nome, uf) VALUES ('VAF', 'Viana das Flores', 'RS');
INSERT INTO cidade (idCidade, nome, uf) VALUES ('NUG', 'Nogueira Grande', 'SC');
INSERT INTO cidade (idCidade, nome, uf) VALUES ('PAP', 'Pereira das Pedras', 'SC');
INSERT INTO cidade (idCidade, nome, uf) VALUES ('PIP', 'Pinto da Prata', 'SC');
INSERT INTO cidade (idCidade, nome, uf) VALUES ('OPF', 'Oliveira da Praia das Flores', 'SC');
INSERT INTO cidade (idCidade, nome, uf) VALUES ('CLP', 'Cavalcanti Paulista', 'SC');
INSERT INTO cidade (idCidade, nome, uf) VALUES ('AEP', 'Azevedo Paulista', 'SC');
INSERT INTO cidade (idCidade, nome, uf) VALUES ('CHP', 'Cunha da Prata', 'SC');
INSERT INTO cidade (idCidade, nome, uf) VALUES ('MMV', 'Moura da Mata Verde', 'SC');
INSERT INTO cidade (idCidade, nome, uf) VALUES ('PPA', 'Porto da Praia Alegre', 'SC');
INSERT INTO cidade (idCidade, nome, uf) VALUES ('MRG', 'Melo de da Rosa Grande', 'SC');
INSERT INTO cidade (idCidade, nome, uf) VALUES ('CAO', 'Cardoso Alegre do Oeste', 'SC');
INSERT INTO cidade (idCidade, nome, uf) VALUES ('NAO', 'Nogueira de Almeida do Oeste', 'SC');
INSERT INTO cidade (idCidade, nome, uf) VALUES ('LCP', 'Lopes de da Cruz da Prata', 'SC');
INSERT INTO cidade (idCidade, nome, uf) VALUES ('BOP', 'Barros do Oeste da Prata', 'SC');
INSERT INTO cidade (idCidade, nome, uf) VALUES ('TIP', 'Teixeira Paulista', 'SC');
INSERT INTO cidade (idCidade, nome, uf) VALUES ('JOD', 'Jesus dos Dourados', 'SC');
INSERT INTO cidade (idCidade, nome, uf) VALUES ('MSG', 'Moreira da Serra de Goiás', 'SC');
INSERT INTO cidade (idCidade, nome, uf) VALUES ('CAS', 'Cunha Alegre do Sul', 'SC');
INSERT INTO cidade (idCidade, nome, uf) VALUES ('SRN', 'Souza de Rocha do Norte', 'SC');
INSERT INTO cidade (idCidade, nome, uf) VALUES ('VAO', 'Viana Alegre do Oeste', 'SC');
INSERT INTO cidade (idCidade, nome, uf) VALUES ('DGC', 'Dias Grande do Campo', 'SC');
INSERT INTO cidade (idCidade, nome, uf) VALUES ('CNA', 'Caldeira do Norte do Amparo', 'SC');
INSERT INTO cidade (idCidade, nome, uf) VALUES ('PGC', 'Paz do Galho do Campo', 'SC');
INSERT INTO cidade (idCidade, nome, uf) VALUES ('PNN', 'Paz do Norte do Norte', 'SC');
INSERT INTO cidade (idCidade, nome, uf) VALUES ('FAA', 'Ferreira do Amparo', 'SC');
INSERT INTO cidade (idCidade, nome, uf) VALUES ('COF', 'Costa do Oeste das Flores', 'SC');
INSERT INTO cidade (idCidade, nome, uf) VALUES ('CPS', 'Conceição da Prata da Serra', 'SC');
INSERT INTO cidade (idCidade, nome, uf) VALUES ('BSP', 'Barros do Sul das Pedras', 'SC');
INSERT INTO cidade (idCidade, nome, uf) VALUES ('PPV', 'Paz Verde', 'SC');
INSERT INTO cidade (idCidade, nome, uf) VALUES ('SIM', 'Souza de Minas', 'SE');
INSERT INTO cidade (idCidade, nome, uf) VALUES ('RPG', 'Rocha da Prata de Goiás', 'SE');
INSERT INTO cidade (idCidade, nome, uf) VALUES ('RAD', 'Rocha do Amparo dos Dourados', 'SE');
INSERT INTO cidade (idCidade, nome, uf) VALUES ('TPG', 'Teixeira da Prata Grande', 'SE');
INSERT INTO cidade (idCidade, nome, uf) VALUES ('ONA', 'Oliveira do Norte do Amparo', 'SE');
INSERT INTO cidade (idCidade, nome, uf) VALUES ('MGD', 'Moreira Grande dos Dourados', 'SE');
INSERT INTO cidade (idCidade, nome, uf) VALUES ('CCV', 'Cunha Verde', 'SE');
INSERT INTO cidade (idCidade, nome, uf) VALUES ('APA', 'Aragão das Pedras Alegre', 'SE');
INSERT INTO cidade (idCidade, nome, uf) VALUES ('NNC', 'Nascimento do Norte do Campo', 'SE');
INSERT INTO cidade (idCidade, nome, uf) VALUES ('CMP', 'Conceição da Mata das Pedras', 'SE');
INSERT INTO cidade (idCidade, nome, uf) VALUES ('PRS', 'Pereira da Serra', 'SE');
INSERT INTO cidade (idCidade, nome, uf) VALUES ('JUV', 'Jesus Verde', 'SP');
INSERT INTO cidade (idCidade, nome, uf) VALUES ('NUS', 'Nogueira da Serra', 'SP');
INSERT INTO cidade (idCidade, nome, uf) VALUES ('PNP', 'Paz de das Neves da Prata', 'SP');
INSERT INTO cidade (idCidade, nome, uf) VALUES ('NVF', 'Novaes Verde das Flores', 'SP');
INSERT INTO cidade (idCidade, nome, uf) VALUES ('GLP', 'Gomes de Lopes da Prata', 'SP');
INSERT INTO cidade (idCidade, nome, uf) VALUES ('NRP', 'Nunes das Pedras', 'SP');
INSERT INTO cidade (idCidade, nome, uf) VALUES ('SJC', 'Silva de Jesus do Campo', 'SP');
INSERT INTO cidade (idCidade, nome, uf) VALUES ('AMD', 'Araújo de Minas dos Dourados', 'SP');
INSERT INTO cidade (idCidade, nome, uf) VALUES ('NOP', 'Nascimento da Prata', 'SP');
INSERT INTO cidade (idCidade, nome, uf) VALUES ('RSG', 'Rodrigues do Sul Grande', 'SP');
INSERT INTO cidade (idCidade, nome, uf) VALUES ('CLO', 'Caldeira do Oeste', 'SP');
INSERT INTO cidade (idCidade, nome, uf) VALUES ('SNG', 'Santos do Norte de Goiás', 'SP');
INSERT INTO cidade (idCidade, nome, uf) VALUES ('CSM', 'Cardoso do Sul de Minas', 'SP');
INSERT INTO cidade (idCidade, nome, uf) VALUES ('BSC', 'Barbosa do Sul do Campo', 'SP');
INSERT INTO cidade (idCidade, nome, uf) VALUES ('OOS', 'Oliveira do Sul', 'SP');
INSERT INTO cidade (idCidade, nome, uf) VALUES ('CCM', 'Cavalcanti de Cunha de Minas', 'TO');
INSERT INTO cidade (idCidade, nome, uf) VALUES ('CHC', 'Carvalho do Campo', 'TO');
INSERT INTO cidade (idCidade, nome, uf) VALUES ('MES', 'Melo do Sul', 'TO');
INSERT INTO cidade (idCidade, nome, uf) VALUES ('FVG', 'Farias Verde Grande', 'TO');
INSERT INTO cidade (idCidade, nome, uf) VALUES ('MMS', 'Mendes da Mata da Serra', 'TO');
INSERT INTO cidade (idCidade, nome, uf) VALUES ('CTP', 'Castro da Prata', 'TO');
INSERT INTO cidade (idCidade, nome, uf) VALUES ('LAP', 'Lopes da Prata', 'TO');
INSERT INTO cidade (idCidade, nome, uf) VALUES ('NPG', 'Nogueira das Pedras do Galho', 'TO');
INSERT INTO cidade (idCidade, nome, uf) VALUES ('DAF', 'Dias das Flores', 'TO');
INSERT INTO cidade (idCidade, nome, uf) VALUES ('ADC', 'Aragão do Campo', 'TO');
INSERT INTO cidade (idCidade, nome, uf) VALUES ('LPD', 'Lima Paulista dos Dourados', 'TO');
INSERT INTO cidade (idCidade, nome, uf) VALUES ('GCA', 'Gomes do Campo Alegre', 'TO');
INSERT INTO cidade (idCidade, nome, uf) VALUES ('FFA', 'Fernandes Alegre', 'TO');
INSERT INTO cidade (idCidade, nome, uf) VALUES ('CPV', 'Costela da Praia Verde', 'TO');
INSERT INTO cidade (idCidade, nome, uf) VALUES ('PGM', 'Pinto Grande da Mata', 'TO');
INSERT INTO cidade (idCidade, nome, uf) VALUES ('REM', 'Rosa de Minas', 'TO');
INSERT INTO cidade (idCidade, nome, uf) VALUES ('AAP', 'Aragão Paulista', 'TO');
INSERT INTO cidade (idCidade, nome, uf) VALUES ('FAC', 'Freitas do Amparo do Campo', 'TO');
INSERT INTO cidade (idCidade, nome, uf) VALUES ('NCG', 'Neves do Campo do Galho', 'TO');
INSERT INTO cidade (idCidade, nome, uf) VALUES ('MDS', 'Mendes de Duarte do Sul', 'TO');
INSERT INTO cidade (idCidade, nome, uf) VALUES ('CLM', 'Cavalcanti de da Luz de Minas', 'TO');
INSERT INTO cidade (idCidade, nome, uf) VALUES ('BGG', 'Barbosa Grande', 'TO');
INSERT INTO cidade (idCidade, nome, uf) VALUES ('PTO', 'Paz do Oeste', 'TO');
INSERT INTO cidade (idCidade, nome, uf) VALUES ('PAC', 'Pinto do Campo', 'TO');
INSERT INTO tipo (idTipo, descricao) VALUES (1, 'automóvel');
INSERT INTO tipo (idTipo, descricao) VALUES (2, 'motocicleta');
INSERT INTO tipo (idTipo, descricao) VALUES (3, 'caminhão');
INSERT INTO marca (idMarca, nome, origem) VALUES (1, 'CHEVROLET', 'Dhekelia');
INSERT INTO marca (idMarca, nome, origem) VALUES (2, 'VOLKSWAGEN', 'Arábia Saudita');
INSERT INTO marca (idMarca, nome, origem) VALUES (3, 'FIAT', 'Luxemburgo');
INSERT INTO marca (idMarca, nome, origem) VALUES (4, 'MERCEDES-BENZ', 'Ilhas Falkland');
INSERT INTO marca (idMarca, nome, origem) VALUES (5, 'CITROEN', 'Irlanda');
INSERT INTO marca (idMarca, nome, origem) VALUES (6, 'CHANA', 'Taiwan');
INSERT INTO marca (idMarca, nome, origem) VALUES (7, 'HONDA', 'Estônia');
INSERT INTO marca (idMarca, nome, origem) VALUES (8, 'SUBARU', 'Honduras');
INSERT INTO marca (idMarca, nome, origem) VALUES (10, 'FERRARI', 'Akrotiri');
INSERT INTO marca (idMarca, nome, origem) VALUES (11, 'BUGATTI', 'Dhekelia');
INSERT INTO marca (idMarca, nome, origem) VALUES (12, 'LAMBORGHINI', 'Man, Isle of');
INSERT INTO marca (idMarca, nome, origem) VALUES (13, 'FORD', 'Botsuana');
INSERT INTO marca (idMarca, nome, origem) VALUES (14, 'HYUNDAI', 'Domínica');
INSERT INTO marca (idMarca, nome, origem) VALUES (15, 'JAC', 'Marrocos');
INSERT INTO marca (idMarca, nome, origem) VALUES (16, 'KIA', 'Usbequistão');
INSERT INTO marca (idMarca, nome, origem) VALUES (17, 'GURGEL', 'Eslovênia');
INSERT INTO marca (idMarca, nome, origem) VALUES (18, 'DODGE', 'Omã');
INSERT INTO marca (idMarca, nome, origem) VALUES (19, 'CHRYSLER', 'Malávi');
INSERT INTO marca (idMarca, nome, origem) VALUES (20, 'BENTLEY', 'Timor Leste');
INSERT INTO marca (idMarca, nome, origem) VALUES (21, 'SSANGYONG', 'São Cristóvão e Neves');
INSERT INTO marca (idMarca, nome, origem) VALUES (22, 'PEUGEOT', 'Maurícia');
INSERT INTO marca (idMarca, nome, origem) VALUES (23, 'TOYOTA', 'Roménia');
INSERT INTO marca (idMarca, nome, origem) VALUES (24, 'RENAULT', 'Líbano');
INSERT INTO marca (idMarca, nome, origem) VALUES (25, 'ACURA', 'Etiópia');
INSERT INTO marca (idMarca, nome, origem) VALUES (26, 'ADAMO', 'Camarões');
INSERT INTO marca (idMarca, nome, origem) VALUES (27, 'AGRALE', 'Guiné-Bissau');
INSERT INTO marca (idMarca, nome, origem) VALUES (28, 'ALFA ROMEO', 'Tailândia');
INSERT INTO marca (idMarca, nome, origem) VALUES (29, 'AMERICAR', 'Haiti');
INSERT INTO marca (idMarca, nome, origem) VALUES (31, 'ASTON MARTIN', 'Coreia do Norte');
INSERT INTO marca (idMarca, nome, origem) VALUES (32, 'AUDI', 'Tailândia');
INSERT INTO marca (idMarca, nome, origem) VALUES (34, 'BEACH', 'Costa Rica');
INSERT INTO marca (idMarca, nome, origem) VALUES (35, 'BIANCO', 'Mayotte');
INSERT INTO marca (idMarca, nome, origem) VALUES (36, 'BMW', 'Gabão');
INSERT INTO marca (idMarca, nome, origem) VALUES (37, 'BORGWARD', 'Argentina');
INSERT INTO marca (idMarca, nome, origem) VALUES (38, 'BRILLIANCE', 'Quirguizistão');
INSERT INTO marca (idMarca, nome, origem) VALUES (41, 'BUICK', 'Maurícia');
INSERT INTO marca (idMarca, nome, origem) VALUES (42, 'CBT', 'Guam');
INSERT INTO marca (idMarca, nome, origem) VALUES (43, 'NISSAN', 'Líbano');
INSERT INTO marca (idMarca, nome, origem) VALUES (44, 'CHAMONIX', 'Niue');
INSERT INTO marca (idMarca, nome, origem) VALUES (46, 'CHEDA', 'Antilhas Holandesas');
INSERT INTO marca (idMarca, nome, origem) VALUES (47, 'CHERY', 'Butão');
INSERT INTO marca (idMarca, nome, origem) VALUES (48, 'CORD', 'Nauru');
INSERT INTO marca (idMarca, nome, origem) VALUES (49, 'COYOTE', 'Gabão');
INSERT INTO marca (idMarca, nome, origem) VALUES (50, 'CROSS LANDER', 'Luxemburgo');
INSERT INTO marca (idMarca, nome, origem) VALUES (51, 'DAEWOO', 'Sri Lanka');
INSERT INTO marca (idMarca, nome, origem) VALUES (52, 'DAIHATSU', 'Eritreia');
INSERT INTO marca (idMarca, nome, origem) VALUES (53, 'VOLVO', 'Hungria');
INSERT INTO marca (idMarca, nome, origem) VALUES (54, 'DE SOTO', 'Burquina Faso');
INSERT INTO marca (idMarca, nome, origem) VALUES (55, 'DETOMAZO', 'Togo');
INSERT INTO marca (idMarca, nome, origem) VALUES (56, 'DELOREAN', 'Somália');
INSERT INTO marca (idMarca, nome, origem) VALUES (57, 'DKW-VEMAG', 'Irlanda');
INSERT INTO marca (idMarca, nome, origem) VALUES (59, 'SUZUKI', 'Bahamas');
INSERT INTO marca (idMarca, nome, origem) VALUES (60, 'EAGLE', 'Panamá');
INSERT INTO marca (idMarca, nome, origem) VALUES (61, 'EFFA', 'Comores');
INSERT INTO marca (idMarca, nome, origem) VALUES (63, 'ENGESA', 'Noruega');
INSERT INTO marca (idMarca, nome, origem) VALUES (64, 'ENVEMO', 'Ilhas Caiman');
INSERT INTO marca (idMarca, nome, origem) VALUES (65, 'FARUS', 'Iraque');
INSERT INTO marca (idMarca, nome, origem) VALUES (66, 'FERCAR', 'Ilhas Heard e McDonald');
INSERT INTO marca (idMarca, nome, origem) VALUES (68, 'FNM', 'Suécia');
INSERT INTO marca (idMarca, nome, origem) VALUES (69, 'PONTIAC', 'Lesoto');
INSERT INTO marca (idMarca, nome, origem) VALUES (70, 'PORSCHE', 'Islândia');
INSERT INTO marca (idMarca, nome, origem) VALUES (72, 'GEO', 'Tonga');
INSERT INTO marca (idMarca, nome, origem) VALUES (74, 'GRANCAR', 'Burquina Faso');
INSERT INTO marca (idMarca, nome, origem) VALUES (75, 'GREAT WALL', 'Islândia');
INSERT INTO marca (idMarca, nome, origem) VALUES (76, 'HAFEI', 'Burquina Faso');
INSERT INTO marca (idMarca, nome, origem) VALUES (78, 'HOFSTETTER', 'Nova Caledónia');
INSERT INTO marca (idMarca, nome, origem) VALUES (79, 'HUDSON', 'Navassa Island');
INSERT INTO marca (idMarca, nome, origem) VALUES (80, 'HUMMER', 'Armênia');
INSERT INTO marca (idMarca, nome, origem) VALUES (82, 'INFINITI', 'Macedônia');
INSERT INTO marca (idMarca, nome, origem) VALUES (83, 'INTERNATIONAL', 'Nigéria');
INSERT INTO marca (idMarca, nome, origem) VALUES (86, 'JAGUAR', 'Gronelândia');
INSERT INTO marca (idMarca, nome, origem) VALUES (87, 'JEEP', 'Irlanda');
INSERT INTO marca (idMarca, nome, origem) VALUES (88, 'JINBEI', 'Peru');
INSERT INTO marca (idMarca, nome, origem) VALUES (89, 'JPX', 'Samoa Americana');
INSERT INTO marca (idMarca, nome, origem) VALUES (90, 'KAISER', 'Navassa Island');
INSERT INTO marca (idMarca, nome, origem) VALUES (91, 'KOENIGSEGG', 'Singapura');
INSERT INTO marca (idMarca, nome, origem) VALUES (92, 'LAUTOMOBILE', 'África do Sul');
INSERT INTO marca (idMarca, nome, origem) VALUES (93, 'LAUTOCRAFT', 'Ilhas dos Cocos');
INSERT INTO marca (idMarca, nome, origem) VALUES (94, 'LADA', 'Austrália');
INSERT INTO marca (idMarca, nome, origem) VALUES (95, 'LANCIA', 'Paraguai');
INSERT INTO marca (idMarca, nome, origem) VALUES (96, 'LAND ROVER', 'Barein');
INSERT INTO marca (idMarca, nome, origem) VALUES (97, 'LEXUS', 'Macau');
INSERT INTO marca (idMarca, nome, origem) VALUES (98, 'LIFAN', 'Ruanda');
INSERT INTO marca (idMarca, nome, origem) VALUES (99, 'LINCOLN', 'Singapura');
INSERT INTO marca (idMarca, nome, origem) VALUES (100, 'LOBINI', 'Malávi');
INSERT INTO marca (idMarca, nome, origem) VALUES (101, 'LOTUS', 'Tunísia');
INSERT INTO marca (idMarca, nome, origem) VALUES (102, 'MAHINDRA', 'Ilhas Marshall');
INSERT INTO marca (idMarca, nome, origem) VALUES (104, 'MASERATI', 'Coreia do Norte');
INSERT INTO marca (idMarca, nome, origem) VALUES (106, 'MATRA', 'São Tomé e Príncipe');
INSERT INTO marca (idMarca, nome, origem) VALUES (107, 'MAYBACH', 'Dhekelia');
INSERT INTO marca (idMarca, nome, origem) VALUES (108, 'MAZDA', 'Mayotte');
INSERT INTO marca (idMarca, nome, origem) VALUES (109, 'MENON', 'Sri Lanka');
INSERT INTO marca (idMarca, nome, origem) VALUES (110, 'MERCURY', 'Timor Leste');
INSERT INTO marca (idMarca, nome, origem) VALUES (111, 'MITSUBISHI', 'Ilhas Heard e McDonald');
INSERT INTO marca (idMarca, nome, origem) VALUES (112, 'MG', 'Samoa Americana');
INSERT INTO marca (idMarca, nome, origem) VALUES (113, 'MINI', 'Madagáscar');
INSERT INTO marca (idMarca, nome, origem) VALUES (114, 'MIURA', 'Madagáscar');
INSERT INTO marca (idMarca, nome, origem) VALUES (115, 'MORRIS', 'Antártica');
INSERT INTO marca (idMarca, nome, origem) VALUES (116, 'MP LAFER', 'Honduras');
INSERT INTO marca (idMarca, nome, origem) VALUES (117, 'MPLM', 'Jibuti');
INSERT INTO marca (idMarca, nome, origem) VALUES (118, 'NEWTRACK', 'Samoa Americana');
INSERT INTO marca (idMarca, nome, origem) VALUES (119, 'NISSIN', 'São Vicente e Granadinas');
INSERT INTO marca (idMarca, nome, origem) VALUES (120, 'OLDSMOBILE', 'Bélgica');
INSERT INTO marca (idMarca, nome, origem) VALUES (121, 'PAG', 'Barein');
INSERT INTO marca (idMarca, nome, origem) VALUES (122, 'PAGANI', 'Angola');
INSERT INTO marca (idMarca, nome, origem) VALUES (123, 'PLYMOUTH', 'Croácia');
INSERT INTO marca (idMarca, nome, origem) VALUES (124, 'PUMA', 'Polônia');
INSERT INTO marca (idMarca, nome, origem) VALUES (125, 'RENO', 'Afeganistão');
INSERT INTO marca (idMarca, nome, origem) VALUES (126, 'REVA-I', 'Taiwan');
INSERT INTO marca (idMarca, nome, origem) VALUES (127, 'ROLLS-ROYCE', 'Tonga');
INSERT INTO marca (idMarca, nome, origem) VALUES (129, 'ROMI', 'Geórgia do Sul e Sandwich do Sul');
INSERT INTO marca (idMarca, nome, origem) VALUES (130, 'SEAT', 'Bermudas');
INSERT INTO marca (idMarca, nome, origem) VALUES (131, 'UTILITARIOS AGRICOLAS', 'Samoa');
INSERT INTO marca (idMarca, nome, origem) VALUES (132, 'SHINERAY', 'República Centro-Africana');
INSERT INTO marca (idMarca, nome, origem) VALUES (137, 'SAAB', 'Togo');
INSERT INTO marca (idMarca, nome, origem) VALUES (139, 'SHORT', 'Sudão');
INSERT INTO marca (idMarca, nome, origem) VALUES (141, 'SIMCA', 'Líbano');
INSERT INTO marca (idMarca, nome, origem) VALUES (142, 'SMART', 'Ilhas Heard e McDonald');
INSERT INTO marca (idMarca, nome, origem) VALUES (143, 'SPYKER', 'Fiji');
INSERT INTO marca (idMarca, nome, origem) VALUES (144, 'STANDARD', 'Singapura');
INSERT INTO marca (idMarca, nome, origem) VALUES (145, 'STUDEBAKER', 'Croácia');
INSERT INTO marca (idMarca, nome, origem) VALUES (146, 'TAC', 'Andorra');
INSERT INTO marca (idMarca, nome, origem) VALUES (147, 'TANGER', 'Domínica');
INSERT INTO marca (idMarca, nome, origem) VALUES (148, 'TRIUMPH', 'Andorra');
INSERT INTO marca (idMarca, nome, origem) VALUES (149, 'TROLLER', 'Turquia');
INSERT INTO marca (idMarca, nome, origem) VALUES (150, 'UNIMOG', 'Jamaica');
INSERT INTO marca (idMarca, nome, origem) VALUES (154, 'WIESMANN', 'Turquia');
INSERT INTO marca (idMarca, nome, origem) VALUES (155, 'CADILLAC', 'Egito');
INSERT INTO marca (idMarca, nome, origem) VALUES (156, 'AM GEN', 'Porto Rico');
INSERT INTO marca (idMarca, nome, origem) VALUES (157, 'BUGGY', 'Ilhas Virgens Britânicas');
INSERT INTO marca (idMarca, nome, origem) VALUES (158, 'WILLYS OVERLAND', 'Suécia');
INSERT INTO marca (idMarca, nome, origem) VALUES (161, 'KASEA', 'Costa Rica');
INSERT INTO marca (idMarca, nome, origem) VALUES (162, 'SATURN', 'Nepal');
INSERT INTO marca (idMarca, nome, origem) VALUES (163, 'SWELL MINI', 'Ilhas Virgens Britânicas');
INSERT INTO marca (idMarca, nome, origem) VALUES (175, 'SKODA', 'Svalbard e Jan Mayen');
INSERT INTO marca (idMarca, nome, origem) VALUES (239, 'KARMANN GHIA', 'Lesoto');
INSERT INTO marca (idMarca, nome, origem) VALUES (254, 'KART', 'Gabão');
INSERT INTO marca (idMarca, nome, origem) VALUES (258, 'HANOMAG', 'Guatemala');
INSERT INTO marca (idMarca, nome, origem) VALUES (261, 'OUTROS', 'Ilha do Natal');
INSERT INTO marca (idMarca, nome, origem) VALUES (265, 'HILLMAN', 'Gabão');
INSERT INTO marca (idMarca, nome, origem) VALUES (288, 'HRG', 'Dhekelia');
INSERT INTO marca (idMarca, nome, origem) VALUES (295, 'GAIOLA', 'Gâmbia');
INSERT INTO marca (idMarca, nome, origem) VALUES (338, 'TATA', 'Belize');
INSERT INTO marca (idMarca, nome, origem) VALUES (341, 'DITALLY', 'Portugal');
INSERT INTO marca (idMarca, nome, origem) VALUES (345, 'RELY', 'Croácia');
INSERT INTO marca (idMarca, nome, origem) VALUES (346, 'MCLAREN', 'Antígua e Barbuda');
INSERT INTO marca (idMarca, nome, origem) VALUES (534, 'GEELY', 'Samoa Americana');
INSERT INTO marca (idMarca, nome, origem) VALUES (133, 'KASINSKI', 'Singapura');
INSERT INTO marca (idMarca, nome, origem) VALUES (135, 'YAMAHA', 'Svalbard e Jan Mayen');
INSERT INTO marca (idMarca, nome, origem) VALUES (136, 'GARINNI', 'Ilha Norfolk');
INSERT INTO marca (idMarca, nome, origem) VALUES (140, 'SUNDOWN', 'Panamá');
INSERT INTO marca (idMarca, nome, origem) VALUES (170, 'KAWASAKI', 'Egito');
INSERT INTO marca (idMarca, nome, origem) VALUES (171, 'POLARIS', 'Cuba');
INSERT INTO marca (idMarca, nome, origem) VALUES (176, 'ADLY', 'Rússia');
INSERT INTO marca (idMarca, nome, origem) VALUES (177, 'AMAZONAS', 'Paquistão');
INSERT INTO marca (idMarca, nome, origem) VALUES (178, 'APRILIA', 'Mauritânia');
INSERT INTO marca (idMarca, nome, origem) VALUES (179, 'ATALA', 'Omã');
INSERT INTO marca (idMarca, nome, origem) VALUES (180, 'BAJAJ', 'Palau');
INSERT INTO marca (idMarca, nome, origem) VALUES (181, 'BENELLI', 'Mongólia');
INSERT INTO marca (idMarca, nome, origem) VALUES (182, 'BETA', 'Hungria');
INSERT INTO marca (idMarca, nome, origem) VALUES (183, 'BIMOTA', 'Brasil');
INSERT INTO marca (idMarca, nome, origem) VALUES (184, 'BRANDY', 'Libéria');
INSERT INTO marca (idMarca, nome, origem) VALUES (185, 'BRAVA', 'Ilhas Virgens Britânicas');
INSERT INTO marca (idMarca, nome, origem) VALUES (186, 'BRP', 'Coral Sea Islands');
INSERT INTO marca (idMarca, nome, origem) VALUES (187, 'BUELL', 'Sri Lanka');
INSERT INTO marca (idMarca, nome, origem) VALUES (188, 'BUENO', 'Coral Sea Islands');
INSERT INTO marca (idMarca, nome, origem) VALUES (190, 'CAGIVA', 'Irlanda');
INSERT INTO marca (idMarca, nome, origem) VALUES (191, 'MOBILETE', 'Ucrânia');
INSERT INTO marca (idMarca, nome, origem) VALUES (192, 'DAELIM', 'Irlanda');
INSERT INTO marca (idMarca, nome, origem) VALUES (193, 'DAFRA', 'Tajiquistão');
INSERT INTO marca (idMarca, nome, origem) VALUES (194, 'DAYANG', 'Estônia');
INSERT INTO marca (idMarca, nome, origem) VALUES (195, 'DAYUN', 'Iraque');
INSERT INTO marca (idMarca, nome, origem) VALUES (196, 'DERBI', 'Polônia');
INSERT INTO marca (idMarca, nome, origem) VALUES (197, 'DUCATI', 'Montenegro');
INSERT INTO marca (idMarca, nome, origem) VALUES (198, 'EMME', 'Jan Mayen');
INSERT INTO marca (idMarca, nome, origem) VALUES (200, 'FYM', 'Sara Ocidental');
INSERT INTO marca (idMarca, nome, origem) VALUES (201, 'GAS GAS', 'São Cristóvão e Neves');
INSERT INTO marca (idMarca, nome, origem) VALUES (202, 'GREEN', 'Níger');
INSERT INTO marca (idMarca, nome, origem) VALUES (203, 'HAOBAO', 'Turquia');
INSERT INTO marca (idMarca, nome, origem) VALUES (204, 'HARLEY-DAVIDSON', 'Senegal');
INSERT INTO marca (idMarca, nome, origem) VALUES (205, 'HARTFORD', 'Santa Helena');
INSERT INTO marca (idMarca, nome, origem) VALUES (206, 'HERO', 'Ilhas Virgens Americanas');
INSERT INTO marca (idMarca, nome, origem) VALUES (207, 'HUSABERG', 'Guiné');
INSERT INTO marca (idMarca, nome, origem) VALUES (208, 'HUSQVARNA', 'Ilhas Marshall');
INSERT INTO marca (idMarca, nome, origem) VALUES (209, 'IROS', 'Coral Sea Islands');
INSERT INTO marca (idMarca, nome, origem) VALUES (210, 'JIAPENG VOLCANO', 'Madagáscar');
INSERT INTO marca (idMarca, nome, origem) VALUES (211, 'JOHNNYPAG', 'Geórgia');
INSERT INTO marca (idMarca, nome, origem) VALUES (212, 'JONNY', 'Mauritânia');
INSERT INTO marca (idMarca, nome, origem) VALUES (213, 'KAHENA', 'Croácia');
INSERT INTO marca (idMarca, nome, origem) VALUES (214, 'KIMCO', 'Marrocos');
INSERT INTO marca (idMarca, nome, origem) VALUES (215, 'LAQUILA', 'Quiribáti');
INSERT INTO marca (idMarca, nome, origem) VALUES (216, 'LANDUM', 'Gibraltar');
INSERT INTO marca (idMarca, nome, origem) VALUES (217, 'LAVRALE', 'Madagáscar');
INSERT INTO marca (idMarca, nome, origem) VALUES (218, 'LERIVO', 'França');
INSERT INTO marca (idMarca, nome, origem) VALUES (219, 'LON-V', 'Índia');
INSERT INTO marca (idMarca, nome, origem) VALUES (220, 'TRICICLO', 'Iraque');
INSERT INTO marca (idMarca, nome, origem) VALUES (221, 'MALAGUTI', 'Japão');
INSERT INTO marca (idMarca, nome, origem) VALUES (222, 'MIZA', 'Grécia');
INSERT INTO marca (idMarca, nome, origem) VALUES (223, 'MOTO GUZZI', 'Nepal');
INSERT INTO marca (idMarca, nome, origem) VALUES (224, 'MRX', 'Barein');
INSERT INTO marca (idMarca, nome, origem) VALUES (225, 'MV AUGUSTA', 'Suriname');
INSERT INTO marca (idMarca, nome, origem) VALUES (226, 'MVK', 'Letônia');
INSERT INTO marca (idMarca, nome, origem) VALUES (227, 'ORCA', 'Polônia');
INSERT INTO marca (idMarca, nome, origem) VALUES (228, 'PEGASSI', 'Tunísia');
INSERT INTO marca (idMarca, nome, origem) VALUES (229, 'PIAGGIO', 'Montenegro');
INSERT INTO marca (idMarca, nome, origem) VALUES (230, 'REGAL RAPTOR', 'Etiópia');
INSERT INTO marca (idMarca, nome, origem) VALUES (231, 'SANYANG', 'Akrotiri');
INSERT INTO marca (idMarca, nome, origem) VALUES (232, 'SIAMOTO', 'Brasil');
INSERT INTO marca (idMarca, nome, origem) VALUES (233, 'TARGOS', 'Tailândia');
INSERT INTO marca (idMarca, nome, origem) VALUES (234, 'TRAXX', 'Marianas do Norte');
INSERT INTO marca (idMarca, nome, origem) VALUES (235, 'VENTO', 'Moldávia');
INSERT INTO marca (idMarca, nome, origem) VALUES (236, 'WUYANG', 'Israel');
INSERT INTO marca (idMarca, nome, origem) VALUES (245, 'GARRA', 'Luxemburgo');
INSERT INTO marca (idMarca, nome, origem) VALUES (246, 'X MOTOS', 'Ilhas Caiman');
INSERT INTO marca (idMarca, nome, origem) VALUES (248, 'TRICKER', 'São Cristóvão e Neves');
INSERT INTO marca (idMarca, nome, origem) VALUES (253, 'LAMBRETA', 'França');
INSERT INTO marca (idMarca, nome, origem) VALUES (269, 'SCOOTER', 'Antártica');
INSERT INTO marca (idMarca, nome, origem) VALUES (281, 'ZONGSHEN', 'Dinamarca');
INSERT INTO marca (idMarca, nome, origem) VALUES (282, 'BIRELLI', 'Costa do Marfim');
INSERT INTO marca (idMarca, nome, origem) VALUES (294, 'WALK MACHINE', 'Moldávia');
INSERT INTO marca (idMarca, nome, origem) VALUES (297, 'FBM', 'Coral Sea Islands');
INSERT INTO marca (idMarca, nome, origem) VALUES (299, 'ARIEL', 'Letônia');
INSERT INTO marca (idMarca, nome, origem) VALUES (340, 'DUCAR', 'Moçambique');
INSERT INTO marca (idMarca, nome, origem) VALUES (342, 'MARVA', 'Namíbia');
INSERT INTO marca (idMarca, nome, origem) VALUES (343, 'WOLVER', 'Costa Rica');
INSERT INTO marca (idMarca, nome, origem) VALUES (344, 'KTM', 'Macau');
INSERT INTO marca (idMarca, nome, origem) VALUES (347, 'LEOPARD', 'Jordânia');
INSERT INTO marca (idMarca, nome, origem) VALUES (348, 'JAWA', 'Nicarágua');
INSERT INTO marca (idMarca, nome, origem) VALUES (349, 'BULL', 'Guiné Equatorial');
INSERT INTO marca (idMarca, nome, origem) VALUES (358, 'CAN-AM', 'Ilhas Turcas e Caicos');
INSERT INTO marca (idMarca, nome, origem) VALUES (359, 'ACELLERA', 'República Checa');
INSERT INTO marca (idMarca, nome, origem) VALUES (483, 'VICTORY', 'Egito');
INSERT INTO marca (idMarca, nome, origem) VALUES (484, 'INDIAN', 'Tailândia');
INSERT INTO marca (idMarca, nome, origem) VALUES (532, 'BRAVAX', 'Bahamas');
INSERT INTO marca (idMarca, nome, origem) VALUES (533, 'GARELLI', 'Congo-Brazzaville');
INSERT INTO marca (idMarca, nome, origem) VALUES (84, 'ISUZU', 'Turquia');
INSERT INTO marca (idMarca, nome, origem) VALUES (85, 'IVECO', 'Congo-Brazzaville');
INSERT INTO marca (idMarca, nome, origem) VALUES (164, 'TRAILER', 'Armênia');
INSERT INTO marca (idMarca, nome, origem) VALUES (167, 'RANDON', 'Camboja');
INSERT INTO marca (idMarca, nome, origem) VALUES (242, 'SCANIA', 'Samoa');
INSERT INTO marca (idMarca, nome, origem) VALUES (263, 'ONIBUS', 'Serra Leoa');
INSERT INTO marca (idMarca, nome, origem) VALUES (266, 'UTILITARIOS PESADOS', 'Belize');
INSERT INTO marca (idMarca, nome, origem) VALUES (270, 'MOTOR-HOME', 'Camarões');
INSERT INTO marca (idMarca, nome, origem) VALUES (274, 'MAN', 'Argentina');
INSERT INTO marca (idMarca, nome, origem) VALUES (275, 'NAVISTAR', 'Albânia');
INSERT INTO marca (idMarca, nome, origem) VALUES (277, 'SINOTRUK', 'Guernsey');
INSERT INTO marca (idMarca, nome, origem) VALUES (284, 'SCHIFFER', 'Brunei');
INSERT INTO marca (idMarca, nome, origem) VALUES (285, 'GUERRA', 'Ilhas Falkland');
INSERT INTO marca (idMarca, nome, origem) VALUES (292, 'MICHIGAN', 'Indonésia');
INSERT INTO modelo (idModelo, denominacao, idMarca, idTipo) VALUES (1, 'INTEGRA', 25, 1);
INSERT INTO modelo (idModelo, denominacao, idMarca, idTipo) VALUES (2, 'LEGEND', 25, 1);
INSERT INTO modelo (idModelo, denominacao, idMarca, idTipo) VALUES (4, 'MARRUA', 27, 1);
INSERT INTO modelo (idModelo, denominacao, idMarca, idTipo) VALUES (12, 'SPIDER', 28, 1);
INSERT INTO modelo (idModelo, denominacao, idMarca, idTipo) VALUES (13, 'HUMMER', 156, 1);
INSERT INTO modelo (idModelo, denominacao, idMarca, idTipo) VALUES (14, 'AM-825', 16, 1);
INSERT INTO modelo (idModelo, denominacao, idMarca, idTipo) VALUES (15, 'HI-TOPIC', 16, 1);
INSERT INTO modelo (idModelo, denominacao, idMarca, idTipo) VALUES (16, 'ROCSTA', 16, 1);
INSERT INTO modelo (idModelo, denominacao, idMarca, idTipo) VALUES (18, 'TOWNER', 16, 1);
INSERT INTO modelo (idModelo, denominacao, idMarca, idTipo) VALUES (23, 'A4 SEDAN', 32, 1);
INSERT INTO modelo (idModelo, denominacao, idMarca, idTipo) VALUES (24, 'A5 COUPE', 32, 1);
INSERT INTO modelo (idModelo, denominacao, idMarca, idTipo) VALUES (25, 'A6 SEDAN', 32, 1);
INSERT INTO modelo (idModelo, denominacao, idMarca, idTipo) VALUES (39, 'S4 SEDAN', 32, 1);
INSERT INTO modelo (idModelo, denominacao, idMarca, idTipo) VALUES (40, 'S6 SEDAN', 32, 1);
INSERT INTO modelo (idModelo, denominacao, idMarca, idTipo) VALUES (87, 'DEVILLE', 155, 1);
INSERT INTO modelo (idModelo, denominacao, idMarca, idTipo) VALUES (88, 'ELDORADO', 155, 1);
INSERT INTO modelo (idModelo, denominacao, idMarca, idTipo) VALUES (89, 'SEVILLE', 155, 1);
INSERT INTO modelo (idModelo, denominacao, idMarca, idTipo) VALUES (90, 'JAVALI', 42, 1);
INSERT INTO modelo (idModelo, denominacao, idMarca, idTipo) VALUES (92, 'MINI STAR FAMILY', 6, 1);
INSERT INTO modelo (idModelo, denominacao, idMarca, idTipo) VALUES (93, 'MINI STAR UTILITY', 6, 1);
INSERT INTO modelo (idModelo, denominacao, idMarca, idTipo) VALUES (101, 'CARAVAN', 19, 1);
INSERT INTO modelo (idModelo, denominacao, idMarca, idTipo) VALUES (102, 'CIRRUS', 19, 1);
INSERT INTO modelo (idModelo, denominacao, idMarca, idTipo) VALUES (103, 'GRAN CARAVAN', 19, 1);
INSERT INTO modelo (idModelo, denominacao, idMarca, idTipo) VALUES (104, 'LE BARON', 19, 1);
INSERT INTO modelo (idModelo, denominacao, idMarca, idTipo) VALUES (106, 'PT CRUISER', 19, 1);
INSERT INTO modelo (idModelo, denominacao, idMarca, idTipo) VALUES (107, 'SEBRING', 19, 1);
INSERT INTO modelo (idModelo, denominacao, idMarca, idTipo) VALUES (108, 'STRATUS', 19, 1);
INSERT INTO modelo (idModelo, denominacao, idMarca, idTipo) VALUES (109, 'TOWN E COUNTRY', 19, 1);
INSERT INTO modelo (idModelo, denominacao, idMarca, idTipo) VALUES (110, 'VISION', 19, 1);
INSERT INTO modelo (idModelo, denominacao, idMarca, idTipo) VALUES (111, 'AIRCROSS', 5, 1);
INSERT INTO modelo (idModelo, denominacao, idMarca, idTipo) VALUES (113, 'BERLINGO', 5, 1);
INSERT INTO modelo (idModelo, denominacao, idMarca, idTipo) VALUES (121, 'EVASION', 5, 1);
INSERT INTO modelo (idModelo, denominacao, idMarca, idTipo) VALUES (122, 'JUMPER', 5, 1);
INSERT INTO modelo (idModelo, denominacao, idMarca, idTipo) VALUES (123, 'XANTIA', 5, 1);
INSERT INTO modelo (idModelo, denominacao, idMarca, idTipo) VALUES (127, 'CL-244', 50, 1);
INSERT INTO modelo (idModelo, denominacao, idMarca, idTipo) VALUES (128, 'CL-330', 50, 1);
INSERT INTO modelo (idModelo, denominacao, idMarca, idTipo) VALUES (129, 'ESPERO', 51, 1);
INSERT INTO modelo (idModelo, denominacao, idMarca, idTipo) VALUES (131, 'LEGANZA', 51, 1);
INSERT INTO modelo (idModelo, denominacao, idMarca, idTipo) VALUES (132, 'NUBIRA', 51, 1);
INSERT INTO modelo (idModelo, denominacao, idMarca, idTipo) VALUES (133, 'PRINCE', 51, 1);
INSERT INTO modelo (idModelo, denominacao, idMarca, idTipo) VALUES (135, 'SUPER SALON', 51, 1);
INSERT INTO modelo (idModelo, denominacao, idMarca, idTipo) VALUES (137, 'APPLAUSE', 52, 1);
INSERT INTO modelo (idModelo, denominacao, idMarca, idTipo) VALUES (138, 'CHARADE', 52, 1);
INSERT INTO modelo (idModelo, denominacao, idMarca, idTipo) VALUES (140, 'FEROZA', 52, 1);
INSERT INTO modelo (idModelo, denominacao, idMarca, idTipo) VALUES (141, 'GRAN MOVE', 52, 1);
INSERT INTO modelo (idModelo, denominacao, idMarca, idTipo) VALUES (142, 'MOVE VAN', 52, 1);
INSERT INTO modelo (idModelo, denominacao, idMarca, idTipo) VALUES (143, 'TERIOS', 52, 1);
INSERT INTO modelo (idModelo, denominacao, idMarca, idTipo) VALUES (144, 'AVENGER', 18, 1);
INSERT INTO modelo (idModelo, denominacao, idMarca, idTipo) VALUES (145, 'DAKOTA', 18, 1);
INSERT INTO modelo (idModelo, denominacao, idMarca, idTipo) VALUES (146, 'JOURNEY', 18, 1);
INSERT INTO modelo (idModelo, denominacao, idMarca, idTipo) VALUES (148, 'STEALTH', 18, 1);
INSERT INTO modelo (idModelo, denominacao, idMarca, idTipo) VALUES (152, 'PLUTUS', 61, 1);
INSERT INTO modelo (idModelo, denominacao, idMarca, idTipo) VALUES (158, 'ENGESA', 63, 1);
INSERT INTO modelo (idModelo, denominacao, idMarca, idTipo) VALUES (159, 'CAMPER', 64, 1);
INSERT INTO modelo (idModelo, denominacao, idMarca, idTipo) VALUES (160, 'MASTER', 64, 1);
INSERT INTO modelo (idModelo, denominacao, idMarca, idTipo) VALUES (168, 'CALIFORNIA', 10, 1);
INSERT INTO modelo (idModelo, denominacao, idMarca, idTipo) VALUES (180, 'DUCATO CARGO', 3, 1);
INSERT INTO modelo (idModelo, denominacao, idMarca, idTipo) VALUES (183, 'FIORINO', 3, 1);
INSERT INTO modelo (idModelo, denominacao, idMarca, idTipo) VALUES (184, 'FREEMONT', 3, 1);
INSERT INTO modelo (idModelo, denominacao, idMarca, idTipo) VALUES (185, 'GRAND SIENA', 3, 1);
INSERT INTO modelo (idModelo, denominacao, idMarca, idTipo) VALUES (191, 'PANORAMA', 3, 1);
INSERT INTO modelo (idModelo, denominacao, idMarca, idTipo) VALUES (192, 'PREMIO', 3, 1);
INSERT INTO modelo (idModelo, denominacao, idMarca, idTipo) VALUES (196, 'STRADA', 3, 1);
INSERT INTO modelo (idModelo, denominacao, idMarca, idTipo) VALUES (197, 'TEMPRA', 3, 1);
INSERT INTO modelo (idModelo, denominacao, idMarca, idTipo) VALUES (201, 'AEROSTAR', 13, 1);
INSERT INTO modelo (idModelo, denominacao, idMarca, idTipo) VALUES (202, 'ASPIRE', 13, 1);
INSERT INTO modelo (idModelo, denominacao, idMarca, idTipo) VALUES (203, 'BELINA', 13, 1);
INSERT INTO modelo (idModelo, denominacao, idMarca, idTipo) VALUES (204, 'CLUB WAGON', 13, 1);
INSERT INTO modelo (idModelo, denominacao, idMarca, idTipo) VALUES (205, 'CONTOUR', 13, 1);
INSERT INTO modelo (idModelo, denominacao, idMarca, idTipo) VALUES (206, 'CORCEL II', 13, 1);
INSERT INTO modelo (idModelo, denominacao, idMarca, idTipo) VALUES (207, 'COURIER', 13, 1);
INSERT INTO modelo (idModelo, denominacao, idMarca, idTipo) VALUES (208, 'CROWN VICTORIA', 13, 1);
INSERT INTO modelo (idModelo, denominacao, idMarca, idTipo) VALUES (209, 'DEL REY', 13, 1);
INSERT INTO modelo (idModelo, denominacao, idMarca, idTipo) VALUES (210, 'ECOSPORT', 13, 1);
INSERT INTO modelo (idModelo, denominacao, idMarca, idTipo) VALUES (212, 'ESCORT', 13, 1);
INSERT INTO modelo (idModelo, denominacao, idMarca, idTipo) VALUES (213, 'EXPEDITION', 13, 1);
INSERT INTO modelo (idModelo, denominacao, idMarca, idTipo) VALUES (214, 'EXPLORER', 13, 1);
INSERT INTO modelo (idModelo, denominacao, idMarca, idTipo) VALUES (216, 'F-1000', 13, 1);
INSERT INTO modelo (idModelo, denominacao, idMarca, idTipo) VALUES (219, 'FIESTA', 13, 1);
INSERT INTO modelo (idModelo, denominacao, idMarca, idTipo) VALUES (221, 'FURGLAINE', 13, 1);
INSERT INTO modelo (idModelo, denominacao, idMarca, idTipo) VALUES (222, 'FUSION', 13, 1);
INSERT INTO modelo (idModelo, denominacao, idMarca, idTipo) VALUES (225, 'MONDEO', 13, 1);
INSERT INTO modelo (idModelo, denominacao, idMarca, idTipo) VALUES (226, 'MUSTANG', 13, 1);
INSERT INTO modelo (idModelo, denominacao, idMarca, idTipo) VALUES (229, 'RANGER', 13, 1);
INSERT INTO modelo (idModelo, denominacao, idMarca, idTipo) VALUES (230, 'VERSAILLES ROYALE', 13, 1);
INSERT INTO modelo (idModelo, denominacao, idMarca, idTipo) VALUES (231, 'TAURUS', 13, 1);
INSERT INTO modelo (idModelo, denominacao, idMarca, idTipo) VALUES (232, 'THUNDERBIRD', 13, 1);
INSERT INTO modelo (idModelo, denominacao, idMarca, idTipo) VALUES (233, 'TRANSIT', 13, 1);
INSERT INTO modelo (idModelo, denominacao, idMarca, idTipo) VALUES (234, 'VERONA', 13, 1);
INSERT INTO modelo (idModelo, denominacao, idMarca, idTipo) VALUES (235, 'VERSAILLES', 13, 1);
INSERT INTO modelo (idModelo, denominacao, idMarca, idTipo) VALUES (236, 'WINDSTAR', 13, 1);
INSERT INTO modelo (idModelo, denominacao, idMarca, idTipo) VALUES (242, 'BLAZER', 1, 1);
INSERT INTO modelo (idModelo, denominacao, idMarca, idTipo) VALUES (243, 'BONANZA', 1, 1);
INSERT INTO modelo (idModelo, denominacao, idMarca, idTipo) VALUES (247, 'CALIBRA', 1, 1);
INSERT INTO modelo (idModelo, denominacao, idMarca, idTipo) VALUES (248, 'CAMARO', 1, 1);
INSERT INTO modelo (idModelo, denominacao, idMarca, idTipo) VALUES (249, 'CAPRICE', 1, 1);
INSERT INTO modelo (idModelo, denominacao, idMarca, idTipo) VALUES (250, 'CAPTIVA', 1, 1);
INSERT INTO modelo (idModelo, denominacao, idMarca, idTipo) VALUES (251, 'CARAVAN', 1, 1);
INSERT INTO modelo (idModelo, denominacao, idMarca, idTipo) VALUES (252, 'CAVALIER', 1, 1);
INSERT INTO modelo (idModelo, denominacao, idMarca, idTipo) VALUES (256, 'CHEYNNE', 1, 1);
INSERT INTO modelo (idModelo, denominacao, idMarca, idTipo) VALUES (258, 'COBALT', 1, 1);
INSERT INTO modelo (idModelo, denominacao, idMarca, idTipo) VALUES (262, 'CORVETTE', 1, 1);
INSERT INTO modelo (idModelo, denominacao, idMarca, idTipo) VALUES (266, 'IPANEMA', 1, 1);
INSERT INTO modelo (idModelo, denominacao, idMarca, idTipo) VALUES (267, 'KADETT', 1, 1);
INSERT INTO modelo (idModelo, denominacao, idMarca, idTipo) VALUES (268, 'LUMINA', 1, 1);
INSERT INTO modelo (idModelo, denominacao, idMarca, idTipo) VALUES (269, 'MALIBU', 1, 1);
INSERT INTO modelo (idModelo, denominacao, idMarca, idTipo) VALUES (271, 'MERIVA', 1, 1);
INSERT INTO modelo (idModelo, denominacao, idMarca, idTipo) VALUES (272, 'MONTANA', 1, 1);
INSERT INTO modelo (idModelo, denominacao, idMarca, idTipo) VALUES (276, 'PRISMA', 1, 1);
INSERT INTO modelo (idModelo, denominacao, idMarca, idTipo) VALUES (280, 'SILVERADO', 1, 1);
INSERT INTO modelo (idModelo, denominacao, idMarca, idTipo) VALUES (282, 'SONOMA', 1, 1);
INSERT INTO modelo (idModelo, denominacao, idMarca, idTipo) VALUES (283, 'SPACEVAN', 1, 1);
INSERT INTO modelo (idModelo, denominacao, idMarca, idTipo) VALUES (285, 'SUBURBAN', 1, 1);
INSERT INTO modelo (idModelo, denominacao, idMarca, idTipo) VALUES (287, 'SYCLONE', 1, 1);
INSERT INTO modelo (idModelo, denominacao, idMarca, idTipo) VALUES (289, 'TRACKER', 1, 1);
INSERT INTO modelo (idModelo, denominacao, idMarca, idTipo) VALUES (290, 'TRAFIC', 1, 1);
INSERT INTO modelo (idModelo, denominacao, idMarca, idTipo) VALUES (291, 'VECTRA', 1, 1);
INSERT INTO modelo (idModelo, denominacao, idMarca, idTipo) VALUES (292, 'VERANEIO', 1, 1);
INSERT INTO modelo (idModelo, denominacao, idMarca, idTipo) VALUES (293, 'ZAFIRA', 1, 1);
INSERT INTO modelo (idModelo, denominacao, idMarca, idTipo) VALUES (295, 'BR-800', 17, 1);
INSERT INTO modelo (idModelo, denominacao, idMarca, idTipo) VALUES (296, 'CARAJAS', 17, 1);
INSERT INTO modelo (idModelo, denominacao, idMarca, idTipo) VALUES (297, 'TOCANTINS', 17, 1);
INSERT INTO modelo (idModelo, denominacao, idMarca, idTipo) VALUES (298, 'XAVANTE', 17, 1);
INSERT INTO modelo (idModelo, denominacao, idMarca, idTipo) VALUES (300, 'TOWNER', 76, 1);
INSERT INTO modelo (idModelo, denominacao, idMarca, idTipo) VALUES (301, 'ACCORD', 7, 1);
INSERT INTO modelo (idModelo, denominacao, idMarca, idTipo) VALUES (306, 'ODYSSEY', 7, 1);
INSERT INTO modelo (idModelo, denominacao, idMarca, idTipo) VALUES (307, 'PASSPORT', 7, 1);
INSERT INTO modelo (idModelo, denominacao, idMarca, idTipo) VALUES (308, 'PRELUDE', 7, 1);
INSERT INTO modelo (idModelo, denominacao, idMarca, idTipo) VALUES (309, 'ACCENT', 14, 1);
INSERT INTO modelo (idModelo, denominacao, idMarca, idTipo) VALUES (314, 'ELANTRA', 14, 1);
INSERT INTO modelo (idModelo, denominacao, idMarca, idTipo) VALUES (316, 'GALLOPER', 14, 1);
INSERT INTO modelo (idModelo, denominacao, idMarca, idTipo) VALUES (317, 'GENESIS', 14, 1);
INSERT INTO modelo (idModelo, denominacao, idMarca, idTipo) VALUES (324, 'MATRIX', 14, 1);
INSERT INTO modelo (idModelo, denominacao, idMarca, idTipo) VALUES (325, 'PORTER', 14, 1);
INSERT INTO modelo (idModelo, denominacao, idMarca, idTipo) VALUES (326, 'SANTA FE', 14, 1);
INSERT INTO modelo (idModelo, denominacao, idMarca, idTipo) VALUES (327, 'SCOUPE', 14, 1);
INSERT INTO modelo (idModelo, denominacao, idMarca, idTipo) VALUES (328, 'SONATA', 14, 1);
INSERT INTO modelo (idModelo, denominacao, idMarca, idTipo) VALUES (329, 'TERRACAN', 14, 1);
INSERT INTO modelo (idModelo, denominacao, idMarca, idTipo) VALUES (330, 'TRAJET', 14, 1);
INSERT INTO modelo (idModelo, denominacao, idMarca, idTipo) VALUES (331, 'TUCSON', 14, 1);
INSERT INTO modelo (idModelo, denominacao, idMarca, idTipo) VALUES (332, 'VELOSTER', 14, 1);
INSERT INTO modelo (idModelo, denominacao, idMarca, idTipo) VALUES (333, 'VERACRUZ', 14, 1);
INSERT INTO modelo (idModelo, denominacao, idMarca, idTipo) VALUES (335, 'HOMBRE', 84, 1);
INSERT INTO modelo (idModelo, denominacao, idMarca, idTipo) VALUES (340, 'DAIMLER', 86, 1);
INSERT INTO modelo (idModelo, denominacao, idMarca, idTipo) VALUES (341, 'S-TYPE', 86, 1);
INSERT INTO modelo (idModelo, denominacao, idMarca, idTipo) VALUES (342, 'X-TYPE', 86, 1);
INSERT INTO modelo (idModelo, denominacao, idMarca, idTipo) VALUES (345, 'MODELOS XJ', 86, 1);
INSERT INTO modelo (idModelo, denominacao, idMarca, idTipo) VALUES (352, 'MODELOS XK', 86, 1);
INSERT INTO modelo (idModelo, denominacao, idMarca, idTipo) VALUES (354, 'CHEROKEE', 87, 1);
INSERT INTO modelo (idModelo, denominacao, idMarca, idTipo) VALUES (355, 'COMMANDER', 87, 1);
INSERT INTO modelo (idModelo, denominacao, idMarca, idTipo) VALUES (356, 'COMPASS', 87, 1);
INSERT INTO modelo (idModelo, denominacao, idMarca, idTipo) VALUES (357, 'GRAND CHEROKEE', 87, 1);
INSERT INTO modelo (idModelo, denominacao, idMarca, idTipo) VALUES (358, 'WRANGLER', 87, 1);
INSERT INTO modelo (idModelo, denominacao, idMarca, idTipo) VALUES (359, 'TOPIC VAN', 88, 1);
INSERT INTO modelo (idModelo, denominacao, idMarca, idTipo) VALUES (360, 'JIPE MONTEZ', 89, 1);
INSERT INTO modelo (idModelo, denominacao, idMarca, idTipo) VALUES (361, 'PICAPE MONTEZ', 89, 1);
INSERT INTO modelo (idModelo, denominacao, idMarca, idTipo) VALUES (364, 'CADENZA', 16, 1);
INSERT INTO modelo (idModelo, denominacao, idMarca, idTipo) VALUES (365, 'CARENS', 16, 1);
INSERT INTO modelo (idModelo, denominacao, idMarca, idTipo) VALUES (366, 'CARNIVAL', 16, 1);
INSERT INTO modelo (idModelo, denominacao, idMarca, idTipo) VALUES (367, 'CERATO', 16, 1);
INSERT INTO modelo (idModelo, denominacao, idMarca, idTipo) VALUES (369, 'CLARUS', 16, 1);
INSERT INTO modelo (idModelo, denominacao, idMarca, idTipo) VALUES (370, 'MAGENTIS', 16, 1);
INSERT INTO modelo (idModelo, denominacao, idMarca, idTipo) VALUES (371, 'MOHAVE', 16, 1);
INSERT INTO modelo (idModelo, denominacao, idMarca, idTipo) VALUES (372, 'OPIRUS', 16, 1);
INSERT INTO modelo (idModelo, denominacao, idMarca, idTipo) VALUES (373, 'OPTIMA', 16, 1);
INSERT INTO modelo (idModelo, denominacao, idMarca, idTipo) VALUES (374, 'PICANTO', 16, 1);
INSERT INTO modelo (idModelo, denominacao, idMarca, idTipo) VALUES (375, 'SEPHIA', 16, 1);
INSERT INTO modelo (idModelo, denominacao, idMarca, idTipo) VALUES (377, 'SORENTO', 16, 1);
INSERT INTO modelo (idModelo, denominacao, idMarca, idTipo) VALUES (379, 'SPORTAGE', 16, 1);
INSERT INTO modelo (idModelo, denominacao, idMarca, idTipo) VALUES (382, 'SAMARA', 94, 1);
INSERT INTO modelo (idModelo, denominacao, idMarca, idTipo) VALUES (383, 'GALLARDO', 12, 1);
INSERT INTO modelo (idModelo, denominacao, idMarca, idTipo) VALUES (384, 'MURCIELAGO', 12, 1);
INSERT INTO modelo (idModelo, denominacao, idMarca, idTipo) VALUES (385, 'DEFENDER', 96, 1);
INSERT INTO modelo (idModelo, denominacao, idMarca, idTipo) VALUES (386, 'DISCOVERY', 96, 1);
INSERT INTO modelo (idModelo, denominacao, idMarca, idTipo) VALUES (389, 'FREELANDER', 96, 1);
INSERT INTO modelo (idModelo, denominacao, idMarca, idTipo) VALUES (391, 'NEW RANGE', 96, 1);
INSERT INTO modelo (idModelo, denominacao, idMarca, idTipo) VALUES (392, 'RANGE ROVER', 96, 1);
INSERT INTO modelo (idModelo, denominacao, idMarca, idTipo) VALUES (397, 'IS-300', 97, 1);
INSERT INTO modelo (idModelo, denominacao, idMarca, idTipo) VALUES (407, 'ESPRIT', 101, 1);
INSERT INTO modelo (idModelo, denominacao, idMarca, idTipo) VALUES (408, 'SCORPIO', 102, 1);
INSERT INTO modelo (idModelo, denominacao, idMarca, idTipo) VALUES (414, 'GHIBLI', 104, 1);
INSERT INTO modelo (idModelo, denominacao, idMarca, idTipo) VALUES (415, 'GRANCABRIO', 104, 1);
INSERT INTO modelo (idModelo, denominacao, idMarca, idTipo) VALUES (416, 'GRANSPORT', 104, 1);
INSERT INTO modelo (idModelo, denominacao, idMarca, idTipo) VALUES (417, 'GRANTURISMO', 104, 1);
INSERT INTO modelo (idModelo, denominacao, idMarca, idTipo) VALUES (418, 'QUATTROPORTE', 104, 1);
INSERT INTO modelo (idModelo, denominacao, idMarca, idTipo) VALUES (419, 'SHAMAL', 104, 1);
INSERT INTO modelo (idModelo, denominacao, idMarca, idTipo) VALUES (420, 'SPIDER', 104, 1);
INSERT INTO modelo (idModelo, denominacao, idMarca, idTipo) VALUES (422, 'PICK-UP', 106, 1);
INSERT INTO modelo (idModelo, denominacao, idMarca, idTipo) VALUES (426, 'B-2500', 108, 1);
INSERT INTO modelo (idModelo, denominacao, idMarca, idTipo) VALUES (428, 'MILLENIA', 108, 1);
INSERT INTO modelo (idModelo, denominacao, idMarca, idTipo) VALUES (432, 'NAVAJO', 108, 1);
INSERT INTO modelo (idModelo, denominacao, idMarca, idTipo) VALUES (433, 'PROTEGE', 108, 1);
INSERT INTO modelo (idModelo, denominacao, idMarca, idTipo) VALUES (467, 'CLASSE A', 4, 1);
INSERT INTO modelo (idModelo, denominacao, idMarca, idTipo) VALUES (468, 'CLASSE B', 4, 1);
INSERT INTO modelo (idModelo, denominacao, idMarca, idTipo) VALUES (469, 'CLASSE R', 4, 1);
INSERT INTO modelo (idModelo, denominacao, idMarca, idTipo) VALUES (498, 'CLASSE GLK', 4, 1);
INSERT INTO modelo (idModelo, denominacao, idMarca, idTipo) VALUES (531, 'SPRINTER', 4, 1);
INSERT INTO modelo (idModelo, denominacao, idMarca, idTipo) VALUES (532, 'MYSTIQUE', 110, 1);
INSERT INTO modelo (idModelo, denominacao, idMarca, idTipo) VALUES (536, 'COOPER', 113, 1);
INSERT INTO modelo (idModelo, denominacao, idMarca, idTipo) VALUES (539, 'AIRTREK', 111, 1);
INSERT INTO modelo (idModelo, denominacao, idMarca, idTipo) VALUES (542, 'DIAMANT', 111, 1);
INSERT INTO modelo (idModelo, denominacao, idMarca, idTipo) VALUES (543, 'ECLIPSE', 111, 1);
INSERT INTO modelo (idModelo, denominacao, idMarca, idTipo) VALUES (545, 'GALANT', 111, 1);
INSERT INTO modelo (idModelo, denominacao, idMarca, idTipo) VALUES (546, 'GRANDIS', 111, 1);
INSERT INTO modelo (idModelo, denominacao, idMarca, idTipo) VALUES (549, 'LANCER', 111, 1);
INSERT INTO modelo (idModelo, denominacao, idMarca, idTipo) VALUES (550, 'MIRAGE', 111, 1);
INSERT INTO modelo (idModelo, denominacao, idMarca, idTipo) VALUES (551, 'MONTERO', 111, 1);
INSERT INTO modelo (idModelo, denominacao, idMarca, idTipo) VALUES (552, 'OUTLANDER', 111, 1);
INSERT INTO modelo (idModelo, denominacao, idMarca, idTipo) VALUES (553, 'PAJERO', 111, 1);
INSERT INTO modelo (idModelo, denominacao, idMarca, idTipo) VALUES (554, 'SPACE WAGON', 111, 1);
INSERT INTO modelo (idModelo, denominacao, idMarca, idTipo) VALUES (555, 'BG-TRUCK', 114, 1);
INSERT INTO modelo (idModelo, denominacao, idMarca, idTipo) VALUES (557, 'ALTIMA', 43, 1);
INSERT INTO modelo (idModelo, denominacao, idMarca, idTipo) VALUES (560, 'FRONTIER', 43, 1);
INSERT INTO modelo (idModelo, denominacao, idMarca, idTipo) VALUES (562, 'KING-CAB', 43, 1);
INSERT INTO modelo (idModelo, denominacao, idMarca, idTipo) VALUES (563, 'LIVINA', 43, 1);
INSERT INTO modelo (idModelo, denominacao, idMarca, idTipo) VALUES (565, 'MAXIMA', 43, 1);
INSERT INTO modelo (idModelo, denominacao, idMarca, idTipo) VALUES (567, 'MURANO', 43, 1);
INSERT INTO modelo (idModelo, denominacao, idMarca, idTipo) VALUES (569, 'PATHFINDER', 43, 1);
INSERT INTO modelo (idModelo, denominacao, idMarca, idTipo) VALUES (571, 'PRIMERA', 43, 1);
INSERT INTO modelo (idModelo, denominacao, idMarca, idTipo) VALUES (573, 'SENTRA', 43, 1);
INSERT INTO modelo (idModelo, denominacao, idMarca, idTipo) VALUES (574, 'STANZA', 43, 1);
INSERT INTO modelo (idModelo, denominacao, idMarca, idTipo) VALUES (576, 'TERRANO', 43, 1);
INSERT INTO modelo (idModelo, denominacao, idMarca, idTipo) VALUES (579, 'X-TRAIL', 43, 1);
INSERT INTO modelo (idModelo, denominacao, idMarca, idTipo) VALUES (580, 'XTERRA', 43, 1);
INSERT INTO modelo (idModelo, denominacao, idMarca, idTipo) VALUES (602, 'HOGGAR', 22, 1);
INSERT INTO modelo (idModelo, denominacao, idMarca, idTipo) VALUES (603, 'PARTNER', 22, 1);
INSERT INTO modelo (idModelo, denominacao, idMarca, idTipo) VALUES (605, 'GRAN VOYAGER', 123, 1);
INSERT INTO modelo (idModelo, denominacao, idMarca, idTipo) VALUES (606, 'SUNDANCE', 123, 1);
INSERT INTO modelo (idModelo, denominacao, idMarca, idTipo) VALUES (607, 'TRANS-AM', 69, 1);
INSERT INTO modelo (idModelo, denominacao, idMarca, idTipo) VALUES (608, 'TRANS-SPORT', 69, 1);
INSERT INTO modelo (idModelo, denominacao, idMarca, idTipo) VALUES (612, 'BOXSTER', 70, 1);
INSERT INTO modelo (idModelo, denominacao, idMarca, idTipo) VALUES (613, 'CAYENNE', 70, 1);
INSERT INTO modelo (idModelo, denominacao, idMarca, idTipo) VALUES (614, 'CAYMAN', 70, 1);
INSERT INTO modelo (idModelo, denominacao, idMarca, idTipo) VALUES (615, 'PANAMERA', 70, 1);
INSERT INTO modelo (idModelo, denominacao, idMarca, idTipo) VALUES (617, '21 SEDAN', 24, 1);
INSERT INTO modelo (idModelo, denominacao, idMarca, idTipo) VALUES (619, 'DUSTER', 24, 1);
INSERT INTO modelo (idModelo, denominacao, idMarca, idTipo) VALUES (620, 'EXPRESS', 24, 1);
INSERT INTO modelo (idModelo, denominacao, idMarca, idTipo) VALUES (621, 'FLUENCE', 24, 1);
INSERT INTO modelo (idModelo, denominacao, idMarca, idTipo) VALUES (622, 'KANGOO', 24, 1);
INSERT INTO modelo (idModelo, denominacao, idMarca, idTipo) VALUES (623, 'LAGUNA', 24, 1);
INSERT INTO modelo (idModelo, denominacao, idMarca, idTipo) VALUES (625, 'MASTER', 24, 1);
INSERT INTO modelo (idModelo, denominacao, idMarca, idTipo) VALUES (626, 'MEGANE', 24, 1);
INSERT INTO modelo (idModelo, denominacao, idMarca, idTipo) VALUES (627, 'SAFRANE', 24, 1);
INSERT INTO modelo (idModelo, denominacao, idMarca, idTipo) VALUES (628, 'SANDERO', 24, 1);
INSERT INTO modelo (idModelo, denominacao, idMarca, idTipo) VALUES (629, 'SCENIC', 24, 1);
INSERT INTO modelo (idModelo, denominacao, idMarca, idTipo) VALUES (630, 'SYMBOL', 24, 1);
INSERT INTO modelo (idModelo, denominacao, idMarca, idTipo) VALUES (631, 'TRAFIC', 24, 1);
INSERT INTO modelo (idModelo, denominacao, idMarca, idTipo) VALUES (632, 'TWINGO', 24, 1);
INSERT INTO modelo (idModelo, denominacao, idMarca, idTipo) VALUES (636, 'CORDOBA', 130, 1);
INSERT INTO modelo (idModelo, denominacao, idMarca, idTipo) VALUES (641, 'FORTWO', 142, 1);
INSERT INTO modelo (idModelo, denominacao, idMarca, idTipo) VALUES (642, 'ACTYON SPORTS', 21, 1);
INSERT INTO modelo (idModelo, denominacao, idMarca, idTipo) VALUES (643, 'CHAIRMAN', 21, 1);
INSERT INTO modelo (idModelo, denominacao, idMarca, idTipo) VALUES (644, 'ISTANA', 21, 1);
INSERT INTO modelo (idModelo, denominacao, idMarca, idTipo) VALUES (645, 'KORANDO', 21, 1);
INSERT INTO modelo (idModelo, denominacao, idMarca, idTipo) VALUES (648, 'REXTON', 21, 1);
INSERT INTO modelo (idModelo, denominacao, idMarca, idTipo) VALUES (649, 'FORESTER', 8, 1);
INSERT INTO modelo (idModelo, denominacao, idMarca, idTipo) VALUES (650, 'IMPREZA', 8, 1);
INSERT INTO modelo (idModelo, denominacao, idMarca, idTipo) VALUES (651, 'LEGACY', 8, 1);
INSERT INTO modelo (idModelo, denominacao, idMarca, idTipo) VALUES (652, 'OUTBACK', 8, 1);
INSERT INTO modelo (idModelo, denominacao, idMarca, idTipo) VALUES (654, 'TRIBECA', 8, 1);
INSERT INTO modelo (idModelo, denominacao, idMarca, idTipo) VALUES (656, 'BALENO', 59, 1);
INSERT INTO modelo (idModelo, denominacao, idMarca, idTipo) VALUES (657, 'GRAND VITARA', 59, 1);
INSERT INTO modelo (idModelo, denominacao, idMarca, idTipo) VALUES (662, 'SUPER CARRY', 59, 1);
INSERT INTO modelo (idModelo, denominacao, idMarca, idTipo) VALUES (665, 'VITARA', 59, 1);
INSERT INTO modelo (idModelo, denominacao, idMarca, idTipo) VALUES (666, 'WAGON R', 59, 1);
INSERT INTO modelo (idModelo, denominacao, idMarca, idTipo) VALUES (668, 'AVALON', 23, 1);
INSERT INTO modelo (idModelo, denominacao, idMarca, idTipo) VALUES (669, 'BANDEIRANTE', 23, 1);
INSERT INTO modelo (idModelo, denominacao, idMarca, idTipo) VALUES (671, 'CELICA', 23, 1);
INSERT INTO modelo (idModelo, denominacao, idMarca, idTipo) VALUES (672, 'COROLLA', 23, 1);
INSERT INTO modelo (idModelo, denominacao, idMarca, idTipo) VALUES (673, 'CORONA', 23, 1);
INSERT INTO modelo (idModelo, denominacao, idMarca, idTipo) VALUES (675, 'LAND CRUISER', 23, 1);
INSERT INTO modelo (idModelo, denominacao, idMarca, idTipo) VALUES (678, 'PREVIA', 23, 1);
INSERT INTO modelo (idModelo, denominacao, idMarca, idTipo) VALUES (682, 'PANTANAL', 149, 1);
INSERT INTO modelo (idModelo, denominacao, idMarca, idTipo) VALUES (685, '400 SERIES', 53, 1);
INSERT INTO modelo (idModelo, denominacao, idMarca, idTipo) VALUES (688, '900 SERIES', 53, 1);
INSERT INTO modelo (idModelo, denominacao, idMarca, idTipo) VALUES (700, 'AMAROK', 2, 1);
INSERT INTO modelo (idModelo, denominacao, idMarca, idTipo) VALUES (701, 'APOLLO', 2, 1);
INSERT INTO modelo (idModelo, denominacao, idMarca, idTipo) VALUES (703, 'CARAVELLE', 2, 1);
INSERT INTO modelo (idModelo, denominacao, idMarca, idTipo) VALUES (704, 'CORRADO', 2, 1);
INSERT INTO modelo (idModelo, denominacao, idMarca, idTipo) VALUES (707, 'EUROVAN', 2, 1);
INSERT INTO modelo (idModelo, denominacao, idMarca, idTipo) VALUES (717, 'PARATI', 2, 1);
INSERT INTO modelo (idModelo, denominacao, idMarca, idTipo) VALUES (718, 'PASSAT', 2, 1);
INSERT INTO modelo (idModelo, denominacao, idMarca, idTipo) VALUES (719, 'POINTER', 2, 1);
INSERT INTO modelo (idModelo, denominacao, idMarca, idTipo) VALUES (722, 'SANTANA', 2, 1);
INSERT INTO modelo (idModelo, denominacao, idMarca, idTipo) VALUES (723, 'SAVEIRO', 2, 1);
INSERT INTO modelo (idModelo, denominacao, idMarca, idTipo) VALUES (725, 'SPACEFOX', 2, 1);
INSERT INTO modelo (idModelo, denominacao, idMarca, idTipo) VALUES (726, 'TIGUAN', 2, 1);
INSERT INTO modelo (idModelo, denominacao, idMarca, idTipo) VALUES (727, 'TOUAREG', 2, 1);
INSERT INTO modelo (idModelo, denominacao, idMarca, idTipo) VALUES (729, 'VOYAGE', 2, 1);
INSERT INTO modelo (idModelo, denominacao, idMarca, idTipo) VALUES (755, 'BRASILIA', 2, 1);
INSERT INTO modelo (idModelo, denominacao, idMarca, idTipo) VALUES (756, 'BRASILVAN', 13, 1);
INSERT INTO modelo (idModelo, denominacao, idMarca, idTipo) VALUES (775, 'CORCEL', 13, 1);
INSERT INTO modelo (idModelo, denominacao, idMarca, idTipo) VALUES (803, 'PALIO WEEKEND', 3, 1);
INSERT INTO modelo (idModelo, denominacao, idMarca, idTipo) VALUES (806, 'FOCUS SEDAN', 13, 1);
INSERT INTO modelo (idModelo, denominacao, idMarca, idTipo) VALUES (807, 'FIESTA SEDAN', 13, 1);
INSERT INTO modelo (idModelo, denominacao, idMarca, idTipo) VALUES (808, 'FIESTA TRAIL', 13, 1);
INSERT INTO modelo (idModelo, denominacao, idMarca, idTipo) VALUES (810, '207 SW', 22, 1);
INSERT INTO modelo (idModelo, denominacao, idMarca, idTipo) VALUES (811, 'ESCORT SW', 13, 1);
INSERT INTO modelo (idModelo, denominacao, idMarca, idTipo) VALUES (812, '307 SEDAN', 22, 1);
INSERT INTO modelo (idModelo, denominacao, idMarca, idTipo) VALUES (813, '307 SW', 22, 1);
INSERT INTO modelo (idModelo, denominacao, idMarca, idTipo) VALUES (815, 'C4 PALLAS', 5, 1);
INSERT INTO modelo (idModelo, denominacao, idMarca, idTipo) VALUES (816, 'C4 PICASSO', 5, 1);
INSERT INTO modelo (idModelo, denominacao, idMarca, idTipo) VALUES (817, 'C4 VTR', 5, 1);
INSERT INTO modelo (idModelo, denominacao, idMarca, idTipo) VALUES (818, 'CLIO SEDAN', 24, 1);
INSERT INTO modelo (idModelo, denominacao, idMarca, idTipo) VALUES (819, 'COROLLA FIELDER', 23, 1);
INSERT INTO modelo (idModelo, denominacao, idMarca, idTipo) VALUES (824, 'HILUX SW4', 23, 1);
INSERT INTO modelo (idModelo, denominacao, idMarca, idTipo) VALUES (825, 'MEGANE GRAND TOUR', 24, 1);
INSERT INTO modelo (idModelo, denominacao, idMarca, idTipo) VALUES (827, 'SANDERO STEPWAY', 24, 1);
INSERT INTO modelo (idModelo, denominacao, idMarca, idTipo) VALUES (829, 'XSARA PICASSO', 5, 1);
INSERT INTO modelo (idModelo, denominacao, idMarca, idTipo) VALUES (1360, 'COLHEITADEIRA', 131, 1);
INSERT INTO modelo (idModelo, denominacao, idMarca, idTipo) VALUES (1361, 'PICKUP F75', 158, 1);
INSERT INTO modelo (idModelo, denominacao, idMarca, idTipo) VALUES (1365, 'BEL AIR', 1, 1);
INSERT INTO modelo (idModelo, denominacao, idMarca, idTipo) VALUES (1373, 'BRASIL', 1, 1);
INSERT INTO modelo (idModelo, denominacao, idMarca, idTipo) VALUES (1377, 'POLARA', 18, 1);
INSERT INTO modelo (idModelo, denominacao, idMarca, idTipo) VALUES (1383, 'FALCON', 13, 1);
INSERT INTO modelo (idModelo, denominacao, idMarca, idTipo) VALUES (1384, 'GALAXIE', 13, 1);
INSERT INTO modelo (idModelo, denominacao, idMarca, idTipo) VALUES (1386, 'MAVERICK', 13, 1);
INSERT INTO modelo (idModelo, denominacao, idMarca, idTipo) VALUES (1387, 'MODELO A', 13, 1);
INSERT INTO modelo (idModelo, denominacao, idMarca, idTipo) VALUES (1388, 'NEW FIESTA', 13, 1);
INSERT INTO modelo (idModelo, denominacao, idMarca, idTipo) VALUES (1389, 'LINHA FX', 82, 1);
INSERT INTO modelo (idModelo, denominacao, idMarca, idTipo) VALUES (1395, 'TIBURON', 14, 1);
INSERT INTO modelo (idModelo, denominacao, idMarca, idTipo) VALUES (1404, 'CLASSE CLC', 4, 1);
INSERT INTO modelo (idModelo, denominacao, idMarca, idTipo) VALUES (1405, 'CLASSE CLS', 4, 1);
INSERT INTO modelo (idModelo, denominacao, idMarca, idTipo) VALUES (1408, 'MONTEREY', 110, 1);
INSERT INTO modelo (idModelo, denominacao, idMarca, idTipo) VALUES (1411, 'TOPSPORT', 114, 1);
INSERT INTO modelo (idModelo, denominacao, idMarca, idTipo) VALUES (1421, 'AUSTIN', 115, 1);
INSERT INTO modelo (idModelo, denominacao, idMarca, idTipo) VALUES (1426, 'CONVERSÍVEL', 175, 1);
INSERT INTO modelo (idModelo, denominacao, idMarca, idTipo) VALUES (1427, 'SUPERMINI', 17, 1);
INSERT INTO modelo (idModelo, denominacao, idMarca, idTipo) VALUES (1429, 'TOPOLINO', 3, 1);
INSERT INTO modelo (idModelo, denominacao, idMarca, idTipo) VALUES (1432, 'VARIANT', 2, 1);
INSERT INTO modelo (idModelo, denominacao, idMarca, idTipo) VALUES (1454, 'CANDANGO', 57, 1);
INSERT INTO modelo (idModelo, denominacao, idMarca, idTipo) VALUES (1466, 'RECORB', 258, 1);
INSERT INTO modelo (idModelo, denominacao, idMarca, idTipo) VALUES (1467, 'POLAUTO', 2, 1);
INSERT INTO modelo (idModelo, denominacao, idMarca, idTipo) VALUES (1508, 'GORDINI', 24, 1);
INSERT INTO modelo (idModelo, denominacao, idMarca, idTipo) VALUES (1982, 'SERIE Z', 36, 1);
INSERT INTO modelo (idModelo, denominacao, idMarca, idTipo) VALUES (1983, 'CLASSE SLK', 4, 1);
INSERT INTO modelo (idModelo, denominacao, idMarca, idTipo) VALUES (1984, 'CLASSE C', 4, 1);
INSERT INTO modelo (idModelo, denominacao, idMarca, idTipo) VALUES (1985, 'CLASSE E', 4, 1);
INSERT INTO modelo (idModelo, denominacao, idMarca, idTipo) VALUES (1986, 'CLASSE CL', 4, 1);
INSERT INTO modelo (idModelo, denominacao, idMarca, idTipo) VALUES (1987, 'CLASSE CLK', 4, 1);
INSERT INTO modelo (idModelo, denominacao, idMarca, idTipo) VALUES (1988, 'CLASSE S', 4, 1);
INSERT INTO modelo (idModelo, denominacao, idMarca, idTipo) VALUES (1989, 'CLASSE SL', 4, 1);
INSERT INTO modelo (idModelo, denominacao, idMarca, idTipo) VALUES (1990, 'CLASSE SLS', 4, 1);
INSERT INTO modelo (idModelo, denominacao, idMarca, idTipo) VALUES (1991, 'CLASSE G', 4, 1);
INSERT INTO modelo (idModelo, denominacao, idMarca, idTipo) VALUES (1992, 'CLASSE GL', 4, 1);
INSERT INTO modelo (idModelo, denominacao, idMarca, idTipo) VALUES (1993, 'CLASSE M', 4, 1);
INSERT INTO modelo (idModelo, denominacao, idMarca, idTipo) VALUES (2067, '350 GT', 12, 1);
INSERT INTO modelo (idModelo, denominacao, idMarca, idTipo) VALUES (2068, '400 GT', 12, 1);
INSERT INTO modelo (idModelo, denominacao, idMarca, idTipo) VALUES (2070, 'ISLERO', 12, 1);
INSERT INTO modelo (idModelo, denominacao, idMarca, idTipo) VALUES (2071, 'ESPADA', 12, 1);
INSERT INTO modelo (idModelo, denominacao, idMarca, idTipo) VALUES (2072, 'COUNTACH', 12, 1);
INSERT INTO modelo (idModelo, denominacao, idMarca, idTipo) VALUES (2073, 'DIABLO', 12, 1);
INSERT INTO modelo (idModelo, denominacao, idMarca, idTipo) VALUES (2074, 'ZAGATO', 12, 1);
INSERT INTO modelo (idModelo, denominacao, idMarca, idTipo) VALUES (2077, 'REVENTON', 12, 1);
INSERT INTO modelo (idModelo, denominacao, idMarca, idTipo) VALUES (2078, 'ANKONIAN', 12, 1);
INSERT INTO modelo (idModelo, denominacao, idMarca, idTipo) VALUES (2080, 'AVENTADOR', 12, 1);
INSERT INTO modelo (idModelo, denominacao, idMarca, idTipo) VALUES (2081, 'SESTO ELEMENTO', 12, 1);
INSERT INTO modelo (idModelo, denominacao, idMarca, idTipo) VALUES (2082, 'J3 TURIN', 15, 1);
INSERT INTO modelo (idModelo, denominacao, idMarca, idTipo) VALUES (2084, 'SANDERO GT', 24, 1);
INSERT INTO modelo (idModelo, denominacao, idMarca, idTipo) VALUES (2088, 'TRAILBLAZER', 1, 1);
INSERT INTO modelo (idModelo, denominacao, idMarca, idTipo) VALUES (2097, 'C3 PICASSO', 5, 1);
INSERT INTO modelo (idModelo, denominacao, idMarca, idTipo) VALUES (2098, 'GRAND C4 PICASSO', 5, 1);
INSERT INTO modelo (idModelo, denominacao, idMarca, idTipo) VALUES (2099, 'JUMPER MINIBUS', 5, 1);
INSERT INTO modelo (idModelo, denominacao, idMarca, idTipo) VALUES (2100, 'JUMPER VETRATO', 5, 1);
INSERT INTO modelo (idModelo, denominacao, idMarca, idTipo) VALUES (2101, '207 SEDAN', 22, 1);
INSERT INTO modelo (idModelo, denominacao, idMarca, idTipo) VALUES (2102, '207 QUIKSILVER', 22, 1);
INSERT INTO modelo (idModelo, denominacao, idMarca, idTipo) VALUES (2103, '207 ESCAPADE', 22, 1);
INSERT INTO modelo (idModelo, denominacao, idMarca, idTipo) VALUES (2104, '308 CC', 22, 1);
INSERT INTO modelo (idModelo, denominacao, idMarca, idTipo) VALUES (2105, 'BOXER PASSAGEIRO', 22, 1);
INSERT INTO modelo (idModelo, denominacao, idMarca, idTipo) VALUES (2106, 'NEW FIESTA SEDAN', 13, 1);
INSERT INTO modelo (idModelo, denominacao, idMarca, idTipo) VALUES (2108, 'TRANSIT PASSAGEIRO', 13, 1);
INSERT INTO modelo (idModelo, denominacao, idMarca, idTipo) VALUES (2109, 'TRANSIT CHASSI', 13, 1);
INSERT INTO modelo (idModelo, denominacao, idMarca, idTipo) VALUES (2110, 'A4 AVANT', 32, 1);
INSERT INTO modelo (idModelo, denominacao, idMarca, idTipo) VALUES (2111, 'S4 AVANT', 32, 1);
INSERT INTO modelo (idModelo, denominacao, idMarca, idTipo) VALUES (2112, 'A5 SPORTBACK', 32, 1);
INSERT INTO modelo (idModelo, denominacao, idMarca, idTipo) VALUES (2113, 'A5 CABRIOLET', 32, 1);
INSERT INTO modelo (idModelo, denominacao, idMarca, idTipo) VALUES (2114, 'S5 COUPE', 32, 1);
INSERT INTO modelo (idModelo, denominacao, idMarca, idTipo) VALUES (2115, 'S5 SPORTBACK', 32, 1);
INSERT INTO modelo (idModelo, denominacao, idMarca, idTipo) VALUES (2116, 'S5 CABRIOLET', 32, 1);
INSERT INTO modelo (idModelo, denominacao, idMarca, idTipo) VALUES (2117, 'A6 AVANT', 32, 1);
INSERT INTO modelo (idModelo, denominacao, idMarca, idTipo) VALUES (2118, 'A6 ALLROAD', 32, 1);
INSERT INTO modelo (idModelo, denominacao, idMarca, idTipo) VALUES (2119, 'S6 AVANT', 32, 1);
INSERT INTO modelo (idModelo, denominacao, idMarca, idTipo) VALUES (2121, 'TT ROADSTER', 32, 1);
INSERT INTO modelo (idModelo, denominacao, idMarca, idTipo) VALUES (2123, 'TT RS ROADSTER', 32, 1);
INSERT INTO modelo (idModelo, denominacao, idMarca, idTipo) VALUES (2124, 'TTS ROADSTER', 32, 1);
INSERT INTO modelo (idModelo, denominacao, idMarca, idTipo) VALUES (2125, 'R8 SPYDER', 32, 1);
INSERT INTO modelo (idModelo, denominacao, idMarca, idTipo) VALUES (2127, 'R8 GT SPYDER', 32, 1);
INSERT INTO modelo (idModelo, denominacao, idMarca, idTipo) VALUES (2130, '458 SPIDER', 10, 1);
INSERT INTO modelo (idModelo, denominacao, idMarca, idTipo) VALUES (2131, '458 ITALIA', 10, 1);
INSERT INTO modelo (idModelo, denominacao, idMarca, idTipo) VALUES (2135, 'CHALLENGE', 10, 1);
INSERT INTO modelo (idModelo, denominacao, idMarca, idTipo) VALUES (2136, 'SUPERAMERICA', 10, 1);
INSERT INTO modelo (idModelo, denominacao, idMarca, idTipo) VALUES (2137, 'F430 SPIDER', 10, 1);
INSERT INTO modelo (idModelo, denominacao, idMarca, idTipo) VALUES (2139, '612 SESSANTA', 10, 1);
INSERT INTO modelo (idModelo, denominacao, idMarca, idTipo) VALUES (2140, '599 GTB', 10, 1);
INSERT INTO modelo (idModelo, denominacao, idMarca, idTipo) VALUES (2141, 'SCUDERIA SPIDER', 10, 1);
INSERT INTO modelo (idModelo, denominacao, idMarca, idTipo) VALUES (2143, '456 GT', 10, 1);
INSERT INTO modelo (idModelo, denominacao, idMarca, idTipo) VALUES (2144, '348 GTS', 10, 1);
INSERT INTO modelo (idModelo, denominacao, idMarca, idTipo) VALUES (2145, '348 SPIDER', 10, 1);
INSERT INTO modelo (idModelo, denominacao, idMarca, idTipo) VALUES (2147, 'F355 SPIDER', 10, 1);
INSERT INTO modelo (idModelo, denominacao, idMarca, idTipo) VALUES (2149, '355 SPIDER', 10, 1);
INSERT INTO modelo (idModelo, denominacao, idMarca, idTipo) VALUES (2150, '360 MODENA', 10, 1);
INSERT INTO modelo (idModelo, denominacao, idMarca, idTipo) VALUES (2151, 'PAJERO FULL', 111, 1);
INSERT INTO modelo (idModelo, denominacao, idMarca, idTipo) VALUES (2152, 'PAJERO DAKAR', 111, 1);
INSERT INTO modelo (idModelo, denominacao, idMarca, idTipo) VALUES (2153, 'PAJERO TR4', 111, 1);
INSERT INTO modelo (idModelo, denominacao, idMarca, idTipo) VALUES (2154, 'LANCER SPORTBACK', 111, 1);
INSERT INTO modelo (idModelo, denominacao, idMarca, idTipo) VALUES (2155, 'LANCER EVOLUTION', 111, 1);
INSERT INTO modelo (idModelo, denominacao, idMarca, idTipo) VALUES (2156, 'L200 TRITON SAVANA', 111, 1);
INSERT INTO modelo (idModelo, denominacao, idMarca, idTipo) VALUES (2157, 'L200 TRITON', 111, 1);
INSERT INTO modelo (idModelo, denominacao, idMarca, idTipo) VALUES (2159, 'LIVINA X-GEAR', 43, 1);
INSERT INTO modelo (idModelo, denominacao, idMarca, idTipo) VALUES (2160, 'GRAND LIVINA', 43, 1);
INSERT INTO modelo (idModelo, denominacao, idMarca, idTipo) VALUES (2161, 'NEW ACTYON SPORTS', 21, 1);
INSERT INTO modelo (idModelo, denominacao, idMarca, idTipo) VALUES (2165, 'SPIDER', 114, 1);
INSERT INTO modelo (idModelo, denominacao, idMarca, idTipo) VALUES (2166, 'KABRIO', 114, 1);
INSERT INTO modelo (idModelo, denominacao, idMarca, idTipo) VALUES (2168, 'SAGA II', 114, 1);
INSERT INTO modelo (idModelo, denominacao, idMarca, idTipo) VALUES (2171, 'GAIOLA', 295, 1);
INSERT INTO modelo (idModelo, denominacao, idMarca, idTipo) VALUES (2176, 'CHALLENGER', 18, 1);
INSERT INTO modelo (idModelo, denominacao, idMarca, idTipo) VALUES (2178, 'LE BARON', 18, 1);
INSERT INTO modelo (idModelo, denominacao, idMarca, idTipo) VALUES (2179, 'CORDOBA', 18, 1);
INSERT INTO modelo (idModelo, denominacao, idMarca, idTipo) VALUES (2180, 'CHARGER', 18, 1);
INSERT INTO modelo (idModelo, denominacao, idMarca, idTipo) VALUES (2181, 'WINDSOR', 19, 1);
INSERT INTO modelo (idModelo, denominacao, idMarca, idTipo) VALUES (2183, 'CROSSFIRE', 19, 1);
INSERT INTO modelo (idModelo, denominacao, idMarca, idTipo) VALUES (2184, 'CORDOBA', 19, 1);
INSERT INTO modelo (idModelo, denominacao, idMarca, idTipo) VALUES (2185, 'ESCALADE', 155, 1);
INSERT INTO modelo (idModelo, denominacao, idMarca, idTipo) VALUES (2186, 'RIVIERA', 41, 1);
INSERT INTO modelo (idModelo, denominacao, idMarca, idTipo) VALUES (2188, 'CENTURY', 41, 1);
INSERT INTO modelo (idModelo, denominacao, idMarca, idTipo) VALUES (2189, 'APOLLO', 41, 1);
INSERT INTO modelo (idModelo, denominacao, idMarca, idTipo) VALUES (2190, 'CENTURION', 41, 1);
INSERT INTO modelo (idModelo, denominacao, idMarca, idTipo) VALUES (2192, 'ELECTRA', 41, 1);
INSERT INTO modelo (idModelo, denominacao, idMarca, idTipo) VALUES (2193, 'ESTATE WAGON', 41, 1);
INSERT INTO modelo (idModelo, denominacao, idMarca, idTipo) VALUES (2194, 'GRAN SPORT', 41, 1);
INSERT INTO modelo (idModelo, denominacao, idMarca, idTipo) VALUES (2196, 'INVICTA', 41, 1);
INSERT INTO modelo (idModelo, denominacao, idMarca, idTipo) VALUES (2197, 'LESABRE', 41, 1);
INSERT INTO modelo (idModelo, denominacao, idMarca, idTipo) VALUES (2198, 'LIMITED', 41, 1);
INSERT INTO modelo (idModelo, denominacao, idMarca, idTipo) VALUES (2199, 'PARK AVENUE', 41, 1);
INSERT INTO modelo (idModelo, denominacao, idMarca, idTipo) VALUES (2200, 'RAINIER', 41, 1);
INSERT INTO modelo (idModelo, denominacao, idMarca, idTipo) VALUES (2201, 'REATTA', 41, 1);
INSERT INTO modelo (idModelo, denominacao, idMarca, idTipo) VALUES (2203, 'RENDEZVOUS', 41, 1);
INSERT INTO modelo (idModelo, denominacao, idMarca, idTipo) VALUES (2204, 'ROADMASTER', 41, 1);
INSERT INTO modelo (idModelo, denominacao, idMarca, idTipo) VALUES (2205, 'ROYAUM', 41, 1);
INSERT INTO modelo (idModelo, denominacao, idMarca, idTipo) VALUES (2206, 'SKYHAWK', 41, 1);
INSERT INTO modelo (idModelo, denominacao, idMarca, idTipo) VALUES (2207, 'SKYLARK', 41, 1);
INSERT INTO modelo (idModelo, denominacao, idMarca, idTipo) VALUES (2208, 'SOMERSET', 41, 1);
INSERT INTO modelo (idModelo, denominacao, idMarca, idTipo) VALUES (2209, 'SPECIAL', 41, 1);
INSERT INTO modelo (idModelo, denominacao, idMarca, idTipo) VALUES (2210, 'SPORT WAGON', 41, 1);
INSERT INTO modelo (idModelo, denominacao, idMarca, idTipo) VALUES (2212, 'TERRAZA', 41, 1);
INSERT INTO modelo (idModelo, denominacao, idMarca, idTipo) VALUES (2213, 'WILDCAT', 41, 1);
INSERT INTO modelo (idModelo, denominacao, idMarca, idTipo) VALUES (2214, 'LACROSSE', 41, 1);
INSERT INTO modelo (idModelo, denominacao, idMarca, idTipo) VALUES (2215, 'ENCLAVE', 41, 1);
INSERT INTO modelo (idModelo, denominacao, idMarca, idTipo) VALUES (2219, 'LUCERNE', 41, 1);
INSERT INTO modelo (idModelo, denominacao, idMarca, idTipo) VALUES (2230, 'SIERRA', 13, 1);
INSERT INTO modelo (idModelo, denominacao, idMarca, idTipo) VALUES (2231, 'BROUGHAM', 51, 1);
INSERT INTO modelo (idModelo, denominacao, idMarca, idTipo) VALUES (2232, 'CHAIRMAN', 51, 1);
INSERT INTO modelo (idModelo, denominacao, idMarca, idTipo) VALUES (2234, 'GENTRA', 51, 1);
INSERT INTO modelo (idModelo, denominacao, idMarca, idTipo) VALUES (2235, 'MAEPSY', 51, 1);
INSERT INTO modelo (idModelo, denominacao, idMarca, idTipo) VALUES (2236, 'ISTANA', 51, 1);
INSERT INTO modelo (idModelo, denominacao, idMarca, idTipo) VALUES (2238, 'KORANDO', 51, 1);
INSERT INTO modelo (idModelo, denominacao, idMarca, idTipo) VALUES (2239, 'LACETTI', 51, 1);
INSERT INTO modelo (idModelo, denominacao, idMarca, idTipo) VALUES (2240, 'LEMANS', 51, 1);
INSERT INTO modelo (idModelo, denominacao, idMarca, idTipo) VALUES (2246, 'ROYALE PRINCE', 51, 1);
INSERT INTO modelo (idModelo, denominacao, idMarca, idTipo) VALUES (2247, 'ROYALE SALON', 51, 1);
INSERT INTO modelo (idModelo, denominacao, idMarca, idTipo) VALUES (2248, 'STATESMAN', 51, 1);
INSERT INTO modelo (idModelo, denominacao, idMarca, idTipo) VALUES (2250, 'WINSTORM', 51, 1);
INSERT INTO modelo (idModelo, denominacao, idMarca, idTipo) VALUES (2261, 'CUSTOM ROYAL', 18, 1);
INSERT INTO modelo (idModelo, denominacao, idMarca, idTipo) VALUES (2262, 'CLUB COUPE', 1, 1);
INSERT INTO modelo (idModelo, denominacao, idMarca, idTipo) VALUES (2263, 'MAGNUM', 18, 1);
INSERT INTO modelo (idModelo, denominacao, idMarca, idTipo) VALUES (2264, 'GMC 100', 1, 1);
INSERT INTO modelo (idModelo, denominacao, idMarca, idTipo) VALUES (2265, 'SOLSTICE', 69, 1);
INSERT INTO modelo (idModelo, denominacao, idMarca, idTipo) VALUES (2266, 'ITAMARATY', 158, 1);
INSERT INTO modelo (idModelo, denominacao, idMarca, idTipo) VALUES (2267, 'MARK V', 86, 1);
INSERT INTO modelo (idModelo, denominacao, idMarca, idTipo) VALUES (2269, 'CHAMPION', 145, 1);
INSERT INTO modelo (idModelo, denominacao, idMarca, idTipo) VALUES (2270, 'BALILLA', 3, 1);
INSERT INTO modelo (idModelo, denominacao, idMarca, idTipo) VALUES (2271, 'INTERLAGOS', 158, 1);
INSERT INTO modelo (idModelo, denominacao, idMarca, idTipo) VALUES (2274, 'SPEEDSTER 356', 70, 1);
INSERT INTO modelo (idModelo, denominacao, idMarca, idTipo) VALUES (2275, 'TOPIC FURGAO', 88, 1);
INSERT INTO modelo (idModelo, denominacao, idMarca, idTipo) VALUES (2276, 'TOPIC ESCOLAR', 88, 1);
INSERT INTO modelo (idModelo, denominacao, idMarca, idTipo) VALUES (2280, 'CLASSE TE', 4, 1);
INSERT INTO modelo (idModelo, denominacao, idMarca, idTipo) VALUES (2294, 'MEGANE SEDAN', 24, 1);
INSERT INTO modelo (idModelo, denominacao, idMarca, idTipo) VALUES (2295, 'A4 CABRIOLET', 32, 1);
INSERT INTO modelo (idModelo, denominacao, idMarca, idTipo) VALUES (2298, 'LINHA G', 82, 1);
INSERT INTO modelo (idModelo, denominacao, idMarca, idTipo) VALUES (2299, 'LINHA G COUPE', 82, 1);
INSERT INTO modelo (idModelo, denominacao, idMarca, idTipo) VALUES (2300, 'LINHA G CONVERSIVEL', 82, 1);
INSERT INTO modelo (idModelo, denominacao, idMarca, idTipo) VALUES (2301, 'LINHA M', 82, 1);
INSERT INTO modelo (idModelo, denominacao, idMarca, idTipo) VALUES (2302, 'LINHA EX', 82, 1);
INSERT INTO modelo (idModelo, denominacao, idMarca, idTipo) VALUES (2303, 'LINHA JX', 82, 1);
INSERT INTO modelo (idModelo, denominacao, idMarca, idTipo) VALUES (2304, 'LINHA QX', 82, 1);
INSERT INTO modelo (idModelo, denominacao, idMarca, idTipo) VALUES (2305, 'MODELOS XF', 86, 1);
INSERT INTO modelo (idModelo, denominacao, idMarca, idTipo) VALUES (2306, 'F-TYPE', 86, 1);
INSERT INTO modelo (idModelo, denominacao, idMarca, idTipo) VALUES (2307, 'MARK VII', 86, 1);
INSERT INTO modelo (idModelo, denominacao, idMarca, idTipo) VALUES (2308, 'MARK VIII', 86, 1);
INSERT INTO modelo (idModelo, denominacao, idMarca, idTipo) VALUES (2309, 'MARK IX', 86, 1);
INSERT INTO modelo (idModelo, denominacao, idMarca, idTipo) VALUES (2310, 'MARK X', 86, 1);
INSERT INTO modelo (idModelo, denominacao, idMarca, idTipo) VALUES (2311, 'E-TYPE', 86, 1);
INSERT INTO modelo (idModelo, denominacao, idMarca, idTipo) VALUES (2312, 'C-TYPE', 86, 1);
INSERT INTO modelo (idModelo, denominacao, idMarca, idTipo) VALUES (2313, 'D-TYPE', 86, 1);
INSERT INTO modelo (idModelo, denominacao, idMarca, idTipo) VALUES (2314, 'MARK I', 86, 1);
INSERT INTO modelo (idModelo, denominacao, idMarca, idTipo) VALUES (2315, 'MARK II', 86, 1);
INSERT INTO modelo (idModelo, denominacao, idMarca, idTipo) VALUES (2347, 'SPYDER', 124, 1);
INSERT INTO modelo (idModelo, denominacao, idMarca, idTipo) VALUES (2378, 'AIRWAVE', 7, 1);
INSERT INTO modelo (idModelo, denominacao, idMarca, idTipo) VALUES (2380, 'BALLADE', 7, 1);
INSERT INTO modelo (idModelo, denominacao, idMarca, idTipo) VALUES (2383, 'CONCERTO', 7, 1);
INSERT INTO modelo (idModelo, denominacao, idMarca, idTipo) VALUES (2385, 'DOMANI', 7, 1);
INSERT INTO modelo (idModelo, denominacao, idMarca, idTipo) VALUES (2387, 'ELEMENT', 7, 1);
INSERT INTO modelo (idModelo, denominacao, idMarca, idTipo) VALUES (2388, 'EV PLUS', 7, 1);
INSERT INTO modelo (idModelo, denominacao, idMarca, idTipo) VALUES (2394, 'INSIGHT', 7, 1);
INSERT INTO modelo (idModelo, denominacao, idMarca, idTipo) VALUES (2397, 'LIFE DUNK', 7, 1);
INSERT INTO modelo (idModelo, denominacao, idMarca, idTipo) VALUES (2399, 'MOBILIO', 7, 1);
INSERT INTO modelo (idModelo, denominacao, idMarca, idTipo) VALUES (2401, 'ORTHIA', 7, 1);
INSERT INTO modelo (idModelo, denominacao, idMarca, idTipo) VALUES (2402, 'PARTNER VAN', 7, 1);
INSERT INTO modelo (idModelo, denominacao, idMarca, idTipo) VALUES (2404, 'RIDGELINE', 7, 1);
INSERT INTO modelo (idModelo, denominacao, idMarca, idTipo) VALUES (2409, 'STEPWGN', 7, 1);
INSERT INTO modelo (idModelo, denominacao, idMarca, idTipo) VALUES (2410, 'STREAM', 7, 1);
INSERT INTO modelo (idModelo, denominacao, idMarca, idTipo) VALUES (2446, 'MR WAGON', 59, 1);
INSERT INTO modelo (idModelo, denominacao, idMarca, idTipo) VALUES (2448, 'VERONA', 59, 1);
INSERT INTO modelo (idModelo, denominacao, idMarca, idTipo) VALUES (2477, 'JEEP CJ', 158, 1);
INSERT INTO modelo (idModelo, denominacao, idMarca, idTipo) VALUES (2479, '306 CABRIOLET', 22, 1);
INSERT INTO modelo (idModelo, denominacao, idMarca, idTipo) VALUES (2484, 'BELCAR', 57, 1);
INSERT INTO modelo (idModelo, denominacao, idMarca, idTipo) VALUES (2492, '407 SW', 22, 1);
INSERT INTO modelo (idModelo, denominacao, idMarca, idTipo) VALUES (2493, '307 CC', 22, 1);
INSERT INTO modelo (idModelo, denominacao, idMarca, idTipo) VALUES (2499, 'STYLELINE', 1, 1);
INSERT INTO modelo (idModelo, denominacao, idMarca, idTipo) VALUES (2500, 'ANGLIA', 13, 1);
INSERT INTO modelo (idModelo, denominacao, idMarca, idTipo) VALUES (2510, 'SPORTSMAN', 54, 1);
INSERT INTO modelo (idModelo, denominacao, idMarca, idTipo) VALUES (2514, '21 NEVADA', 24, 1);
INSERT INTO modelo (idModelo, denominacao, idMarca, idTipo) VALUES (2515, 'VEYRON', 11, 1);
INSERT INTO modelo (idModelo, denominacao, idMarca, idTipo) VALUES (2517, '306 SW', 22, 1);
INSERT INTO modelo (idModelo, denominacao, idMarca, idTipo) VALUES (2532, 'SPYDER 550', 70, 1);
INSERT INTO modelo (idModelo, denominacao, idMarca, idTipo) VALUES (2533, '380 GTB', 10, 1);
INSERT INTO modelo (idModelo, denominacao, idMarca, idTipo) VALUES (2536, 'KINGSWAY', 18, 1);
INSERT INTO modelo (idModelo, denominacao, idMarca, idTipo) VALUES (2540, 'IMPALA', 1, 1);
INSERT INTO modelo (idModelo, denominacao, idMarca, idTipo) VALUES (2542, 'GRAND BLAZER', 1, 1);
INSERT INTO modelo (idModelo, denominacao, idMarca, idTipo) VALUES (2555, '100 SERIES', 53, 1);
INSERT INTO modelo (idModelo, denominacao, idMarca, idTipo) VALUES (2558, '200 SERIES', 53, 1);
INSERT INTO modelo (idModelo, denominacao, idMarca, idTipo) VALUES (2559, '300 SERIES', 53, 1);
INSERT INTO modelo (idModelo, denominacao, idMarca, idTipo) VALUES (2562, '700 SERIES', 53, 1);
INSERT INTO modelo (idModelo, denominacao, idMarca, idTipo) VALUES (2563, 'AMAZON', 53, 1);
INSERT INTO modelo (idModelo, denominacao, idMarca, idTipo) VALUES (2573, 'DE LUXE', 13, 1);
INSERT INTO modelo (idModelo, denominacao, idMarca, idTipo) VALUES (2574, 'CUSTOM', 13, 1);
INSERT INTO modelo (idModelo, denominacao, idMarca, idTipo) VALUES (2575, 'T-BUCKET', 13, 1);
INSERT INTO modelo (idModelo, denominacao, idMarca, idTipo) VALUES (2588, 'PAJERO FULL 3D', 111, 1);
INSERT INTO modelo (idModelo, denominacao, idMarca, idTipo) VALUES (2589, 'PAJERO SPORT', 111, 1);
INSERT INTO modelo (idModelo, denominacao, idMarca, idTipo) VALUES (2590, '120 CABRIO', 36, 1);
INSERT INTO modelo (idModelo, denominacao, idMarca, idTipo) VALUES (2591, '320 TOURING', 36, 1);
INSERT INTO modelo (idModelo, denominacao, idMarca, idTipo) VALUES (2592, '330 CABRIO', 36, 1);
INSERT INTO modelo (idModelo, denominacao, idMarca, idTipo) VALUES (2593, 'SERIE 5 TOURING', 36, 1);
INSERT INTO modelo (idModelo, denominacao, idMarca, idTipo) VALUES (2594, 'SERIE 6 CABRIO', 36, 1);
INSERT INTO modelo (idModelo, denominacao, idMarca, idTipo) VALUES (2595, 'SERIE M CONVERSIVEL', 36, 1);
INSERT INTO modelo (idModelo, denominacao, idMarca, idTipo) VALUES (2596, 'M5 TOURING', 36, 1);
INSERT INTO modelo (idModelo, denominacao, idMarca, idTipo) VALUES (2597, 'SERIE Z ROADSTER', 36, 1);
INSERT INTO modelo (idModelo, denominacao, idMarca, idTipo) VALUES (2599, 'KA SPORT', 13, 1);
INSERT INTO modelo (idModelo, denominacao, idMarca, idTipo) VALUES (2605, 'CERATO KOUP', 16, 1);
INSERT INTO modelo (idModelo, denominacao, idMarca, idTipo) VALUES (2608, 'COROLLA XRS', 23, 1);
INSERT INTO modelo (idModelo, denominacao, idMarca, idTipo) VALUES (2609, 'ETIOS SEDAN', 23, 1);
INSERT INTO modelo (idModelo, denominacao, idMarca, idTipo) VALUES (2611, 'FREESTYLE', 13, 1);
INSERT INTO modelo (idModelo, denominacao, idMarca, idTipo) VALUES (2612, 'COUGAR', 110, 1);
INSERT INTO modelo (idModelo, denominacao, idMarca, idTipo) VALUES (2615, 'XUV 500', 102, 1);
INSERT INTO modelo (idModelo, denominacao, idMarca, idTipo) VALUES (2619, 'BOLERO', 102, 1);
INSERT INTO modelo (idModelo, denominacao, idMarca, idTipo) VALUES (2622, 'LEGEND', 102, 1);
INSERT INTO modelo (idModelo, denominacao, idMarca, idTipo) VALUES (2624, 'ARMADA', 102, 1);
INSERT INTO modelo (idModelo, denominacao, idMarca, idTipo) VALUES (2625, 'CHASSI', 102, 1);
INSERT INTO modelo (idModelo, denominacao, idMarca, idTipo) VALUES (2626, 'SCORPIO PICK-UP', 102, 1);
INSERT INTO modelo (idModelo, denominacao, idMarca, idTipo) VALUES (2627, 'STAR TRUCK', 6, 1);
INSERT INTO modelo (idModelo, denominacao, idMarca, idTipo) VALUES (2629, 'STAR VAN CARGO', 6, 1);
INSERT INTO modelo (idModelo, denominacao, idMarca, idTipo) VALUES (2630, 'STAR VAN PASSAGEIROS', 6, 1);
INSERT INTO modelo (idModelo, denominacao, idMarca, idTipo) VALUES (2632, 'ALVORADA', 141, 1);
INSERT INTO modelo (idModelo, denominacao, idMarca, idTipo) VALUES (2633, 'CHAMBORD', 141, 1);
INSERT INTO modelo (idModelo, denominacao, idMarca, idTipo) VALUES (2637, 'PROFISSIONAL', 141, 1);
INSERT INTO modelo (idModelo, denominacao, idMarca, idTipo) VALUES (2639, 'VEDETTE', 141, 1);
INSERT INTO modelo (idModelo, denominacao, idMarca, idTipo) VALUES (2640, 'ARONDE', 141, 1);
INSERT INTO modelo (idModelo, denominacao, idMarca, idTipo) VALUES (2649, 'CHEVETTE', 1, 1);
INSERT INTO modelo (idModelo, denominacao, idMarca, idTipo) VALUES (2655, 'BAVARIA', 36, 1);
INSERT INTO modelo (idModelo, denominacao, idMarca, idTipo) VALUES (2656, 'C-2800', 36, 1);
INSERT INTO modelo (idModelo, denominacao, idMarca, idTipo) VALUES (2659, '318 CABRIO', 36, 1);
INSERT INTO modelo (idModelo, denominacao, idMarca, idTipo) VALUES (2660, '325 CABRIO', 36, 1);
INSERT INTO modelo (idModelo, denominacao, idMarca, idTipo) VALUES (2675, 'MATRIX 4X4', 341, 1);
INSERT INTO modelo (idModelo, denominacao, idMarca, idTipo) VALUES (2696, 'A9 CARGO', 132, 1);
INSERT INTO modelo (idModelo, denominacao, idMarca, idTipo) VALUES (2698, 'T20 BAU', 132, 1);
INSERT INTO modelo (idModelo, denominacao, idMarca, idTipo) VALUES (2704, 'SUPER 90 COUPE', 64, 1);
INSERT INTO modelo (idModelo, denominacao, idMarca, idTipo) VALUES (2706, 'ITAIPU', 17, 1);
INSERT INTO modelo (idModelo, denominacao, idMarca, idTipo) VALUES (2709, 'MOTOMACHINE', 17, 1);
INSERT INTO modelo (idModelo, denominacao, idMarca, idTipo) VALUES (2710, 'BUGATO', 17, 1);
INSERT INTO modelo (idModelo, denominacao, idMarca, idTipo) VALUES (2716, 'CAICARA', 57, 1);
INSERT INTO modelo (idModelo, denominacao, idMarca, idTipo) VALUES (2717, 'CARCARA', 57, 1);
INSERT INTO modelo (idModelo, denominacao, idMarca, idTipo) VALUES (2718, 'FISSORE', 57, 1);
INSERT INTO modelo (idModelo, denominacao, idMarca, idTipo) VALUES (2719, 'MALZONI', 57, 1);
INSERT INTO modelo (idModelo, denominacao, idMarca, idTipo) VALUES (2720, 'VEMAGUET', 57, 1);
INSERT INTO modelo (idModelo, denominacao, idMarca, idTipo) VALUES (2727, 'C4 LOUNGE', 5, 1);
INSERT INTO modelo (idModelo, denominacao, idMarca, idTipo) VALUES (2730, 'LUCENA', 147, 1);
INSERT INTO modelo (idModelo, denominacao, idMarca, idTipo) VALUES (2731, 'SEVETSE', 147, 1);
INSERT INTO modelo (idModelo, denominacao, idMarca, idTipo) VALUES (2756, 'CLASSE CLA', 4, 1);
INSERT INTO modelo (idModelo, denominacao, idMarca, idTipo) VALUES (2757, 'CLASSE V', 4, 1);
INSERT INTO modelo (idModelo, denominacao, idMarca, idTipo) VALUES (2761, 'CLASSE S CLASSICO', 4, 1);
INSERT INTO modelo (idModelo, denominacao, idMarca, idTipo) VALUES (2810, 'PICK-UP', 345, 1);
INSERT INTO modelo (idModelo, denominacao, idMarca, idTipo) VALUES (2823, 'C3 SOLARIS', 5, 1);
INSERT INTO modelo (idModelo, denominacao, idMarca, idTipo) VALUES (2824, 'C3 XTR', 5, 1);
INSERT INTO modelo (idModelo, denominacao, idMarca, idTipo) VALUES (2825, 'C4 SOLARIS', 5, 1);
INSERT INTO modelo (idModelo, denominacao, idMarca, idTipo) VALUES (2826, 'C5 BREAK/TOURER', 5, 1);
INSERT INTO modelo (idModelo, denominacao, idMarca, idTipo) VALUES (2827, 'XSARA BREAK', 5, 1);
INSERT INTO modelo (idModelo, denominacao, idMarca, idTipo) VALUES (2828, 'XSARA VTS', 5, 1);
INSERT INTO modelo (idModelo, denominacao, idMarca, idTipo) VALUES (2829, 'XANTIA BREAK', 5, 1);
INSERT INTO modelo (idModelo, denominacao, idMarca, idTipo) VALUES (2830, 'XM BREAK', 5, 1);
INSERT INTO modelo (idModelo, denominacao, idMarca, idTipo) VALUES (2836, 'C3 PLURIEL', 5, 1);
INSERT INTO modelo (idModelo, denominacao, idMarca, idTipo) VALUES (2840, 'C-CROSSER', 5, 1);
INSERT INTO modelo (idModelo, denominacao, idMarca, idTipo) VALUES (2844, 'CX BREAK', 5, 1);
INSERT INTO modelo (idModelo, denominacao, idMarca, idTipo) VALUES (2847, 'GS/GSA', 5, 1);
INSERT INTO modelo (idModelo, denominacao, idMarca, idTipo) VALUES (2848, 'GS/GSA BREAK', 5, 1);
INSERT INTO modelo (idModelo, denominacao, idMarca, idTipo) VALUES (2849, 'MEHARI', 5, 1);
INSERT INTO modelo (idModelo, denominacao, idMarca, idTipo) VALUES (2852, 'ELYSEE', 5, 1);
INSERT INTO modelo (idModelo, denominacao, idMarca, idTipo) VALUES (2853, 'MASTER MINIBUS', 24, 1);
INSERT INTO modelo (idModelo, denominacao, idMarca, idTipo) VALUES (2855, 'CELER SEDAN', 47, 1);
INSERT INTO modelo (idModelo, denominacao, idMarca, idTipo) VALUES (2856, 'CIELO SEDAN', 47, 1);
INSERT INTO modelo (idModelo, denominacao, idMarca, idTipo) VALUES (2857, 'A1 SPORTBACK', 32, 1);
INSERT INTO modelo (idModelo, denominacao, idMarca, idTipo) VALUES (2858, 'A1 QUATTRO', 32, 1);
INSERT INTO modelo (idModelo, denominacao, idMarca, idTipo) VALUES (2859, 'A3 SPORTBACK', 32, 1);
INSERT INTO modelo (idModelo, denominacao, idMarca, idTipo) VALUES (2860, 'RS4 AVANT', 32, 1);
INSERT INTO modelo (idModelo, denominacao, idMarca, idTipo) VALUES (2861, 'A8L W12', 32, 1);
INSERT INTO modelo (idModelo, denominacao, idMarca, idTipo) VALUES (2862, 'R8 V10', 32, 1);
INSERT INTO modelo (idModelo, denominacao, idMarca, idTipo) VALUES (2863, 'RANGER CD', 13, 1);
INSERT INTO modelo (idModelo, denominacao, idMarca, idTipo) VALUES (2874, 'FIT TWIST', 7, 1);
INSERT INTO modelo (idModelo, denominacao, idMarca, idTipo) VALUES (2878, 'MONDEO SW', 13, 1);
INSERT INTO modelo (idModelo, denominacao, idMarca, idTipo) VALUES (2879, 'ESCORT SEDAN', 13, 1);
INSERT INTO modelo (idModelo, denominacao, idMarca, idTipo) VALUES (2880, 'ESCORT CONVERSIVEL', 13, 1);
INSERT INTO modelo (idModelo, denominacao, idMarca, idTipo) VALUES (2884, 'CORISCO', 1, 1);
INSERT INTO modelo (idModelo, denominacao, idMarca, idTipo) VALUES (2885, 'CHEVELLE', 1, 1);
INSERT INTO modelo (idModelo, denominacao, idMarca, idTipo) VALUES (2886, 'EXCURSION', 13, 1);
INSERT INTO modelo (idModelo, denominacao, idMarca, idTipo) VALUES (2887, 'TOURAN', 2, 1);
INSERT INTO modelo (idModelo, denominacao, idMarca, idTipo) VALUES (2890, 'F-10000', 13, 1);
INSERT INTO modelo (idModelo, denominacao, idMarca, idTipo) VALUES (2891, 'HOGGAR ESCAPADE', 22, 1);
INSERT INTO modelo (idModelo, denominacao, idMarca, idTipo) VALUES (2901, 'PHAETON', 13, 1);
INSERT INTO modelo (idModelo, denominacao, idMarca, idTipo) VALUES (2913, 'TRANSPORTER', 2, 1);
INSERT INTO modelo (idModelo, denominacao, idMarca, idTipo) VALUES (2914, 'GRAND BESTA', 16, 1);
INSERT INTO modelo (idModelo, denominacao, idMarca, idTipo) VALUES (2922, '300C TOURING', 19, 1);
INSERT INTO modelo (idModelo, denominacao, idMarca, idTipo) VALUES (2928, 'TORINO', 13, 1);
INSERT INTO modelo (idModelo, denominacao, idMarca, idTipo) VALUES (2931, 'VENTURE', 1, 1);
INSERT INTO modelo (idModelo, denominacao, idMarca, idTipo) VALUES (2932, 'FLEETLINE', 1, 1);
INSERT INTO modelo (idModelo, denominacao, idMarca, idTipo) VALUES (2933, 'FLEETMASTER', 1, 1);
INSERT INTO modelo (idModelo, denominacao, idMarca, idTipo) VALUES (2934, 'DELUXE', 1, 1);
INSERT INTO modelo (idModelo, denominacao, idMarca, idTipo) VALUES (2936, 'ESCORT XR3', 13, 1);
INSERT INTO modelo (idModelo, denominacao, idMarca, idTipo) VALUES (2937, 'MASTER', 1, 1);
INSERT INTO modelo (idModelo, denominacao, idMarca, idTipo) VALUES (2938, 'TORONADO', 120, 1);
INSERT INTO modelo (idModelo, denominacao, idMarca, idTipo) VALUES (2941, 'DELUXE', 120, 1);
INSERT INTO modelo (idModelo, denominacao, idMarca, idTipo) VALUES (2942, 'SERIES 60', 120, 1);
INSERT INTO modelo (idModelo, denominacao, idMarca, idTipo) VALUES (2943, 'SERIES 70', 120, 1);
INSERT INTO modelo (idModelo, denominacao, idMarca, idTipo) VALUES (2944, 'SERIES 80', 120, 1);
INSERT INTO modelo (idModelo, denominacao, idMarca, idTipo) VALUES (2945, 'SERIES 90', 120, 1);
INSERT INTO modelo (idModelo, denominacao, idMarca, idTipo) VALUES (2946, 'STARFIRE', 120, 1);
INSERT INTO modelo (idModelo, denominacao, idMarca, idTipo) VALUES (2948, 'CUTLASS', 120, 1);
INSERT INTO modelo (idModelo, denominacao, idMarca, idTipo) VALUES (2949, 'CUTLASS SUPREME', 120, 1);
INSERT INTO modelo (idModelo, denominacao, idMarca, idTipo) VALUES (2950, 'CUTLASS SALON', 120, 1);
INSERT INTO modelo (idModelo, denominacao, idMarca, idTipo) VALUES (2951, 'CUTLASS CALAIS', 120, 1);
INSERT INTO modelo (idModelo, denominacao, idMarca, idTipo) VALUES (2952, 'CUTLASS CIERA', 120, 1);
INSERT INTO modelo (idModelo, denominacao, idMarca, idTipo) VALUES (2953, 'CUSTOM CRUISER', 120, 1);
INSERT INTO modelo (idModelo, denominacao, idMarca, idTipo) VALUES (2954, 'VISTA CRUISER', 120, 1);
INSERT INTO modelo (idModelo, denominacao, idMarca, idTipo) VALUES (2957, 'FIRENZA', 120, 1);
INSERT INTO modelo (idModelo, denominacao, idMarca, idTipo) VALUES (2958, 'ACHIEVA', 120, 1);
INSERT INTO modelo (idModelo, denominacao, idMarca, idTipo) VALUES (2960, 'AURORA', 120, 1);
INSERT INTO modelo (idModelo, denominacao, idMarca, idTipo) VALUES (2961, 'BRAVADA', 120, 1);
INSERT INTO modelo (idModelo, denominacao, idMarca, idTipo) VALUES (2962, 'INTRIGUE', 120, 1);
INSERT INTO modelo (idModelo, denominacao, idMarca, idTipo) VALUES (2963, 'SILHOUETTE', 120, 1);
INSERT INTO modelo (idModelo, denominacao, idMarca, idTipo) VALUES (2972, 'SUPERBIRD', 123, 1);
INSERT INTO modelo (idModelo, denominacao, idMarca, idTipo) VALUES (2974, 'SPECIAL', 123, 1);
INSERT INTO modelo (idModelo, denominacao, idMarca, idTipo) VALUES (2975, 'PROWLER', 123, 1);
INSERT INTO modelo (idModelo, denominacao, idMarca, idTipo) VALUES (2976, 'TRAIL DUSTER', 123, 1);
INSERT INTO modelo (idModelo, denominacao, idMarca, idTipo) VALUES (2977, 'VOYAGER', 123, 1);
INSERT INTO modelo (idModelo, denominacao, idMarca, idTipo) VALUES (2985, 'EXPRESS', 123, 1);
INSERT INTO modelo (idModelo, denominacao, idMarca, idTipo) VALUES (2986, 'VOYAGER EXPRESSO', 123, 1);
INSERT INTO modelo (idModelo, denominacao, idMarca, idTipo) VALUES (2989, 'CARAVELLE', 123, 1);
INSERT INTO modelo (idModelo, denominacao, idMarca, idTipo) VALUES (2990, 'STATION WAGON', 123, 1);
INSERT INTO modelo (idModelo, denominacao, idMarca, idTipo) VALUES (2991, 'MODEL Q', 123, 1);
INSERT INTO modelo (idModelo, denominacao, idMarca, idTipo) VALUES (2992, 'MODEL P6', 123, 1);
INSERT INTO modelo (idModelo, denominacao, idMarca, idTipo) VALUES (2993, 'DB9 COUPE', 31, 1);
INSERT INTO modelo (idModelo, denominacao, idMarca, idTipo) VALUES (2994, 'DB9 VOLANTE', 31, 1);
INSERT INTO modelo (idModelo, denominacao, idMarca, idTipo) VALUES (2995, 'VIRAGE COUPE', 31, 1);
INSERT INTO modelo (idModelo, denominacao, idMarca, idTipo) VALUES (2996, 'RAPIDE S', 31, 1);
INSERT INTO modelo (idModelo, denominacao, idMarca, idTipo) VALUES (2997, 'V12 VANTAGE', 31, 1);
INSERT INTO modelo (idModelo, denominacao, idMarca, idTipo) VALUES (2998, 'V8 VANTAGE COUPE', 31, 1);
INSERT INTO modelo (idModelo, denominacao, idMarca, idTipo) VALUES (2999, 'V8 VANTAGE ROADSTER', 31, 1);
INSERT INTO modelo (idModelo, denominacao, idMarca, idTipo) VALUES (3000, 'V8 VANTAGE S COUPE', 31, 1);
INSERT INTO modelo (idModelo, denominacao, idMarca, idTipo) VALUES (3001, 'V8 VANTAGE S ROADSTER', 31, 1);
INSERT INTO modelo (idModelo, denominacao, idMarca, idTipo) VALUES (3002, 'VANQUISH COUPE', 31, 1);
INSERT INTO modelo (idModelo, denominacao, idMarca, idTipo) VALUES (3003, 'VANQUISH VOLANTE', 31, 1);
INSERT INTO modelo (idModelo, denominacao, idMarca, idTipo) VALUES (3004, 'V12 ZAGATO', 31, 1);
INSERT INTO modelo (idModelo, denominacao, idMarca, idTipo) VALUES (3008, 'DBS VOLANTE', 31, 1);
INSERT INTO modelo (idModelo, denominacao, idMarca, idTipo) VALUES (3009, 'CYGNET', 31, 1);
INSERT INTO modelo (idModelo, denominacao, idMarca, idTipo) VALUES (3010, 'ONE-77', 31, 1);
INSERT INTO modelo (idModelo, denominacao, idMarca, idTipo) VALUES (3017, 'CABRIO', 113, 1);
INSERT INTO modelo (idModelo, denominacao, idMarca, idTipo) VALUES (3019, 'ROADSTER', 113, 1);
INSERT INTO modelo (idModelo, denominacao, idMarca, idTipo) VALUES (3020, 'COUNTRYMAN', 113, 1);
INSERT INTO modelo (idModelo, denominacao, idMarca, idTipo) VALUES (3021, 'PACEMAN', 113, 1);
INSERT INTO modelo (idModelo, denominacao, idMarca, idTipo) VALUES (3022, 'JOHN COOPER WORKS', 113, 1);
INSERT INTO modelo (idModelo, denominacao, idMarca, idTipo) VALUES (3024, 'NEW XV', 8, 1);
INSERT INTO modelo (idModelo, denominacao, idMarca, idTipo) VALUES (3025, 'IMPREZA WRX HATCH', 8, 1);
INSERT INTO modelo (idModelo, denominacao, idMarca, idTipo) VALUES (3026, 'IMPREZA WRX STI HATCH', 8, 1);
INSERT INTO modelo (idModelo, denominacao, idMarca, idTipo) VALUES (3027, 'IMPREZA WRX STI SEDAN', 8, 1);
INSERT INTO modelo (idModelo, denominacao, idMarca, idTipo) VALUES (3028, 'IMPREZA WRX SEDAN', 8, 1);
INSERT INTO modelo (idModelo, denominacao, idMarca, idTipo) VALUES (3030, 'ETIOS CROSS', 23, 1);
INSERT INTO modelo (idModelo, denominacao, idMarca, idTipo) VALUES (3031, 'HURACAN', 12, 1);
INSERT INTO modelo (idModelo, denominacao, idMarca, idTipo) VALUES (3080, 'EXPLORER', 195, 1);
INSERT INTO modelo (idModelo, denominacao, idMarca, idTipo) VALUES (4964, 'FORTWO CABRIO', 142, 1);
INSERT INTO modelo (idModelo, denominacao, idMarca, idTipo) VALUES (4974, 'AC 2000', 26, 1);
INSERT INTO modelo (idModelo, denominacao, idMarca, idTipo) VALUES (4975, 'AVIATOR', 99, 1);
INSERT INTO modelo (idModelo, denominacao, idMarca, idTipo) VALUES (4976, 'BLACKWOOD', 99, 1);
INSERT INTO modelo (idModelo, denominacao, idMarca, idTipo) VALUES (4978, 'CONTINENTAL', 99, 1);
INSERT INTO modelo (idModelo, denominacao, idMarca, idTipo) VALUES (4981, 'MARK LT', 99, 1);
INSERT INTO modelo (idModelo, denominacao, idMarca, idTipo) VALUES (4986, 'NAVIGATOR', 99, 1);
INSERT INTO modelo (idModelo, denominacao, idMarca, idTipo) VALUES (4987, 'PREMIERE', 99, 1);
INSERT INTO modelo (idModelo, denominacao, idMarca, idTipo) VALUES (4988, 'TOWN CAR', 99, 1);
INSERT INTO modelo (idModelo, denominacao, idMarca, idTipo) VALUES (4989, 'VERSAILLES', 99, 1);
INSERT INTO modelo (idModelo, denominacao, idMarca, idTipo) VALUES (4990, 'ZEPHYR', 99, 1);
INSERT INTO modelo (idModelo, denominacao, idMarca, idTipo) VALUES (4991, 'CLASSIC', 1, 1);
INSERT INTO modelo (idModelo, denominacao, idMarca, idTipo) VALUES (4992, 'ACTYON', 21, 1);
INSERT INTO modelo (idModelo, denominacao, idMarca, idTipo) VALUES (5003, 'MARAJO', 1, 1);
INSERT INTO modelo (idModelo, denominacao, idMarca, idTipo) VALUES (5004, 'SUPREMA', 1, 1);
INSERT INTO modelo (idModelo, denominacao, idMarca, idTipo) VALUES (5005, 'NEW BEETLE', 2, 1);
INSERT INTO modelo (idModelo, denominacao, idMarca, idTipo) VALUES (5006, 'QUANTUM', 2, 1);
INSERT INTO modelo (idModelo, denominacao, idMarca, idTipo) VALUES (5007, 'CROSSFOX', 2, 1);
INSERT INTO modelo (idModelo, denominacao, idMarca, idTipo) VALUES (5014, 'RENEGADE', 87, 1);
INSERT INTO modelo (idModelo, denominacao, idMarca, idTipo) VALUES (5015, 'DUSTER OROCH', 24, 1);
INSERT INTO modelo (idModelo, denominacao, idMarca, idTipo) VALUES (5016, 'SANDERO RS', 24, 1);
INSERT INTO modelo (idModelo, denominacao, idMarca, idTipo) VALUES (5018, 'GRAND SANTA FE', 14, 1);
INSERT INTO modelo (idModelo, denominacao, idMarca, idTipo) VALUES (5019, 'GOLF VARIANT', 2, 1);
INSERT INTO modelo (idModelo, denominacao, idMarca, idTipo) VALUES (5020, 'SPACE CROSS', 2, 1);
INSERT INTO modelo (idModelo, denominacao, idMarca, idTipo) VALUES (5022, 'QUORIS', 16, 1);
INSERT INTO modelo (idModelo, denominacao, idMarca, idTipo) VALUES (5023, 'GRAND CARNIVAL', 16, 1);
INSERT INTO modelo (idModelo, denominacao, idMarca, idTipo) VALUES (5027, 'KA SEDAN', 13, 1);
INSERT INTO modelo (idModelo, denominacao, idMarca, idTipo) VALUES (5028, 'FOCUS FASTBACK', 13, 1);
INSERT INTO modelo (idModelo, denominacao, idMarca, idTipo) VALUES (765, 'CB 600 HORNET', 7, 2);
INSERT INTO modelo (idModelo, denominacao, idMarca, idTipo) VALUES (766, 'CBR 1000F', 7, 2);
INSERT INTO modelo (idModelo, denominacao, idMarca, idTipo) VALUES (767, 'FIREBLADE CBR', 7, 2);
INSERT INTO modelo (idModelo, denominacao, idMarca, idTipo) VALUES (768, 'CBR 450', 7, 2);
INSERT INTO modelo (idModelo, denominacao, idMarca, idTipo) VALUES (769, 'CBR 600', 7, 2);
INSERT INTO modelo (idModelo, denominacao, idMarca, idTipo) VALUES (771, 'TWISTER CBX 250', 7, 2);
INSERT INTO modelo (idModelo, denominacao, idMarca, idTipo) VALUES (772, 'CBX 750F', 7, 2);
INSERT INTO modelo (idModelo, denominacao, idMarca, idTipo) VALUES (773, 'CG FAN', 7, 2);
INSERT INTO modelo (idModelo, denominacao, idMarca, idTipo) VALUES (774, 'CG TITAN', 7, 2);
INSERT INTO modelo (idModelo, denominacao, idMarca, idTipo) VALUES (777, 'CRYPTON T115', 135, 2);
INSERT INTO modelo (idModelo, denominacao, idMarca, idTipo) VALUES (779, 'V-STROM DL', 59, 2);
INSERT INTO modelo (idModelo, denominacao, idMarca, idTipo) VALUES (780, 'DT 200', 135, 2);
INSERT INTO modelo (idModelo, denominacao, idMarca, idTipo) VALUES (781, 'ELEFANTRE', 27, 2);
INSERT INTO modelo (idModelo, denominacao, idMarca, idTipo) VALUES (783, 'FUTURE', 140, 2);
INSERT INTO modelo (idModelo, denominacao, idMarca, idTipo) VALUES (785, 'GR 500', 136, 2);
INSERT INTO modelo (idModelo, denominacao, idMarca, idTipo) VALUES (786, 'GRI 50', 136, 2);
INSERT INTO modelo (idModelo, denominacao, idMarca, idTipo) VALUES (788, 'GSX-R GIXXER/SRAD', 59, 2);
INSERT INTO modelo (idModelo, denominacao, idMarca, idTipo) VALUES (791, 'FAZER YS250', 135, 2);
INSERT INTO modelo (idModelo, denominacao, idMarca, idTipo) VALUES (792, 'FACTOR YBR125', 135, 2);
INSERT INTO modelo (idModelo, denominacao, idMarca, idTipo) VALUES (796, 'YZF R1', 135, 2);
INSERT INTO modelo (idModelo, denominacao, idMarca, idTipo) VALUES (800, 'VIRAGO 250', 135, 2);
INSERT INTO modelo (idModelo, denominacao, idMarca, idTipo) VALUES (835, 'ELEFANT', 27, 2);
INSERT INTO modelo (idModelo, denominacao, idMarca, idTipo) VALUES (837, 'JUNIOR', 27, 2);
INSERT INTO modelo (idModelo, denominacao, idMarca, idTipo) VALUES (839, 'SUPER CITY', 27, 2);
INSERT INTO modelo (idModelo, denominacao, idMarca, idTipo) VALUES (842, 'AME-110', 177, 2);
INSERT INTO modelo (idModelo, denominacao, idMarca, idTipo) VALUES (843, 'AME-150', 177, 2);
INSERT INTO modelo (idModelo, denominacao, idMarca, idTipo) VALUES (844, 'AME-250', 177, 2);
INSERT INTO modelo (idModelo, denominacao, idMarca, idTipo) VALUES (845, 'AME-LX', 177, 2);
INSERT INTO modelo (idModelo, denominacao, idMarca, idTipo) VALUES (846, 'AREA-51', 178, 2);
INSERT INTO modelo (idModelo, denominacao, idMarca, idTipo) VALUES (847, 'CLASSIC', 178, 2);
INSERT INTO modelo (idModelo, denominacao, idMarca, idTipo) VALUES (848, 'LEONARDO', 178, 2);
INSERT INTO modelo (idModelo, denominacao, idMarca, idTipo) VALUES (850, 'PEGASO', 178, 2);
INSERT INTO modelo (idModelo, denominacao, idMarca, idTipo) VALUES (853, 'RSV MILLE', 178, 2);
INSERT INTO modelo (idModelo, denominacao, idMarca, idTipo) VALUES (855, 'SCARABEO', 178, 2);
INSERT INTO modelo (idModelo, denominacao, idMarca, idTipo) VALUES (859, 'SR RACING', 178, 2);
INSERT INTO modelo (idModelo, denominacao, idMarca, idTipo) VALUES (860, 'SR WWW', 178, 2);
INSERT INTO modelo (idModelo, denominacao, idMarca, idTipo) VALUES (861, 'CALIFFONE', 179, 2);
INSERT INTO modelo (idModelo, denominacao, idMarca, idTipo) VALUES (862, 'MASTER', 179, 2);
INSERT INTO modelo (idModelo, denominacao, idMarca, idTipo) VALUES (863, 'SKEGIA', 179, 2);
INSERT INTO modelo (idModelo, denominacao, idMarca, idTipo) VALUES (864, 'CHAMPION', 180, 2);
INSERT INTO modelo (idModelo, denominacao, idMarca, idTipo) VALUES (865, 'CLASSIC', 180, 2);
INSERT INTO modelo (idModelo, denominacao, idMarca, idTipo) VALUES (877, 'MANTRA', 183, 2);
INSERT INTO modelo (idModelo, denominacao, idMarca, idTipo) VALUES (882, 'G650GS', 36, 2);
INSERT INTO modelo (idModelo, denominacao, idMarca, idTipo) VALUES (891, 'S1000RR', 36, 2);
INSERT INTO modelo (idModelo, denominacao, idMarca, idTipo) VALUES (892, 'ELEGANT', 184, 2);
INSERT INTO modelo (idModelo, denominacao, idMarca, idTipo) VALUES (896, 'ZANELLA', 184, 2);
INSERT INTO modelo (idModelo, denominacao, idMarca, idTipo) VALUES (898, 'CAN-AM', 186, 2);
INSERT INTO modelo (idModelo, denominacao, idMarca, idTipo) VALUES (902, 'FIREBOLT', 187, 2);
INSERT INTO modelo (idModelo, denominacao, idMarca, idTipo) VALUES (904, 'LIGHTNING', 187, 2);
INSERT INTO modelo (idModelo, denominacao, idMarca, idTipo) VALUES (905, 'ULYSSES', 187, 2);
INSERT INTO modelo (idModelo, denominacao, idMarca, idTipo) VALUES (908, 'CANYON', 190, 2);
INSERT INTO modelo (idModelo, denominacao, idMarca, idTipo) VALUES (909, 'ELEFANT', 190, 2);
INSERT INTO modelo (idModelo, denominacao, idMarca, idTipo) VALUES (910, 'GRAN CANYON', 190, 2);
INSERT INTO modelo (idModelo, denominacao, idMarca, idTipo) VALUES (912, 'NAVIGATOR', 190, 2);
INSERT INTO modelo (idModelo, denominacao, idMarca, idTipo) VALUES (913, 'PLANET', 190, 2);
INSERT INTO modelo (idModelo, denominacao, idMarca, idTipo) VALUES (914, 'ROADSTER', 190, 2);
INSERT INTO modelo (idModelo, denominacao, idMarca, idTipo) VALUES (915, 'V-RAPTOR', 190, 2);
INSERT INTO modelo (idModelo, denominacao, idMarca, idTipo) VALUES (917, 'MOBILETE', 191, 2);
INSERT INTO modelo (idModelo, denominacao, idMarca, idTipo) VALUES (919, 'ALTINO', 192, 2);
INSERT INTO modelo (idModelo, denominacao, idMarca, idTipo) VALUES (920, 'MESSAGE', 192, 2);
INSERT INTO modelo (idModelo, denominacao, idMarca, idTipo) VALUES (926, 'APACHE', 193, 2);
INSERT INTO modelo (idModelo, denominacao, idMarca, idTipo) VALUES (927, 'CITYCOM', 193, 2);
INSERT INTO modelo (idModelo, denominacao, idMarca, idTipo) VALUES (928, 'KANSAS', 193, 2);
INSERT INTO modelo (idModelo, denominacao, idMarca, idTipo) VALUES (932, 'ROADWIN', 193, 2);
INSERT INTO modelo (idModelo, denominacao, idMarca, idTipo) VALUES (937, 'DY100-31', 194, 2);
INSERT INTO modelo (idModelo, denominacao, idMarca, idTipo) VALUES (938, 'DY110-20', 194, 2);
INSERT INTO modelo (idModelo, denominacao, idMarca, idTipo) VALUES (939, 'DY125-18', 194, 2);
INSERT INTO modelo (idModelo, denominacao, idMarca, idTipo) VALUES (940, 'DY125-36A', 194, 2);
INSERT INTO modelo (idModelo, denominacao, idMarca, idTipo) VALUES (941, 'DY125-37', 194, 2);
INSERT INTO modelo (idModelo, denominacao, idMarca, idTipo) VALUES (942, 'DY125-5', 194, 2);
INSERT INTO modelo (idModelo, denominacao, idMarca, idTipo) VALUES (943, 'DY125-52', 194, 2);
INSERT INTO modelo (idModelo, denominacao, idMarca, idTipo) VALUES (944, 'DY150-12', 194, 2);
INSERT INTO modelo (idModelo, denominacao, idMarca, idTipo) VALUES (946, 'SUMMER', 195, 2);
INSERT INTO modelo (idModelo, denominacao, idMarca, idTipo) VALUES (947, 'DY125-8', 195, 2);
INSERT INTO modelo (idModelo, denominacao, idMarca, idTipo) VALUES (949, 'PHANTON', 195, 2);
INSERT INTO modelo (idModelo, denominacao, idMarca, idTipo) VALUES (951, 'DY150GY', 195, 2);
INSERT INTO modelo (idModelo, denominacao, idMarca, idTipo) VALUES (952, 'CARGO 150', 195, 2);
INSERT INTO modelo (idModelo, denominacao, idMarca, idTipo) VALUES (953, 'CARGO 200', 195, 2);
INSERT INTO modelo (idModelo, denominacao, idMarca, idTipo) VALUES (954, 'DY250-2', 195, 2);
INSERT INTO modelo (idModelo, denominacao, idMarca, idTipo) VALUES (955, 'ATLANTIS', 196, 2);
INSERT INTO modelo (idModelo, denominacao, idMarca, idTipo) VALUES (957, 'PREDATOR', 196, 2);
INSERT INTO modelo (idModelo, denominacao, idMarca, idTipo) VALUES (958, 'RED BULLET', 196, 2);
INSERT INTO modelo (idModelo, denominacao, idMarca, idTipo) VALUES (959, 'REPLICAS', 196, 2);
INSERT INTO modelo (idModelo, denominacao, idMarca, idTipo) VALUES (969, 'DESMOSEDICI', 197, 2);
INSERT INTO modelo (idModelo, denominacao, idMarca, idTipo) VALUES (970, 'DIAVEL', 197, 2);
INSERT INTO modelo (idModelo, denominacao, idMarca, idTipo) VALUES (971, 'HYPERMOTARD', 197, 2);
INSERT INTO modelo (idModelo, denominacao, idMarca, idTipo) VALUES (972, 'MONSTER', 197, 2);
INSERT INTO modelo (idModelo, denominacao, idMarca, idTipo) VALUES (973, 'MULTISTRADA', 197, 2);
INSERT INTO modelo (idModelo, denominacao, idMarca, idTipo) VALUES (974, 'SPORTCLASSIC', 197, 2);
INSERT INTO modelo (idModelo, denominacao, idMarca, idTipo) VALUES (978, 'STREETFIGHTER', 197, 2);
INSERT INTO modelo (idModelo, denominacao, idMarca, idTipo) VALUES (979, 'MIRAGE', 198, 2);
INSERT INTO modelo (idModelo, denominacao, idMarca, idTipo) VALUES (981, 'ONE RACING', 198, 2);
INSERT INTO modelo (idModelo, denominacao, idMarca, idTipo) VALUES (984, 'FY100-10A', 200, 2);
INSERT INTO modelo (idModelo, denominacao, idMarca, idTipo) VALUES (985, 'FY125-19', 200, 2);
INSERT INTO modelo (idModelo, denominacao, idMarca, idTipo) VALUES (986, 'FY125-20', 200, 2);
INSERT INTO modelo (idModelo, denominacao, idMarca, idTipo) VALUES (987, 'FY125EY-2', 200, 2);
INSERT INTO modelo (idModelo, denominacao, idMarca, idTipo) VALUES (988, 'FY125Y-3', 200, 2);
INSERT INTO modelo (idModelo, denominacao, idMarca, idTipo) VALUES (989, 'FY150-3', 200, 2);
INSERT INTO modelo (idModelo, denominacao, idMarca, idTipo) VALUES (990, 'FY150T-18', 200, 2);
INSERT INTO modelo (idModelo, denominacao, idMarca, idTipo) VALUES (992, 'GR08T4', 136, 2);
INSERT INTO modelo (idModelo, denominacao, idMarca, idTipo) VALUES (993, 'GR 125S/ST', 136, 2);
INSERT INTO modelo (idModelo, denominacao, idMarca, idTipo) VALUES (995, 'GR125T3', 136, 2);
INSERT INTO modelo (idModelo, denominacao, idMarca, idTipo) VALUES (996, 'GR125U', 136, 2);
INSERT INTO modelo (idModelo, denominacao, idMarca, idTipo) VALUES (997, 'GR 125Z', 136, 2);
INSERT INTO modelo (idModelo, denominacao, idMarca, idTipo) VALUES (998, 'GR 150P/PI', 136, 2);
INSERT INTO modelo (idModelo, denominacao, idMarca, idTipo) VALUES (1000, 'GR150ST', 136, 2);
INSERT INTO modelo (idModelo, denominacao, idMarca, idTipo) VALUES (1001, 'GR150T3', 136, 2);
INSERT INTO modelo (idModelo, denominacao, idMarca, idTipo) VALUES (1002, 'GR150TI', 136, 2);
INSERT INTO modelo (idModelo, denominacao, idMarca, idTipo) VALUES (1003, 'GR150U', 136, 2);
INSERT INTO modelo (idModelo, denominacao, idMarca, idTipo) VALUES (1004, 'GR250T3', 136, 2);
INSERT INTO modelo (idModelo, denominacao, idMarca, idTipo) VALUES (1005, 'ENDUCROSS', 201, 2);
INSERT INTO modelo (idModelo, denominacao, idMarca, idTipo) VALUES (1006, 'ROOKIE ENDURO', 201, 2);
INSERT INTO modelo (idModelo, denominacao, idMarca, idTipo) VALUES (1009, 'PAMPERA', 201, 2);
INSERT INTO modelo (idModelo, denominacao, idMarca, idTipo) VALUES (1010, 'TX BOY', 201, 2);
INSERT INTO modelo (idModelo, denominacao, idMarca, idTipo) VALUES (1012, 'TXT ROOKIE', 201, 2);
INSERT INTO modelo (idModelo, denominacao, idMarca, idTipo) VALUES (1014, 'RUNNER', 202, 2);
INSERT INTO modelo (idModelo, denominacao, idMarca, idTipo) VALUES (1015, 'SAFARI', 202, 2);
INSERT INTO modelo (idModelo, denominacao, idMarca, idTipo) VALUES (1018, 'HB-110', 203, 2);
INSERT INTO modelo (idModelo, denominacao, idMarca, idTipo) VALUES (1019, 'HB-125', 203, 2);
INSERT INTO modelo (idModelo, denominacao, idMarca, idTipo) VALUES (1020, 'HB-150', 203, 2);
INSERT INTO modelo (idModelo, denominacao, idMarca, idTipo) VALUES (1022, 'SOFTAIL', 204, 2);
INSERT INTO modelo (idModelo, denominacao, idMarca, idTipo) VALUES (1026, 'TOURING ROAD KING', 204, 2);
INSERT INTO modelo (idModelo, denominacao, idMarca, idTipo) VALUES (1027, 'TOURING ELECTRA GLIDE', 204, 2);
INSERT INTO modelo (idModelo, denominacao, idMarca, idTipo) VALUES (1041, 'LEGION', 205, 2);
INSERT INTO modelo (idModelo, denominacao, idMarca, idTipo) VALUES (1044, 'STREAM', 206, 2);
INSERT INTO modelo (idModelo, denominacao, idMarca, idTipo) VALUES (1045, 'AMERICA', 7, 2);
INSERT INTO modelo (idModelo, denominacao, idMarca, idTipo) VALUES (1047, 'CB 1000R', 7, 2);
INSERT INTO modelo (idModelo, denominacao, idMarca, idTipo) VALUES (1048, 'CB 1300', 7, 2);
INSERT INTO modelo (idModelo, denominacao, idMarca, idTipo) VALUES (1049, 'SUPERBLACKBIRD CBR 1100XX', 7, 2);
INSERT INTO modelo (idModelo, denominacao, idMarca, idTipo) VALUES (1050, 'CBR 250', 7, 2);
INSERT INTO modelo (idModelo, denominacao, idMarca, idTipo) VALUES (1052, 'AERO CBX 150', 7, 2);
INSERT INTO modelo (idModelo, denominacao, idMarca, idTipo) VALUES (1053, 'STRADA CBX 200', 7, 2);
INSERT INTO modelo (idModelo, denominacao, idMarca, idTipo) VALUES (1054, 'CH 125R', 7, 2);
INSERT INTO modelo (idModelo, denominacao, idMarca, idTipo) VALUES (1061, 'GL GOLD WING', 7, 2);
INSERT INTO modelo (idModelo, denominacao, idMarca, idTipo) VALUES (1063, 'MAGNA VF 750C', 7, 2);
INSERT INTO modelo (idModelo, denominacao, idMarca, idTipo) VALUES (1064, 'NX 200/250', 7, 2);
INSERT INTO modelo (idModelo, denominacao, idMarca, idTipo) VALUES (1066, 'NX 350 SAHARA', 7, 2);
INSERT INTO modelo (idModelo, denominacao, idMarca, idTipo) VALUES (1067, 'NX 400 FALCON', 7, 2);
INSERT INTO modelo (idModelo, denominacao, idMarca, idTipo) VALUES (1069, 'NXR BROS', 7, 2);
INSERT INTO modelo (idModelo, denominacao, idMarca, idTipo) VALUES (1070, 'POP 100', 7, 2);
INSERT INTO modelo (idModelo, denominacao, idMarca, idTipo) VALUES (1074, 'SUPER HAWK', 7, 2);
INSERT INTO modelo (idModelo, denominacao, idMarca, idTipo) VALUES (1077, 'VALKYRIE', 7, 2);
INSERT INTO modelo (idModelo, denominacao, idMarca, idTipo) VALUES (1078, 'VFR 1200', 7, 2);
INSERT INTO modelo (idModelo, denominacao, idMarca, idTipo) VALUES (1084, 'VARADERO XL 1000V', 7, 2);
INSERT INTO modelo (idModelo, denominacao, idMarca, idTipo) VALUES (1086, 'XL 700V TRANSALP', 7, 2);
INSERT INTO modelo (idModelo, denominacao, idMarca, idTipo) VALUES (1089, 'VLR 350', 7, 2);
INSERT INTO modelo (idModelo, denominacao, idMarca, idTipo) VALUES (1092, 'TORNADO XR 250', 7, 2);
INSERT INTO modelo (idModelo, denominacao, idMarca, idTipo) VALUES (1094, 'XRE 300', 7, 2);
INSERT INTO modelo (idModelo, denominacao, idMarca, idTipo) VALUES (1106, 'ACTION', 209, 2);
INSERT INTO modelo (idModelo, denominacao, idMarca, idTipo) VALUES (1108, 'MATRIX', 209, 2);
INSERT INTO modelo (idModelo, denominacao, idMarca, idTipo) VALUES (1109, 'MOVING', 209, 2);
INSERT INTO modelo (idModelo, denominacao, idMarca, idTipo) VALUES (1111, 'VINTAGE', 209, 2);
INSERT INTO modelo (idModelo, denominacao, idMarca, idTipo) VALUES (1112, 'WARRIOR', 209, 2);
INSERT INTO modelo (idModelo, denominacao, idMarca, idTipo) VALUES (1115, 'BARHOG', 211, 2);
INSERT INTO modelo (idModelo, denominacao, idMarca, idTipo) VALUES (1116, 'PROSTREET', 211, 2);
INSERT INTO modelo (idModelo, denominacao, idMarca, idTipo) VALUES (1117, 'SPYDER', 211, 2);
INSERT INTO modelo (idModelo, denominacao, idMarca, idTipo) VALUES (1118, 'ATLANTIC', 212, 2);
INSERT INTO modelo (idModelo, denominacao, idMarca, idTipo) VALUES (1122, 'PEGASUS', 212, 2);
INSERT INTO modelo (idModelo, denominacao, idMarca, idTipo) VALUES (1130, 'COMET GT 650', 133, 2);
INSERT INTO modelo (idModelo, denominacao, idMarca, idTipo) VALUES (1131, 'COMET GT-R 650', 133, 2);
INSERT INTO modelo (idModelo, denominacao, idMarca, idTipo) VALUES (1132, 'CRUISE', 133, 2);
INSERT INTO modelo (idModelo, denominacao, idMarca, idTipo) VALUES (1141, 'MIRAGE', 133, 2);
INSERT INTO modelo (idModelo, denominacao, idMarca, idTipo) VALUES (1142, 'MOTOKAR', 133, 2);
INSERT INTO modelo (idModelo, denominacao, idMarca, idTipo) VALUES (1147, 'SUPER CAB', 133, 2);
INSERT INTO modelo (idModelo, denominacao, idMarca, idTipo) VALUES (1151, 'AVAJET', 170, 2);
INSERT INTO modelo (idModelo, denominacao, idMarca, idTipo) VALUES (1152, 'CONCOURS', 170, 2);
INSERT INTO modelo (idModelo, denominacao, idMarca, idTipo) VALUES (1153, 'D-TRACKER', 170, 2);
INSERT INTO modelo (idModelo, denominacao, idMarca, idTipo) VALUES (1156, 'KLX 110/140', 170, 2);
INSERT INTO modelo (idModelo, denominacao, idMarca, idTipo) VALUES (1157, 'KX 100/125', 170, 2);
INSERT INTO modelo (idModelo, denominacao, idMarca, idTipo) VALUES (1160, 'NINJA 250', 170, 2);
INSERT INTO modelo (idModelo, denominacao, idMarca, idTipo) VALUES (1161, 'VERSYS', 170, 2);
INSERT INTO modelo (idModelo, denominacao, idMarca, idTipo) VALUES (1162, 'VOYAGER', 170, 2);
INSERT INTO modelo (idModelo, denominacao, idMarca, idTipo) VALUES (1163, 'VULCAN', 170, 2);
INSERT INTO modelo (idModelo, denominacao, idMarca, idTipo) VALUES (1169, 'PEOPLE', 214, 2);
INSERT INTO modelo (idModelo, denominacao, idMarca, idTipo) VALUES (1186, 'MOTO TRUCK', 216, 2);
INSERT INTO modelo (idModelo, denominacao, idMarca, idTipo) VALUES (1187, 'QUATTOR', 217, 2);
INSERT INTO modelo (idModelo, denominacao, idMarca, idTipo) VALUES (1188, 'FORMIGAO', 218, 2);
INSERT INTO modelo (idModelo, denominacao, idMarca, idTipo) VALUES (1191, 'DE LUXE', 219, 2);
INSERT INTO modelo (idModelo, denominacao, idMarca, idTipo) VALUES (1192, 'E RETRO', 219, 2);
INSERT INTO modelo (idModelo, denominacao, idMarca, idTipo) VALUES (1194, 'TRICICLO', 220, 2);
INSERT INTO modelo (idModelo, denominacao, idMarca, idTipo) VALUES (1196, 'SPIDER', 221, 2);
INSERT INTO modelo (idModelo, denominacao, idMarca, idTipo) VALUES (1202, 'CALIFORNIA', 223, 2);
INSERT INTO modelo (idModelo, denominacao, idMarca, idTipo) VALUES (1205, 'LE MANS', 223, 2);
INSERT INTO modelo (idModelo, denominacao, idMarca, idTipo) VALUES (1207, 'BRUTALE', 225, 2);
INSERT INTO modelo (idModelo, denominacao, idMarca, idTipo) VALUES (1209, 'BIG FORCE', 226, 2);
INSERT INTO modelo (idModelo, denominacao, idMarca, idTipo) VALUES (1210, 'BLACK STAR', 226, 2);
INSERT INTO modelo (idModelo, denominacao, idMarca, idTipo) VALUES (1213, 'FENIX GOLD', 226, 2);
INSERT INTO modelo (idModelo, denominacao, idMarca, idTipo) VALUES (1216, 'HALLEY', 226, 2);
INSERT INTO modelo (idModelo, denominacao, idMarca, idTipo) VALUES (1218, 'JURASIC', 226, 2);
INSERT INTO modelo (idModelo, denominacao, idMarca, idTipo) VALUES (1224, 'SPYDER', 226, 2);
INSERT INTO modelo (idModelo, denominacao, idMarca, idTipo) VALUES (1225, 'STREET', 226, 2);
INSERT INTO modelo (idModelo, denominacao, idMarca, idTipo) VALUES (1231, 'BR III', 228, 2);
INSERT INTO modelo (idModelo, denominacao, idMarca, idTipo) VALUES (1233, 'ELYSEO', 22, 2);
INSERT INTO modelo (idModelo, denominacao, idMarca, idTipo) VALUES (1234, 'SCOOTELEC', 22, 2);
INSERT INTO modelo (idModelo, denominacao, idMarca, idTipo) VALUES (1235, 'SPEEDAKE', 22, 2);
INSERT INTO modelo (idModelo, denominacao, idMarca, idTipo) VALUES (1236, 'SPEEDFIGHT', 22, 2);
INSERT INTO modelo (idModelo, denominacao, idMarca, idTipo) VALUES (1238, 'TREKKER', 22, 2);
INSERT INTO modelo (idModelo, denominacao, idMarca, idTipo) VALUES (1239, 'VIVACITY', 22, 2);
INSERT INTO modelo (idModelo, denominacao, idMarca, idTipo) VALUES (1240, 'ZENITH', 22, 2);
INSERT INTO modelo (idModelo, denominacao, idMarca, idTipo) VALUES (1241, 'BEVERLY', 229, 2);
INSERT INTO modelo (idModelo, denominacao, idMarca, idTipo) VALUES (1242, 'LIBERTY', 229, 2);
INSERT INTO modelo (idModelo, denominacao, idMarca, idTipo) VALUES (1245, 'RUNNER', 229, 2);
INSERT INTO modelo (idModelo, denominacao, idMarca, idTipo) VALUES (1248, 'BLACK JACK', 230, 2);
INSERT INTO modelo (idModelo, denominacao, idMarca, idTipo) VALUES (1249, 'FENIX GOLD', 230, 2);
INSERT INTO modelo (idModelo, denominacao, idMarca, idTipo) VALUES (1251, 'SPYDER', 230, 2);
INSERT INTO modelo (idModelo, denominacao, idMarca, idTipo) VALUES (1254, 'PASSING', 231, 2);
INSERT INTO modelo (idModelo, denominacao, idMarca, idTipo) VALUES (1255, 'RACING 200', 132, 2);
INSERT INTO modelo (idModelo, denominacao, idMarca, idTipo) VALUES (1256, 'SCROSS', 232, 2);
INSERT INTO modelo (idModelo, denominacao, idMarca, idTipo) VALUES (1260, 'HUNTER', 140, 2);
INSERT INTO modelo (idModelo, denominacao, idMarca, idTipo) VALUES (1265, 'STX MOTARD', 140, 2);
INSERT INTO modelo (idModelo, denominacao, idMarca, idTipo) VALUES (1266, 'SUPER FIFTY', 140, 2);
INSERT INTO modelo (idModelo, denominacao, idMarca, idTipo) VALUES (1267, 'VBLADE', 140, 2);
INSERT INTO modelo (idModelo, denominacao, idMarca, idTipo) VALUES (1269, 'WEB EVO', 140, 2);
INSERT INTO modelo (idModelo, denominacao, idMarca, idTipo) VALUES (1270, 'ADDRESS', 59, 2);
INSERT INTO modelo (idModelo, denominacao, idMarca, idTipo) VALUES (1272, 'BANDIT 250', 59, 2);
INSERT INTO modelo (idModelo, denominacao, idMarca, idTipo) VALUES (1273, 'BOULEVARD', 59, 2);
INSERT INTO modelo (idModelo, denominacao, idMarca, idTipo) VALUES (1274, 'BURGMAN AN', 59, 2);
INSERT INTO modelo (idModelo, denominacao, idMarca, idTipo) VALUES (1278, 'FREEWIND 650', 59, 2);
INSERT INTO modelo (idModelo, denominacao, idMarca, idTipo) VALUES (1279, 'GS 500', 59, 2);
INSERT INTO modelo (idModelo, denominacao, idMarca, idTipo) VALUES (1282, 'INTRUDER', 59, 2);
INSERT INTO modelo (idModelo, denominacao, idMarca, idTipo) VALUES (1283, 'KATANA', 59, 2);
INSERT INTO modelo (idModelo, denominacao, idMarca, idTipo) VALUES (1284, 'LETS II', 59, 2);
INSERT INTO modelo (idModelo, denominacao, idMarca, idTipo) VALUES (1286, 'MARAUDER GZ', 59, 2);
INSERT INTO modelo (idModelo, denominacao, idMarca, idTipo) VALUES (1288, 'RM 250', 59, 2);
INSERT INTO modelo (idModelo, denominacao, idMarca, idTipo) VALUES (1289, 'SAVAGE', 59, 2);
INSERT INTO modelo (idModelo, denominacao, idMarca, idTipo) VALUES (1291, 'VX 800', 59, 2);
INSERT INTO modelo (idModelo, denominacao, idMarca, idTipo) VALUES (1292, 'TRIMOTO', 233, 2);
INSERT INTO modelo (idModelo, denominacao, idMarca, idTipo) VALUES (1296, 'STAR 50', 234, 2);
INSERT INTO modelo (idModelo, denominacao, idMarca, idTipo) VALUES (1297, 'WORK 125', 234, 2);
INSERT INTO modelo (idModelo, denominacao, idMarca, idTipo) VALUES (1298, 'SKY 125', 234, 2);
INSERT INTO modelo (idModelo, denominacao, idMarca, idTipo) VALUES (1299, 'FLY 135', 234, 2);
INSERT INTO modelo (idModelo, denominacao, idMarca, idTipo) VALUES (1301, 'ADVENTURER', 148, 2);
INSERT INTO modelo (idModelo, denominacao, idMarca, idTipo) VALUES (1302, 'BONNEVILLE', 148, 2);
INSERT INTO modelo (idModelo, denominacao, idMarca, idTipo) VALUES (1303, 'DAYTONA', 148, 2);
INSERT INTO modelo (idModelo, denominacao, idMarca, idTipo) VALUES (1304, 'LEGEND', 148, 2);
INSERT INTO modelo (idModelo, denominacao, idMarca, idTipo) VALUES (1305, 'ROCKET', 148, 2);
INSERT INTO modelo (idModelo, denominacao, idMarca, idTipo) VALUES (1306, 'SCRAMBLER', 148, 2);
INSERT INTO modelo (idModelo, denominacao, idMarca, idTipo) VALUES (1307, 'SPEED TRIPLE', 148, 2);
INSERT INTO modelo (idModelo, denominacao, idMarca, idTipo) VALUES (1308, 'SPRINT', 148, 2);
INSERT INTO modelo (idModelo, denominacao, idMarca, idTipo) VALUES (1309, 'STREET TRIPLE', 148, 2);
INSERT INTO modelo (idModelo, denominacao, idMarca, idTipo) VALUES (1310, 'THRUXTON', 148, 2);
INSERT INTO modelo (idModelo, denominacao, idMarca, idTipo) VALUES (1311, 'THUNDERBIRD', 148, 2);
INSERT INTO modelo (idModelo, denominacao, idMarca, idTipo) VALUES (1313, 'TRIDENT', 148, 2);
INSERT INTO modelo (idModelo, denominacao, idMarca, idTipo) VALUES (1314, 'TROPHY', 148, 2);
INSERT INTO modelo (idModelo, denominacao, idMarca, idTipo) VALUES (1315, 'TT-600', 148, 2);
INSERT INTO modelo (idModelo, denominacao, idMarca, idTipo) VALUES (1316, 'REBELLIAN', 235, 2);
INSERT INTO modelo (idModelo, denominacao, idMarca, idTipo) VALUES (1317, 'TRITON', 235, 2);
INSERT INTO modelo (idModelo, denominacao, idMarca, idTipo) VALUES (1318, 'VTHUNDER', 235, 2);
INSERT INTO modelo (idModelo, denominacao, idMarca, idTipo) VALUES (1328, 'MAJESTY', 135, 2);
INSERT INTO modelo (idModelo, denominacao, idMarca, idTipo) VALUES (1331, 'NEO AT', 135, 2);
INSERT INTO modelo (idModelo, denominacao, idMarca, idTipo) VALUES (1333, 'RD 135', 135, 2);
INSERT INTO modelo (idModelo, denominacao, idMarca, idTipo) VALUES (1335, 'ROYAL STAR', 135, 2);
INSERT INTO modelo (idModelo, denominacao, idMarca, idTipo) VALUES (1338, 'TDR 180', 135, 2);
INSERT INTO modelo (idModelo, denominacao, idMarca, idTipo) VALUES (1341, 'V-MAX 1200', 135, 2);
INSERT INTO modelo (idModelo, denominacao, idMarca, idTipo) VALUES (1342, 'WR 250F', 135, 2);
INSERT INTO modelo (idModelo, denominacao, idMarca, idTipo) VALUES (1345, 'XT 660R', 135, 2);
INSERT INTO modelo (idModelo, denominacao, idMarca, idTipo) VALUES (1346, 'XTZ 125', 135, 2);
INSERT INTO modelo (idModelo, denominacao, idMarca, idTipo) VALUES (1348, 'MIDNIGHT STAR XVS', 135, 2);
INSERT INTO modelo (idModelo, denominacao, idMarca, idTipo) VALUES (1363, 'YES EN 125', 59, 2);
INSERT INTO modelo (idModelo, denominacao, idMarca, idTipo) VALUES (1393, 'SHADOW', 7, 2);
INSERT INTO modelo (idModelo, denominacao, idMarca, idTipo) VALUES (1450, 'LAMBRETA', 253, 2);
INSERT INTO modelo (idModelo, denominacao, idMarca, idTipo) VALUES (1518, 'SCOOTER', 269, 2);
INSERT INTO modelo (idModelo, denominacao, idMarca, idTipo) VALUES (1968, 'JAGUAR', 176, 2);
INSERT INTO modelo (idModelo, denominacao, idMarca, idTipo) VALUES (2011, 'ZS 200', 281, 2);
INSERT INTO modelo (idModelo, denominacao, idMarca, idTipo) VALUES (2012, 'BW 125', 282, 2);
INSERT INTO modelo (idModelo, denominacao, idMarca, idTipo) VALUES (2065, 'WALK MACHINE', 294, 2);
INSERT INTO modelo (idModelo, denominacao, idMarca, idTipo) VALUES (2173, 'NC 700X', 7, 2);
INSERT INTO modelo (idModelo, denominacao, idMarca, idTipo) VALUES (2174, 'DRAG STAR', 135, 2);
INSERT INTO modelo (idModelo, denominacao, idMarca, idTipo) VALUES (2223, 'B-KING GSX 1300', 59, 2);
INSERT INTO modelo (idModelo, denominacao, idMarca, idTipo) VALUES (2227, '125 ZS', 281, 2);
INSERT INTO modelo (idModelo, denominacao, idMarca, idTipo) VALUES (2293, 'CRF 110/150', 7, 2);
INSERT INTO modelo (idModelo, denominacao, idMarca, idTipo) VALUES (2317, 'LANDER XTZ 250', 135, 2);
INSERT INTO modelo (idModelo, denominacao, idMarca, idTipo) VALUES (2329, 'LIBERO', 135, 2);
INSERT INTO modelo (idModelo, denominacao, idMarca, idTipo) VALUES (2330, 'GLADIATOR', 135, 2);
INSERT INTO modelo (idModelo, denominacao, idMarca, idTipo) VALUES (2333, 'PASSOL', 135, 2);
INSERT INTO modelo (idModelo, denominacao, idMarca, idTipo) VALUES (2335, 'YZ 85LW', 135, 2);
INSERT INTO modelo (idModelo, denominacao, idMarca, idTipo) VALUES (2336, 'V-STAR', 135, 2);
INSERT INTO modelo (idModelo, denominacao, idMarca, idTipo) VALUES (2340, 'MORPHOUS', 135, 2);
INSERT INTO modelo (idModelo, denominacao, idMarca, idTipo) VALUES (2343, 'LAGEND', 135, 2);
INSERT INTO modelo (idModelo, denominacao, idMarca, idTipo) VALUES (2416, 'STUNNER', 7, 2);
INSERT INTO modelo (idModelo, denominacao, idMarca, idTipo) VALUES (2419, 'BOLDOR CB 900', 7, 2);
INSERT INTO modelo (idModelo, denominacao, idMarca, idTipo) VALUES (2420, 'CBF 600', 7, 2);
INSERT INTO modelo (idModelo, denominacao, idMarca, idTipo) VALUES (2421, 'CBR 400RR', 7, 2);
INSERT INTO modelo (idModelo, denominacao, idMarca, idTipo) VALUES (2423, 'CBX 1000', 7, 2);
INSERT INTO modelo (idModelo, denominacao, idMarca, idTipo) VALUES (2424, 'CD 125', 7, 2);
INSERT INTO modelo (idModelo, denominacao, idMarca, idTipo) VALUES (2425, 'ML 125', 7, 2);
INSERT INTO modelo (idModelo, denominacao, idMarca, idTipo) VALUES (2426, 'NSR 500', 7, 2);
INSERT INTO modelo (idModelo, denominacao, idMarca, idTipo) VALUES (2430, 'PAN-EUROPEAN ST', 7, 2);
INSERT INTO modelo (idModelo, denominacao, idMarca, idTipo) VALUES (2432, 'TURUNA 125', 7, 2);
INSERT INTO modelo (idModelo, denominacao, idMarca, idTipo) VALUES (2436, 'AFRICA TWIN XRV 750', 7, 2);
INSERT INTO modelo (idModelo, denominacao, idMarca, idTipo) VALUES (2437, 'MZ 250', 297, 2);
INSERT INTO modelo (idModelo, denominacao, idMarca, idTipo) VALUES (2439, 'RALLYE', 297, 2);
INSERT INTO modelo (idModelo, denominacao, idMarca, idTipo) VALUES (2440, 'PASSEIO', 297, 2);
INSERT INTO modelo (idModelo, denominacao, idMarca, idTipo) VALUES (2449, 'BANDIT 400', 59, 2);
INSERT INTO modelo (idModelo, denominacao, idMarca, idTipo) VALUES (2450, 'BANDIT 600', 59, 2);
INSERT INTO modelo (idModelo, denominacao, idMarca, idTipo) VALUES (2452, 'BANDIT GSF 750', 59, 2);
INSERT INTO modelo (idModelo, denominacao, idMarca, idTipo) VALUES (2453, 'BANDIT 1200', 59, 2);
INSERT INTO modelo (idModelo, denominacao, idMarca, idTipo) VALUES (2455, 'HAYABUSA', 59, 2);
INSERT INTO modelo (idModelo, denominacao, idMarca, idTipo) VALUES (2456, 'INTRUDER CUSTOM', 59, 2);
INSERT INTO modelo (idModelo, denominacao, idMarca, idTipo) VALUES (2459, 'MARAUDER VZ', 59, 2);
INSERT INTO modelo (idModelo, denominacao, idMarca, idTipo) VALUES (2460, 'CG CARGO/JOB', 7, 2);
INSERT INTO modelo (idModelo, denominacao, idMarca, idTipo) VALUES (2462, 'EXPLORER', 27, 2);
INSERT INTO modelo (idModelo, denominacao, idMarca, idTipo) VALUES (2467, 'ELIMINATOR', 170, 2);
INSERT INTO modelo (idModelo, denominacao, idMarca, idTipo) VALUES (2471, 'SUPER SHERPA', 170, 2);
INSERT INTO modelo (idModelo, denominacao, idMarca, idTipo) VALUES (2474, 'NINJA 1400', 170, 2);
INSERT INTO modelo (idModelo, denominacao, idMarca, idTipo) VALUES (2481, 'CG 125', 7, 2);
INSERT INTO modelo (idModelo, denominacao, idMarca, idTipo) VALUES (2491, 'PACIFIC COAST', 7, 2);
INSERT INTO modelo (idModelo, denominacao, idMarca, idTipo) VALUES (2495, 'CG TODAY', 7, 2);
INSERT INTO modelo (idModelo, denominacao, idMarca, idTipo) VALUES (2501, 'FZR1000', 135, 2);
INSERT INTO modelo (idModelo, denominacao, idMarca, idTipo) VALUES (2503, 'AMAZONAS', 213, 2);
INSERT INTO modelo (idModelo, denominacao, idMarca, idTipo) VALUES (2511, 'CB 125', 7, 2);
INSERT INTO modelo (idModelo, denominacao, idMarca, idTipo) VALUES (2518, 'PHOENIX 50', 132, 2);
INSERT INTO modelo (idModelo, denominacao, idMarca, idTipo) VALUES (2519, 'INDIANAPOLIS 200', 132, 2);
INSERT INTO modelo (idModelo, denominacao, idMarca, idTipo) VALUES (2520, 'F35/F40', 132, 2);
INSERT INTO modelo (idModelo, denominacao, idMarca, idTipo) VALUES (2521, 'X2 250', 132, 2);
INSERT INTO modelo (idModelo, denominacao, idMarca, idTipo) VALUES (2522, 'MAX 150', 132, 2);
INSERT INTO modelo (idModelo, denominacao, idMarca, idTipo) VALUES (2523, 'NEW WAVE 125', 132, 2);
INSERT INTO modelo (idModelo, denominacao, idMarca, idTipo) VALUES (2524, 'EXPLORER 150', 132, 2);
INSERT INTO modelo (idModelo, denominacao, idMarca, idTipo) VALUES (2527, 'RD 350 VIUVA NEGRA', 135, 2);
INSERT INTO modelo (idModelo, denominacao, idMarca, idTipo) VALUES (2530, 'XY 250', 132, 2);
INSERT INTO modelo (idModelo, denominacao, idMarca, idTipo) VALUES (2545, 'RED HUNTER', 299, 2);
INSERT INTO modelo (idModelo, denominacao, idMarca, idTipo) VALUES (2548, 'GOLDEN ARROW', 299, 2);
INSERT INTO modelo (idModelo, denominacao, idMarca, idTipo) VALUES (2668, 'WAKE 500', 341, 2);
INSERT INTO modelo (idModelo, denominacao, idMarca, idTipo) VALUES (2669, 'OUTCROSS', 341, 2);
INSERT INTO modelo (idModelo, denominacao, idMarca, idTipo) VALUES (2670, 'JOY PLUS', 341, 2);
INSERT INTO modelo (idModelo, denominacao, idMarca, idTipo) VALUES (2671, 'PASSION', 341, 2);
INSERT INTO modelo (idModelo, denominacao, idMarca, idTipo) VALUES (2673, 'PIT BULL', 341, 2);
INSERT INTO modelo (idModelo, denominacao, idMarca, idTipo) VALUES (2674, 'BRUTTUS', 341, 2);
INSERT INTO modelo (idModelo, denominacao, idMarca, idTipo) VALUES (2676, 'UFO 50', 342, 2);
INSERT INTO modelo (idModelo, denominacao, idMarca, idTipo) VALUES (2677, 'LF250ST', 342, 2);
INSERT INTO modelo (idModelo, denominacao, idMarca, idTipo) VALUES (2678, 'FOX 150R', 342, 2);
INSERT INTO modelo (idModelo, denominacao, idMarca, idTipo) VALUES (2679, 'LF400ST', 342, 2);
INSERT INTO modelo (idModelo, denominacao, idMarca, idTipo) VALUES (2680, 'VR 150 WIND', 342, 2);
INSERT INTO modelo (idModelo, denominacao, idMarca, idTipo) VALUES (2681, 'HERCULES 200', 342, 2);
INSERT INTO modelo (idModelo, denominacao, idMarca, idTipo) VALUES (2682, 'ONIX 50R', 342, 2);
INSERT INTO modelo (idModelo, denominacao, idMarca, idTipo) VALUES (2683, 'HS 150 FIRE', 342, 2);
INSERT INTO modelo (idModelo, denominacao, idMarca, idTipo) VALUES (2684, 'JET 50', 132, 2);
INSERT INTO modelo (idModelo, denominacao, idMarca, idTipo) VALUES (2685, 'RETRO 50', 132, 2);
INSERT INTO modelo (idModelo, denominacao, idMarca, idTipo) VALUES (2686, 'NEW 50', 132, 2);
INSERT INTO modelo (idModelo, denominacao, idMarca, idTipo) VALUES (2687, 'EAGLE 50', 132, 2);
INSERT INTO modelo (idModelo, denominacao, idMarca, idTipo) VALUES (2688, 'SUPER SMART 50', 132, 2);
INSERT INTO modelo (idModelo, denominacao, idMarca, idTipo) VALUES (2689, 'NEW 200', 132, 2);
INSERT INTO modelo (idModelo, denominacao, idMarca, idTipo) VALUES (2690, 'CARGO 200', 132, 2);
INSERT INTO modelo (idModelo, denominacao, idMarca, idTipo) VALUES (2691, 'BRAVO 200', 132, 2);
INSERT INTO modelo (idModelo, denominacao, idMarca, idTipo) VALUES (2692, 'STRONG 250', 132, 2);
INSERT INTO modelo (idModelo, denominacao, idMarca, idTipo) VALUES (2693, 'FUTURE 150', 132, 2);
INSERT INTO modelo (idModelo, denominacao, idMarca, idTipo) VALUES (2700, 'KN 150', 343, 2);
INSERT INTO modelo (idModelo, denominacao, idMarca, idTipo) VALUES (2701, 'KN 125 S', 343, 2);
INSERT INTO modelo (idModelo, denominacao, idMarca, idTipo) VALUES (2702, 'KN 50 S', 343, 2);
INSERT INTO modelo (idModelo, denominacao, idMarca, idTipo) VALUES (2703, 'IZY 50', 209, 2);
INSERT INTO modelo (idModelo, denominacao, idMarca, idTipo) VALUES (2762, 'AIRHEAD', 36, 2);
INSERT INTO modelo (idModelo, denominacao, idMarca, idTipo) VALUES (2764, 'F650GS', 36, 2);
INSERT INTO modelo (idModelo, denominacao, idMarca, idTipo) VALUES (2765, 'F650CS', 36, 2);
INSERT INTO modelo (idModelo, denominacao, idMarca, idTipo) VALUES (2766, 'F800GS', 36, 2);
INSERT INTO modelo (idModelo, denominacao, idMarca, idTipo) VALUES (2769, 'K1200R', 36, 2);
INSERT INTO modelo (idModelo, denominacao, idMarca, idTipo) VALUES (2770, 'K1300R', 36, 2);
INSERT INTO modelo (idModelo, denominacao, idMarca, idTipo) VALUES (2771, 'K1200GT', 36, 2);
INSERT INTO modelo (idModelo, denominacao, idMarca, idTipo) VALUES (2772, 'K1300GT', 36, 2);
INSERT INTO modelo (idModelo, denominacao, idMarca, idTipo) VALUES (2773, 'K1200GS', 36, 2);
INSERT INTO modelo (idModelo, denominacao, idMarca, idTipo) VALUES (2774, 'K1200S', 36, 2);
INSERT INTO modelo (idModelo, denominacao, idMarca, idTipo) VALUES (2782, 'R1200C', 36, 2);
INSERT INTO modelo (idModelo, denominacao, idMarca, idTipo) VALUES (2783, 'R1150GS', 36, 2);
INSERT INTO modelo (idModelo, denominacao, idMarca, idTipo) VALUES (2784, 'R1200RT', 36, 2);
INSERT INTO modelo (idModelo, denominacao, idMarca, idTipo) VALUES (2812, 'SPORTSTER', 204, 2);
INSERT INTO modelo (idModelo, denominacao, idMarca, idTipo) VALUES (2816, 'TOURING STREET GLIDE', 204, 2);
INSERT INTO modelo (idModelo, denominacao, idMarca, idTipo) VALUES (2902, 'XTZ 250 TENERE', 135, 2);
INSERT INTO modelo (idModelo, denominacao, idMarca, idTipo) VALUES (2903, 'XT 225', 135, 2);
INSERT INTO modelo (idModelo, denominacao, idMarca, idTipo) VALUES (2904, 'XT 660Z TENERE', 135, 2);
INSERT INTO modelo (idModelo, denominacao, idMarca, idTipo) VALUES (2905, 'XT 1200Z SUPER TENERE', 135, 2);
INSERT INTO modelo (idModelo, denominacao, idMarca, idTipo) VALUES (2906, 'MOBY 50', 234, 2);
INSERT INTO modelo (idModelo, denominacao, idMarca, idTipo) VALUES (2907, 'JOTO 135', 234, 2);
INSERT INTO modelo (idModelo, denominacao, idMarca, idTipo) VALUES (2908, 'MONTEZ 250', 234, 2);
INSERT INTO modelo (idModelo, denominacao, idMarca, idTipo) VALUES (2909, 'DUNNA 600', 234, 2);
INSERT INTO modelo (idModelo, denominacao, idMarca, idTipo) VALUES (2923, 'FAZER FZ6', 135, 2);
INSERT INTO modelo (idModelo, denominacao, idMarca, idTipo) VALUES (2924, 'FAZER YS150', 135, 2);
INSERT INTO modelo (idModelo, denominacao, idMarca, idTipo) VALUES (2925, 'FAZER FZ1', 135, 2);
INSERT INTO modelo (idModelo, denominacao, idMarca, idTipo) VALUES (2926, 'YZF 600R', 135, 2);
INSERT INTO modelo (idModelo, denominacao, idMarca, idTipo) VALUES (2927, 'YZF R6', 135, 2);
INSERT INTO modelo (idModelo, denominacao, idMarca, idTipo) VALUES (2965, 'CRF 230/250', 7, 2);
INSERT INTO modelo (idModelo, denominacao, idMarca, idTipo) VALUES (2966, 'CRF 450', 7, 2);
INSERT INTO modelo (idModelo, denominacao, idMarca, idTipo) VALUES (2968, 'NX 650 DOMINATOR', 7, 2);
INSERT INTO modelo (idModelo, denominacao, idMarca, idTipo) VALUES (2969, 'CR 250', 7, 2);
INSERT INTO modelo (idModelo, denominacao, idMarca, idTipo) VALUES (2970, 'CR 125', 7, 2);
INSERT INTO modelo (idModelo, denominacao, idMarca, idTipo) VALUES (3113, 'OUTLANDER 400', 358, 2);
INSERT INTO modelo (idModelo, denominacao, idMarca, idTipo) VALUES (3114, 'OUTLANDER 500', 358, 2);
INSERT INTO modelo (idModelo, denominacao, idMarca, idTipo) VALUES (3115, 'OUTLANDER 650', 358, 2);
INSERT INTO modelo (idModelo, denominacao, idMarca, idTipo) VALUES (3116, 'OUTLANDER 800R', 358, 2);
INSERT INTO modelo (idModelo, denominacao, idMarca, idTipo) VALUES (3117, 'OUTLANDER MAX 400', 358, 2);
INSERT INTO modelo (idModelo, denominacao, idMarca, idTipo) VALUES (3118, 'OUTLANDER MAX 500', 358, 2);
INSERT INTO modelo (idModelo, denominacao, idMarca, idTipo) VALUES (3119, 'OUTLANDER MAX 650', 358, 2);
INSERT INTO modelo (idModelo, denominacao, idMarca, idTipo) VALUES (3120, 'OUTLANDER MAX 800R', 358, 2);
INSERT INTO modelo (idModelo, denominacao, idMarca, idTipo) VALUES (3121, 'OUTLANDER MAX LTD 800R', 358, 2);
INSERT INTO modelo (idModelo, denominacao, idMarca, idTipo) VALUES (3122, 'RENEGADE 500', 358, 2);
INSERT INTO modelo (idModelo, denominacao, idMarca, idTipo) VALUES (3123, 'RENEGADE 800R', 358, 2);
INSERT INTO modelo (idModelo, denominacao, idMarca, idTipo) VALUES (3124, 'DS 250', 358, 2);
INSERT INTO modelo (idModelo, denominacao, idMarca, idTipo) VALUES (3125, 'DS 450', 358, 2);
INSERT INTO modelo (idModelo, denominacao, idMarca, idTipo) VALUES (3129, 'NINJA 1000', 170, 2);
INSERT INTO modelo (idModelo, denominacao, idMarca, idTipo) VALUES (3130, 'NINJA 600', 170, 2);
INSERT INTO modelo (idModelo, denominacao, idMarca, idTipo) VALUES (3131, 'NINJA 300', 170, 2);
INSERT INTO modelo (idModelo, denominacao, idMarca, idTipo) VALUES (3132, 'NINJA 1100', 170, 2);
INSERT INTO modelo (idModelo, denominacao, idMarca, idTipo) VALUES (3133, 'NINJA 900', 170, 2);
INSERT INTO modelo (idModelo, denominacao, idMarca, idTipo) VALUES (3134, 'NINJA 700', 170, 2);
INSERT INTO modelo (idModelo, denominacao, idMarca, idTipo) VALUES (3135, 'NINJA 1200', 170, 2);
INSERT INTO modelo (idModelo, denominacao, idMarca, idTipo) VALUES (3139, 'VERSYS CITY', 170, 2);
INSERT INTO modelo (idModelo, denominacao, idMarca, idTipo) VALUES (3140, 'VERSYS GRAND TOURER', 170, 2);
INSERT INTO modelo (idModelo, denominacao, idMarca, idTipo) VALUES (3141, 'VERSYS TOURER', 170, 2);
INSERT INTO modelo (idModelo, denominacao, idMarca, idTipo) VALUES (3142, 'VERSYS 1000', 170, 2);
INSERT INTO modelo (idModelo, denominacao, idMarca, idTipo) VALUES (3143, 'KX 450/500', 170, 2);
INSERT INTO modelo (idModelo, denominacao, idMarca, idTipo) VALUES (3144, 'KX 250', 170, 2);
INSERT INTO modelo (idModelo, denominacao, idMarca, idTipo) VALUES (3145, 'KX 65/85', 170, 2);
INSERT INTO modelo (idModelo, denominacao, idMarca, idTipo) VALUES (3146, 'KLX 400/450', 170, 2);
INSERT INTO modelo (idModelo, denominacao, idMarca, idTipo) VALUES (3147, 'KLX 250/300', 170, 2);
INSERT INTO modelo (idModelo, denominacao, idMarca, idTipo) VALUES (3152, 'YFM 700R', 135, 2);
INSERT INTO modelo (idModelo, denominacao, idMarca, idTipo) VALUES (3153, 'GRIZZLY', 135, 2);
INSERT INTO modelo (idModelo, denominacao, idMarca, idTipo) VALUES (3169, '125 SX', 344, 2);
INSERT INTO modelo (idModelo, denominacao, idMarca, idTipo) VALUES (3170, '150 SX', 344, 2);
INSERT INTO modelo (idModelo, denominacao, idMarca, idTipo) VALUES (3171, '250 SX', 344, 2);
INSERT INTO modelo (idModelo, denominacao, idMarca, idTipo) VALUES (3172, '350 SX', 344, 2);
INSERT INTO modelo (idModelo, denominacao, idMarca, idTipo) VALUES (3173, '450 SX-F', 344, 2);
INSERT INTO modelo (idModelo, denominacao, idMarca, idTipo) VALUES (3174, '350 EXC', 344, 2);
INSERT INTO modelo (idModelo, denominacao, idMarca, idTipo) VALUES (3175, '500 EXC', 344, 2);
INSERT INTO modelo (idModelo, denominacao, idMarca, idTipo) VALUES (3176, '150 XC', 344, 2);
INSERT INTO modelo (idModelo, denominacao, idMarca, idTipo) VALUES (3177, '250 XC', 344, 2);
INSERT INTO modelo (idModelo, denominacao, idMarca, idTipo) VALUES (3178, '300 XC', 344, 2);
INSERT INTO modelo (idModelo, denominacao, idMarca, idTipo) VALUES (3180, '450 XC-F/W', 344, 2);
INSERT INTO modelo (idModelo, denominacao, idMarca, idTipo) VALUES (3181, '200 XC', 344, 2);
INSERT INTO modelo (idModelo, denominacao, idMarca, idTipo) VALUES (3183, '690 ENDURO R', 344, 2);
INSERT INTO modelo (idModelo, denominacao, idMarca, idTipo) VALUES (3184, '1190 ADVENTURE', 344, 2);
INSERT INTO modelo (idModelo, denominacao, idMarca, idTipo) VALUES (3185, '990 SM T', 344, 2);
INSERT INTO modelo (idModelo, denominacao, idMarca, idTipo) VALUES (3186, '990 ADVENTURE BAJA', 344, 2);
INSERT INTO modelo (idModelo, denominacao, idMarca, idTipo) VALUES (3187, '690 DUKE', 344, 2);
INSERT INTO modelo (idModelo, denominacao, idMarca, idTipo) VALUES (3188, '1190 RC8 R', 344, 2);
INSERT INTO modelo (idModelo, denominacao, idMarca, idTipo) VALUES (3189, 'ACX 250F', 359, 2);
INSERT INTO modelo (idModelo, denominacao, idMarca, idTipo) VALUES (3190, 'HOTZOO SPORT 90', 359, 2);
INSERT INTO modelo (idModelo, denominacao, idMarca, idTipo) VALUES (3191, 'SPORTLANDER 150R', 359, 2);
INSERT INTO modelo (idModelo, denominacao, idMarca, idTipo) VALUES (3192, 'SPORTLANDER 250XR', 359, 2);
INSERT INTO modelo (idModelo, denominacao, idMarca, idTipo) VALUES (3193, 'SPORTLANDER 350ZX', 359, 2);
INSERT INTO modelo (idModelo, denominacao, idMarca, idTipo) VALUES (3194, 'SPORTLANDER 450TR', 359, 2);
INSERT INTO modelo (idModelo, denominacao, idMarca, idTipo) VALUES (3195, 'QUADRILANDER 300', 359, 2);
INSERT INTO modelo (idModelo, denominacao, idMarca, idTipo) VALUES (3196, 'QUADRILANDER 400', 359, 2);
INSERT INTO modelo (idModelo, denominacao, idMarca, idTipo) VALUES (3197, 'QUADRILANDER 600', 359, 2);
INSERT INTO modelo (idModelo, denominacao, idMarca, idTipo) VALUES (3198, 'FRONTLANDER 500', 359, 2);
INSERT INTO modelo (idModelo, denominacao, idMarca, idTipo) VALUES (3199, 'FRONTLANDER 800 EFI', 359, 2);
INSERT INTO modelo (idModelo, denominacao, idMarca, idTipo) VALUES (3201, '525 XC', 344, 2);
INSERT INTO modelo (idModelo, denominacao, idMarca, idTipo) VALUES (3202, '505 SX', 344, 2);
INSERT INTO modelo (idModelo, denominacao, idMarca, idTipo) VALUES (3203, '450 XC', 344, 2);
INSERT INTO modelo (idModelo, denominacao, idMarca, idTipo) VALUES (3204, '450 SX', 344, 2);
INSERT INTO modelo (idModelo, denominacao, idMarca, idTipo) VALUES (3205, 'VENICE 50', 132, 2);
INSERT INTO modelo (idModelo, denominacao, idMarca, idTipo) VALUES (3206, 'LIBERTY 50', 132, 2);
INSERT INTO modelo (idModelo, denominacao, idMarca, idTipo) VALUES (3207, 'BIKE 50', 132, 2);
INSERT INTO modelo (idModelo, denominacao, idMarca, idTipo) VALUES (3208, 'JET 125', 132, 2);
INSERT INTO modelo (idModelo, denominacao, idMarca, idTipo) VALUES (3209, 'CUSTOM 250', 132, 2);
INSERT INTO modelo (idModelo, denominacao, idMarca, idTipo) VALUES (3210, 'DISCOVER 250', 132, 2);
INSERT INTO modelo (idModelo, denominacao, idMarca, idTipo) VALUES (4362, 'RZR 570', 171, 2);
INSERT INTO modelo (idModelo, denominacao, idMarca, idTipo) VALUES (4363, 'RZR 800', 171, 2);
INSERT INTO modelo (idModelo, denominacao, idMarca, idTipo) VALUES (4364, 'RZR 800 XC', 171, 2);
INSERT INTO modelo (idModelo, denominacao, idMarca, idTipo) VALUES (4365, 'RZR S 800', 171, 2);
INSERT INTO modelo (idModelo, denominacao, idMarca, idTipo) VALUES (4366, 'RZR 900', 171, 2);
INSERT INTO modelo (idModelo, denominacao, idMarca, idTipo) VALUES (4367, 'RZR XP 1000', 171, 2);
INSERT INTO modelo (idModelo, denominacao, idMarca, idTipo) VALUES (4368, 'RZR 4 800', 171, 2);
INSERT INTO modelo (idModelo, denominacao, idMarca, idTipo) VALUES (4369, 'RZR 4 900', 171, 2);
INSERT INTO modelo (idModelo, denominacao, idMarca, idTipo) VALUES (4370, 'RZR 4 1000', 171, 2);
INSERT INTO modelo (idModelo, denominacao, idMarca, idTipo) VALUES (4371, 'RANGER 6X6', 171, 2);
INSERT INTO modelo (idModelo, denominacao, idMarca, idTipo) VALUES (4372, 'RANGER 800', 171, 2);
INSERT INTO modelo (idModelo, denominacao, idMarca, idTipo) VALUES (4373, 'RANGER DIESEL', 171, 2);
INSERT INTO modelo (idModelo, denominacao, idMarca, idTipo) VALUES (4374, 'RANGER XP 900', 171, 2);
INSERT INTO modelo (idModelo, denominacao, idMarca, idTipo) VALUES (4375, 'RANGER 400', 171, 2);
INSERT INTO modelo (idModelo, denominacao, idMarca, idTipo) VALUES (4376, 'RANGER 570', 171, 2);
INSERT INTO modelo (idModelo, denominacao, idMarca, idTipo) VALUES (4377, 'RANGER 800 MIDSIZE', 171, 2);
INSERT INTO modelo (idModelo, denominacao, idMarca, idTipo) VALUES (4378, 'RANGER EV', 171, 2);
INSERT INTO modelo (idModelo, denominacao, idMarca, idTipo) VALUES (4379, 'RANGER CREW 570', 171, 2);
INSERT INTO modelo (idModelo, denominacao, idMarca, idTipo) VALUES (4380, 'RANGER CREW 800', 171, 2);
INSERT INTO modelo (idModelo, denominacao, idMarca, idTipo) VALUES (4381, 'RANGER CREW DIESEL', 171, 2);
INSERT INTO modelo (idModelo, denominacao, idMarca, idTipo) VALUES (4382, 'RANGER CREW 900', 171, 2);
INSERT INTO modelo (idModelo, denominacao, idMarca, idTipo) VALUES (4383, 'SPORTSMAN 550 EPS', 171, 2);
INSERT INTO modelo (idModelo, denominacao, idMarca, idTipo) VALUES (4384, 'SPORTSMAN 570', 171, 2);
INSERT INTO modelo (idModelo, denominacao, idMarca, idTipo) VALUES (4385, 'SPORTSMAN 400 HO', 171, 2);
INSERT INTO modelo (idModelo, denominacao, idMarca, idTipo) VALUES (4386, 'SPORTSMAN WV850 HO', 171, 2);
INSERT INTO modelo (idModelo, denominacao, idMarca, idTipo) VALUES (4387, 'SPORTSMAN XP 850', 171, 2);
INSERT INTO modelo (idModelo, denominacao, idMarca, idTipo) VALUES (4388, 'SPORTSMAN 800 EFI', 171, 2);
INSERT INTO modelo (idModelo, denominacao, idMarca, idTipo) VALUES (4389, 'SPORTSMAN BIG BOSS 6X6 800', 171, 2);
INSERT INTO modelo (idModelo, denominacao, idMarca, idTipo) VALUES (4390, 'SCRAMBLER XP 850 HO', 171, 2);
INSERT INTO modelo (idModelo, denominacao, idMarca, idTipo) VALUES (4391, 'SCRAMBLER XP 1000 EPS', 171, 2);
INSERT INTO modelo (idModelo, denominacao, idMarca, idTipo) VALUES (4392, 'SPORTSMAN TOURING 850', 171, 2);
INSERT INTO modelo (idModelo, denominacao, idMarca, idTipo) VALUES (4393, 'SPORTSMAN TOURING 570', 171, 2);
INSERT INTO modelo (idModelo, denominacao, idMarca, idTipo) VALUES (4394, 'SPORTSMAN TOURING 550', 171, 2);
INSERT INTO modelo (idModelo, denominacao, idMarca, idTipo) VALUES (4395, 'SPORTSMAN X2 550', 171, 2);
INSERT INTO modelo (idModelo, denominacao, idMarca, idTipo) VALUES (4396, 'PHOENIX 200', 171, 2);
INSERT INTO modelo (idModelo, denominacao, idMarca, idTipo) VALUES (4397, 'RZR 170', 171, 2);
INSERT INTO modelo (idModelo, denominacao, idMarca, idTipo) VALUES (4398, 'OUTLAW 90', 171, 2);
INSERT INTO modelo (idModelo, denominacao, idMarca, idTipo) VALUES (4399, 'SPORTSMAN 90', 171, 2);
INSERT INTO modelo (idModelo, denominacao, idMarca, idTipo) VALUES (4400, 'OUTLAW 50', 171, 2);
INSERT INTO modelo (idModelo, denominacao, idMarca, idTipo) VALUES (4401, 'BRUTUS', 171, 2);
INSERT INTO modelo (idModelo, denominacao, idMarca, idTipo) VALUES (4402, 'CROSS ROADS 8-BALL', 483, 2);
INSERT INTO modelo (idModelo, denominacao, idMarca, idTipo) VALUES (4403, 'CROSS ROADS CLASSIC', 483, 2);
INSERT INTO modelo (idModelo, denominacao, idMarca, idTipo) VALUES (4404, 'CROSS COUNTRY 8-BALL', 483, 2);
INSERT INTO modelo (idModelo, denominacao, idMarca, idTipo) VALUES (4405, 'CROSS COUNTRY', 483, 2);
INSERT INTO modelo (idModelo, denominacao, idMarca, idTipo) VALUES (4406, 'NESS CROSS COUNTRY', 483, 2);
INSERT INTO modelo (idModelo, denominacao, idMarca, idTipo) VALUES (4407, 'VISION TOUR', 483, 2);
INSERT INTO modelo (idModelo, denominacao, idMarca, idTipo) VALUES (4408, 'CROSS COUNTRY TOUR', 483, 2);
INSERT INTO modelo (idModelo, denominacao, idMarca, idTipo) VALUES (4409, 'CROSS COUNTRY TOUR ANNIVERSARY', 483, 2);
INSERT INTO modelo (idModelo, denominacao, idMarca, idTipo) VALUES (4410, 'VEGAS 8-BALL', 483, 2);
INSERT INTO modelo (idModelo, denominacao, idMarca, idTipo) VALUES (4411, 'HIGH-BALL', 483, 2);
INSERT INTO modelo (idModelo, denominacao, idMarca, idTipo) VALUES (4412, 'HAMMER 8-BALL', 483, 2);
INSERT INTO modelo (idModelo, denominacao, idMarca, idTipo) VALUES (4413, 'BOARDWALK', 483, 2);
INSERT INTO modelo (idModelo, denominacao, idMarca, idTipo) VALUES (4414, 'JACKPOT', 483, 2);
INSERT INTO modelo (idModelo, denominacao, idMarca, idTipo) VALUES (4416, 'ZACH NESS CROSS COUNTRY', 483, 2);
INSERT INTO modelo (idModelo, denominacao, idMarca, idTipo) VALUES (4417, 'HARD-BALL', 483, 2);
INSERT INTO modelo (idModelo, denominacao, idMarca, idTipo) VALUES (4418, 'NESS VISION', 483, 2);
INSERT INTO modelo (idModelo, denominacao, idMarca, idTipo) VALUES (4419, 'CORY NESS CROSS COUNTRY TOUR', 483, 2);
INSERT INTO modelo (idModelo, denominacao, idMarca, idTipo) VALUES (4420, 'CHIEF CLASSIC', 484, 2);
INSERT INTO modelo (idModelo, denominacao, idMarca, idTipo) VALUES (4421, 'CHIEF VINTAGE', 484, 2);
INSERT INTO modelo (idModelo, denominacao, idMarca, idTipo) VALUES (4422, 'CHIEFTAIN', 484, 2);
INSERT INTO modelo (idModelo, denominacao, idMarca, idTipo) VALUES (4459, 'COOL STAR 125', 98, 2);
INSERT INTO modelo (idModelo, denominacao, idMarca, idTipo) VALUES (4461, 'JOJO 110', 98, 2);
INSERT INTO modelo (idModelo, denominacao, idMarca, idTipo) VALUES (4464, 'KP150F', 98, 2);
INSERT INTO modelo (idModelo, denominacao, idMarca, idTipo) VALUES (4467, 'POWER KING', 98, 2);
INSERT INTO modelo (idModelo, denominacao, idMarca, idTipo) VALUES (4469, 'GLOW 110S', 98, 2);
INSERT INTO modelo (idModelo, denominacao, idMarca, idTipo) VALUES (4471, 'POWER MAN 250', 98, 2);
INSERT INTO modelo (idModelo, denominacao, idMarca, idTipo) VALUES (4474, 'STEED 250', 98, 2);
INSERT INTO modelo (idModelo, denominacao, idMarca, idTipo) VALUES (4475, 'TRAVELLER', 98, 2);
INSERT INTO modelo (idModelo, denominacao, idMarca, idTipo) VALUES (4477, 'PK110F', 98, 2);
INSERT INTO modelo (idModelo, denominacao, idMarca, idTipo) VALUES (4914, 'F2 PLUS', 532, 2);
INSERT INTO modelo (idModelo, denominacao, idMarca, idTipo) VALUES (4915, 'SUPER F2', 532, 2);
INSERT INTO modelo (idModelo, denominacao, idMarca, idTipo) VALUES (4916, 'SUPER F1', 532, 2);
INSERT INTO modelo (idModelo, denominacao, idMarca, idTipo) VALUES (4917, 'SUPER F3', 532, 2);
INSERT INTO modelo (idModelo, denominacao, idMarca, idTipo) VALUES (4918, 'BVX 125', 532, 2);
INSERT INTO modelo (idModelo, denominacao, idMarca, idTipo) VALUES (4919, 'BVX 130 STREET', 532, 2);
INSERT INTO modelo (idModelo, denominacao, idMarca, idTipo) VALUES (4920, 'BVX 150 S1', 532, 2);
INSERT INTO modelo (idModelo, denominacao, idMarca, idTipo) VALUES (4921, 'TR 150 D6', 532, 2);
INSERT INTO modelo (idModelo, denominacao, idMarca, idTipo) VALUES (4922, 'AX 200', 532, 2);
INSERT INTO modelo (idModelo, denominacao, idMarca, idTipo) VALUES (4923, 'BVX 200', 532, 2);
INSERT INTO modelo (idModelo, denominacao, idMarca, idTipo) VALUES (4924, 'BX 260', 532, 2);
INSERT INTO modelo (idModelo, denominacao, idMarca, idTipo) VALUES (4925, 'BR 250 D1', 532, 2);
INSERT INTO modelo (idModelo, denominacao, idMarca, idTipo) VALUES (4926, 'CARGO 260', 532, 2);
INSERT INTO modelo (idModelo, denominacao, idMarca, idTipo) VALUES (4928, 'COMET GT 250', 133, 2);
INSERT INTO modelo (idModelo, denominacao, idMarca, idTipo) VALUES (4929, 'COMET GT-R 250', 133, 2);
INSERT INTO modelo (idModelo, denominacao, idMarca, idTipo) VALUES (4935, 'FZR600', 135, 2);
INSERT INTO modelo (idModelo, denominacao, idMarca, idTipo) VALUES (4936, 'FZR400', 135, 2);
INSERT INTO modelo (idModelo, denominacao, idMarca, idTipo) VALUES (4937, 'FZR250', 135, 2);
INSERT INTO modelo (idModelo, denominacao, idMarca, idTipo) VALUES (4942, 'XS1100', 135, 2);
INSERT INTO modelo (idModelo, denominacao, idMarca, idTipo) VALUES (4944, 'SRX 400', 135, 2);
INSERT INTO modelo (idModelo, denominacao, idMarca, idTipo) VALUES (4945, 'SRX 600', 135, 2);
INSERT INTO modelo (idModelo, denominacao, idMarca, idTipo) VALUES (4946, 'V-MAX 1680', 135, 2);
INSERT INTO modelo (idModelo, denominacao, idMarca, idTipo) VALUES (4947, 'FJR1300', 135, 2);
INSERT INTO modelo (idModelo, denominacao, idMarca, idTipo) VALUES (4948, 'XTZ 750 SUPER TENERE', 135, 2);
INSERT INTO modelo (idModelo, denominacao, idMarca, idTipo) VALUES (4949, 'XT 600', 135, 2);
INSERT INTO modelo (idModelo, denominacao, idMarca, idTipo) VALUES (4950, 'VIRAGO 400', 135, 2);
INSERT INTO modelo (idModelo, denominacao, idMarca, idTipo) VALUES (4951, 'VIRAGO 535', 135, 2);
INSERT INTO modelo (idModelo, denominacao, idMarca, idTipo) VALUES (4952, 'VIRAGO 750', 135, 2);
INSERT INTO modelo (idModelo, denominacao, idMarca, idTipo) VALUES (4953, 'VIRAGO 1400', 135, 2);
INSERT INTO modelo (idModelo, denominacao, idMarca, idTipo) VALUES (4954, 'XZ 550', 135, 2);
INSERT INTO modelo (idModelo, denominacao, idMarca, idTipo) VALUES (4955, 'YZR 500', 135, 2);
INSERT INTO modelo (idModelo, denominacao, idMarca, idTipo) VALUES (4956, 'WR 450F', 135, 2);
INSERT INTO modelo (idModelo, denominacao, idMarca, idTipo) VALUES (4957, 'TZ 250', 135, 2);
INSERT INTO modelo (idModelo, denominacao, idMarca, idTipo) VALUES (4958, 'YZ 125', 135, 2);
INSERT INTO modelo (idModelo, denominacao, idMarca, idTipo) VALUES (4959, 'YZ 250', 135, 2);
INSERT INTO modelo (idModelo, denominacao, idMarca, idTipo) VALUES (4960, 'YZ 450', 135, 2);
INSERT INTO modelo (idModelo, denominacao, idMarca, idTipo) VALUES (4962, 'XR 180', 135, 2);
INSERT INTO modelo (idModelo, denominacao, idMarca, idTipo) VALUES (4963, 'TT 125', 135, 2);
INSERT INTO modelo (idModelo, denominacao, idMarca, idTipo) VALUES (4994, 'ALPINA', 185, 2);
INSERT INTO modelo (idModelo, denominacao, idMarca, idTipo) VALUES (4996, 'NEVADA', 185, 2);
INSERT INTO modelo (idModelo, denominacao, idMarca, idTipo) VALUES (4997, 'WINSTAR', 185, 2);
INSERT INTO modelo (idModelo, denominacao, idMarca, idTipo) VALUES (4998, 'ELEKTRA', 185, 2);
INSERT INTO modelo (idModelo, denominacao, idMarca, idTipo) VALUES (4999, 'TEXANA', 185, 2);
INSERT INTO modelo (idModelo, denominacao, idMarca, idTipo) VALUES (5000, 'ALTINO', 185, 2);
INSERT INTO modelo (idModelo, denominacao, idMarca, idTipo) VALUES (5001, 'AQUILA', 185, 2);
INSERT INTO modelo (idModelo, denominacao, idMarca, idTipo) VALUES (5002, 'DAYSTAR ROUTIER', 185, 2);
INSERT INTO modelo (idModelo, denominacao, idMarca, idTipo) VALUES (1452, 'TRAILER', 164, 3);
INSERT INTO modelo (idModelo, denominacao, idMarca, idTipo) VALUES (1453, 'F-12000', 13, 3);
INSERT INTO modelo (idModelo, denominacao, idMarca, idTipo) VALUES (1461, 'MASCARELLO', 2, 3);
INSERT INTO modelo (idModelo, denominacao, idMarca, idTipo) VALUES (1462, 'GRANMICRO', 2, 3);
INSERT INTO modelo (idModelo, denominacao, idMarca, idTipo) VALUES (1482, 'ONIBUS', 263, 3);
INSERT INTO modelo (idModelo, denominacao, idMarca, idTipo) VALUES (1483, 'GUINDASTE', 266, 3);
INSERT INTO modelo (idModelo, denominacao, idMarca, idTipo) VALUES (1511, 'EMPILHADEIRA', 266, 3);
INSERT INTO modelo (idModelo, denominacao, idMarca, idTipo) VALUES (1536, 'D-12000', 1, 3);
INSERT INTO modelo (idModelo, denominacao, idMarca, idTipo) VALUES (1537, 'D-13000', 1, 3);
INSERT INTO modelo (idModelo, denominacao, idMarca, idTipo) VALUES (1538, 'D-14000', 1, 3);
INSERT INTO modelo (idModelo, denominacao, idMarca, idTipo) VALUES (1542, 'D-6000', 1, 3);
INSERT INTO modelo (idModelo, denominacao, idMarca, idTipo) VALUES (1627, 'F-11000', 13, 3);
INSERT INTO modelo (idModelo, denominacao, idMarca, idTipo) VALUES (1629, 'F-13000', 13, 3);
INSERT INTO modelo (idModelo, denominacao, idMarca, idTipo) VALUES (1630, 'F-14000', 13, 3);
INSERT INTO modelo (idModelo, denominacao, idMarca, idTipo) VALUES (1631, 'F-16000', 13, 3);
INSERT INTO modelo (idModelo, denominacao, idMarca, idTipo) VALUES (1632, 'F-19000', 13, 3);
INSERT INTO modelo (idModelo, denominacao, idMarca, idTipo) VALUES (1633, 'F-2000', 13, 3);
INSERT INTO modelo (idModelo, denominacao, idMarca, idTipo) VALUES (1634, 'F-21000', 13, 3);
INSERT INTO modelo (idModelo, denominacao, idMarca, idTipo) VALUES (1635, 'F-22000', 13, 3);
INSERT INTO modelo (idModelo, denominacao, idMarca, idTipo) VALUES (1638, 'F-4000', 13, 3);
INSERT INTO modelo (idModelo, denominacao, idMarca, idTipo) VALUES (1639, 'F-7000', 13, 3);
INSERT INTO modelo (idModelo, denominacao, idMarca, idTipo) VALUES (1640, 'F-MAXX', 13, 3);
INSERT INTO modelo (idModelo, denominacao, idMarca, idTipo) VALUES (1641, '12-170', 1, 3);
INSERT INTO modelo (idModelo, denominacao, idMarca, idTipo) VALUES (1642, '14-190', 1, 3);
INSERT INTO modelo (idModelo, denominacao, idMarca, idTipo) VALUES (1643, '15-190', 1, 3);
INSERT INTO modelo (idModelo, denominacao, idMarca, idTipo) VALUES (1644, '16-220', 1, 3);
INSERT INTO modelo (idModelo, denominacao, idMarca, idTipo) VALUES (1651, 'CITYCLASS', 85, 3);
INSERT INTO modelo (idModelo, denominacao, idMarca, idTipo) VALUES (1652, 'CURSOR', 85, 3);
INSERT INTO modelo (idModelo, denominacao, idMarca, idTipo) VALUES (1661, 'EUROCARGO', 85, 3);
INSERT INTO modelo (idModelo, denominacao, idMarca, idTipo) VALUES (1664, 'EUROTECH', 85, 3);
INSERT INTO modelo (idModelo, denominacao, idMarca, idTipo) VALUES (1665, 'EUROTRAKKER', 85, 3);
INSERT INTO modelo (idModelo, denominacao, idMarca, idTipo) VALUES (1666, 'POWERSTAR', 85, 3);
INSERT INTO modelo (idModelo, denominacao, idMarca, idTipo) VALUES (1667, 'STRALIS', 85, 3);
INSERT INTO modelo (idModelo, denominacao, idMarca, idTipo) VALUES (1670, 'TECTOR', 85, 3);
INSERT INTO modelo (idModelo, denominacao, idMarca, idTipo) VALUES (1671, 'TRAKKER', 85, 3);
INSERT INTO modelo (idModelo, denominacao, idMarca, idTipo) VALUES (1672, 'VERTIS', 85, 3);
INSERT INTO modelo (idModelo, denominacao, idMarca, idTipo) VALUES (1694, '1944-S', 4, 3);
INSERT INTO modelo (idModelo, denominacao, idMarca, idTipo) VALUES (1709, 'ACCELO', 4, 3);
INSERT INTO modelo (idModelo, denominacao, idMarca, idTipo) VALUES (1710, 'ACTROS', 4, 3);
INSERT INTO modelo (idModelo, denominacao, idMarca, idTipo) VALUES (1712, 'ATILIS', 4, 3);
INSERT INTO modelo (idModelo, denominacao, idMarca, idTipo) VALUES (1717, 'L-1117', 4, 3);
INSERT INTO modelo (idModelo, denominacao, idMarca, idTipo) VALUES (1718, 'L-1118', 4, 3);
INSERT INTO modelo (idModelo, denominacao, idMarca, idTipo) VALUES (1721, 'L-1313', 4, 3);
INSERT INTO modelo (idModelo, denominacao, idMarca, idTipo) VALUES (1722, 'L-1314', 4, 3);
INSERT INTO modelo (idModelo, denominacao, idMarca, idTipo) VALUES (1724, 'L-1317', 4, 3);
INSERT INTO modelo (idModelo, denominacao, idMarca, idTipo) VALUES (1726, 'L-1319', 4, 3);
INSERT INTO modelo (idModelo, denominacao, idMarca, idTipo) VALUES (1730, 'L-1514', 4, 3);
INSERT INTO modelo (idModelo, denominacao, idMarca, idTipo) VALUES (1732, 'L-1517', 4, 3);
INSERT INTO modelo (idModelo, denominacao, idMarca, idTipo) VALUES (1744, 'L-2014', 4, 3);
INSERT INTO modelo (idModelo, denominacao, idMarca, idTipo) VALUES (1745, 'L-2017', 4, 3);
INSERT INTO modelo (idModelo, denominacao, idMarca, idTipo) VALUES (1746, 'L-2213', 4, 3);
INSERT INTO modelo (idModelo, denominacao, idMarca, idTipo) VALUES (1747, 'L-2214', 4, 3);
INSERT INTO modelo (idModelo, denominacao, idMarca, idTipo) VALUES (1748, 'L-2215', 4, 3);
INSERT INTO modelo (idModelo, denominacao, idMarca, idTipo) VALUES (1749, 'L-2216', 4, 3);
INSERT INTO modelo (idModelo, denominacao, idMarca, idTipo) VALUES (1750, 'L-2217', 4, 3);
INSERT INTO modelo (idModelo, denominacao, idMarca, idTipo) VALUES (1752, 'L-2220', 4, 3);
INSERT INTO modelo (idModelo, denominacao, idMarca, idTipo) VALUES (1753, 'L-2225', 4, 3);
INSERT INTO modelo (idModelo, denominacao, idMarca, idTipo) VALUES (1754, 'L-2314', 4, 3);
INSERT INTO modelo (idModelo, denominacao, idMarca, idTipo) VALUES (1755, 'L-2318', 4, 3);
INSERT INTO modelo (idModelo, denominacao, idMarca, idTipo) VALUES (1756, 'L-2325', 4, 3);
INSERT INTO modelo (idModelo, denominacao, idMarca, idTipo) VALUES (1771, 'LS-1632', 4, 3);
INSERT INTO modelo (idModelo, denominacao, idMarca, idTipo) VALUES (1780, 'LS-1941', 4, 3);
INSERT INTO modelo (idModelo, denominacao, idMarca, idTipo) VALUES (1783, 'DURASTAR', 275, 3);
INSERT INTO modelo (idModelo, denominacao, idMarca, idTipo) VALUES (1784, 'INTERNATIONAL', 275, 3);
INSERT INTO modelo (idModelo, denominacao, idMarca, idTipo) VALUES (1840, '11-130', 2, 3);
INSERT INTO modelo (idModelo, denominacao, idMarca, idTipo) VALUES (1841, '11-140', 2, 3);
INSERT INTO modelo (idModelo, denominacao, idMarca, idTipo) VALUES (1842, '12-170', 2, 3);
INSERT INTO modelo (idModelo, denominacao, idMarca, idTipo) VALUES (1843, '12-180', 2, 3);
INSERT INTO modelo (idModelo, denominacao, idMarca, idTipo) VALUES (1844, '13-130', 2, 3);
INSERT INTO modelo (idModelo, denominacao, idMarca, idTipo) VALUES (1845, '13-150', 2, 3);
INSERT INTO modelo (idModelo, denominacao, idMarca, idTipo) VALUES (1846, '13-170', 2, 3);
INSERT INTO modelo (idModelo, denominacao, idMarca, idTipo) VALUES (1849, '14-140', 2, 3);
INSERT INTO modelo (idModelo, denominacao, idMarca, idTipo) VALUES (1850, '14-150', 2, 3);
INSERT INTO modelo (idModelo, denominacao, idMarca, idTipo) VALUES (1851, '14-170', 2, 3);
INSERT INTO modelo (idModelo, denominacao, idMarca, idTipo) VALUES (1852, '14-180', 2, 3);
INSERT INTO modelo (idModelo, denominacao, idMarca, idTipo) VALUES (1853, '14-200', 2, 3);
INSERT INTO modelo (idModelo, denominacao, idMarca, idTipo) VALUES (1854, '14-210', 2, 3);
INSERT INTO modelo (idModelo, denominacao, idMarca, idTipo) VALUES (1855, '14-220', 2, 3);
INSERT INTO modelo (idModelo, denominacao, idMarca, idTipo) VALUES (1856, '15-170', 2, 3);
INSERT INTO modelo (idModelo, denominacao, idMarca, idTipo) VALUES (1859, '16-170', 2, 3);
INSERT INTO modelo (idModelo, denominacao, idMarca, idTipo) VALUES (1860, '16-200', 2, 3);
INSERT INTO modelo (idModelo, denominacao, idMarca, idTipo) VALUES (1861, '16-210', 2, 3);
INSERT INTO modelo (idModelo, denominacao, idMarca, idTipo) VALUES (1862, '16-220', 2, 3);
INSERT INTO modelo (idModelo, denominacao, idMarca, idTipo) VALUES (1863, '16-300', 2, 3);
INSERT INTO modelo (idModelo, denominacao, idMarca, idTipo) VALUES (1864, '17-180', 2, 3);
INSERT INTO modelo (idModelo, denominacao, idMarca, idTipo) VALUES (1866, '17-210', 2, 3);
INSERT INTO modelo (idModelo, denominacao, idMarca, idTipo) VALUES (1867, '17-220', 2, 3);
INSERT INTO modelo (idModelo, denominacao, idMarca, idTipo) VALUES (1869, '17-280', 2, 3);
INSERT INTO modelo (idModelo, denominacao, idMarca, idTipo) VALUES (1870, '17-300', 2, 3);
INSERT INTO modelo (idModelo, denominacao, idMarca, idTipo) VALUES (1871, '17-310', 2, 3);
INSERT INTO modelo (idModelo, denominacao, idMarca, idTipo) VALUES (1873, '17-330', 2, 3);
INSERT INTO modelo (idModelo, denominacao, idMarca, idTipo) VALUES (1874, '18-310', 2, 3);
INSERT INTO modelo (idModelo, denominacao, idMarca, idTipo) VALUES (1876, '19-330', 2, 3);
INSERT INTO modelo (idModelo, denominacao, idMarca, idTipo) VALUES (1878, '19-390', 2, 3);
INSERT INTO modelo (idModelo, denominacao, idMarca, idTipo) VALUES (1879, '22-140', 2, 3);
INSERT INTO modelo (idModelo, denominacao, idMarca, idTipo) VALUES (1880, '22-160', 2, 3);
INSERT INTO modelo (idModelo, denominacao, idMarca, idTipo) VALUES (1881, '22-210', 2, 3);
INSERT INTO modelo (idModelo, denominacao, idMarca, idTipo) VALUES (1882, '23-210', 2, 3);
INSERT INTO modelo (idModelo, denominacao, idMarca, idTipo) VALUES (1883, '23-220', 2, 3);
INSERT INTO modelo (idModelo, denominacao, idMarca, idTipo) VALUES (1884, '23-250', 2, 3);
INSERT INTO modelo (idModelo, denominacao, idMarca, idTipo) VALUES (1885, '23-310', 2, 3);
INSERT INTO modelo (idModelo, denominacao, idMarca, idTipo) VALUES (1886, '24-220', 2, 3);
INSERT INTO modelo (idModelo, denominacao, idMarca, idTipo) VALUES (1888, '24-280', 2, 3);
INSERT INTO modelo (idModelo, denominacao, idMarca, idTipo) VALUES (1890, '24-330', 2, 3);
INSERT INTO modelo (idModelo, denominacao, idMarca, idTipo) VALUES (1893, '25-390', 2, 3);
INSERT INTO modelo (idModelo, denominacao, idMarca, idTipo) VALUES (1894, '26-220', 2, 3);
INSERT INTO modelo (idModelo, denominacao, idMarca, idTipo) VALUES (1896, '26-280', 2, 3);
INSERT INTO modelo (idModelo, denominacao, idMarca, idTipo) VALUES (1897, '26-300', 2, 3);
INSERT INTO modelo (idModelo, denominacao, idMarca, idTipo) VALUES (1898, '26-310', 2, 3);
INSERT INTO modelo (idModelo, denominacao, idMarca, idTipo) VALUES (1900, '26-390', 2, 3);
INSERT INTO modelo (idModelo, denominacao, idMarca, idTipo) VALUES (1902, '31-280', 2, 3);
INSERT INTO modelo (idModelo, denominacao, idMarca, idTipo) VALUES (1903, '31-310', 2, 3);
INSERT INTO modelo (idModelo, denominacao, idMarca, idTipo) VALUES (1905, '31-330', 2, 3);
INSERT INTO modelo (idModelo, denominacao, idMarca, idTipo) VALUES (1907, '31-390', 2, 3);
INSERT INTO modelo (idModelo, denominacao, idMarca, idTipo) VALUES (1908, '35-300', 2, 3);
INSERT INTO modelo (idModelo, denominacao, idMarca, idTipo) VALUES (1909, '40-300', 2, 3);
INSERT INTO modelo (idModelo, denominacao, idMarca, idTipo) VALUES (1925, 'FH SERIES', 53, 3);
INSERT INTO modelo (idModelo, denominacao, idMarca, idTipo) VALUES (1926, 'FH GLOBETROTTER SERIES', 53, 3);
INSERT INTO modelo (idModelo, denominacao, idMarca, idTipo) VALUES (1938, 'FM SERIES', 53, 3);
INSERT INTO modelo (idModelo, denominacao, idMarca, idTipo) VALUES (1944, 'FMX SERIES', 53, 3);
INSERT INTO modelo (idModelo, denominacao, idMarca, idTipo) VALUES (1951, 'N SERIES', 53, 3);
INSERT INTO modelo (idModelo, denominacao, idMarca, idTipo) VALUES (1953, 'NH SERIES', 53, 3);
INSERT INTO modelo (idModelo, denominacao, idMarca, idTipo) VALUES (1954, 'NL SERIES', 53, 3);
INSERT INTO modelo (idModelo, denominacao, idMarca, idTipo) VALUES (1956, 'VM SERIES', 53, 3);
INSERT INTO modelo (idModelo, denominacao, idMarca, idTipo) VALUES (1994, '11-160', 2, 3);
INSERT INTO modelo (idModelo, denominacao, idMarca, idTipo) VALUES (1995, '12-140', 2, 3);
INSERT INTO modelo (idModelo, denominacao, idMarca, idTipo) VALUES (1996, '17-230', 2, 3);
INSERT INTO modelo (idModelo, denominacao, idMarca, idTipo) VALUES (1997, '24-230', 2, 3);
INSERT INTO modelo (idModelo, denominacao, idMarca, idTipo) VALUES (1998, '28-440', 2, 3);
INSERT INTO modelo (idModelo, denominacao, idMarca, idTipo) VALUES (1999, '29-440', 2, 3);
INSERT INTO modelo (idModelo, denominacao, idMarca, idTipo) VALUES (2000, '31-440', 2, 3);
INSERT INTO modelo (idModelo, denominacao, idMarca, idTipo) VALUES (2001, '33-440', 2, 3);
INSERT INTO modelo (idModelo, denominacao, idMarca, idTipo) VALUES (2002, '16-180', 2, 3);
INSERT INTO modelo (idModelo, denominacao, idMarca, idTipo) VALUES (2003, '17-240', 2, 3);
INSERT INTO modelo (idModelo, denominacao, idMarca, idTipo) VALUES (2004, '17-260', 2, 3);
INSERT INTO modelo (idModelo, denominacao, idMarca, idTipo) VALUES (2005, '18-320', 2, 3);
INSERT INTO modelo (idModelo, denominacao, idMarca, idTipo) VALUES (2006, '18-330', 2, 3);
INSERT INTO modelo (idModelo, denominacao, idMarca, idTipo) VALUES (2007, '15-210', 2, 3);
INSERT INTO modelo (idModelo, denominacao, idMarca, idTipo) VALUES (2021, 'BI-TREM', 284, 3);
INSERT INTO modelo (idModelo, denominacao, idMarca, idTipo) VALUES (2022, 'BITREM', 285, 3);
INSERT INTO modelo (idModelo, denominacao, idMarca, idTipo) VALUES (2024, 'D-1200', 1, 3);
INSERT INTO modelo (idModelo, denominacao, idMarca, idTipo) VALUES (2025, 'F-3500', 13, 3);
INSERT INTO modelo (idModelo, denominacao, idMarca, idTipo) VALUES (2033, 'MARTA-ROCHA', 1, 3);
INSERT INTO modelo (idModelo, denominacao, idMarca, idTipo) VALUES (2062, 'MOTOR-HOME', 270, 3);
INSERT INTO modelo (idModelo, denominacao, idMarca, idTipo) VALUES (2064, 'PA CARREGADEIRA', 292, 3);
INSERT INTO modelo (idModelo, denominacao, idMarca, idTipo) VALUES (2085, 'MICRO-ONIBUS', 263, 3);
INSERT INTO modelo (idModelo, denominacao, idMarca, idTipo) VALUES (2355, 'LK-140', 242, 3);
INSERT INTO modelo (idModelo, denominacao, idMarca, idTipo) VALUES (2359, 'BR-115', 242, 3);
INSERT INTO modelo (idModelo, denominacao, idMarca, idTipo) VALUES (2363, 'BR-116', 242, 3);
INSERT INTO modelo (idModelo, denominacao, idMarca, idTipo) VALUES (2577, 'CONSTELLATION', 2, 3);
INSERT INTO modelo (idModelo, denominacao, idMarca, idTipo) VALUES (2578, 'DELIVERY', 2, 3);
INSERT INTO modelo (idModelo, denominacao, idMarca, idTipo) VALUES (2579, 'WORKER', 2, 3);
INSERT INTO modelo (idModelo, denominacao, idMarca, idTipo) VALUES (2712, 'ESCAVADEIRA', 266, 3);
INSERT INTO modelo (idModelo, denominacao, idMarca, idTipo) VALUES (2714, 'GUINCHO', 266, 3);
INSERT INTO modelo (idModelo, denominacao, idMarca, idTipo) VALUES (2715, 'CARREGADEIRA', 266, 3);
INSERT INTO modelo (idModelo, denominacao, idMarca, idTipo) VALUES (2723, 'MOTONIVELADORA', 266, 3);
INSERT INTO modelo (idModelo, denominacao, idMarca, idTipo) VALUES (2889, 'TANQUE', 266, 3);
INSERT INTO modelo (idModelo, denominacao, idMarca, idTipo) VALUES (2892, 'POLIGUINDASTE', 266, 3);
INSERT INTO modelo (idModelo, denominacao, idMarca, idTipo) VALUES (2894, 'F-8000', 13, 3);
INSERT INTO modelo (idModelo, denominacao, idMarca, idTipo) VALUES (2900, 'PERFURATRIZ', 266, 3);
INSERT INTO modelo (idModelo, denominacao, idMarca, idTipo) VALUES (2930, 'D-11000', 1, 3);
INSERT INTO modelo (idModelo, denominacao, idMarca, idTipo) VALUES (2971, 'FL SERIES', 53, 3);
INSERT INTO categoria_cnh (idCategoriaCNH, descricao) VALUES ('ACC', 'Habilita pessoas conduzam veículos de duas rodas com até 50 cm3 de cilindrada, as conhecidas "cinquentinhas".');
INSERT INTO categoria_cnh (idCategoriaCNH, descricao) VALUES ('A', 'Habilita a conduzir veículos de duas ou três rodas, com mais que 50 de cilindrada. Além disso, também é possível conduzir os ciclomotores da categoria ACC.');
INSERT INTO categoria_cnh (idCategoriaCNH, descricao) VALUES ('B', 'Habilita o condutor a conduzir veículos de quatro rodas com até 3,5 toneladas de peso bruto total e capacidade para até oito passageiros, além do motorista (nove ocupantes no total). Quadriciclos estão inclusos nesta classe.');
INSERT INTO categoria_cnh (idCategoriaCNH, descricao) VALUES ('C', 'Habilita o condutor a dirigir todos os tipos de automóveis da categoria B, e também os veículos de carga, não articulados, com mais de 3,5 toneladas de peso bruto total. São exemplos os caminhões, tratores, máquinas agrícolas e de movimentação de carga.');
INSERT INTO categoria_cnh (idCategoriaCNH, descricao) VALUES ('D', 'Habilita o condutor a dirigir veículos para o transporte de passageiros que acomodem mais de 8 passageiros. Aqui, entram os ônibus, micro-ônibus e vans. Com ela, o condutor também pode comandar todos os veículos inclusos nos tipos de CNH B e C.');
INSERT INTO categoria_cnh (idCategoriaCNH, descricao) VALUES ('E', 'Todos os veículos inclusos nos tipos de CNH B, C e D. Além disso, ele também pode dirigir veículos com unidades acopladas que excedam 6 toneladas. Aqui estão as carretas e caminhões com reboques e semirreboques articulados. Por fim, é necessário ter a carteira E para conduzir carros puxando trailers.');
INSERT INTO condutor (idCadastro, cpf, nome, dataNasc, idCategoriaCNH, endereco, bairro, idCidade, situacaoCNH) VALUES (1, '38947521655', 'Ana Lívia Santos', '1942-09-30', 'B', 'Passarela de Barros', 'Santa Inês', 'FGS', 'R');
INSERT INTO condutor (idCadastro, cpf, nome, dataNasc, idCategoriaCNH, endereco, bairro, idCidade, situacaoCNH) VALUES (2, '45391680298', 'Elisa Cardoso', '1983-01-01', 'C', 'Via de Barbosa, 13', 'Santa Margarida', 'FPC', 'R');
INSERT INTO condutor (idCadastro, cpf, nome, dataNasc, idCategoriaCNH, endereco, bairro, idCidade, situacaoCNH) VALUES (3, '37056198295', 'Davi Luiz Azevedo', '1995-12-14', 'D', 'Viaduto Agatha Porto, 2', 'Xangri-Lá', 'FAA', 'R');
INSERT INTO condutor (idCadastro, cpf, nome, dataNasc, idCategoriaCNH, endereco, bairro, idCidade, situacaoCNH) VALUES (4, '95374208683', 'Noah Ramos', '1967-04-27', 'E', 'Lagoa Mendes', 'Copacabana', 'FAA', 'R');
INSERT INTO condutor (idCadastro, cpf, nome, dataNasc, idCategoriaCNH, endereco, bairro, idCidade, situacaoCNH) VALUES (5, '17548602901', 'Dr. Vitor Gabriel da Luz', '1994-03-22', 'D', 'Pátio de Vieira, 6', 'São Luiz', 'CFG', 'R');
INSERT INTO condutor (idCadastro, cpf, nome, dataNasc, idCategoriaCNH, endereco, bairro, idCidade, situacaoCNH) VALUES (6, '75368492065', 'Lucas Gabriel Pires', '1972-05-02', 'E', 'Aeroporto Benício Campos, 39', 'Nossa Senhora De Fátima', 'LPD', 'R');
INSERT INTO condutor (idCadastro, cpf, nome, dataNasc, idCategoriaCNH, endereco, bairro, idCidade, situacaoCNH) VALUES (7, '08231694722', 'João Melo', '1974-06-06', 'B', 'Trevo de Cardoso, 96', 'Nova Cintra', 'LCP', 'R');
INSERT INTO condutor (idCadastro, cpf, nome, dataNasc, idCategoriaCNH, endereco, bairro, idCidade, situacaoCNH) VALUES (8, '17460392561', 'Maria Luiza Novaes', '1961-04-10', 'E', 'Passarela Ana Beatriz Costela, 5', 'Céu Azul', 'FTP', 'R');
INSERT INTO condutor (idCadastro, cpf, nome, dataNasc, idCategoriaCNH, endereco, bairro, idCidade, situacaoCNH) VALUES (9, '29645317061', 'Pedro Pires', '1969-12-04', 'C', 'Viela Sales, 36', 'Diamante', 'BDS', 'R');
INSERT INTO condutor (idCadastro, cpf, nome, dataNasc, idCategoriaCNH, endereco, bairro, idCidade, situacaoCNH) VALUES (10, '17938056286', 'Levi Cavalcanti', '1945-09-18', 'B', 'Pátio Martins', 'Venda Nova', 'COC', 'R');
INSERT INTO condutor (idCadastro, cpf, nome, dataNasc, idCategoriaCNH, endereco, bairro, idCidade, situacaoCNH) VALUES (11, '04937651820', 'Miguel Cardoso', '1993-12-28', 'D', 'Campo Teixeira, 18', 'Mala E Cuia', 'FEO', 'R');
INSERT INTO condutor (idCadastro, cpf, nome, dataNasc, idCategoriaCNH, endereco, bairro, idCidade, situacaoCNH) VALUES (12, '48937165066', 'Gustavo Jesus', '1994-10-12', 'E', 'Campo de Rodrigues', 'Califórnia', 'OOS', 'R');
INSERT INTO condutor (idCadastro, cpf, nome, dataNasc, idCategoriaCNH, endereco, bairro, idCidade, situacaoCNH) VALUES (13, '86745203162', 'Matheus Farias', '1982-06-15', 'D', 'Estrada Duarte, 72', 'Bela Vitoria', 'MTG', 'R');
INSERT INTO condutor (idCadastro, cpf, nome, dataNasc, idCategoriaCNH, endereco, bairro, idCidade, situacaoCNH) VALUES (14, '19032568442', 'Marina da Mata', '1961-04-04', 'B', 'Estrada Henrique Oliveira, 16', 'Candelaria', 'COD', 'R');
INSERT INTO condutor (idCadastro, cpf, nome, dataNasc, idCategoriaCNH, endereco, bairro, idCidade, situacaoCNH) VALUES (15, '84326950170', 'Juan Silva', '1978-05-03', 'C', 'Pátio Henrique das Neves, 1', 'Itaipu', 'MPC', 'R');
INSERT INTO condutor (idCadastro, cpf, nome, dataNasc, idCategoriaCNH, endereco, bairro, idCidade, situacaoCNH) VALUES (16, '50362849765', 'Leandro Jesus', '1965-01-17', 'A', 'Sítio Nicole Pereira, 53', 'Virgínia', 'BOP', 'R');
INSERT INTO condutor (idCadastro, cpf, nome, dataNasc, idCategoriaCNH, endereco, bairro, idCidade, situacaoCNH) VALUES (17, '25684103707', 'Maria Sophia da Conceição', '1960-08-28', 'E', 'Quadra de Carvalho, 7', 'Maria Goretti', 'CEF', 'R');
INSERT INTO condutor (idCadastro, cpf, nome, dataNasc, idCategoriaCNH, endereco, bairro, idCidade, situacaoCNH) VALUES (18, '97018532612', 'Kaique Jesus', '1941-10-02', 'E', 'Morro Giovanna Azevedo, 72', 'Pilar', 'MSP', 'R');
INSERT INTO condutor (idCadastro, cpf, nome, dataNasc, idCategoriaCNH, endereco, bairro, idCidade, situacaoCNH) VALUES (19, '58394602738', 'Ana Clara Martins', '1986-01-12', 'D', 'Vila de Lima, 183', 'Esplanada', 'PFG', 'R');
INSERT INTO condutor (idCadastro, cpf, nome, dataNasc, idCategoriaCNH, endereco, bairro, idCidade, situacaoCNH) VALUES (20, '49182703604', 'Alana Nunes', '1956-03-29', 'E', 'Parque Lorena da Cruz, 35', 'Belvedere', 'MMG', 'R');
INSERT INTO condutor (idCadastro, cpf, nome, dataNasc, idCategoriaCNH, endereco, bairro, idCidade, situacaoCNH) VALUES (21, '10928574601', 'Bianca da Rosa', '1942-12-06', 'E', 'Chácara Pereira, 27', 'Mala E Cuia', 'SVM', 'R');
INSERT INTO condutor (idCadastro, cpf, nome, dataNasc, idCategoriaCNH, endereco, bairro, idCidade, situacaoCNH) VALUES (22, '53286094765', 'Alice Carvalho', '1952-04-22', 'B', 'Morro da Costa, 794', 'Nova Pampulha', 'MBF', 'R');
INSERT INTO condutor (idCadastro, cpf, nome, dataNasc, idCategoriaCNH, endereco, bairro, idCidade, situacaoCNH) VALUES (23, '27985310630', 'Ana Sophia Fernandes', '1963-01-29', 'E', 'Travessa Freitas, 80', 'Goiania', 'COD', 'R');
INSERT INTO condutor (idCadastro, cpf, nome, dataNasc, idCategoriaCNH, endereco, bairro, idCidade, situacaoCNH) VALUES (24, '73624150871', 'Isaac Nascimento', '1965-04-03', 'D', 'Fazenda Olivia Vieira, 39', 'Palmares', 'PAC', 'R');
INSERT INTO condutor (idCadastro, cpf, nome, dataNasc, idCategoriaCNH, endereco, bairro, idCidade, situacaoCNH) VALUES (25, '80974316296', 'Marina Alves', '1961-10-14', 'C', 'Morro de Azevedo, 74', 'Engenho Nogueira', 'MAP', 'R');
INSERT INTO condutor (idCadastro, cpf, nome, dataNasc, idCategoriaCNH, endereco, bairro, idCidade, situacaoCNH) VALUES (26, '15746208353', 'Julia Cardoso', '1960-08-19', 'B', 'Jardim Novaes, 20', 'Vila Jardim São José', 'GPG', 'R');
INSERT INTO condutor (idCadastro, cpf, nome, dataNasc, idCategoriaCNH, endereco, bairro, idCidade, situacaoCNH) VALUES (27, '53792640856', 'Bernardo Silveira', '1961-05-18', 'D', 'Campo de Souza, 8', 'Primeiro De Maio', 'FEM', 'R');
INSERT INTO condutor (idCadastro, cpf, nome, dataNasc, idCategoriaCNH, endereco, bairro, idCidade, situacaoCNH) VALUES (28, '67835092492', 'Joaquim Vieira', '1978-08-16', 'E', 'Quadra Júlia Caldeira, 853', 'São João Batista', 'SFN', 'R');
INSERT INTO condutor (idCadastro, cpf, nome, dataNasc, idCategoriaCNH, endereco, bairro, idCidade, situacaoCNH) VALUES (29, '39625784128', 'Emanuella da Cruz', '1969-03-01', 'C', 'Pátio de Correia, 68', 'Petropolis', 'BAA', 'R');
INSERT INTO condutor (idCadastro, cpf, nome, dataNasc, idCategoriaCNH, endereco, bairro, idCidade, situacaoCNH) VALUES (30, '58104623753', 'Ana Vitória Cardoso', '1978-05-05', 'A', 'Lagoa Ana Carolina Fernandes, 1', 'Esperança', 'CHG', 'R');
INSERT INTO condutor (idCadastro, cpf, nome, dataNasc, idCategoriaCNH, endereco, bairro, idCidade, situacaoCNH) VALUES (31, '86471235909', 'Clara Barbosa', '1948-02-11', 'C', 'Travessa Clarice Vieira, 21', 'São Jorge 1ª Seção', 'SSP', 'R');
INSERT INTO condutor (idCadastro, cpf, nome, dataNasc, idCategoriaCNH, endereco, bairro, idCidade, situacaoCNH) VALUES (32, '08692453170', 'Sr. Enzo Alves', '1982-07-10', 'B', 'Rua Marcelo Caldeira, 49', 'Vila Ouro Minas', 'LEG', 'R');
INSERT INTO condutor (idCadastro, cpf, nome, dataNasc, idCategoriaCNH, endereco, bairro, idCidade, situacaoCNH) VALUES (33, '60492531889', 'João Vitor Lima', '1986-05-11', 'A', 'Morro Marcelo Nunes, 19', 'São Marcos', 'MEM', 'R');
INSERT INTO condutor (idCadastro, cpf, nome, dataNasc, idCategoriaCNH, endereco, bairro, idCidade, situacaoCNH) VALUES (34, '69705831203', 'Rafael Sales', '1944-06-21', 'D', 'Viela Clara Pinto, 503', 'Urca', 'DMN', 'R');
INSERT INTO condutor (idCadastro, cpf, nome, dataNasc, idCategoriaCNH, endereco, bairro, idCidade, situacaoCNH) VALUES (35, '03864971250', 'Luiz Miguel Fernandes', '1986-02-04', 'E', 'Rodovia Cunha, 35', 'Vila Canto Do Sabiá', 'AMM', 'R');
INSERT INTO condutor (idCadastro, cpf, nome, dataNasc, idCategoriaCNH, endereco, bairro, idCidade, situacaoCNH) VALUES (36, '10327584904', 'Lucca Pires', '1975-02-07', 'C', 'Passarela de Ribeiro, 53', 'Vila Pilar', 'JOD', 'R');
INSERT INTO condutor (idCadastro, cpf, nome, dataNasc, idCategoriaCNH, endereco, bairro, idCidade, situacaoCNH) VALUES (37, '46897035157', 'Stephany Silva', '1967-12-05', 'E', 'Estação de Rocha, 980', 'Vila Nova Gameleira 2ª Seção', 'RSG', 'R');
INSERT INTO condutor (idCadastro, cpf, nome, dataNasc, idCategoriaCNH, endereco, bairro, idCidade, situacaoCNH) VALUES (38, '35298016405', 'Sr. Raul Silva', '1943-04-05', 'A', 'Viela da Rosa, 22', 'Jardinópolis', 'NPD', 'R');
INSERT INTO condutor (idCadastro, cpf, nome, dataNasc, idCategoriaCNH, endereco, bairro, idCidade, situacaoCNH) VALUES (39, '27169053470', 'Sra. Letícia da Mata', '1946-01-19', 'B', 'Aeroporto de Ribeiro, 98', 'Jardinópolis', 'APC', 'R');
INSERT INTO condutor (idCadastro, cpf, nome, dataNasc, idCategoriaCNH, endereco, bairro, idCidade, situacaoCNH) VALUES (40, '39854067157', 'Sr. Carlos Eduardo da Mota', '1940-11-14', 'B', 'Parque de Barros, 13', 'Nossa Senhora Aparecida', 'REV', 'R');
INSERT INTO condutor (idCadastro, cpf, nome, dataNasc, idCategoriaCNH, endereco, bairro, idCidade, situacaoCNH) VALUES (41, '90863452710', 'Augusto Barros', '1990-04-10', 'E', 'Estação Pereira, 19', 'Bela Vitoria', 'BOA', 'R');
INSERT INTO condutor (idCadastro, cpf, nome, dataNasc, idCategoriaCNH, endereco, bairro, idCidade, situacaoCNH) VALUES (42, '38495602105', 'Levi Pires', '1954-04-20', 'A', 'Avenida Moraes', 'Bonfim', 'GOG', 'R');
INSERT INTO condutor (idCadastro, cpf, nome, dataNasc, idCategoriaCNH, endereco, bairro, idCidade, situacaoCNH) VALUES (43, '62305471807', 'Laura da Rocha', '1988-05-23', 'A', 'Praça Lopes, 691', 'Marçola', 'RAM', 'R');
INSERT INTO condutor (idCadastro, cpf, nome, dataNasc, idCategoriaCNH, endereco, bairro, idCidade, situacaoCNH) VALUES (44, '48793106548', 'Sabrina Farias', '1992-06-18', 'D', 'Lago Gabriel Farias, 27', 'Vila Real 2ª Seção', 'MGS', 'R');
INSERT INTO condutor (idCadastro, cpf, nome, dataNasc, idCategoriaCNH, endereco, bairro, idCidade, situacaoCNH) VALUES (45, '19546032824', 'Dra. Ana Carolina Costela', '1977-12-16', 'C', 'Praça Peixoto, 4', 'Vila Trinta E Um De Março', 'TIP', 'R');
INSERT INTO condutor (idCadastro, cpf, nome, dataNasc, idCategoriaCNH, endereco, bairro, idCidade, situacaoCNH) VALUES (46, '76298431519', 'Dra. Daniela Vieira', '1988-03-15', 'C', 'Alameda de Peixoto, 89', 'Solar Do Barreiro', 'LCS', 'R');
INSERT INTO condutor (idCadastro, cpf, nome, dataNasc, idCategoriaCNH, endereco, bairro, idCidade, situacaoCNH) VALUES (47, '63091287440', 'Alícia Vieira', '1992-11-14', 'E', 'Vila Cavalcanti', 'Vila Madre Gertrudes 2ª Seção', 'PSS', 'R');
INSERT INTO condutor (idCadastro, cpf, nome, dataNasc, idCategoriaCNH, endereco, bairro, idCidade, situacaoCNH) VALUES (48, '62915038406', 'Thomas Duarte', '1976-11-17', 'B', 'Morro de Ramos, 35', 'Estrela', 'RRN', 'R');
INSERT INTO condutor (idCadastro, cpf, nome, dataNasc, idCategoriaCNH, endereco, bairro, idCidade, situacaoCNH) VALUES (49, '81953706401', 'Sra. Maria das Neves', '1963-06-01', 'B', 'Esplanada da Paz, 4', 'Morro Dos Macacos', 'MGF', 'R');
INSERT INTO condutor (idCadastro, cpf, nome, dataNasc, idCategoriaCNH, endereco, bairro, idCidade, situacaoCNH) VALUES (50, '59413802750', 'Sra. Maria Luiza Caldeira', '1976-02-24', 'C', 'Viaduto Correia, 9', 'Urca', 'MRP', 'R');
INSERT INTO condutor (idCadastro, cpf, nome, dataNasc, idCategoriaCNH, endereco, bairro, idCidade, situacaoCNH) VALUES (51, '12934570606', 'Letícia Cardoso', '1987-07-26', 'C', 'Trevo de Lopes, 356', 'Aparecida', 'FPP', 'R');
INSERT INTO condutor (idCadastro, cpf, nome, dataNasc, idCategoriaCNH, endereco, bairro, idCidade, situacaoCNH) VALUES (52, '15843609251', 'Ana Júlia Rocha', '2000-11-20', 'E', 'Campo Viana, 154', 'Jardim Vitoria', 'DAF', 'R');
INSERT INTO condutor (idCadastro, cpf, nome, dataNasc, idCategoriaCNH, endereco, bairro, idCidade, situacaoCNH) VALUES (53, '79315048288', 'Paulo Dias', '1944-10-16', 'A', 'Condomínio de Duarte, 824', 'Venda Nova', 'NPG', 'R');
INSERT INTO condutor (idCadastro, cpf, nome, dataNasc, idCategoriaCNH, endereco, bairro, idCidade, situacaoCNH) VALUES (54, '80954631757', 'Brenda Barbosa', '1986-10-11', 'A', 'Área Evelyn Cardoso, 61', 'Conjunto Santa Maria', 'NGS', 'R');
INSERT INTO condutor (idCadastro, cpf, nome, dataNasc, idCategoriaCNH, endereco, bairro, idCidade, situacaoCNH) VALUES (55, '85760931202', 'Cauê Araújo', '1997-12-24', 'D', 'Loteamento Emanuelly Moraes, 91', 'São Salvador', 'CRF', 'R');
INSERT INTO condutor (idCadastro, cpf, nome, dataNasc, idCategoriaCNH, endereco, bairro, idCidade, situacaoCNH) VALUES (56, '36217495007', 'Renan Lopes', '1971-05-03', 'A', 'Área Nascimento, 73', 'Campo Alegre', 'OLS', 'R');
INSERT INTO condutor (idCadastro, cpf, nome, dataNasc, idCategoriaCNH, endereco, bairro, idCidade, situacaoCNH) VALUES (57, '98523764119', 'Diego Teixeira', '1986-12-13', 'C', 'Quadra de Silva, 54', 'Vila Suzana Primeira Seção', 'DFO', 'R');
INSERT INTO condutor (idCadastro, cpf, nome, dataNasc, idCategoriaCNH, endereco, bairro, idCidade, situacaoCNH) VALUES (58, '46291085720', 'Agatha Rezende', '1966-10-29', 'E', 'Sítio das Neves', 'Vale Do Jatoba', 'CRA', 'R');
INSERT INTO condutor (idCadastro, cpf, nome, dataNasc, idCategoriaCNH, endereco, bairro, idCidade, situacaoCNH) VALUES (59, '67190352821', 'Fernando Barros', '1998-10-31', 'B', 'Feira Carvalho, 156', 'Túnel De Ibirité', 'CVV', 'R');
INSERT INTO condutor (idCadastro, cpf, nome, dataNasc, idCategoriaCNH, endereco, bairro, idCidade, situacaoCNH) VALUES (60, '05318497675', 'Isis Lima', '1971-04-19', 'E', 'Vale da Paz, 56', 'Vila De Sá', 'PDM', 'R');
INSERT INTO condutor (idCadastro, cpf, nome, dataNasc, idCategoriaCNH, endereco, bairro, idCidade, situacaoCNH) VALUES (61, '51327069830', 'Sra. Emanuelly Souza', '1969-10-16', 'E', 'Fazenda Peixoto, 48', 'Céu Azul', 'COF', 'R');
INSERT INTO condutor (idCadastro, cpf, nome, dataNasc, idCategoriaCNH, endereco, bairro, idCidade, situacaoCNH) VALUES (62, '90817426558', 'Raquel Melo', '1978-12-23', 'B', 'Viaduto de Barros, 36', 'Dom Cabral', 'CHO', 'R');
INSERT INTO condutor (idCadastro, cpf, nome, dataNasc, idCategoriaCNH, endereco, bairro, idCidade, situacaoCNH) VALUES (63, '15642038753', 'Vitória da Paz', '1967-06-04', 'B', 'Área de Cardoso, 79', 'Vila Copacabana', 'MOM', 'R');
INSERT INTO condutor (idCadastro, cpf, nome, dataNasc, idCategoriaCNH, endereco, bairro, idCidade, situacaoCNH) VALUES (64, '10429865333', 'Felipe Cardoso', '1986-04-29', 'A', 'Núcleo Diogo Moraes, 554', 'Dom Silverio', 'DAG', 'R');
INSERT INTO condutor (idCadastro, cpf, nome, dataNasc, idCategoriaCNH, endereco, bairro, idCidade, situacaoCNH) VALUES (65, '97426183050', 'Daniela Rodrigues', '1977-03-30', 'D', 'Lago da Cunha, 15', 'Nova Cintra', 'LCP', 'R');
INSERT INTO condutor (idCadastro, cpf, nome, dataNasc, idCategoriaCNH, endereco, bairro, idCidade, situacaoCNH) VALUES (66, '17832560959', 'Eloah Peixoto', '1953-05-01', 'C', 'Morro de da Cunha, 19', 'Pedreira Padro Lopes', 'LES', 'R');
INSERT INTO condutor (idCadastro, cpf, nome, dataNasc, idCategoriaCNH, endereco, bairro, idCidade, situacaoCNH) VALUES (67, '04362587144', 'Nathan Gomes', '1977-05-11', 'C', 'Alameda de Ribeiro', 'Petropolis', 'VAA', 'R');
INSERT INTO condutor (idCadastro, cpf, nome, dataNasc, idCategoriaCNH, endereco, bairro, idCidade, situacaoCNH) VALUES (68, '24069387510', 'Melissa Nunes', '2001-05-24', 'D', 'Campo Cunha, 39', 'Nazare', 'RRD', 'R');
INSERT INTO condutor (idCadastro, cpf, nome, dataNasc, idCategoriaCNH, endereco, bairro, idCidade, situacaoCNH) VALUES (69, '80624915794', 'Danilo Monteiro', '1955-09-25', 'E', 'Alameda de da Mata, 1', 'Canadá', 'RRO', 'R');
INSERT INTO condutor (idCadastro, cpf, nome, dataNasc, idCategoriaCNH, endereco, bairro, idCidade, situacaoCNH) VALUES (70, '17580493675', 'Heloísa da Rosa', '1967-01-18', 'E', 'Colônia de Costa, 24', 'Ouro Minas', 'OVM', 'R');
INSERT INTO condutor (idCadastro, cpf, nome, dataNasc, idCategoriaCNH, endereco, bairro, idCidade, situacaoCNH) VALUES (71, '95207461370', 'Mariana Gonçalves', '1967-02-16', 'A', 'Campo Lopes, 69', 'Marieta 3ª Seção', 'RAM', 'R');
INSERT INTO condutor (idCadastro, cpf, nome, dataNasc, idCategoriaCNH, endereco, bairro, idCidade, situacaoCNH) VALUES (72, '04728963500', 'Danilo Carvalho', '1994-11-29', 'D', 'Pátio de Silva', 'Ernesto Nascimento', 'MEP', 'R');
INSERT INTO condutor (idCadastro, cpf, nome, dataNasc, idCategoriaCNH, endereco, bairro, idCidade, situacaoCNH) VALUES (73, '14702836544', 'Ana Vitória Oliveira', '1970-06-08', 'B', 'Condomínio da Cunha, 9', 'Nossa Senhora Da Conceição', 'GLS', 'R');
INSERT INTO condutor (idCadastro, cpf, nome, dataNasc, idCategoriaCNH, endereco, bairro, idCidade, situacaoCNH) VALUES (74, '83961247528', 'Isadora Silveira', '1996-02-23', 'B', 'Feira de Vieira, 1', 'Petropolis', 'BAA', 'R');
INSERT INTO condutor (idCadastro, cpf, nome, dataNasc, idCategoriaCNH, endereco, bairro, idCidade, situacaoCNH) VALUES (75, '09346718501', 'Ana Laura da Costa', '1972-03-08', 'C', 'Quadra de da Luz, 23', 'Nova Pampulha', 'SOG', 'R');
INSERT INTO condutor (idCadastro, cpf, nome, dataNasc, idCategoriaCNH, endereco, bairro, idCidade, situacaoCNH) VALUES (76, '92387451619', 'Luiza Nunes', '1961-02-16', 'E', 'Parque Davi Luiz Monteiro, 2', 'Jardim Guanabara', 'DGC', 'R');
INSERT INTO condutor (idCadastro, cpf, nome, dataNasc, idCategoriaCNH, endereco, bairro, idCidade, situacaoCNH) VALUES (77, '70518943232', 'Pedro Henrique Monteiro', '1944-10-05', 'C', 'Vale Murilo Lopes, 35', 'Lagoa', 'PON', 'R');
INSERT INTO condutor (idCadastro, cpf, nome, dataNasc, idCategoriaCNH, endereco, bairro, idCidade, situacaoCNH) VALUES (78, '34520689783', 'Ana Laura Pereira', '1989-03-01', 'E', 'Residencial Araújo, 67', 'Santa Rosa', 'LRP', 'R');
INSERT INTO condutor (idCadastro, cpf, nome, dataNasc, idCategoriaCNH, endereco, bairro, idCidade, situacaoCNH) VALUES (79, '46321075817', 'Kamilly Rocha', '1948-05-16', 'C', 'Colônia Caldeira, 9', 'Vila Madre Gertrudes 3ª Seção', 'CRD', 'R');
INSERT INTO condutor (idCadastro, cpf, nome, dataNasc, idCategoriaCNH, endereco, bairro, idCidade, situacaoCNH) VALUES (80, '80926174304', 'Arthur Sales', '1970-02-20', 'C', 'Área Carlos Eduardo Araújo, 99', 'Novo Ouro Preto', 'RGM', 'R');
INSERT INTO condutor (idCadastro, cpf, nome, dataNasc, idCategoriaCNH, endereco, bairro, idCidade, situacaoCNH) VALUES (81, '05697423152', 'Rafael Costa', '1977-08-24', 'A', 'Quadra de Barros, 4', 'Xodo-Marize', 'NAG', 'R');
INSERT INTO condutor (idCadastro, cpf, nome, dataNasc, idCategoriaCNH, endereco, bairro, idCidade, situacaoCNH) VALUES (82, '90315748648', 'Brenda Melo', '1987-09-18', 'D', 'Trevo de Barros, 42', 'Nova Pampulha', 'SOG', 'R');
INSERT INTO condutor (idCadastro, cpf, nome, dataNasc, idCategoriaCNH, endereco, bairro, idCidade, situacaoCNH) VALUES (83, '21089756402', 'Cauã Rocha', '1995-06-29', 'D', 'Praça de Araújo, 320', 'Ouro Minas', 'CMP', 'R');
INSERT INTO condutor (idCadastro, cpf, nome, dataNasc, idCategoriaCNH, endereco, bairro, idCidade, situacaoCNH) VALUES (84, '97236458155', 'Davi Luiz Barbosa', '1977-12-06', 'C', 'Viaduto de da Conceição', 'Bernadete', 'SDM', 'R');
INSERT INTO condutor (idCadastro, cpf, nome, dataNasc, idCategoriaCNH, endereco, bairro, idCidade, situacaoCNH) VALUES (85, '63290847500', 'Joana Costa', '1957-04-25', 'A', 'Travessa de Sales, 76', 'Boa União 1ª Seção', 'CFA', 'R');
INSERT INTO condutor (idCadastro, cpf, nome, dataNasc, idCategoriaCNH, endereco, bairro, idCidade, situacaoCNH) VALUES (86, '57489012694', 'Vitor Hugo Martins', '1992-02-21', 'B', 'Parque da Cunha, 92', 'Canadá', 'RRO', 'R');
INSERT INTO condutor (idCadastro, cpf, nome, dataNasc, idCategoriaCNH, endereco, bairro, idCidade, situacaoCNH) VALUES (87, '69273501443', 'Stella Cardoso', '1970-08-05', 'B', 'Loteamento Melissa da Costa, 8', 'Serra', 'CMS', 'R');
INSERT INTO condutor (idCadastro, cpf, nome, dataNasc, idCategoriaCNH, endereco, bairro, idCidade, situacaoCNH) VALUES (88, '49582017694', 'Amanda Alves', '1944-10-19', 'C', 'Vale Mendes, 33', 'Morro Dos Macacos', 'CDG', 'R');
INSERT INTO condutor (idCadastro, cpf, nome, dataNasc, idCategoriaCNH, endereco, bairro, idCidade, situacaoCNH) VALUES (89, '98431052651', 'Evelyn Souza', '1990-08-06', 'A', 'Condomínio Raul Pires, 95', 'Barreiro', 'VAS', 'R');
INSERT INTO condutor (idCadastro, cpf, nome, dataNasc, idCategoriaCNH, endereco, bairro, idCidade, situacaoCNH) VALUES (90, '79520831479', 'Alexia da Paz', '1973-11-21', 'C', 'Travessa Pires, 56', 'Flavio Marques Lisboa', 'COD', 'R');
INSERT INTO condutor (idCadastro, cpf, nome, dataNasc, idCategoriaCNH, endereco, bairro, idCidade, situacaoCNH) VALUES (91, '92071456858', 'Juan Pires', '1985-11-25', 'E', 'Loteamento Lavínia Moura, 18', 'Barreiro', 'VAS', 'R');
INSERT INTO condutor (idCadastro, cpf, nome, dataNasc, idCategoriaCNH, endereco, bairro, idCidade, situacaoCNH) VALUES (92, '04152837950', 'Fernanda Freitas', '1995-09-06', 'E', 'Quadra Nascimento, 9', 'Bela Vitoria', 'MTG', 'R');
INSERT INTO condutor (idCadastro, cpf, nome, dataNasc, idCategoriaCNH, endereco, bairro, idCidade, situacaoCNH) VALUES (93, '32875690159', 'Renan Vieira', '1979-11-28', 'D', 'Quadra de Peixoto, 48', 'Palmeiras', 'LGG', 'R');
INSERT INTO condutor (idCadastro, cpf, nome, dataNasc, idCategoriaCNH, endereco, bairro, idCidade, situacaoCNH) VALUES (94, '92867143519', 'Maysa Cardoso', '1953-06-21', 'B', 'Colônia Marcela Rezende, 1', 'Vila Petropolis', 'VVS', 'R');
INSERT INTO condutor (idCadastro, cpf, nome, dataNasc, idCategoriaCNH, endereco, bairro, idCidade, situacaoCNH) VALUES (95, '70326148507', 'Valentina Nascimento', '1994-08-30', 'A', 'Parque Vieira, 7', 'Túnel De Ibirité', 'NNP', 'R');
INSERT INTO condutor (idCadastro, cpf, nome, dataNasc, idCategoriaCNH, endereco, bairro, idCidade, situacaoCNH) VALUES (96, '84360512970', 'Thomas Oliveira', '1983-01-13', 'E', 'Estrada Dias, 80', 'Oeste', 'RMP', 'R');
INSERT INTO condutor (idCadastro, cpf, nome, dataNasc, idCategoriaCNH, endereco, bairro, idCidade, situacaoCNH) VALUES (97, '08471326507', 'Luiz Henrique Pereira', '1965-05-20', 'A', 'Chácara de Almeida, 2', 'Embaúbas', 'PAG', 'R');
INSERT INTO condutor (idCadastro, cpf, nome, dataNasc, idCategoriaCNH, endereco, bairro, idCidade, situacaoCNH) VALUES (98, '60527894176', 'Sr. Rafael da Mata', '1965-05-23', 'C', 'Passarela Milena da Mota', 'Vila Nova Cachoeirinha 2ª Seção', 'PNN', 'R');
INSERT INTO condutor (idCadastro, cpf, nome, dataNasc, idCategoriaCNH, endereco, bairro, idCidade, situacaoCNH) VALUES (99, '41629075361', 'Kaique da Conceição', '1985-10-15', 'A', 'Morro Ana Julia Pereira, 296', 'Embaúbas', 'BOM', 'R');
INSERT INTO condutor (idCadastro, cpf, nome, dataNasc, idCategoriaCNH, endereco, bairro, idCidade, situacaoCNH) VALUES (100, '57203941680', 'Stella Porto', '1996-10-15', 'D', 'Praia Ana Luiza Silva, 6', 'Alto Barroca', 'CMP', 'R');
INSERT INTO condutor (idCadastro, cpf, nome, dataNasc, idCategoriaCNH, endereco, bairro, idCidade, situacaoCNH) VALUES (101, '09816543710', 'Eloah Peixoto', '1967-09-29', 'B', 'Praia da Rocha, 3', 'São Francisco Das Chagas', 'RVO', 'R');
INSERT INTO condutor (idCadastro, cpf, nome, dataNasc, idCategoriaCNH, endereco, bairro, idCidade, situacaoCNH) VALUES (102, '31927504805', 'Mariana Gomes', '1944-09-02', 'C', 'Sítio Emanuella Costela', 'Outro', 'CPC', 'R');
INSERT INTO condutor (idCadastro, cpf, nome, dataNasc, idCategoriaCNH, endereco, bairro, idCidade, situacaoCNH) VALUES (103, '58203916406', 'Gabriela Cardoso', '2000-07-09', 'C', 'Jardim Nathan Fogaça, 76', 'João Alfredo', 'MIC', 'R');
INSERT INTO condutor (idCadastro, cpf, nome, dataNasc, idCategoriaCNH, endereco, bairro, idCidade, situacaoCNH) VALUES (104, '05693748200', 'Caroline Azevedo', '1947-12-30', 'E', 'Condomínio de da Rocha, 119', 'Urca', 'FMG', 'R');
INSERT INTO condutor (idCadastro, cpf, nome, dataNasc, idCategoriaCNH, endereco, bairro, idCidade, situacaoCNH) VALUES (105, '78652094101', 'Daniela Ribeiro', '1948-02-18', 'C', 'Trecho de Costa, 5', 'Jardim Felicidade', 'COG', 'R');
INSERT INTO condutor (idCadastro, cpf, nome, dataNasc, idCategoriaCNH, endereco, bairro, idCidade, situacaoCNH) VALUES (106, '96145832746', 'Leandro Teixeira', '1998-03-12', 'A', 'Colônia de Dias, 3', 'Silveira', 'SOG', 'R');
INSERT INTO condutor (idCadastro, cpf, nome, dataNasc, idCategoriaCNH, endereco, bairro, idCidade, situacaoCNH) VALUES (107, '10634925725', 'Maitê Azevedo', '1990-01-17', 'B', 'Estrada da Mota, 4', 'Vera Cruz', 'AGN', 'R');
INSERT INTO condutor (idCadastro, cpf, nome, dataNasc, idCategoriaCNH, endereco, bairro, idCidade, situacaoCNH) VALUES (108, '45231876062', 'Marina Costa', '1939-05-10', 'E', 'Via de Cardoso, 640', 'Aparecida', 'FPP', 'R');
INSERT INTO condutor (idCadastro, cpf, nome, dataNasc, idCategoriaCNH, endereco, bairro, idCidade, situacaoCNH) VALUES (109, '49527610885', 'Bianca Gomes', '1989-12-29', 'B', 'Travessa de da Luz, 92', 'São Cristóvão', 'MUS', 'R');
INSERT INTO condutor (idCadastro, cpf, nome, dataNasc, idCategoriaCNH, endereco, bairro, idCidade, situacaoCNH) VALUES (110, '64397205892', 'Antônio Ribeiro', '1949-02-19', 'E', 'Jardim Moura, 456', 'Ernesto Nascimento', 'CLP', 'R');
INSERT INTO condutor (idCadastro, cpf, nome, dataNasc, idCategoriaCNH, endereco, bairro, idCidade, situacaoCNH) VALUES (111, '98064137500', 'Leonardo da Rosa', '1977-05-18', 'D', 'Viaduto de Vieira, 8', 'Coração Eucarístico', 'GON', 'R');
INSERT INTO condutor (idCadastro, cpf, nome, dataNasc, idCategoriaCNH, endereco, bairro, idCidade, situacaoCNH) VALUES (112, '28065134726', 'Clara da Mota', '1940-04-25', 'B', 'Alameda de da Rocha, 78', 'Santa Efigênia', 'RSS', 'R');
INSERT INTO condutor (idCadastro, cpf, nome, dataNasc, idCategoriaCNH, endereco, bairro, idCidade, situacaoCNH) VALUES (113, '45739820197', 'Sophie Dias', '1993-01-27', 'B', 'Praia Cauã Barbosa', 'Independência', 'MMA', 'R');
INSERT INTO condutor (idCadastro, cpf, nome, dataNasc, idCategoriaCNH, endereco, bairro, idCidade, situacaoCNH) VALUES (114, '07861543226', 'Isabelly Rezende', '1982-07-20', 'A', 'Distrito Aragão, 19', 'Gutierrez', 'GCN', 'R');
INSERT INTO condutor (idCadastro, cpf, nome, dataNasc, idCategoriaCNH, endereco, bairro, idCidade, situacaoCNH) VALUES (115, '65409287185', 'Pietro Carvalho', '1972-02-15', 'B', 'Pátio Ferreira, 498', 'Nova Cintra', 'PGC', 'R');
INSERT INTO condutor (idCadastro, cpf, nome, dataNasc, idCategoriaCNH, endereco, bairro, idCidade, situacaoCNH) VALUES (116, '61590847393', 'Esther Jesus', '1947-03-30', 'C', 'Viaduto de da Cruz', 'Fazendinha', 'RDM', 'R');
INSERT INTO condutor (idCadastro, cpf, nome, dataNasc, idCategoriaCNH, endereco, bairro, idCidade, situacaoCNH) VALUES (117, '09257364810', 'Catarina Rezende', '1988-01-04', 'D', 'Estrada Silva, 38', 'Nossa Senhora Do Rosário', 'PRS', 'R');
INSERT INTO condutor (idCadastro, cpf, nome, dataNasc, idCategoriaCNH, endereco, bairro, idCidade, situacaoCNH) VALUES (118, '69825173068', 'Davi Lucca da Conceição', '1974-10-04', 'C', 'Largo de Pereira, 84', 'Madre Gertrudes', 'RIM', 'R');
INSERT INTO condutor (idCadastro, cpf, nome, dataNasc, idCategoriaCNH, endereco, bairro, idCidade, situacaoCNH) VALUES (119, '28954360700', 'Beatriz Dias', '1952-01-16', 'C', 'Colônia de Farias, 761', 'Gutierrez', 'FPP', 'R');
INSERT INTO condutor (idCadastro, cpf, nome, dataNasc, idCategoriaCNH, endereco, bairro, idCidade, situacaoCNH) VALUES (120, '14386270507', 'Srta. Beatriz Costa', '1978-08-17', 'E', 'Residencial Nunes', 'João Pinheiro', 'BOA', 'R');
INSERT INTO condutor (idCadastro, cpf, nome, dataNasc, idCategoriaCNH, endereco, bairro, idCidade, situacaoCNH) VALUES (121, '53026817490', 'Emanuella Novaes', '1974-06-24', 'E', 'Fazenda Brenda Rezende, 60', 'Cachoeirinha', 'NGS', 'R');
INSERT INTO condutor (idCadastro, cpf, nome, dataNasc, idCategoriaCNH, endereco, bairro, idCidade, situacaoCNH) VALUES (122, '69248750176', 'Júlia da Mota', '1965-12-16', 'C', 'Sítio de da Mota, 83', 'Grajaú', 'PTO', 'R');
INSERT INTO condutor (idCadastro, cpf, nome, dataNasc, idCategoriaCNH, endereco, bairro, idCidade, situacaoCNH) VALUES (123, '83469275173', 'Alícia Mendes', '1940-12-27', 'B', 'Lago João Fogaça, 587', 'Colégio Batista', 'CFN', 'R');
INSERT INTO condutor (idCadastro, cpf, nome, dataNasc, idCategoriaCNH, endereco, bairro, idCidade, situacaoCNH) VALUES (124, '18653279059', 'Vitória da Rosa', '1942-10-02', 'E', 'Estação Sophia das Neves, 70', 'Vila Nova Dos Milionarios', 'CAS', 'R');
INSERT INTO condutor (idCadastro, cpf, nome, dataNasc, idCategoriaCNH, endereco, bairro, idCidade, situacaoCNH) VALUES (125, '14937528637', 'Marcos Vinicius Mendes', '2001-10-17', 'D', 'Estrada Novaes, 36', 'Barreiro', 'CAA', 'R');
INSERT INTO condutor (idCadastro, cpf, nome, dataNasc, idCategoriaCNH, endereco, bairro, idCidade, situacaoCNH) VALUES (126, '40631582924', 'Murilo da Mata', '1974-09-24', 'A', 'Rua Gomes, 95', 'Novo Das Industrias', 'LEM', 'R');
INSERT INTO condutor (idCadastro, cpf, nome, dataNasc, idCategoriaCNH, endereco, bairro, idCidade, situacaoCNH) VALUES (127, '62394178582', 'Alexia Fogaça', '1940-10-05', 'A', 'Alameda de Moura, 565', 'Vila Real 2ª Seção', 'RIM', 'R');
INSERT INTO condutor (idCadastro, cpf, nome, dataNasc, idCategoriaCNH, endereco, bairro, idCidade, situacaoCNH) VALUES (128, '78105462362', 'Lívia Nunes', '2000-02-01', 'A', 'Sítio Sabrina Lima, 27', 'Trevo', 'PMO', 'R');
INSERT INTO condutor (idCadastro, cpf, nome, dataNasc, idCategoriaCNH, endereco, bairro, idCidade, situacaoCNH) VALUES (129, '74320968131', 'Maria Clara Dias', '1990-03-26', 'C', 'Rodovia Lucca Peixoto, 94', 'Parque São José', 'APM', 'R');
INSERT INTO condutor (idCadastro, cpf, nome, dataNasc, idCategoriaCNH, endereco, bairro, idCidade, situacaoCNH) VALUES (130, '75036489101', 'Mirella Cavalcanti', '1940-11-16', 'E', 'Morro de Vieira, 71', 'Estrela Do Oriente', 'CNP', 'R');
INSERT INTO condutor (idCadastro, cpf, nome, dataNasc, idCategoriaCNH, endereco, bairro, idCidade, situacaoCNH) VALUES (131, '29135784032', 'Vicente Correia', '1947-01-03', 'E', 'Largo da Rosa, 37', 'Colégio Batista', 'RCS', 'R');
INSERT INTO condutor (idCadastro, cpf, nome, dataNasc, idCategoriaCNH, endereco, bairro, idCidade, situacaoCNH) VALUES (132, '63872095447', 'Maria Fernanda Gonçalves', '1964-03-26', 'B', 'Viaduto Rodrigo Castro, 890', 'Santa Maria', 'PCS', 'R');
INSERT INTO condutor (idCadastro, cpf, nome, dataNasc, idCategoriaCNH, endereco, bairro, idCidade, situacaoCNH) VALUES (133, '84357910684', 'Helena Nogueira', '1973-03-13', 'E', 'Condomínio Porto, 14', 'Vila Mantiqueira', 'NSM', 'R');
INSERT INTO condutor (idCadastro, cpf, nome, dataNasc, idCategoriaCNH, endereco, bairro, idCidade, situacaoCNH) VALUES (134, '27014965867', 'Isis Porto', '1952-06-27', 'E', 'Loteamento de Monteiro, 6', 'Santa Tereza', 'PNP', 'R');
INSERT INTO condutor (idCadastro, cpf, nome, dataNasc, idCategoriaCNH, endereco, bairro, idCidade, situacaoCNH) VALUES (135, '87924630104', 'Igor da Mota', '1972-04-26', 'E', 'Condomínio Mariane Silveira, 582', 'Vila Batik', 'NNP', 'R');
INSERT INTO condutor (idCadastro, cpf, nome, dataNasc, idCategoriaCNH, endereco, bairro, idCidade, situacaoCNH) VALUES (136, '53840962765', 'Ana Sales', '1998-11-22', 'D', 'Praia de Almeida, 58', 'Vila Olhos Dágua', 'CEG', 'R');
INSERT INTO condutor (idCadastro, cpf, nome, dataNasc, idCategoriaCNH, endereco, bairro, idCidade, situacaoCNH) VALUES (137, '48560973184', 'Yasmin Cunha', '1950-03-12', 'B', 'Passarela Agatha Ferreira', 'João Alfredo', 'GON', 'R');
INSERT INTO condutor (idCadastro, cpf, nome, dataNasc, idCategoriaCNH, endereco, bairro, idCidade, situacaoCNH) VALUES (138, '42895036756', 'Nicole Sales', '1947-11-05', 'C', 'Recanto Ana da Rosa, 141', 'Vila Barragem Santa Lúcia', 'FGS', 'R');
INSERT INTO condutor (idCadastro, cpf, nome, dataNasc, idCategoriaCNH, endereco, bairro, idCidade, situacaoCNH) VALUES (139, '49162570307', 'Dra. Giovanna Martins', '1950-12-20', 'E', 'Rodovia Lima, 84', 'Mirtes', 'COP', 'R');
INSERT INTO condutor (idCadastro, cpf, nome, dataNasc, idCategoriaCNH, endereco, bairro, idCidade, situacaoCNH) VALUES (140, '13260478922', 'Fernando Pinto', '1998-08-18', 'B', 'Favela de Castro, 823', 'Vila Sesc', 'CVV', 'R');
INSERT INTO condutor (idCadastro, cpf, nome, dataNasc, idCategoriaCNH, endereco, bairro, idCidade, situacaoCNH) VALUES (141, '62109438703', 'Vinicius da Paz', '1997-11-30', 'E', 'Vila de Almeida, 56', 'Estrela Do Oriente', 'MGG', 'R');
INSERT INTO condutor (idCadastro, cpf, nome, dataNasc, idCategoriaCNH, endereco, bairro, idCidade, situacaoCNH) VALUES (142, '62534718053', 'Davi Lucca Alves', '1968-01-17', 'E', 'Favela de Barbosa, 7', 'Goiania', 'SUS', 'R');
INSERT INTO condutor (idCadastro, cpf, nome, dataNasc, idCategoriaCNH, endereco, bairro, idCidade, situacaoCNH) VALUES (143, '21407598341', 'Leandro Silveira', '2001-06-27', 'B', 'Largo de Moreira, 716', 'Primeiro De Maio', 'NCG', 'R');
INSERT INTO condutor (idCadastro, cpf, nome, dataNasc, idCategoriaCNH, endereco, bairro, idCidade, situacaoCNH) VALUES (144, '27140859388', 'Sra. Clarice da Rosa', '1950-03-04', 'E', 'Feira Lucas Gabriel Nogueira, 52', 'Vila Nova Gameleira 1ª Seção', 'AAP', 'R');
INSERT INTO condutor (idCadastro, cpf, nome, dataNasc, idCategoriaCNH, endereco, bairro, idCidade, situacaoCNH) VALUES (145, '38064125707', 'Clara da Mata', '1999-08-25', 'B', 'Trecho Cardoso, 88', 'Leticia', 'CSS', 'R');
INSERT INTO condutor (idCadastro, cpf, nome, dataNasc, idCategoriaCNH, endereco, bairro, idCidade, situacaoCNH) VALUES (146, '37405918204', 'Ana Laura da Costa', '1953-09-21', 'B', 'Estação Silveira, 84', 'Nossa Senhora De Fátima', 'AMD', 'R');
INSERT INTO condutor (idCadastro, cpf, nome, dataNasc, idCategoriaCNH, endereco, bairro, idCidade, situacaoCNH) VALUES (147, '03612758462', 'Clara Barbosa', '1955-11-29', 'D', 'Parque de Santos, 5', 'Vila Santa Monica 1ª Seção', 'CUP', 'R');
INSERT INTO condutor (idCadastro, cpf, nome, dataNasc, idCategoriaCNH, endereco, bairro, idCidade, situacaoCNH) VALUES (148, '15274803997', 'Miguel Farias', '1971-06-16', 'D', 'Distrito Alice Azevedo, 43', 'Pirineus', 'TEM', 'R');
INSERT INTO condutor (idCadastro, cpf, nome, dataNasc, idCategoriaCNH, endereco, bairro, idCidade, situacaoCNH) VALUES (149, '75308169420', 'Isabel Carvalho', '1942-05-10', 'A', 'Setor Araújo, 7', 'Santa Tereza', 'PNP', 'R');
INSERT INTO condutor (idCadastro, cpf, nome, dataNasc, idCategoriaCNH, endereco, bairro, idCidade, situacaoCNH) VALUES (150, '28396045747', 'Emanuella Rezende', '1941-11-25', 'A', 'Vereda Cavalcanti, 4', 'Tupi B', 'RAC', 'R');
INSERT INTO condutor (idCadastro, cpf, nome, dataNasc, idCategoriaCNH, endereco, bairro, idCidade, situacaoCNH) VALUES (151, '02741965307', 'Yago da Costa', '1942-01-22', 'C', 'Travessa Joana da Rosa, 86', 'Caiçaras', 'LUP', 'R');
INSERT INTO condutor (idCadastro, cpf, nome, dataNasc, idCategoriaCNH, endereco, bairro, idCidade, situacaoCNH) VALUES (152, '61583027408', 'Rafaela Pinto', '1949-03-26', 'E', 'Recanto Juliana Nascimento, 38', 'Senhor Dos Passos', 'AMM', 'R');
INSERT INTO condutor (idCadastro, cpf, nome, dataNasc, idCategoriaCNH, endereco, bairro, idCidade, situacaoCNH) VALUES (153, '27893456191', 'Sra. Helena da Rocha', '1983-04-14', 'B', 'Chácara Emanuella Alves', 'Parque São José', 'FVG', 'R');
INSERT INTO condutor (idCadastro, cpf, nome, dataNasc, idCategoriaCNH, endereco, bairro, idCidade, situacaoCNH) VALUES (154, '74802913613', 'Fernando Carvalho', '2000-07-14', 'A', 'Setor Ana Lívia Aragão, 45', 'São Vicente', 'FIM', 'R');
INSERT INTO condutor (idCadastro, cpf, nome, dataNasc, idCategoriaCNH, endereco, bairro, idCidade, situacaoCNH) VALUES (155, '72615803417', 'Pedro Miguel da Mata', '1962-10-10', 'E', 'Praia Elisa da Cunha, 70', 'Beija Flor', 'NCD', 'R');
INSERT INTO condutor (idCadastro, cpf, nome, dataNasc, idCategoriaCNH, endereco, bairro, idCidade, situacaoCNH) VALUES (156, '40682351717', 'Emanuelly Nunes', '1995-06-09', 'B', 'Vereda Cauã Rodrigues, 78', 'Álvaro Camargos', 'RVS', 'R');
INSERT INTO condutor (idCadastro, cpf, nome, dataNasc, idCategoriaCNH, endereco, bairro, idCidade, situacaoCNH) VALUES (157, '85609342783', 'Sr. Marcelo Freitas', '1973-05-10', 'C', 'Fazenda de Ramos, 663', 'João Alfredo', 'SIM', 'R');
INSERT INTO condutor (idCadastro, cpf, nome, dataNasc, idCategoriaCNH, endereco, bairro, idCidade, situacaoCNH) VALUES (158, '71349860204', 'Anthony Dias', '1966-10-19', 'D', 'Setor de da Paz, 895', 'Heliopolis', 'CCG', 'R');
INSERT INTO condutor (idCadastro, cpf, nome, dataNasc, idCategoriaCNH, endereco, bairro, idCidade, situacaoCNH) VALUES (159, '96418705300', 'Bruna da Conceição', '1975-03-25', 'C', 'Esplanada Beatriz Rodrigues, 73', 'Vila Dos Anjos', 'TPG', 'R');
INSERT INTO condutor (idCadastro, cpf, nome, dataNasc, idCategoriaCNH, endereco, bairro, idCidade, situacaoCNH) VALUES (160, '52498107649', 'Vitor Gabriel Carvalho', '1946-01-25', 'A', 'Estação de Rezende, 30', 'Vila Nova', 'FRM', 'R');
INSERT INTO condutor (idCadastro, cpf, nome, dataNasc, idCategoriaCNH, endereco, bairro, idCidade, situacaoCNH) VALUES (161, '05342168708', 'Isabelly Jesus', '1970-06-24', 'E', 'Praça Lorena da Mota', 'Lagoinha Leblon', 'CFA', 'R');
INSERT INTO condutor (idCadastro, cpf, nome, dataNasc, idCategoriaCNH, endereco, bairro, idCidade, situacaoCNH) VALUES (162, '89750612485', 'Henrique da Costa', '1995-11-21', 'E', 'Residencial de Moreira, 726', 'Vila Puc', 'RSO', 'R');
INSERT INTO condutor (idCadastro, cpf, nome, dataNasc, idCategoriaCNH, endereco, bairro, idCidade, situacaoCNH) VALUES (163, '41536928755', 'Thomas Martins', '1960-01-25', 'A', 'Quadra de Nascimento, 936', 'Universitário', 'OIV', 'R');
INSERT INTO condutor (idCadastro, cpf, nome, dataNasc, idCategoriaCNH, endereco, bairro, idCidade, situacaoCNH) VALUES (164, '31520867417', 'Manuela Cavalcanti', '1951-10-04', 'E', 'Núcleo Theo Nascimento', 'Vila Jardim Alvorada', 'RDG', 'R');
INSERT INTO condutor (idCadastro, cpf, nome, dataNasc, idCategoriaCNH, endereco, bairro, idCidade, situacaoCNH) VALUES (165, '63120487562', 'Maria Novaes', '1944-10-06', 'B', 'Parque Farias, 552', 'Heliopolis', 'AUS', 'R');
INSERT INTO condutor (idCadastro, cpf, nome, dataNasc, idCategoriaCNH, endereco, bairro, idCidade, situacaoCNH) VALUES (166, '90216875420', 'Dr. Otávio Almeida', '1997-02-18', 'D', 'Pátio de Pinto, 62', 'Cidade Jardim', 'MMA', 'R');
INSERT INTO condutor (idCadastro, cpf, nome, dataNasc, idCategoriaCNH, endereco, bairro, idCidade, situacaoCNH) VALUES (167, '01536897493', 'Maysa Vieira', '2001-04-07', 'A', 'Rua de Cardoso, 2', 'Granja Werneck', 'FEO', 'R');
INSERT INTO condutor (idCadastro, cpf, nome, dataNasc, idCategoriaCNH, endereco, bairro, idCidade, situacaoCNH) VALUES (168, '32418097579', 'Melissa da Rosa', '1984-03-30', 'C', 'Vereda Monteiro, 95', 'Ouro Preto', 'CHO', 'R');
INSERT INTO condutor (idCadastro, cpf, nome, dataNasc, idCategoriaCNH, endereco, bairro, idCidade, situacaoCNH) VALUES (169, '75691283030', 'Bryan Peixoto', '1948-09-12', 'C', 'Vale Ian Moura, 337', 'Vila Nova Paraíso', 'PPV', 'R');
INSERT INTO condutor (idCadastro, cpf, nome, dataNasc, idCategoriaCNH, endereco, bairro, idCidade, situacaoCNH) VALUES (170, '39248615015', 'Sr. Bernardo Freitas', '1968-03-16', 'C', 'Aeroporto Guilherme Moraes, 72', 'Frei Leopoldo', 'MMN', 'R');
INSERT INTO condutor (idCadastro, cpf, nome, dataNasc, idCategoriaCNH, endereco, bairro, idCidade, situacaoCNH) VALUES (171, '28507964338', 'Yuri Cavalcanti', '1955-12-31', 'A', 'Chácara Barbosa, 50', 'Jardim América', 'NFS', 'R');
INSERT INTO condutor (idCadastro, cpf, nome, dataNasc, idCategoriaCNH, endereco, bairro, idCidade, situacaoCNH) VALUES (172, '93068475139', 'Luiz Miguel da Conceição', '1998-06-21', 'D', 'Loteamento Maitê da Cruz, 62', 'Buraco Quente', 'RFS', 'R');
INSERT INTO condutor (idCadastro, cpf, nome, dataNasc, idCategoriaCNH, endereco, bairro, idCidade, situacaoCNH) VALUES (173, '25047168344', 'Sr. Caio Cunha', '1971-06-07', 'D', 'Chácara de Barbosa, 53', 'Vila Inestan', 'PRS', 'R');
INSERT INTO condutor (idCadastro, cpf, nome, dataNasc, idCategoriaCNH, endereco, bairro, idCidade, situacaoCNH) VALUES (174, '94813560784', 'Dra. Beatriz Dias', '1939-06-18', 'C', 'Via de da Rocha, 68', 'Vila Coqueiral', 'MBF', 'R');
INSERT INTO condutor (idCadastro, cpf, nome, dataNasc, idCategoriaCNH, endereco, bairro, idCidade, situacaoCNH) VALUES (175, '73068514975', 'Cauã da Conceição', '1942-08-18', 'B', 'Colônia de Pinto, 13', 'Grajaú', 'GCG', 'R');
INSERT INTO condutor (idCadastro, cpf, nome, dataNasc, idCategoriaCNH, endereco, bairro, idCidade, situacaoCNH) VALUES (176, '86147950258', 'Júlia Dias', '1941-03-15', 'A', 'Residencial Porto, 99', 'Jardim Leblon', 'LES', 'R');
INSERT INTO condutor (idCadastro, cpf, nome, dataNasc, idCategoriaCNH, endereco, bairro, idCidade, situacaoCNH) VALUES (177, '49865271001', 'Lucas Fogaça', '1940-07-28', 'D', 'Estrada de Barros, 84', 'Juliana', 'PDP', 'R');
INSERT INTO condutor (idCadastro, cpf, nome, dataNasc, idCategoriaCNH, endereco, bairro, idCidade, situacaoCNH) VALUES (178, '13028769450', 'Isabel Nascimento', '1990-04-17', 'C', 'Loteamento Mariane da Rocha, 73', 'Chácara Leonina', 'FGP', 'R');
INSERT INTO condutor (idCadastro, cpf, nome, dataNasc, idCategoriaCNH, endereco, bairro, idCidade, situacaoCNH) VALUES (179, '84961523755', 'Valentina da Luz', '1954-08-18', 'C', 'Lagoa Souza', 'Tupi B', 'PGM', 'R');
INSERT INTO condutor (idCadastro, cpf, nome, dataNasc, idCategoriaCNH, endereco, bairro, idCidade, situacaoCNH) VALUES (180, '21903467543', 'Luiz Gustavo Moreira', '1978-05-21', 'E', 'Viaduto de Barbosa, 78', 'Vila Vista Alegre', 'TSO', 'R');
INSERT INTO condutor (idCadastro, cpf, nome, dataNasc, idCategoriaCNH, endereco, bairro, idCidade, situacaoCNH) VALUES (181, '68590732177', 'Davi Lucas Castro', '1995-05-13', 'C', 'Residencial Isabel Almeida, 2', 'Paquetá', 'MDN', 'R');
INSERT INTO condutor (idCadastro, cpf, nome, dataNasc, idCategoriaCNH, endereco, bairro, idCidade, situacaoCNH) VALUES (182, '70381256480', 'Antônio Carvalho', '1944-01-14', 'D', 'Núcleo Ferreira, 4', 'Buraco Quente', 'NAS', 'R');
INSERT INTO condutor (idCadastro, cpf, nome, dataNasc, idCategoriaCNH, endereco, bairro, idCidade, situacaoCNH) VALUES (183, '46058739292', 'Henrique Campos', '1988-09-15', 'A', 'Lago Pedro da Cunha', 'Vila Do Pombal', 'FAM', 'R');
INSERT INTO condutor (idCadastro, cpf, nome, dataNasc, idCategoriaCNH, endereco, bairro, idCidade, situacaoCNH) VALUES (184, '25403867171', 'Dra. Isabella Moura', '1993-08-02', 'A', 'Via da Mota, 23', 'Jardim Alvorada', 'GAP', 'R');
INSERT INTO condutor (idCadastro, cpf, nome, dataNasc, idCategoriaCNH, endereco, bairro, idCidade, situacaoCNH) VALUES (185, '04285637162', 'Isis Monteiro', '1949-08-03', 'D', 'Rodovia de Martins, 97', 'Serrano', 'LOG', 'R');
INSERT INTO condutor (idCadastro, cpf, nome, dataNasc, idCategoriaCNH, endereco, bairro, idCidade, situacaoCNH) VALUES (186, '47310892550', 'André Cunha', '1980-11-23', 'B', 'Conjunto de Barbosa, 15', 'Sport Club', 'CHG', 'R');
INSERT INTO condutor (idCadastro, cpf, nome, dataNasc, idCategoriaCNH, endereco, bairro, idCidade, situacaoCNH) VALUES (187, '73042195805', 'Maria Vitória Santos', '1986-04-21', 'A', 'Pátio de Ramos', 'Vila Santa Rosa', 'CAO', 'R');
INSERT INTO condutor (idCadastro, cpf, nome, dataNasc, idCategoriaCNH, endereco, bairro, idCidade, situacaoCNH) VALUES (188, '47025361925', 'Gabrielly Melo', '1966-03-19', 'C', 'Recanto Bernardo Lima, 86', 'Camponesa 1ª Seção', 'APC', 'R');
INSERT INTO condutor (idCadastro, cpf, nome, dataNasc, idCategoriaCNH, endereco, bairro, idCidade, situacaoCNH) VALUES (189, '10576392812', 'Nina Moreira', '1971-05-14', 'B', 'Esplanada de Nogueira, 32', 'Vila Barragem Santa Lúcia', 'POO', 'R');
INSERT INTO condutor (idCadastro, cpf, nome, dataNasc, idCategoriaCNH, endereco, bairro, idCidade, situacaoCNH) VALUES (190, '16403958739', 'Srta. Gabriela Aragão', '1998-12-21', 'A', 'Aeroporto de Araújo, 76', 'Cabana Do Pai Tomás', 'FVG', 'R');
INSERT INTO condutor (idCadastro, cpf, nome, dataNasc, idCategoriaCNH, endereco, bairro, idCidade, situacaoCNH) VALUES (191, '18409276585', 'Sra. Agatha Rocha', '1957-02-26', 'E', 'Sítio Evelyn da Luz, 46', 'Cardoso', 'AGO', 'R');
INSERT INTO condutor (idCadastro, cpf, nome, dataNasc, idCategoriaCNH, endereco, bairro, idCidade, situacaoCNH) VALUES (192, '63751984020', 'Alice Nogueira', '1946-02-04', 'D', 'Distrito Luiz Felipe da Rocha, 27', 'Alto Caiçaras', 'NUG', 'R');
INSERT INTO condutor (idCadastro, cpf, nome, dataNasc, idCategoriaCNH, endereco, bairro, idCidade, situacaoCNH) VALUES (193, '31926705840', 'Ryan Silveira', '1986-01-06', 'E', 'Loteamento de Correia, 78', 'Vila Cloris', 'RAG', 'R');
INSERT INTO condutor (idCadastro, cpf, nome, dataNasc, idCategoriaCNH, endereco, bairro, idCidade, situacaoCNH) VALUES (194, '47653091261', 'Matheus Ribeiro', '1942-01-24', 'B', 'Largo de Carvalho, 356', 'Serra Verde', 'BOM', 'R');
INSERT INTO condutor (idCadastro, cpf, nome, dataNasc, idCategoriaCNH, endereco, bairro, idCidade, situacaoCNH) VALUES (195, '13298765473', 'Stephany Cunha', '1961-02-14', 'D', 'Aeroporto Felipe Gomes, 20', 'São Pedro', 'ALM', 'R');
INSERT INTO condutor (idCadastro, cpf, nome, dataNasc, idCategoriaCNH, endereco, bairro, idCidade, situacaoCNH) VALUES (196, '48950326710', 'Srta. Agatha Lima', '1948-10-20', 'A', 'Pátio de Rezende, 27', 'Vila Jardim Alvorada', 'RDG', 'R');
INSERT INTO condutor (idCadastro, cpf, nome, dataNasc, idCategoriaCNH, endereco, bairro, idCidade, situacaoCNH) VALUES (197, '65809417310', 'Rebeca Silveira', '1948-12-17', 'B', 'Rodovia de das Neves, 90', 'Milionario', 'FPC', 'R');
INSERT INTO condutor (idCadastro, cpf, nome, dataNasc, idCategoriaCNH, endereco, bairro, idCidade, situacaoCNH) VALUES (198, '67408351957', 'Maria Vitória Cunha', '1969-10-05', 'D', 'Lagoa de Moraes', 'Conjunto Taquaril', 'MSM', 'R');
INSERT INTO condutor (idCadastro, cpf, nome, dataNasc, idCategoriaCNH, endereco, bairro, idCidade, situacaoCNH) VALUES (199, '64057329838', 'Sr. Breno Costela', '1955-11-16', 'E', 'Quadra Cauã Lima, 49', 'Palmeiras', 'SOF', 'R');
INSERT INTO condutor (idCadastro, cpf, nome, dataNasc, idCategoriaCNH, endereco, bairro, idCidade, situacaoCNH) VALUES (200, '80293174504', 'Levi da Paz', '1994-12-12', 'A', 'Trevo Letícia Barros, 378', 'Itaipu', 'SIM', 'R');
INSERT INTO condutor (idCadastro, cpf, nome, dataNasc, idCategoriaCNH, endereco, bairro, idCidade, situacaoCNH) VALUES (201, '83149526051', 'Luiz Miguel da Mata', '1999-02-18', 'E', 'Morro Clara Lima, 591', 'Vila Califórnia', 'COV', 'R');
INSERT INTO condutor (idCadastro, cpf, nome, dataNasc, idCategoriaCNH, endereco, bairro, idCidade, situacaoCNH) VALUES (202, '59387216012', 'Leonardo Cardoso', '1967-01-01', 'C', 'Condomínio da Costa, 50', 'Diamante', 'FLS', 'R');
INSERT INTO condutor (idCadastro, cpf, nome, dataNasc, idCategoriaCNH, endereco, bairro, idCidade, situacaoCNH) VALUES (203, '63279018404', 'Alícia Vieira', '1979-07-13', 'E', 'Chácara Caroline Barbosa, 250', 'Floresta', 'GEG', 'R');
INSERT INTO condutor (idCadastro, cpf, nome, dataNasc, idCategoriaCNH, endereco, bairro, idCidade, situacaoCNH) VALUES (204, '85764329000', 'Sr. Renan da Paz', '1956-09-26', 'A', 'Rodovia Camila da Rocha, 64', 'Conjunto Bonsucesso', 'MBF', 'R');
INSERT INTO condutor (idCadastro, cpf, nome, dataNasc, idCategoriaCNH, endereco, bairro, idCidade, situacaoCNH) VALUES (205, '83604279178', 'Valentina Lopes', '1953-11-08', 'B', 'Morro de Almeida, 28', 'Floresta', 'MRF', 'R');
INSERT INTO condutor (idCadastro, cpf, nome, dataNasc, idCategoriaCNH, endereco, bairro, idCidade, situacaoCNH) VALUES (206, '91246735873', 'Maria Sophia Santos', '1998-12-10', 'C', 'Estação Isis Costela, 862', 'Vila União', 'MIC', 'R');
INSERT INTO condutor (idCadastro, cpf, nome, dataNasc, idCategoriaCNH, endereco, bairro, idCidade, situacaoCNH) VALUES (207, '27589041602', 'Sr. Pedro Henrique da Rocha', '1981-02-09', 'D', 'Campo Guilherme Oliveira, 883', 'Bandeirantes', 'MRP', 'R');
INSERT INTO condutor (idCadastro, cpf, nome, dataNasc, idCategoriaCNH, endereco, bairro, idCidade, situacaoCNH) VALUES (208, '39581762086', 'Sr. Yago Santos', '1993-01-28', 'D', 'Setor Daniel Silva, 381', 'Nossa Senhora Aparecida', 'REV', 'R');
INSERT INTO condutor (idCadastro, cpf, nome, dataNasc, idCategoriaCNH, endereco, bairro, idCidade, situacaoCNH) VALUES (209, '69815743228', 'Leonardo Martins', '1948-03-09', 'D', 'Fazenda Alice Lopes, 49', 'Paraíso', 'RSO', 'R');
INSERT INTO condutor (idCadastro, cpf, nome, dataNasc, idCategoriaCNH, endereco, bairro, idCidade, situacaoCNH) VALUES (210, '96284301731', 'Rafael Silveira', '1994-07-22', 'D', 'Distrito de Rocha, 26', 'Luxemburgo', 'NAG', 'R');
INSERT INTO condutor (idCadastro, cpf, nome, dataNasc, idCategoriaCNH, endereco, bairro, idCidade, situacaoCNH) VALUES (211, '93485172600', 'Dr. Enzo Gabriel Gomes', '1971-10-03', 'E', 'Favela de Ramos, 3', 'Maria Tereza', 'GAP', 'R');
INSERT INTO condutor (idCadastro, cpf, nome, dataNasc, idCategoriaCNH, endereco, bairro, idCidade, situacaoCNH) VALUES (212, '27143950661', 'Lara Araújo', '1953-12-25', 'A', 'Trevo de da Cunha, 2', 'Pantanal', 'MSP', 'R');
INSERT INTO condutor (idCadastro, cpf, nome, dataNasc, idCategoriaCNH, endereco, bairro, idCidade, situacaoCNH) VALUES (213, '32675108480', 'Maysa Silveira', '1973-08-09', 'A', 'Estrada de Silva, 838', 'Santa Efigênia', 'FAC', 'R');
INSERT INTO condutor (idCadastro, cpf, nome, dataNasc, idCategoriaCNH, endereco, bairro, idCidade, situacaoCNH) VALUES (214, '29481536700', 'Dr. Gustavo Cavalcanti', '1994-09-13', 'A', 'Pátio de da Cunha, 937', 'Das Industrias I', 'MUS', 'R');
INSERT INTO condutor (idCadastro, cpf, nome, dataNasc, idCategoriaCNH, endereco, bairro, idCidade, situacaoCNH) VALUES (215, '37659182455', 'Levi Almeida', '1951-08-28', 'B', 'Pátio das Neves, 46', 'São José', 'MES', 'R');
INSERT INTO condutor (idCadastro, cpf, nome, dataNasc, idCategoriaCNH, endereco, bairro, idCidade, situacaoCNH) VALUES (216, '26873940178', 'Dra. Mirella Barbosa', '1966-07-25', 'C', 'Recanto Levi Ferreira, 76', 'Eymard', 'NPG', 'R');
INSERT INTO condutor (idCadastro, cpf, nome, dataNasc, idCategoriaCNH, endereco, bairro, idCidade, situacaoCNH) VALUES (217, '21938657012', 'Dra. Mariana Barbosa', '1971-05-30', 'E', 'Vale Alexandre Ferreira', 'Santa Monica', 'MUS', 'R');
INSERT INTO condutor (idCadastro, cpf, nome, dataNasc, idCategoriaCNH, endereco, bairro, idCidade, situacaoCNH) VALUES (218, '43087129631', 'Luiz Fernando Pires', '1976-01-12', 'A', 'Quadra Azevedo, 7', 'Vila São Francisco', 'CNM', 'R');
INSERT INTO condutor (idCadastro, cpf, nome, dataNasc, idCategoriaCNH, endereco, bairro, idCidade, situacaoCNH) VALUES (219, '64218039704', 'Luiz Fernando Moreira', '1946-05-29', 'E', 'Distrito de Caldeira, 772', 'Chácara Leonina', 'SIM', 'R');
INSERT INTO condutor (idCadastro, cpf, nome, dataNasc, idCategoriaCNH, endereco, bairro, idCidade, situacaoCNH) VALUES (220, '61723859095', 'Maria Eduarda da Rocha', '1951-10-25', 'B', 'Lagoa Teixeira', 'Nova Pampulha', 'GOG', 'R');
INSERT INTO condutor (idCadastro, cpf, nome, dataNasc, idCategoriaCNH, endereco, bairro, idCidade, situacaoCNH) VALUES (221, '86315024998', 'Laura Novaes', '1992-01-26', 'B', 'Rua Costa', 'Conjunto São Francisco De Assis', 'SAA', 'R');
INSERT INTO condutor (idCadastro, cpf, nome, dataNasc, idCategoriaCNH, endereco, bairro, idCidade, situacaoCNH) VALUES (222, '91520763859', 'Ana Beatriz da Rosa', '1973-02-25', 'A', 'Núcleo de Araújo, 53', 'João Alfredo', 'MCG', 'R');
INSERT INTO condutor (idCadastro, cpf, nome, dataNasc, idCategoriaCNH, endereco, bairro, idCidade, situacaoCNH) VALUES (223, '03457926883', 'Dra. Juliana Campos', '1995-04-27', 'D', 'Esplanada de Campos, 19', 'Vila Nova Gameleira 1ª Seção', 'CLM', 'R');
INSERT INTO condutor (idCadastro, cpf, nome, dataNasc, idCategoriaCNH, endereco, bairro, idCidade, situacaoCNH) VALUES (224, '15648023960', 'Sra. Gabriela Campos', '1997-09-29', 'E', 'Morro Lopes, 54', 'Carlos Prates', 'ASF', 'R');
INSERT INTO condutor (idCadastro, cpf, nome, dataNasc, idCategoriaCNH, endereco, bairro, idCidade, situacaoCNH) VALUES (225, '43690725143', 'Luna Gonçalves', '1981-10-26', 'E', 'Favela Gonçalves', 'Independência', 'RPG', 'R');
INSERT INTO condutor (idCadastro, cpf, nome, dataNasc, idCategoriaCNH, endereco, bairro, idCidade, situacaoCNH) VALUES (226, '97164028303', 'Bruna Nascimento', '1977-08-06', 'A', 'Vila Martins, 83', 'Vitoria', 'RMP', 'R');
INSERT INTO condutor (idCadastro, cpf, nome, dataNasc, idCategoriaCNH, endereco, bairro, idCidade, situacaoCNH) VALUES (227, '48350267135', 'Giovanna Pinto', '1947-12-08', 'C', 'Praça de da Cunha', 'Vila Suzana Primeira Seção', 'FGA', 'R');
INSERT INTO condutor (idCadastro, cpf, nome, dataNasc, idCategoriaCNH, endereco, bairro, idCidade, situacaoCNH) VALUES (228, '91236085795', 'Dr. Vitor Hugo da Luz', '1999-12-05', 'D', 'Lago Juliana Cardoso, 80', 'Liberdade', 'FFM', 'R');
INSERT INTO condutor (idCadastro, cpf, nome, dataNasc, idCategoriaCNH, endereco, bairro, idCidade, situacaoCNH) VALUES (229, '12036874517', 'Felipe Ramos', '1981-10-01', 'B', 'Parque Pereira, 701', 'Lagoa', 'CFN', 'R');
INSERT INTO condutor (idCadastro, cpf, nome, dataNasc, idCategoriaCNH, endereco, bairro, idCidade, situacaoCNH) VALUES (230, '67425013916', 'Letícia Cardoso', '1952-12-10', 'C', 'Campo Maria Fernanda Lopes, 55', 'Vila Aeroporto Jaraguá', 'OIV', 'R');
INSERT INTO condutor (idCadastro, cpf, nome, dataNasc, idCategoriaCNH, endereco, bairro, idCidade, situacaoCNH) VALUES (231, '74061892576', 'Dra. Gabrielly Porto', '1964-02-02', 'C', 'Núcleo de Alves, 63', 'Caiçara - Adelaide', 'CFN', 'R');
INSERT INTO condutor (idCadastro, cpf, nome, dataNasc, idCategoriaCNH, endereco, bairro, idCidade, situacaoCNH) VALUES (232, '23945617006', 'Thales Gonçalves', '1976-06-02', 'B', 'Estação Isis Aragão, 29', 'Grotinha', 'PFO', 'R');
INSERT INTO condutor (idCadastro, cpf, nome, dataNasc, idCategoriaCNH, endereco, bairro, idCidade, situacaoCNH) VALUES (233, '67548930100', 'Alexandre Silva', '1943-04-25', 'B', 'Campo de Viana, 87', 'Vila Aeroporto Jaraguá', 'POC', 'R');
INSERT INTO condutor (idCadastro, cpf, nome, dataNasc, idCategoriaCNH, endereco, bairro, idCidade, situacaoCNH) VALUES (234, '54108926749', 'Julia Alves', '1952-08-17', 'E', 'Vereda Laís Almeida, 75', 'Dom Silverio', 'MMG', 'R');
INSERT INTO condutor (idCadastro, cpf, nome, dataNasc, idCategoriaCNH, endereco, bairro, idCidade, situacaoCNH) VALUES (235, '73982501695', 'Kevin Ramos', '2000-09-07', 'B', 'Chácara de das Neves, 36', 'Ipe', 'MDC', 'R');
INSERT INTO condutor (idCadastro, cpf, nome, dataNasc, idCategoriaCNH, endereco, bairro, idCidade, situacaoCNH) VALUES (236, '28391467546', 'Sr. Gabriel da Cunha', '1967-08-28', 'B', 'Lago Laura Lopes, 5', 'Vila Jardim Leblon', 'FEO', 'R');
INSERT INTO condutor (idCadastro, cpf, nome, dataNasc, idCategoriaCNH, endereco, bairro, idCidade, situacaoCNH) VALUES (237, '80693154748', 'Dr. Cauê Alves', '1997-01-06', 'B', 'Viela Campos, 86', 'Ermelinda', 'CNA', 'R');
INSERT INTO condutor (idCadastro, cpf, nome, dataNasc, idCategoriaCNH, endereco, bairro, idCidade, situacaoCNH) VALUES (238, '32561897095', 'João Miguel Rodrigues', '1938-12-05', 'A', 'Quadra Jesus', 'Vila Independencia 2ª Seção', 'NOP', 'R');
INSERT INTO condutor (idCadastro, cpf, nome, dataNasc, idCategoriaCNH, endereco, bairro, idCidade, situacaoCNH) VALUES (239, '18396205442', 'Matheus Cardoso', '1991-02-24', 'B', 'Pátio da Cruz, 65', 'Vila De Sá', 'MEF', 'R');
INSERT INTO condutor (idCadastro, cpf, nome, dataNasc, idCategoriaCNH, endereco, bairro, idCidade, situacaoCNH) VALUES (240, '39265480106', 'Augusto Silva', '2001-02-28', 'A', 'Lago Theo Moraes, 99', 'Fazendinha', 'RCN', 'R');
INSERT INTO condutor (idCadastro, cpf, nome, dataNasc, idCategoriaCNH, endereco, bairro, idCidade, situacaoCNH) VALUES (241, '97304256125', 'Maria da Cruz', '1959-06-25', 'C', 'Rodovia da Cruz, 25', 'Jardinópolis', 'NSM', 'R');
INSERT INTO condutor (idCadastro, cpf, nome, dataNasc, idCategoriaCNH, endereco, bairro, idCidade, situacaoCNH) VALUES (242, '23019486769', 'Kaique Nogueira', '1941-12-05', 'E', 'Núcleo de Barros', 'São João Batista', 'SFN', 'R');
INSERT INTO condutor (idCadastro, cpf, nome, dataNasc, idCategoriaCNH, endereco, bairro, idCidade, situacaoCNH) VALUES (243, '96052748176', 'Anthony Duarte', '2000-07-01', 'A', 'Condomínio Alexia Aragão', 'Fazendinha', 'MAD', 'R');
INSERT INTO condutor (idCadastro, cpf, nome, dataNasc, idCategoriaCNH, endereco, bairro, idCidade, situacaoCNH) VALUES (244, '73942160552', 'Dr. Lucca Pinto', '1986-02-04', 'D', 'Estrada da Costa, 7', 'Suzana', 'MOD', 'R');
INSERT INTO condutor (idCadastro, cpf, nome, dataNasc, idCategoriaCNH, endereco, bairro, idCidade, situacaoCNH) VALUES (245, '68530914260', 'Juan da Rosa', '1967-07-18', 'B', 'Parque Maria Julia Jesus', 'São Jorge 2ª Seção', 'STP', 'R');
INSERT INTO condutor (idCadastro, cpf, nome, dataNasc, idCategoriaCNH, endereco, bairro, idCidade, situacaoCNH) VALUES (246, '45637801207', 'Manuela Ribeiro', '1992-10-27', 'C', 'Lagoa Murilo Novaes, 19', 'Boa Vista', 'RDM', 'R');
INSERT INTO condutor (idCadastro, cpf, nome, dataNasc, idCategoriaCNH, endereco, bairro, idCidade, situacaoCNH) VALUES (247, '76519803448', 'Pedro Lucas Barros', '1954-12-13', 'E', 'Praça Guilherme Pires, 4', 'Belmonte', 'FMG', 'R');
INSERT INTO condutor (idCadastro, cpf, nome, dataNasc, idCategoriaCNH, endereco, bairro, idCidade, situacaoCNH) VALUES (248, '10927853612', 'Caio Sales', '1964-03-08', 'A', 'Chácara Júlia Ferreira, 12', 'Lorena', 'PSP', 'R');
INSERT INTO condutor (idCadastro, cpf, nome, dataNasc, idCategoriaCNH, endereco, bairro, idCidade, situacaoCNH) VALUES (249, '14390756893', 'Antônio Rocha', '1997-08-11', 'B', 'Estrada Luigi Cardoso, 331', 'Pantanal', 'OLV', 'R');
INSERT INTO condutor (idCadastro, cpf, nome, dataNasc, idCategoriaCNH, endereco, bairro, idCidade, situacaoCNH) VALUES (250, '52643187008', 'Stella da Cruz', '1957-10-06', 'C', 'Lago Ramos', 'Senhor Dos Passos', 'FMN', 'R');
INSERT INTO condutor (idCadastro, cpf, nome, dataNasc, idCategoriaCNH, endereco, bairro, idCidade, situacaoCNH) VALUES (251, '67841359039', 'Maria Eduarda Almeida', '1959-03-16', 'A', 'Viela Freitas, 48', 'Unidas', 'PFO', 'R');
INSERT INTO condutor (idCadastro, cpf, nome, dataNasc, idCategoriaCNH, endereco, bairro, idCidade, situacaoCNH) VALUES (252, '82531094741', 'Lara Martins', '1980-06-07', 'A', 'Setor Maria Cecília Aragão, 5', 'Granja Werneck', 'GVV', 'R');
INSERT INTO condutor (idCadastro, cpf, nome, dataNasc, idCategoriaCNH, endereco, bairro, idCidade, situacaoCNH) VALUES (253, '31906278431', 'Maria Alice das Neves', '1973-05-16', 'D', 'Setor Luiz Henrique Barros, 8', 'Madre Gertrudes', 'NGA', 'R');
INSERT INTO condutor (idCadastro, cpf, nome, dataNasc, idCategoriaCNH, endereco, bairro, idCidade, situacaoCNH) VALUES (254, '59036128730', 'Dra. Bianca Pires', '1952-06-23', 'A', 'Estação de da Luz', 'Buritis', 'PGM', 'R');
INSERT INTO condutor (idCadastro, cpf, nome, dataNasc, idCategoriaCNH, endereco, bairro, idCidade, situacaoCNH) VALUES (255, '26840931560', 'Srta. Valentina Aragão', '1964-11-07', 'B', 'Trecho Martins, 9', 'Nossa Senhora De Fátima', 'AMD', 'R');
INSERT INTO condutor (idCadastro, cpf, nome, dataNasc, idCategoriaCNH, endereco, bairro, idCidade, situacaoCNH) VALUES (256, '80912654767', 'Beatriz Gonçalves', '1970-11-13', 'C', 'Núcleo Alana Aragão, 6', 'Vila São Gabriel', 'CRP', 'R');
INSERT INTO condutor (idCadastro, cpf, nome, dataNasc, idCategoriaCNH, endereco, bairro, idCidade, situacaoCNH) VALUES (257, '82907641549', 'Pietra Moraes', '1966-11-18', 'A', 'Praia Ana Júlia Melo', 'São Jorge 1ª Seção', 'SSP', 'R');
INSERT INTO condutor (idCadastro, cpf, nome, dataNasc, idCategoriaCNH, endereco, bairro, idCidade, situacaoCNH) VALUES (258, '21879365030', 'Ian Moreira', '1998-08-29', 'D', 'Viaduto Jesus', 'Santa Efigênia', 'ANO', 'R');
INSERT INTO condutor (idCadastro, cpf, nome, dataNasc, idCategoriaCNH, endereco, bairro, idCidade, situacaoCNH) VALUES (259, '49605321734', 'Sra. Maria Clara da Mata', '1985-11-18', 'B', 'Lago Fernandes, 16', 'Flavio De Oliveira', 'AUS', 'R');
INSERT INTO condutor (idCadastro, cpf, nome, dataNasc, idCategoriaCNH, endereco, bairro, idCidade, situacaoCNH) VALUES (260, '98603745110', 'Theo Silva', '1943-12-04', 'B', 'Favela Isaac Melo, 8', 'Itaipu', 'CPP', 'R');
INSERT INTO condutor (idCadastro, cpf, nome, dataNasc, idCategoriaCNH, endereco, bairro, idCidade, situacaoCNH) VALUES (261, '46250179801', 'Sra. Ana Laura Ribeiro', '1960-09-13', 'E', 'Vale Maria Vitória Silva, 17', 'Vila Olhos Dágua', 'PMP', 'R');
INSERT INTO condutor (idCadastro, cpf, nome, dataNasc, idCategoriaCNH, endereco, bairro, idCidade, situacaoCNH) VALUES (262, '07918325621', 'Rodrigo Gonçalves', '1986-05-05', 'E', 'Conjunto da Rocha, 12', 'Vila Piratininga Venda Nova', 'NRP', 'R');
INSERT INTO condutor (idCadastro, cpf, nome, dataNasc, idCategoriaCNH, endereco, bairro, idCidade, situacaoCNH) VALUES (263, '75968210494', 'Maria Julia Rodrigues', '1959-02-02', 'A', 'Setor Cecília Moreira, 84', 'Serra', 'FEM', 'R');
INSERT INTO condutor (idCadastro, cpf, nome, dataNasc, idCategoriaCNH, endereco, bairro, idCidade, situacaoCNH) VALUES (264, '89450217602', 'Emilly Correia', '1980-07-30', 'C', 'Jardim de Cavalcanti, 6', 'Vila São Geraldo', 'ROG', 'R');
INSERT INTO condutor (idCadastro, cpf, nome, dataNasc, idCategoriaCNH, endereco, bairro, idCidade, situacaoCNH) VALUES (265, '14352876062', 'Davi Lucas Barbosa', '1981-05-11', 'E', 'Esplanada Gonçalves, 53', 'Zilah Sposito', 'REG', 'R');
INSERT INTO condutor (idCadastro, cpf, nome, dataNasc, idCategoriaCNH, endereco, bairro, idCidade, situacaoCNH) VALUES (266, '92761438582', 'Yasmin Mendes', '1982-09-19', 'E', 'Praça Nunes, 4', 'Vila Sumaré', 'DMG', 'R');
INSERT INTO condutor (idCadastro, cpf, nome, dataNasc, idCategoriaCNH, endereco, bairro, idCidade, situacaoCNH) VALUES (267, '90238764150', 'Maria Cecília Melo', '1981-06-25', 'A', 'Quadra Caroline Fogaça, 65', 'Pindura Saia', 'SIG', 'R');
INSERT INTO condutor (idCadastro, cpf, nome, dataNasc, idCategoriaCNH, endereco, bairro, idCidade, situacaoCNH) VALUES (268, '05892376168', 'Murilo Pires', '1990-07-08', 'B', 'Praça Castro, 30', 'Vila Formosa', 'FGP', 'R');
INSERT INTO condutor (idCadastro, cpf, nome, dataNasc, idCategoriaCNH, endereco, bairro, idCidade, situacaoCNH) VALUES (269, '06739184593', 'Manuela Santos', '1942-08-05', 'B', 'Avenida de Duarte', 'Aeroporto', 'NNP', 'R');
INSERT INTO condutor (idCadastro, cpf, nome, dataNasc, idCategoriaCNH, endereco, bairro, idCidade, situacaoCNH) VALUES (270, '49258013760', 'Davi Rocha', '1996-01-24', 'D', 'Jardim de Teixeira', 'Jardinópolis', 'CHO', 'R');
INSERT INTO condutor (idCadastro, cpf, nome, dataNasc, idCategoriaCNH, endereco, bairro, idCidade, situacaoCNH) VALUES (271, '07149286313', 'Pedro Lucas Novaes', '1958-01-04', 'B', 'Rodovia Rezende, 49', 'Juliana', 'MEF', 'R');
INSERT INTO condutor (idCadastro, cpf, nome, dataNasc, idCategoriaCNH, endereco, bairro, idCidade, situacaoCNH) VALUES (272, '37208469547', 'Marcos Vinicius Gonçalves', '1997-06-09', 'C', 'Largo Fogaça', 'Universo', 'PNP', 'R');
INSERT INTO condutor (idCadastro, cpf, nome, dataNasc, idCategoriaCNH, endereco, bairro, idCidade, situacaoCNH) VALUES (273, '14027856317', 'Felipe Nogueira', '1963-12-12', 'A', 'Quadra de Rocha, 41', 'Conjunto Capitão Eduardo', 'STP', 'R');
INSERT INTO condutor (idCadastro, cpf, nome, dataNasc, idCategoriaCNH, endereco, bairro, idCidade, situacaoCNH) VALUES (274, '19534786039', 'Dr. Cauê da Rosa', '1975-04-13', 'C', 'Distrito Ana Sales, 464', 'Ouro Preto', 'JSM', 'R');
INSERT INTO condutor (idCadastro, cpf, nome, dataNasc, idCategoriaCNH, endereco, bairro, idCidade, situacaoCNH) VALUES (275, '64091825389', 'Larissa Cunha', '1971-09-30', 'E', 'Área de Almeida, 89', 'Gutierrez', 'NPG', 'R');
INSERT INTO condutor (idCadastro, cpf, nome, dataNasc, idCategoriaCNH, endereco, bairro, idCidade, situacaoCNH) VALUES (276, '43578291005', 'Ana Laura da Cunha', '2001-09-29', 'B', 'Favela de Alves', 'Novo São Lucas', 'POA', 'R');
INSERT INTO condutor (idCadastro, cpf, nome, dataNasc, idCategoriaCNH, endereco, bairro, idCidade, situacaoCNH) VALUES (277, '42610798369', 'Noah Vieira', '1985-11-17', 'B', 'Pátio de da Conceição, 3', 'Vila Copacabana', 'MOM', 'R');
INSERT INTO condutor (idCadastro, cpf, nome, dataNasc, idCategoriaCNH, endereco, bairro, idCidade, situacaoCNH) VALUES (278, '35620978400', 'Carlos Eduardo Freitas', '1983-09-19', 'B', 'Vereda Rafaela Nunes, 465', 'Europa', 'NOC', 'R');
INSERT INTO condutor (idCadastro, cpf, nome, dataNasc, idCategoriaCNH, endereco, bairro, idCidade, situacaoCNH) VALUES (279, '71620539470', 'Olivia da Cruz', '1966-04-20', 'B', 'Praça Sales', 'Santana Do Cafezal', 'FIV', 'R');
INSERT INTO condutor (idCadastro, cpf, nome, dataNasc, idCategoriaCNH, endereco, bairro, idCidade, situacaoCNH) VALUES (280, '51908426730', 'Mariane da Cruz', '1965-06-12', 'A', 'Quadra de Correia, 843', 'Vila Vista Alegre', 'TSO', 'R');
INSERT INTO condutor (idCadastro, cpf, nome, dataNasc, idCategoriaCNH, endereco, bairro, idCidade, situacaoCNH) VALUES (281, '27503698438', 'João Barbosa', '1988-11-09', 'C', 'Setor de Pinto, 17', 'Padre Eustáquio', 'CSP', 'R');
INSERT INTO condutor (idCadastro, cpf, nome, dataNasc, idCategoriaCNH, endereco, bairro, idCidade, situacaoCNH) VALUES (282, '97540862149', 'Arthur da Paz', '1969-12-12', 'A', 'Área de Rocha, 122', 'Bonsucesso', 'SMD', 'R');
INSERT INTO condutor (idCadastro, cpf, nome, dataNasc, idCategoriaCNH, endereco, bairro, idCidade, situacaoCNH) VALUES (283, '35019748250', 'Bianca Ferreira', '1993-07-11', 'B', 'Largo Danilo Pires, 3', 'Itapoa', 'MEO', 'R');
INSERT INTO condutor (idCadastro, cpf, nome, dataNasc, idCategoriaCNH, endereco, bairro, idCidade, situacaoCNH) VALUES (284, '98420637556', 'Isabella Farias', '1970-04-14', 'A', 'Trevo da Conceição, 25', 'Parque São José', 'FVG', 'R');
INSERT INTO condutor (idCadastro, cpf, nome, dataNasc, idCategoriaCNH, endereco, bairro, idCidade, situacaoCNH) VALUES (285, '20847965120', 'Dra. Daniela Caldeira', '1981-01-26', 'D', 'Setor Fernandes, 7', 'Santa Efigênia', 'POP', 'R');
INSERT INTO condutor (idCadastro, cpf, nome, dataNasc, idCategoriaCNH, endereco, bairro, idCidade, situacaoCNH) VALUES (286, '64592137043', 'Sra. Juliana Mendes', '1954-12-18', 'E', 'Vale Alice da Mata, 38', 'João Alfredo', 'SEM', 'R');
INSERT INTO condutor (idCadastro, cpf, nome, dataNasc, idCategoriaCNH, endereco, bairro, idCidade, situacaoCNH) VALUES (287, '97213508423', 'Srta. Ana Júlia Gomes', '1960-12-05', 'C', 'Esplanada Thales Azevedo, 81', 'Alto Vera Cruz', 'SDM', 'R');
INSERT INTO condutor (idCadastro, cpf, nome, dataNasc, idCategoriaCNH, endereco, bairro, idCidade, situacaoCNH) VALUES (288, '70683952102', 'Sra. Maitê Nogueira', '1962-06-17', 'A', 'Avenida Danilo Pinto, 93', 'Ápia', 'MNV', 'R');
INSERT INTO condutor (idCadastro, cpf, nome, dataNasc, idCategoriaCNH, endereco, bairro, idCidade, situacaoCNH) VALUES (289, '90671542370', 'Dra. Fernanda Novaes', '1994-05-28', 'E', 'Parque de Azevedo, 47', 'Mantiqueira', 'PPM', 'R');
INSERT INTO condutor (idCadastro, cpf, nome, dataNasc, idCategoriaCNH, endereco, bairro, idCidade, situacaoCNH) VALUES (290, '38902576159', 'Joaquim Almeida', '1993-05-06', 'D', 'Feira Letícia Costela, 9', 'Bonsucesso', 'MRG', 'R');
INSERT INTO condutor (idCadastro, cpf, nome, dataNasc, idCategoriaCNH, endereco, bairro, idCidade, situacaoCNH) VALUES (291, '50291374670', 'Benjamin Nogueira', '1997-03-14', 'E', 'Esplanada de Pires, 56', 'Santa Monica', 'RSO', 'R');
INSERT INTO condutor (idCadastro, cpf, nome, dataNasc, idCategoriaCNH, endereco, bairro, idCidade, situacaoCNH) VALUES (292, '83521947637', 'Henrique Gomes', '1987-03-03', 'A', 'Viela Arthur Mendes, 1', 'Morro Dos Macacos', 'CDG', 'R');
INSERT INTO condutor (idCadastro, cpf, nome, dataNasc, idCategoriaCNH, endereco, bairro, idCidade, situacaoCNH) VALUES (293, '02917853603', 'Ana Laura Rezende', '1980-02-17', 'A', 'Loteamento Lorenzo das Neves, 84', 'Lindéia', 'CCC', 'R');
INSERT INTO condutor (idCadastro, cpf, nome, dataNasc, idCategoriaCNH, endereco, bairro, idCidade, situacaoCNH) VALUES (294, '65190387259', 'Maria Luiza Porto', '1969-04-19', 'E', 'Trevo Heloísa Melo, 29', 'Vera Cruz', 'CVV', 'R');
INSERT INTO condutor (idCadastro, cpf, nome, dataNasc, idCategoriaCNH, endereco, bairro, idCidade, situacaoCNH) VALUES (295, '34071896213', 'Bryan Moura', '1974-06-23', 'B', 'Favela Azevedo, 44', 'Brasil Industrial', 'MGC', 'R');
INSERT INTO condutor (idCadastro, cpf, nome, dataNasc, idCategoriaCNH, endereco, bairro, idCidade, situacaoCNH) VALUES (296, '28405317635', 'Maria Eduarda Ferreira', '1957-09-21', 'C', 'Passarela Sales, 613', 'Camponesa 1ª Seção', 'ANG', 'R');
INSERT INTO condutor (idCadastro, cpf, nome, dataNasc, idCategoriaCNH, endereco, bairro, idCidade, situacaoCNH) VALUES (297, '23610749580', 'Luiz Otávio da Mota', '1996-06-28', 'B', 'Parque Evelyn Dias', 'Céu Azul', 'FTP', 'R');
INSERT INTO condutor (idCadastro, cpf, nome, dataNasc, idCategoriaCNH, endereco, bairro, idCidade, situacaoCNH) VALUES (298, '05196734848', 'Vitor Vieira', '1987-10-28', 'E', 'Trecho Sales', 'Vila Real 1ª Seção', 'GCA', 'R');
INSERT INTO condutor (idCadastro, cpf, nome, dataNasc, idCategoriaCNH, endereco, bairro, idCidade, situacaoCNH) VALUES (299, '20397648103', 'Sr. Enzo Gabriel Gomes', '1969-11-25', 'E', 'Esplanada de Novaes, 33', 'Cinquentenário', 'RPP', 'R');
INSERT INTO condutor (idCadastro, cpf, nome, dataNasc, idCategoriaCNH, endereco, bairro, idCidade, situacaoCNH) VALUES (300, '74085162390', 'Isabella Cunha', '1995-09-23', 'B', 'Área Ian Aragão, 84', 'Planalto', 'MPS', 'R');
INSERT INTO condutor (idCadastro, cpf, nome, dataNasc, idCategoriaCNH, endereco, bairro, idCidade, situacaoCNH) VALUES (301, '31587042932', 'Dr. Thales Cunha', '1991-07-23', 'B', 'Morro Viana, 4', 'Leonina', 'LSA', 'R');
INSERT INTO condutor (idCadastro, cpf, nome, dataNasc, idCategoriaCNH, endereco, bairro, idCidade, situacaoCNH) VALUES (302, '61285403762', 'Isabel Pinto', '1988-02-20', 'B', 'Praça de Cardoso, 57', 'Paquetá', 'MDN', 'R');
INSERT INTO condutor (idCadastro, cpf, nome, dataNasc, idCategoriaCNH, endereco, bairro, idCidade, situacaoCNH) VALUES (303, '86904157267', 'Maria Sophia Souza', '1998-09-26', 'C', 'Campo de Gomes, 29', 'Vila Madre Gertrudes 4ª Seção', 'RSG', 'R');
INSERT INTO condutor (idCadastro, cpf, nome, dataNasc, idCategoriaCNH, endereco, bairro, idCidade, situacaoCNH) VALUES (304, '92358746100', 'Dr. Ryan da Rocha', '1946-09-28', 'D', 'Passarela Vitor Pinto, 1', 'São Sebastião', 'VNM', 'R');
INSERT INTO condutor (idCadastro, cpf, nome, dataNasc, idCategoriaCNH, endereco, bairro, idCidade, situacaoCNH) VALUES (305, '85623907474', 'Luiz Fernando Jesus', '1952-11-28', 'D', 'Feira de Martins, 68', 'Campo Alegre', 'OLS', 'R');
INSERT INTO condutor (idCadastro, cpf, nome, dataNasc, idCategoriaCNH, endereco, bairro, idCidade, situacaoCNH) VALUES (306, '39628504738', 'Cauã Cavalcanti', '1987-10-01', 'E', 'Jardim da Cruz', 'Anchieta', 'NGA', 'R');
INSERT INTO condutor (idCadastro, cpf, nome, dataNasc, idCategoriaCNH, endereco, bairro, idCidade, situacaoCNH) VALUES (307, '76320815930', 'João Lucas Moraes', '1968-02-12', 'A', 'Vila Martins, 241', 'Ribeiro De Abreu', 'PNN', 'R');
INSERT INTO condutor (idCadastro, cpf, nome, dataNasc, idCategoriaCNH, endereco, bairro, idCidade, situacaoCNH) VALUES (308, '58146297030', 'Agatha Rocha', '1983-05-20', 'D', 'Jardim Costa, 16', 'São Francisco', 'CPA', 'R');
INSERT INTO condutor (idCadastro, cpf, nome, dataNasc, idCategoriaCNH, endereco, bairro, idCidade, situacaoCNH) VALUES (309, '53468210906', 'Fernando Moura', '1984-11-22', 'C', 'Aeroporto de da Rosa, 7', 'Savassi', 'ACA', 'R');
INSERT INTO condutor (idCadastro, cpf, nome, dataNasc, idCategoriaCNH, endereco, bairro, idCidade, situacaoCNH) VALUES (310, '46390875274', 'Thiago Jesus', '1999-08-14', 'A', 'Campo Rocha, 67', 'Vila Suzana Segunda Seção', 'POS', 'R');
INSERT INTO condutor (idCadastro, cpf, nome, dataNasc, idCategoriaCNH, endereco, bairro, idCidade, situacaoCNH) VALUES (311, '79318465084', 'Mirella da Conceição', '1947-06-19', 'B', 'Praia Larissa Freitas', 'Antonio Ribeiro De Abreu 1ª Seção', 'MDA', 'R');
INSERT INTO condutor (idCadastro, cpf, nome, dataNasc, idCategoriaCNH, endereco, bairro, idCidade, situacaoCNH) VALUES (312, '20537941860', 'Bruno Silveira', '1950-03-28', 'C', 'Estação Emanuella Cunha, 8', 'Satelite', 'ONA', 'R');
INSERT INTO condutor (idCadastro, cpf, nome, dataNasc, idCategoriaCNH, endereco, bairro, idCidade, situacaoCNH) VALUES (313, '91058472658', 'Marcelo Gonçalves', '2001-08-05', 'C', 'Travessa de Jesus, 21', 'Vila Suzana Segunda Seção', 'POS', 'R');
INSERT INTO condutor (idCadastro, cpf, nome, dataNasc, idCategoriaCNH, endereco, bairro, idCidade, situacaoCNH) VALUES (314, '38274509692', 'Dr. Lucas Gabriel Castro', '1964-04-03', 'B', 'Praia Cardoso, 98', 'Conjunto Taquaril', 'AAM', 'R');
INSERT INTO condutor (idCadastro, cpf, nome, dataNasc, idCategoriaCNH, endereco, bairro, idCidade, situacaoCNH) VALUES (315, '45932061898', 'Pedro Miguel Barbosa', '1962-09-17', 'E', 'Praça Enzo Gabriel da Mota, 9', 'Santa Sofia', 'VRV', 'R');
INSERT INTO condutor (idCadastro, cpf, nome, dataNasc, idCategoriaCNH, endereco, bairro, idCidade, situacaoCNH) VALUES (316, '78630249196', 'Kaique Sales', '1978-10-24', 'D', 'Praça de Moreira, 59', 'Estrela Do Oriente', 'SUS', 'R');
INSERT INTO condutor (idCadastro, cpf, nome, dataNasc, idCategoriaCNH, endereco, bairro, idCidade, situacaoCNH) VALUES (317, '42639851098', 'Sra. Gabriela Cardoso', '1964-12-10', 'D', 'Morro Cavalcanti, 78', 'Mantiqueira', 'MEP', 'R');
INSERT INTO condutor (idCadastro, cpf, nome, dataNasc, idCategoriaCNH, endereco, bairro, idCidade, situacaoCNH) VALUES (318, '78062439500', 'João Miguel Freitas', '1968-11-14', 'D', 'Esplanada de Nunes, 59', 'Santa Efigênia', 'NFP', 'R');
INSERT INTO condutor (idCadastro, cpf, nome, dataNasc, idCategoriaCNH, endereco, bairro, idCidade, situacaoCNH) VALUES (319, '82506973168', 'Rodrigo Vieira', '1939-06-14', 'E', 'Quadra Moraes, 97', 'Floresta', 'PAC', 'R');
INSERT INTO condutor (idCadastro, cpf, nome, dataNasc, idCategoriaCNH, endereco, bairro, idCidade, situacaoCNH) VALUES (320, '85631709295', 'Laura Rocha', '1944-10-15', 'B', 'Vila de Caldeira, 932', 'Vila Nova Gameleira 2ª Seção', 'PRP', 'R');
INSERT INTO condutor (idCadastro, cpf, nome, dataNasc, idCategoriaCNH, endereco, bairro, idCidade, situacaoCNH) VALUES (321, '06824935115', 'Elisa Pires', '1966-12-22', 'A', 'Travessa Isadora Rocha, 47', 'Padre Eustáquio', 'ASF', 'R');
INSERT INTO condutor (idCadastro, cpf, nome, dataNasc, idCategoriaCNH, endereco, bairro, idCidade, situacaoCNH) VALUES (322, '85960742101', 'Mirella Cardoso', '1950-12-29', 'C', 'Campo Silva, 51', 'São Francisco Das Chagas', 'OIV', 'R');
INSERT INTO condutor (idCadastro, cpf, nome, dataNasc, idCategoriaCNH, endereco, bairro, idCidade, situacaoCNH) VALUES (323, '80924315741', 'Srta. Luiza Cunha', '1989-12-10', 'A', 'Núcleo Duarte, 85', 'Vila União', 'FSF', 'R');
INSERT INTO condutor (idCadastro, cpf, nome, dataNasc, idCategoriaCNH, endereco, bairro, idCidade, situacaoCNH) VALUES (324, '41270985388', 'Isabel Melo', '1961-01-20', 'D', 'Ladeira de Vieira', 'São Jorge 2ª Seção', 'SRV', 'R');
INSERT INTO condutor (idCadastro, cpf, nome, dataNasc, idCategoriaCNH, endereco, bairro, idCidade, situacaoCNH) VALUES (325, '94732851673', 'Gabrielly Caldeira', '1969-09-15', 'B', 'Travessa da Mata, 4', 'Alpes', 'MGD', 'R');
INSERT INTO condutor (idCadastro, cpf, nome, dataNasc, idCategoriaCNH, endereco, bairro, idCidade, situacaoCNH) VALUES (326, '02934165833', 'Ana Julia Gonçalves', '1999-10-12', 'D', 'Viela Cauã Silva', 'Miramar', 'MMN', 'R');
INSERT INTO condutor (idCadastro, cpf, nome, dataNasc, idCategoriaCNH, endereco, bairro, idCidade, situacaoCNH) VALUES (327, '31952480779', 'Pedro Lucas Vieira', '1961-03-24', 'D', 'Viela João Lucas Rezende, 1', 'Novo Glória', 'SRV', 'R');
INSERT INTO condutor (idCadastro, cpf, nome, dataNasc, idCategoriaCNH, endereco, bairro, idCidade, situacaoCNH) VALUES (328, '70845916211', 'Lorena Martins', '1983-12-19', 'B', 'Trevo Costa, 15', 'Buritis', 'RFA', 'R');
INSERT INTO condutor (idCadastro, cpf, nome, dataNasc, idCategoriaCNH, endereco, bairro, idCidade, situacaoCNH) VALUES (329, '15602893768', 'Beatriz Moreira', '1989-02-05', 'A', 'Distrito de Castro, 43', 'Santa Sofia', 'FSA', 'R');
INSERT INTO condutor (idCadastro, cpf, nome, dataNasc, idCategoriaCNH, endereco, bairro, idCidade, situacaoCNH) VALUES (330, '26945381005', 'Stella da Cunha', '1993-01-06', 'A', 'Passarela de Gonçalves, 96', 'Itatiaia', 'FFM', 'R');
INSERT INTO condutor (idCadastro, cpf, nome, dataNasc, idCategoriaCNH, endereco, bairro, idCidade, situacaoCNH) VALUES (331, '58027491304', 'Sr. Samuel Duarte', '1946-10-23', 'B', 'Conjunto Davi Barros, 46', 'São José', 'MES', 'R');
INSERT INTO condutor (idCadastro, cpf, nome, dataNasc, idCategoriaCNH, endereco, bairro, idCidade, situacaoCNH) VALUES (332, '87342190560', 'Yago Costa', '1990-09-13', 'E', 'Rua Fogaça, 65', 'Vila Nova', 'BGG', 'R');
INSERT INTO condutor (idCadastro, cpf, nome, dataNasc, idCategoriaCNH, endereco, bairro, idCidade, situacaoCNH) VALUES (333, '82706931540', 'Sr. Luiz Miguel Ferreira', '1952-04-05', 'D', 'Alameda de Ferreira, 26', 'Vila Formosa', 'FIO', 'R');
INSERT INTO condutor (idCadastro, cpf, nome, dataNasc, idCategoriaCNH, endereco, bairro, idCidade, situacaoCNH) VALUES (334, '01265739803', 'Ana Lívia Ramos', '1972-03-09', 'E', 'Rua Bryan Martins, 6', 'Custodinha', 'CGA', 'R');
INSERT INTO condutor (idCadastro, cpf, nome, dataNasc, idCategoriaCNH, endereco, bairro, idCidade, situacaoCNH) VALUES (335, '74283905674', 'Raquel Vieira', '1972-02-23', 'D', 'Alameda de Peixoto, 48', 'Vila Coqueiral', 'MPC', 'R');
INSERT INTO condutor (idCadastro, cpf, nome, dataNasc, idCategoriaCNH, endereco, bairro, idCidade, situacaoCNH) VALUES (336, '50721483941', 'Yuri Nunes', '2000-11-29', 'B', 'Travessa de da Conceição, 97', 'Santa Maria', 'MEN', 'R');
INSERT INTO condutor (idCadastro, cpf, nome, dataNasc, idCategoriaCNH, endereco, bairro, idCidade, situacaoCNH) VALUES (337, '56214930799', 'Noah Barros', '1957-04-17', 'E', 'Setor de Moraes, 714', 'Barro Preto', 'RRS', 'R');
INSERT INTO condutor (idCadastro, cpf, nome, dataNasc, idCategoriaCNH, endereco, bairro, idCidade, situacaoCNH) VALUES (338, '85419027305', 'Lívia da Paz', '1957-11-07', 'E', 'Vila Maria Cecília Aragão, 687', 'Vila Puc', 'STP', 'R');
INSERT INTO condutor (idCadastro, cpf, nome, dataNasc, idCategoriaCNH, endereco, bairro, idCidade, situacaoCNH) VALUES (339, '80341675920', 'Marcelo Nogueira', '1963-11-24', 'C', 'Loteamento de Pinto, 27', 'Vila Nova', 'RIM', 'R');
INSERT INTO condutor (idCadastro, cpf, nome, dataNasc, idCategoriaCNH, endereco, bairro, idCidade, situacaoCNH) VALUES (340, '83127690568', 'Leonardo Novaes', '1975-07-07', 'E', 'Praia Duarte, 9', 'Boa Esperança', 'PCG', 'R');
INSERT INTO condutor (idCadastro, cpf, nome, dataNasc, idCategoriaCNH, endereco, bairro, idCidade, situacaoCNH) VALUES (341, '93247061525', 'Emanuel Campos', '1981-10-31', 'A', 'Largo Lívia da Cruz, 74', 'Vitoria Da Conquista', 'SOG', 'R');
INSERT INTO condutor (idCadastro, cpf, nome, dataNasc, idCategoriaCNH, endereco, bairro, idCidade, situacaoCNH) VALUES (342, '85640921749', 'Alexia Pereira', '1951-08-08', 'C', 'Jardim de Rocha', 'Diamante', 'RVS', 'R');
INSERT INTO condutor (idCadastro, cpf, nome, dataNasc, idCategoriaCNH, endereco, bairro, idCidade, situacaoCNH) VALUES (343, '40936512725', 'Kaique Vieira', '1987-05-17', 'A', 'Ladeira Lima', 'Novo Das Industrias', 'NUG', 'R');
INSERT INTO condutor (idCadastro, cpf, nome, dataNasc, idCategoriaCNH, endereco, bairro, idCidade, situacaoCNH) VALUES (344, '59612378428', 'Caio Martins', '1954-11-23', 'D', 'Parque de Mendes, 91', 'Alto Barroca', 'CMP', 'R');
INSERT INTO condutor (idCadastro, cpf, nome, dataNasc, idCategoriaCNH, endereco, bairro, idCidade, situacaoCNH) VALUES (345, '39860247196', 'Maria Eduarda Caldeira', '1947-12-15', 'C', 'Passarela de Moraes, 32', 'Santa Lúcia', 'ALM', 'R');
INSERT INTO condutor (idCadastro, cpf, nome, dataNasc, idCategoriaCNH, endereco, bairro, idCidade, situacaoCNH) VALUES (346, '48192706567', 'Isabel Freitas', '1945-05-31', 'C', 'Viaduto de Viana, 59', 'Das Industrias I', 'BPN', 'R');
INSERT INTO condutor (idCadastro, cpf, nome, dataNasc, idCategoriaCNH, endereco, bairro, idCidade, situacaoCNH) VALUES (347, '95720134832', 'Sr. Bernardo Almeida', '1977-01-02', 'A', 'Recanto de da Cunha', 'Indaiá', 'ONA', 'R');
INSERT INTO condutor (idCadastro, cpf, nome, dataNasc, idCategoriaCNH, endereco, bairro, idCidade, situacaoCNH) VALUES (348, '52831470960', 'Cauã Castro', '1975-05-14', 'B', 'Lago Alves, 57', 'Palmares', 'MGP', 'R');
INSERT INTO condutor (idCadastro, cpf, nome, dataNasc, idCategoriaCNH, endereco, bairro, idCidade, situacaoCNH) VALUES (349, '19705682402', 'Davi Barbosa', '1979-08-15', 'D', 'Praça de Alves, 878', 'Nova Esperança', 'CSF', 'R');
INSERT INTO condutor (idCadastro, cpf, nome, dataNasc, idCategoriaCNH, endereco, bairro, idCidade, situacaoCNH) VALUES (350, '28190743597', 'Thales Oliveira', '1949-02-01', 'D', 'Lago Laís Peixoto, 7', 'Ambrosina', 'PMC', 'R');
INSERT INTO condutor (idCadastro, cpf, nome, dataNasc, idCategoriaCNH, endereco, bairro, idCidade, situacaoCNH) VALUES (351, '80513769439', 'Bárbara da Cruz', '1978-11-29', 'B', 'Viela de Porto', 'Ouro Preto', 'RFS', 'R');
INSERT INTO condutor (idCadastro, cpf, nome, dataNasc, idCategoriaCNH, endereco, bairro, idCidade, situacaoCNH) VALUES (352, '48230716978', 'Arthur Dias', '1980-11-17', 'D', 'Colônia Davi Lucca Ribeiro, 36', 'Vila Primeiro De Maio', 'DOD', 'R');
INSERT INTO condutor (idCadastro, cpf, nome, dataNasc, idCategoriaCNH, endereco, bairro, idCidade, situacaoCNH) VALUES (353, '30542189704', 'Pedro Henrique Silveira', '1986-12-14', 'A', 'Via de Vieira, 20', 'Alto Das Antenas', 'RRS', 'R');
INSERT INTO condutor (idCadastro, cpf, nome, dataNasc, idCategoriaCNH, endereco, bairro, idCidade, situacaoCNH) VALUES (354, '05197482397', 'Maria Aragão', '1954-01-07', 'A', 'Pátio Heloísa Teixeira, 66', 'Nova Cachoeirinha', 'BAO', 'R');
INSERT INTO condutor (idCadastro, cpf, nome, dataNasc, idCategoriaCNH, endereco, bairro, idCidade, situacaoCNH) VALUES (355, '41902735625', 'Igor da Paz', '1952-12-16', 'A', 'Conjunto de da Luz, 54', 'Nova Vista', 'CCC', 'R');
INSERT INTO condutor (idCadastro, cpf, nome, dataNasc, idCategoriaCNH, endereco, bairro, idCidade, situacaoCNH) VALUES (356, '26149083551', 'Antônio da Mota', '1979-05-12', 'D', 'Viela Gonçalves, 29', 'Santa Margarida', 'BBN', 'R');
INSERT INTO condutor (idCadastro, cpf, nome, dataNasc, idCategoriaCNH, endereco, bairro, idCidade, situacaoCNH) VALUES (357, '76248510326', 'Srta. Yasmin Fogaça', '1979-04-25', 'C', 'Colônia Nogueira, 86', 'Monte São José', 'MAG', 'R');
INSERT INTO condutor (idCadastro, cpf, nome, dataNasc, idCategoriaCNH, endereco, bairro, idCidade, situacaoCNH) VALUES (358, '51738964264', 'Manuela Azevedo', '1947-04-16', 'D', 'Viela de da Costa, 27', 'Apolonia', 'COM', 'R');
INSERT INTO condutor (idCadastro, cpf, nome, dataNasc, idCategoriaCNH, endereco, bairro, idCidade, situacaoCNH) VALUES (359, '36408927122', 'Agatha da Mata', '1943-10-08', 'D', 'Distrito Rodrigues, 711', 'Universo', 'VAP', 'R');
INSERT INTO condutor (idCadastro, cpf, nome, dataNasc, idCategoriaCNH, endereco, bairro, idCidade, situacaoCNH) VALUES (360, '82943670103', 'Gabriel Cardoso', '1939-04-18', 'B', 'Feira Costa, 16', 'Mirtes', 'PMM', 'R');
INSERT INTO condutor (idCadastro, cpf, nome, dataNasc, idCategoriaCNH, endereco, bairro, idCidade, situacaoCNH) VALUES (361, '37580291479', 'Ana Carolina Monteiro', '1963-09-06', 'C', 'Núcleo Luiz Otávio Almeida, 1', 'Conjunto Paulo Vi', 'FTP', 'R');
INSERT INTO condutor (idCadastro, cpf, nome, dataNasc, idCategoriaCNH, endereco, bairro, idCidade, situacaoCNH) VALUES (362, '12457983088', 'Joana Peixoto', '1944-08-19', 'A', 'Avenida Bruna Carvalho', 'Ouro Minas', 'CMP', 'R');
INSERT INTO condutor (idCadastro, cpf, nome, dataNasc, idCategoriaCNH, endereco, bairro, idCidade, situacaoCNH) VALUES (363, '57421698094', 'Marcos Vinicius Nunes', '1992-09-24', 'B', 'Passarela de Campos, 36', 'Piraja', 'PTO', 'R');
INSERT INTO condutor (idCadastro, cpf, nome, dataNasc, idCategoriaCNH, endereco, bairro, idCidade, situacaoCNH) VALUES (364, '73651402835', 'Davi Lucca Rodrigues', '1967-09-14', 'C', 'Esplanada Cavalcanti, 64', 'Vila Olhos Dágua', 'PMP', 'R');
INSERT INTO condutor (idCadastro, cpf, nome, dataNasc, idCategoriaCNH, endereco, bairro, idCidade, situacaoCNH) VALUES (365, '09382741631', 'Sr. João Miguel Rezende', '1992-03-09', 'B', 'Vereda Novaes, 175', 'Jardim Alvorada', 'SPM', 'R');
INSERT INTO condutor (idCadastro, cpf, nome, dataNasc, idCategoriaCNH, endereco, bairro, idCidade, situacaoCNH) VALUES (366, '82560974185', 'Rafaela da Costa', '1995-06-19', 'B', 'Área Fogaça, 60', 'Vila Calafate', 'FMV', 'R');
INSERT INTO condutor (idCadastro, cpf, nome, dataNasc, idCategoriaCNH, endereco, bairro, idCidade, situacaoCNH) VALUES (367, '72518630490', 'Caio da Cunha', '1997-12-17', 'B', 'Ladeira Freitas, 76', 'Xangri-Lá', 'NRP', 'R');
INSERT INTO condutor (idCadastro, cpf, nome, dataNasc, idCategoriaCNH, endereco, bairro, idCidade, situacaoCNH) VALUES (368, '41308927622', 'Sra. Emanuelly da Costa', '1994-05-29', 'C', 'Lagoa de Pereira, 20', 'Santa Cruz', 'BSC', 'R');
INSERT INTO condutor (idCadastro, cpf, nome, dataNasc, idCategoriaCNH, endereco, bairro, idCidade, situacaoCNH) VALUES (369, '08269471313', 'Ana Laura da Mota', '1985-10-03', 'C', 'Passarela Almeida', 'Minaslandia', 'RRD', 'R');
INSERT INTO condutor (idCadastro, cpf, nome, dataNasc, idCategoriaCNH, endereco, bairro, idCidade, situacaoCNH) VALUES (370, '68719350295', 'Olivia Nunes', '1981-11-24', 'B', 'Núcleo de Peixoto, 706', 'Marieta 1ª Seção', 'CGP', 'R');
INSERT INTO condutor (idCadastro, cpf, nome, dataNasc, idCategoriaCNH, endereco, bairro, idCidade, situacaoCNH) VALUES (371, '29813756012', 'Dra. Stephany Gomes', '1986-10-20', 'B', 'Viaduto Alícia Costa, 20', 'Alípio De Melo', 'LIA', 'R');
INSERT INTO condutor (idCadastro, cpf, nome, dataNasc, idCategoriaCNH, endereco, bairro, idCidade, situacaoCNH) VALUES (372, '84906271502', 'Lívia Rodrigues', '2000-07-24', 'C', 'Lago Moraes', 'Camponesa 1ª Seção', 'GEG', 'R');
INSERT INTO condutor (idCadastro, cpf, nome, dataNasc, idCategoriaCNH, endereco, bairro, idCidade, situacaoCNH) VALUES (373, '01352496780', 'Pietro Souza', '1996-12-29', 'C', 'Vereda de Oliveira, 6', 'Vila De Sá', 'MRS', 'R');
INSERT INTO condutor (idCadastro, cpf, nome, dataNasc, idCategoriaCNH, endereco, bairro, idCidade, situacaoCNH) VALUES (374, '32165087490', 'Murilo Cardoso', '1985-02-12', 'B', 'Parque Danilo Monteiro, 62', 'Padre Eustáquio', 'RFA', 'R');
INSERT INTO condutor (idCadastro, cpf, nome, dataNasc, idCategoriaCNH, endereco, bairro, idCidade, situacaoCNH) VALUES (375, '06321875902', 'Isis Santos', '1973-06-08', 'A', 'Morro de da Rosa', 'Nova America', 'CHC', 'R');
INSERT INTO condutor (idCadastro, cpf, nome, dataNasc, idCategoriaCNH, endereco, bairro, idCidade, situacaoCNH) VALUES (376, '78259046130', 'João Felipe Farias', '1967-09-14', 'B', 'Parque Pedro Henrique Pinto, 560', 'Sagrada Família', 'CPG', 'R');
INSERT INTO condutor (idCadastro, cpf, nome, dataNasc, idCategoriaCNH, endereco, bairro, idCidade, situacaoCNH) VALUES (377, '04835791657', 'Augusto Castro', '1945-10-28', 'E', 'Ladeira de Barbosa, 74', 'Varzea Da Palma', 'ADG', 'R');
INSERT INTO condutor (idCadastro, cpf, nome, dataNasc, idCategoriaCNH, endereco, bairro, idCidade, situacaoCNH) VALUES (378, '75612094361', 'Diogo Moraes', '1962-06-15', 'C', 'Via Juan Santos, 84', 'Camargos', 'STP', 'R');
INSERT INTO condutor (idCadastro, cpf, nome, dataNasc, idCategoriaCNH, endereco, bairro, idCidade, situacaoCNH) VALUES (379, '63179584246', 'Ana Vitória Oliveira', '1970-09-11', 'B', 'Trevo de Azevedo, 50', 'Conjunto Capitão Eduardo', 'SLC', 'R');
INSERT INTO condutor (idCadastro, cpf, nome, dataNasc, idCategoriaCNH, endereco, bairro, idCidade, situacaoCNH) VALUES (380, '46820537956', 'Cauê Castro', '1997-04-30', 'D', 'Colônia Lima, 75', 'Boa Esperança', 'MDC', 'R');
INSERT INTO condutor (idCadastro, cpf, nome, dataNasc, idCategoriaCNH, endereco, bairro, idCidade, situacaoCNH) VALUES (381, '74028956374', 'Eloah Fogaça', '1991-06-28', 'A', 'Avenida Maria Clara Almeida, 74', 'Vila Boa Vista', 'LAP', 'R');
INSERT INTO condutor (idCadastro, cpf, nome, dataNasc, idCategoriaCNH, endereco, bairro, idCidade, situacaoCNH) VALUES (382, '24583906170', 'Arthur Nogueira', '1946-05-30', 'B', 'Trevo de Nogueira, 8', 'Olhos Dágua', 'TTD', 'R');
INSERT INTO condutor (idCadastro, cpf, nome, dataNasc, idCategoriaCNH, endereco, bairro, idCidade, situacaoCNH) VALUES (383, '64159208398', 'Gustavo Nascimento', '1952-01-30', 'A', 'Vila de Cunha, 21', 'Chácara Leonina', 'SJC', 'R');
INSERT INTO condutor (idCadastro, cpf, nome, dataNasc, idCategoriaCNH, endereco, bairro, idCidade, situacaoCNH) VALUES (384, '82437569065', 'Nathan Ferreira', '1999-04-15', 'B', 'Via de Carvalho, 32', 'Cidade Nova', 'CAC', 'R');
INSERT INTO condutor (idCadastro, cpf, nome, dataNasc, idCategoriaCNH, endereco, bairro, idCidade, situacaoCNH) VALUES (385, '98045213779', 'Pietro Azevedo', '1962-10-25', 'A', 'Passarela Araújo, 26', 'Milionario', 'MVC', 'R');
INSERT INTO condutor (idCadastro, cpf, nome, dataNasc, idCategoriaCNH, endereco, bairro, idCidade, situacaoCNH) VALUES (386, '28430759123', 'Maitê Cunha', '1958-07-11', 'E', 'Praia de da Costa, 46', 'Coração De Jesus', 'FAS', 'R');
INSERT INTO condutor (idCadastro, cpf, nome, dataNasc, idCategoriaCNH, endereco, bairro, idCidade, situacaoCNH) VALUES (387, '51329470850', 'Enzo Gabriel Viana', '1971-01-30', 'B', 'Morro de Teixeira, 38', 'Conjunto Serra Verde', 'FAA', 'R');
INSERT INTO condutor (idCadastro, cpf, nome, dataNasc, idCategoriaCNH, endereco, bairro, idCidade, situacaoCNH) VALUES (388, '97826431573', 'Luiza da Mata', '1991-07-28', 'C', 'Viaduto Luigi Cardoso, 74', 'Leonina', 'LSA', 'R');
INSERT INTO condutor (idCadastro, cpf, nome, dataNasc, idCategoriaCNH, endereco, bairro, idCidade, situacaoCNH) VALUES (389, '43629015743', 'Marcela Azevedo', '1992-09-16', 'B', 'Distrito de Mendes, 752', 'Conjunto Minas Caixa', 'RRN', 'R');
INSERT INTO condutor (idCadastro, cpf, nome, dataNasc, idCategoriaCNH, endereco, bairro, idCidade, situacaoCNH) VALUES (390, '35814629746', 'Ana Laura Lima', '1992-08-08', 'C', 'Viela Isabelly Pereira, 697', 'Nova Cachoeirinha', 'BAO', 'R');
INSERT INTO condutor (idCadastro, cpf, nome, dataNasc, idCategoriaCNH, endereco, bairro, idCidade, situacaoCNH) VALUES (391, '56418932005', 'Breno Dias', '1962-01-04', 'D', 'Vale de Ferreira, 16', 'Chácara Leonina', 'SJC', 'R');
INSERT INTO condutor (idCadastro, cpf, nome, dataNasc, idCategoriaCNH, endereco, bairro, idCidade, situacaoCNH) VALUES (392, '20341857904', 'Otávio Souza', '1978-04-15', 'A', 'Lagoa de Lopes', 'São Cristóvão', 'CEG', 'R');
INSERT INTO condutor (idCadastro, cpf, nome, dataNasc, idCategoriaCNH, endereco, bairro, idCidade, situacaoCNH) VALUES (393, '72916034803', 'Dr. Rodrigo Cardoso', '1955-03-17', 'C', 'Trecho de Pereira, 27', 'São Geraldo', 'JUV', 'R');
INSERT INTO condutor (idCadastro, cpf, nome, dataNasc, idCategoriaCNH, endereco, bairro, idCidade, situacaoCNH) VALUES (394, '17239056406', 'Benício Rodrigues', '1969-07-20', 'A', 'Distrito Freitas, 69', 'Jardim Montanhês', 'NLS', 'R');
INSERT INTO condutor (idCadastro, cpf, nome, dataNasc, idCategoriaCNH, endereco, bairro, idCidade, situacaoCNH) VALUES (395, '69837451084', 'Paulo Araújo', '2001-04-09', 'B', 'Lagoa Jesus, 7', 'Vila Santo Antônio Barroquinha', 'FAS', 'R');
INSERT INTO condutor (idCadastro, cpf, nome, dataNasc, idCategoriaCNH, endereco, bairro, idCidade, situacaoCNH) VALUES (396, '17068423922', 'Vitor Gabriel Pinto', '1984-07-09', 'A', 'Passarela da Mota, 53', 'Granja Werneck', 'FAA', 'R');
INSERT INTO condutor (idCadastro, cpf, nome, dataNasc, idCategoriaCNH, endereco, bairro, idCidade, situacaoCNH) VALUES (397, '86720391577', 'Maria Fernandes', '1940-11-19', 'B', 'Feira Anthony Pereira, 14', 'Ápia', 'SAA', 'R');
INSERT INTO condutor (idCadastro, cpf, nome, dataNasc, idCategoriaCNH, endereco, bairro, idCidade, situacaoCNH) VALUES (398, '69253741007', 'Vitória Porto', '1963-05-20', 'D', 'Fazenda Caldeira', 'São Tomaz', 'POS', 'R');
INSERT INTO condutor (idCadastro, cpf, nome, dataNasc, idCategoriaCNH, endereco, bairro, idCidade, situacaoCNH) VALUES (399, '36891452015', 'Luna Porto', '1982-11-23', 'E', 'Estação Campos, 81', 'Jardim Do Vale', 'RIP', 'R');
INSERT INTO condutor (idCadastro, cpf, nome, dataNasc, idCategoriaCNH, endereco, bairro, idCidade, situacaoCNH) VALUES (400, '32947018613', 'Lívia Pereira', '1984-08-10', 'A', 'Ladeira Luiz Henrique Pereira, 108', 'São Salvador', 'PPP', 'R');
INSERT INTO condutor (idCadastro, cpf, nome, dataNasc, idCategoriaCNH, endereco, bairro, idCidade, situacaoCNH) VALUES (401, '05291738677', 'Dr. Benício Oliveira', '1965-04-10', 'B', 'Estação Fogaça, 18', 'Pindura Saia', 'SIG', 'R');
INSERT INTO condutor (idCadastro, cpf, nome, dataNasc, idCategoriaCNH, endereco, bairro, idCidade, situacaoCNH) VALUES (402, '16724580307', 'Srta. Maria Cecília Cardoso', '1986-01-07', 'B', 'Lagoa Sales, 7', 'Fernão Dias', 'LAM', 'R');
INSERT INTO condutor (idCadastro, cpf, nome, dataNasc, idCategoriaCNH, endereco, bairro, idCidade, situacaoCNH) VALUES (403, '20671549820', 'Enzo Moraes', '1980-12-05', 'D', 'Pátio Fogaça', 'Vila Coqueiral', 'FVG', 'R');
INSERT INTO condutor (idCadastro, cpf, nome, dataNasc, idCategoriaCNH, endereco, bairro, idCidade, situacaoCNH) VALUES (404, '03978245132', 'Alana Costela', '1987-04-03', 'C', 'Núcleo Correia, 8', 'Jardinópolis', 'CHO', 'R');
INSERT INTO condutor (idCadastro, cpf, nome, dataNasc, idCategoriaCNH, endereco, bairro, idCidade, situacaoCNH) VALUES (405, '57408316280', 'Luiz Fernando da Paz', '1942-12-06', 'A', 'Condomínio Azevedo, 7', 'Maria Helena', 'OEP', 'R');
INSERT INTO condutor (idCadastro, cpf, nome, dataNasc, idCategoriaCNH, endereco, bairro, idCidade, situacaoCNH) VALUES (406, '34075968200', 'Laura Caldeira', '1971-04-24', 'C', 'Jardim Costela', 'Vila Jardim Leblon', 'FEO', 'R');
INSERT INTO condutor (idCadastro, cpf, nome, dataNasc, idCategoriaCNH, endereco, bairro, idCidade, situacaoCNH) VALUES (407, '76921043525', 'Julia da Mata', '1993-01-17', 'B', 'Pátio de Ferreira, 65', 'Acaba Mundo', 'PON', 'R');
INSERT INTO condutor (idCadastro, cpf, nome, dataNasc, idCategoriaCNH, endereco, bairro, idCidade, situacaoCNH) VALUES (408, '70196843278', 'Caroline da Mota', '1951-06-14', 'B', 'Via Moura, 20', 'Vila São Rafael', 'ASP', 'R');
INSERT INTO condutor (idCadastro, cpf, nome, dataNasc, idCategoriaCNH, endereco, bairro, idCidade, situacaoCNH) VALUES (409, '71806594285', 'Bruno Pereira', '1994-06-23', 'D', 'Núcleo Ana Carolina Lima, 74', 'Santa Efigênia', 'CPG', 'R');
INSERT INTO condutor (idCadastro, cpf, nome, dataNasc, idCategoriaCNH, endereco, bairro, idCidade, situacaoCNH) VALUES (410, '79140586294', 'Luiz Otávio Fernandes', '2000-11-04', 'B', 'Parque Moura, 7', 'Buraco Quente', 'NAS', 'R');
INSERT INTO condutor (idCadastro, cpf, nome, dataNasc, idCategoriaCNH, endereco, bairro, idCidade, situacaoCNH) VALUES (411, '93017625877', 'Maitê Costela', '1994-03-03', 'C', 'Morro Cunha', 'Cachoeirinha', 'BDS', 'R');
INSERT INTO condutor (idCadastro, cpf, nome, dataNasc, idCategoriaCNH, endereco, bairro, idCidade, situacaoCNH) VALUES (412, '89432560783', 'Noah Rodrigues', '1963-02-28', 'A', 'Residencial Aragão, 532', 'Unidas', 'NAO', 'R');
INSERT INTO condutor (idCadastro, cpf, nome, dataNasc, idCategoriaCNH, endereco, bairro, idCidade, situacaoCNH) VALUES (413, '80574396101', 'Lucas Gabriel Pereira', '1986-08-04', 'D', 'Rodovia Enzo Gabriel da Mota, 62', 'Céu Azul', 'BSC', 'R');
INSERT INTO condutor (idCadastro, cpf, nome, dataNasc, idCategoriaCNH, endereco, bairro, idCidade, situacaoCNH) VALUES (414, '80123764580', 'Arthur Ribeiro', '1940-06-04', 'C', 'Lagoa Gomes, 470', 'Vera Cruz', 'MEM', 'R');
INSERT INTO condutor (idCadastro, cpf, nome, dataNasc, idCategoriaCNH, endereco, bairro, idCidade, situacaoCNH) VALUES (415, '30478269196', 'Guilherme Pereira', '1979-06-07', 'A', 'Área de Silva, 27', 'Senhor Dos Passos', 'FMN', 'R');
INSERT INTO condutor (idCadastro, cpf, nome, dataNasc, idCategoriaCNH, endereco, bairro, idCidade, situacaoCNH) VALUES (416, '01526398702', 'Gabriel da Rocha', '1965-10-14', 'A', 'Estrada de Cardoso, 94', 'Barão Homem De Melo 2ª Seção', 'MRG', 'R');
INSERT INTO condutor (idCadastro, cpf, nome, dataNasc, idCategoriaCNH, endereco, bairro, idCidade, situacaoCNH) VALUES (417, '47906123506', 'Dr. Enzo Barros', '1987-05-11', 'B', 'Distrito Nicolas da Rocha, 6', 'Santa Efigênia', 'FAC', 'R');
INSERT INTO condutor (idCadastro, cpf, nome, dataNasc, idCategoriaCNH, endereco, bairro, idCidade, situacaoCNH) VALUES (418, '85246739155', 'Maria Alice da Cruz', '2000-05-30', 'D', 'Núcleo Cauê Aragão, 496', 'Vera Cruz', 'CVV', 'R');
INSERT INTO condutor (idCadastro, cpf, nome, dataNasc, idCategoriaCNH, endereco, bairro, idCidade, situacaoCNH) VALUES (419, '75829603195', 'João Guilherme Fogaça', '1978-04-23', 'E', 'Núcleo Francisco Cardoso, 994', 'Palmeiras', 'GVV', 'R');
INSERT INTO condutor (idCadastro, cpf, nome, dataNasc, idCategoriaCNH, endereco, bairro, idCidade, situacaoCNH) VALUES (420, '06524713826', 'Isadora Nascimento', '1994-04-28', 'D', 'Vereda de Pereira, 86', 'Ribeiro De Abreu', 'PSV', 'R');
INSERT INTO condutor (idCadastro, cpf, nome, dataNasc, idCategoriaCNH, endereco, bairro, idCidade, situacaoCNH) VALUES (421, '23150794625', 'Esther Gonçalves', '1965-07-24', 'B', 'Vila da Paz, 914', 'Jardim Dos Comerciarios', 'NSM', 'R');
INSERT INTO condutor (idCadastro, cpf, nome, dataNasc, idCategoriaCNH, endereco, bairro, idCidade, situacaoCNH) VALUES (422, '27085649356', 'Lorenzo Porto', '1955-02-09', 'A', 'Quadra Nicole Oliveira', 'Jardim São José', 'NCD', 'R');
INSERT INTO condutor (idCadastro, cpf, nome, dataNasc, idCategoriaCNH, endereco, bairro, idCidade, situacaoCNH) VALUES (423, '15072438988', 'Dra. Isis Barros', '1959-02-01', 'B', 'Praia de da Paz', 'Nossa Senhora Aparecida', 'RMP', 'R');
INSERT INTO condutor (idCadastro, cpf, nome, dataNasc, idCategoriaCNH, endereco, bairro, idCidade, situacaoCNH) VALUES (424, '62798105340', 'Theo da Cruz', '1987-03-27', 'B', 'Largo Alves, 3', 'Vila São Paulo', 'NEG', 'R');
INSERT INTO condutor (idCadastro, cpf, nome, dataNasc, idCategoriaCNH, endereco, bairro, idCidade, situacaoCNH) VALUES (425, '53614078957', 'Sra. Luna Duarte', '1983-11-10', 'B', 'Residencial de Vieira, 9', 'São Gonçalo', 'NRP', 'R');
INSERT INTO condutor (idCadastro, cpf, nome, dataNasc, idCategoriaCNH, endereco, bairro, idCidade, situacaoCNH) VALUES (426, '68245371955', 'Catarina Novaes', '1950-05-13', 'C', 'Recanto de Porto', 'Distrito Industrial Do Jatoba', 'GPG', 'R');
INSERT INTO condutor (idCadastro, cpf, nome, dataNasc, idCategoriaCNH, endereco, bairro, idCidade, situacaoCNH) VALUES (427, '73068419204', 'Joana Nunes', '1941-07-20', 'B', 'Largo Gomes', 'Vila União', 'PCP', 'R');
INSERT INTO condutor (idCadastro, cpf, nome, dataNasc, idCategoriaCNH, endereco, bairro, idCidade, situacaoCNH) VALUES (428, '89103472523', 'Luiza Monteiro', '1977-02-18', 'D', 'Favela de da Costa, 46', 'Vila São Rafael', 'FFS', 'R');
INSERT INTO condutor (idCadastro, cpf, nome, dataNasc, idCategoriaCNH, endereco, bairro, idCidade, situacaoCNH) VALUES (429, '74683021978', 'Davi Lucca Dias', '1988-08-02', 'B', 'Pátio de Souza', 'Nova Granada', 'CRP', 'R');
INSERT INTO condutor (idCadastro, cpf, nome, dataNasc, idCategoriaCNH, endereco, bairro, idCidade, situacaoCNH) VALUES (430, '60754312925', 'Sabrina Costela', '1987-07-18', 'D', 'Esplanada da Cruz, 59', 'Aparecida', 'NAS', 'R');
INSERT INTO condutor (idCadastro, cpf, nome, dataNasc, idCategoriaCNH, endereco, bairro, idCidade, situacaoCNH) VALUES (431, '08123964560', 'Miguel Oliveira', '1974-06-23', 'D', 'Trecho de Nogueira, 4', 'Cenaculo', 'GCG', 'R');
INSERT INTO condutor (idCadastro, cpf, nome, dataNasc, idCategoriaCNH, endereco, bairro, idCidade, situacaoCNH) VALUES (432, '91832074579', 'Ana Vitória Moreira', '1975-09-30', 'D', 'Favela Maria Cecília Melo, 96', 'Pompéia', 'OGP', 'R');
INSERT INTO condutor (idCadastro, cpf, nome, dataNasc, idCategoriaCNH, endereco, bairro, idCidade, situacaoCNH) VALUES (433, '64059217867', 'Vinicius Almeida', '1946-03-18', 'B', 'Via Luiz Henrique da Mata', 'Jardim América', 'CPS', 'R');
INSERT INTO condutor (idCadastro, cpf, nome, dataNasc, idCategoriaCNH, endereco, bairro, idCidade, situacaoCNH) VALUES (434, '03145867920', 'Carolina Souza', '1954-01-28', 'E', 'Parque de da Rocha, 68', 'Vila Coqueiral', 'MPC', 'R');
INSERT INTO condutor (idCadastro, cpf, nome, dataNasc, idCategoriaCNH, endereco, bairro, idCidade, situacaoCNH) VALUES (435, '68514730975', 'Davi Lucca da Paz', '1940-01-18', 'A', 'Feira Gustavo Henrique Pinto, 9', 'Das Industrias I', 'MUS', 'R');
INSERT INTO condutor (idCadastro, cpf, nome, dataNasc, idCategoriaCNH, endereco, bairro, idCidade, situacaoCNH) VALUES (436, '15378642973', 'Luana Viana', '1992-01-22', 'E', 'Praça de Monteiro, 69', 'Mirante', 'CGG', 'R');
INSERT INTO condutor (idCadastro, cpf, nome, dataNasc, idCategoriaCNH, endereco, bairro, idCidade, situacaoCNH) VALUES (437, '56931047884', 'Dr. Lucca Araújo', '1960-11-28', 'A', 'Chácara Oliveira, 73', 'Braúnas', 'CCG', 'R');
INSERT INTO condutor (idCadastro, cpf, nome, dataNasc, idCategoriaCNH, endereco, bairro, idCidade, situacaoCNH) VALUES (438, '29406137534', 'Sra. Raquel Pinto', '1967-12-02', 'B', 'Pátio de Cunha', 'Conjunto Providencia', 'VSS', 'R');
INSERT INTO condutor (idCadastro, cpf, nome, dataNasc, idCategoriaCNH, endereco, bairro, idCidade, situacaoCNH) VALUES (439, '10476395216', 'Dra. Maria Clara da Rocha', '1948-04-23', 'D', 'Lagoa Sophia Freitas', 'Minaslandia', 'ANG', 'R');
INSERT INTO condutor (idCadastro, cpf, nome, dataNasc, idCategoriaCNH, endereco, bairro, idCidade, situacaoCNH) VALUES (440, '51064287930', 'Daniel Martins', '1947-07-02', 'D', 'Setor de Melo', 'Chácara Leonina', 'SIM', 'R');
INSERT INTO condutor (idCadastro, cpf, nome, dataNasc, idCategoriaCNH, endereco, bairro, idCidade, situacaoCNH) VALUES (441, '73560124999', 'Ana Sophia Nascimento', '1979-08-12', 'B', 'Alameda Enrico Mendes, 58', 'Vila Boa Vista', 'RSD', 'R');
INSERT INTO condutor (idCadastro, cpf, nome, dataNasc, idCategoriaCNH, endereco, bairro, idCidade, situacaoCNH) VALUES (442, '45893612728', 'Luiz Otávio Teixeira', '1999-02-15', 'B', 'Aeroporto de Rezende, 88', 'Vila Sesc', 'DAG', 'R');
INSERT INTO condutor (idCadastro, cpf, nome, dataNasc, idCategoriaCNH, endereco, bairro, idCidade, situacaoCNH) VALUES (443, '17460235890', 'Ana Julia da Rosa', '1961-10-05', 'B', 'Campo Yuri Lima', 'Conjunto Novo Dom Bosco', 'GEG', 'R');
INSERT INTO condutor (idCadastro, cpf, nome, dataNasc, idCategoriaCNH, endereco, bairro, idCidade, situacaoCNH) VALUES (444, '69435710280', 'Ana Beatriz Farias', '1942-10-06', 'B', 'Chácara de Pereira, 85', 'Jardim São José', 'LEG', 'R');
INSERT INTO condutor (idCadastro, cpf, nome, dataNasc, idCategoriaCNH, endereco, bairro, idCidade, situacaoCNH) VALUES (445, '16504287317', 'Cauã Barros', '1995-03-01', 'E', 'Lagoa de Viana, 22', 'Bacurau', 'SCA', 'R');
INSERT INTO condutor (idCadastro, cpf, nome, dataNasc, idCategoriaCNH, endereco, bairro, idCidade, situacaoCNH) VALUES (446, '94531607252', 'Isaac Barros', '1977-05-03', 'A', 'Aeroporto Monteiro, 42', 'Santa Terezinha', 'RSS', 'R');
INSERT INTO condutor (idCadastro, cpf, nome, dataNasc, idCategoriaCNH, endereco, bairro, idCidade, situacaoCNH) VALUES (447, '41758293004', 'Lorenzo Nascimento', '1969-03-16', 'E', 'Lagoa de Nogueira, 600', 'Milionario', 'DAG', 'R');
INSERT INTO condutor (idCadastro, cpf, nome, dataNasc, idCategoriaCNH, endereco, bairro, idCidade, situacaoCNH) VALUES (448, '56738912021', 'Stella Gomes', '1946-11-03', 'A', 'Núcleo Costela, 802', 'Universo', 'VAP', 'R');
INSERT INTO condutor (idCadastro, cpf, nome, dataNasc, idCategoriaCNH, endereco, bairro, idCidade, situacaoCNH) VALUES (449, '97682031450', 'Matheus Porto', '1952-03-18', 'C', 'Vale Monteiro, 21', 'Vila Inestan', 'RVD', 'R');
INSERT INTO condutor (idCadastro, cpf, nome, dataNasc, idCategoriaCNH, endereco, bairro, idCidade, situacaoCNH) VALUES (450, '18639754039', 'Calebe da Paz', '1978-11-03', 'E', 'Vale Silva, 452', 'Vila Batik', 'POG', 'R');
INSERT INTO condutor (idCadastro, cpf, nome, dataNasc, idCategoriaCNH, endereco, bairro, idCidade, situacaoCNH) VALUES (451, '72634518919', 'Luiz Fernando Cavalcanti', '1982-01-03', 'C', 'Trevo Enrico Almeida', 'São Bento', 'VSS', 'R');
INSERT INTO condutor (idCadastro, cpf, nome, dataNasc, idCategoriaCNH, endereco, bairro, idCidade, situacaoCNH) VALUES (452, '54739201879', 'Thales Novaes', '1957-10-04', 'C', 'Largo Moura', 'Copacabana', 'FEM', 'R');
INSERT INTO condutor (idCadastro, cpf, nome, dataNasc, idCategoriaCNH, endereco, bairro, idCidade, situacaoCNH) VALUES (453, '40763592838', 'Emilly Sales', '1954-02-18', 'D', 'Praia Clara Ramos, 21', 'Vila Sumaré', 'MMN', 'R');
INSERT INTO condutor (idCadastro, cpf, nome, dataNasc, idCategoriaCNH, endereco, bairro, idCidade, situacaoCNH) VALUES (454, '78625103995', 'Maysa Sales', '1984-02-23', 'C', 'Avenida Azevedo, 8', 'Vila Fumec', 'MVC', 'R');
INSERT INTO condutor (idCadastro, cpf, nome, dataNasc, idCategoriaCNH, endereco, bairro, idCidade, situacaoCNH) VALUES (455, '52683104707', 'Dr. João Vitor Lopes', '1991-04-17', 'A', 'Rua de Correia, 40', 'Barreiro', 'CAA', 'R');
INSERT INTO condutor (idCadastro, cpf, nome, dataNasc, idCategoriaCNH, endereco, bairro, idCidade, situacaoCNH) VALUES (456, '75143629837', 'Joaquim Barros', '1962-02-14', 'D', 'Campo de Pereira, 36', 'Marieta 1ª Seção', 'GON', 'R');
INSERT INTO condutor (idCadastro, cpf, nome, dataNasc, idCategoriaCNH, endereco, bairro, idCidade, situacaoCNH) VALUES (457, '75842036126', 'Ana Júlia da Conceição', '1967-12-11', 'D', 'Praça de Freitas, 491', 'Parque São Pedro', 'BOM', 'R');
INSERT INTO condutor (idCadastro, cpf, nome, dataNasc, idCategoriaCNH, endereco, bairro, idCidade, situacaoCNH) VALUES (458, '95670841220', 'Cauã Gonçalves', '1990-07-29', 'C', 'Área de Ferreira, 13', 'Granja De Freitas', 'CGG', 'R');
INSERT INTO condutor (idCadastro, cpf, nome, dataNasc, idCategoriaCNH, endereco, bairro, idCidade, situacaoCNH) VALUES (459, '17324895646', 'Eloah Jesus', '1992-05-20', 'A', 'Viaduto Heitor Almeida, 7', 'Vila Esplanada', 'VAS', 'R');
INSERT INTO condutor (idCadastro, cpf, nome, dataNasc, idCategoriaCNH, endereco, bairro, idCidade, situacaoCNH) VALUES (460, '26713804969', 'Carolina Araújo', '1946-10-26', 'A', 'Trevo Cardoso, 41', 'Cônego Pinheiro 2ª Seção', 'NNN', 'R');
INSERT INTO condutor (idCadastro, cpf, nome, dataNasc, idCategoriaCNH, endereco, bairro, idCidade, situacaoCNH) VALUES (461, '61749382040', 'Caroline Caldeira', '1999-07-20', 'D', 'Estrada Barbosa, 811', 'Pongelupe', 'NAG', 'R');
INSERT INTO condutor (idCadastro, cpf, nome, dataNasc, idCategoriaCNH, endereco, bairro, idCidade, situacaoCNH) VALUES (462, '84315702960', 'Dr. Enrico Melo', '1962-05-25', 'E', 'Jardim Cavalcanti, 6', 'Bonsucesso', 'SLC', 'R');
INSERT INTO condutor (idCadastro, cpf, nome, dataNasc, idCategoriaCNH, endereco, bairro, idCidade, situacaoCNH) VALUES (463, '94703218550', 'Isabel Cunha', '1987-08-22', 'D', 'Jardim Bianca da Conceição', 'Vila Engenho Nogueira', 'BSP', 'R');
INSERT INTO condutor (idCadastro, cpf, nome, dataNasc, idCategoriaCNH, endereco, bairro, idCidade, situacaoCNH) VALUES (464, '10567429849', 'Maria Alice Duarte', '1950-11-21', 'B', 'Jardim de Castro', 'Embaúbas', 'BOM', 'R');
INSERT INTO condutor (idCadastro, cpf, nome, dataNasc, idCategoriaCNH, endereco, bairro, idCidade, situacaoCNH) VALUES (465, '54139207841', 'Vitor Hugo da Cunha', '1991-12-18', 'B', 'Viaduto Cardoso, 93', 'Maravilha', 'RRO', 'R');
INSERT INTO condutor (idCadastro, cpf, nome, dataNasc, idCategoriaCNH, endereco, bairro, idCidade, situacaoCNH) VALUES (466, '03461589233', 'Luiza Nogueira', '1984-01-28', 'C', 'Aeroporto de Fernandes, 72', 'Vila Formosa', 'FGP', 'R');
INSERT INTO condutor (idCadastro, cpf, nome, dataNasc, idCategoriaCNH, endereco, bairro, idCidade, situacaoCNH) VALUES (467, '30524861951', 'Daniel Novaes', '1993-08-23', 'E', 'Alameda de Fernandes, 547', 'Pousada Santo Antonio', 'MMS', 'R');
INSERT INTO condutor (idCadastro, cpf, nome, dataNasc, idCategoriaCNH, endereco, bairro, idCidade, situacaoCNH) VALUES (468, '26730491850', 'Lucas Gabriel Araújo', '1979-06-12', 'A', 'Setor Thiago Freitas, 20', 'Vila Jardim Montanhes', 'CCG', 'R');
INSERT INTO condutor (idCadastro, cpf, nome, dataNasc, idCategoriaCNH, endereco, bairro, idCidade, situacaoCNH) VALUES (469, '96231480542', 'Cauê Sales', '1942-03-11', 'B', 'Colônia de Moraes, 17', 'São Pedro', 'RSA', 'R');
INSERT INTO condutor (idCadastro, cpf, nome, dataNasc, idCategoriaCNH, endereco, bairro, idCidade, situacaoCNH) VALUES (470, '42801637580', 'Pedro Miguel Araújo', '1959-11-22', 'C', 'Loteamento de Costa, 43', 'Santa Rita De Cássia', 'NAO', 'R');
INSERT INTO condutor (idCadastro, cpf, nome, dataNasc, idCategoriaCNH, endereco, bairro, idCidade, situacaoCNH) VALUES (471, '30682579483', 'Lucas Nunes', '1945-05-16', 'D', 'Rodovia de Nogueira, 76', 'Venda Nova', 'RMP', 'R');
INSERT INTO condutor (idCadastro, cpf, nome, dataNasc, idCategoriaCNH, endereco, bairro, idCidade, situacaoCNH) VALUES (472, '04538192732', 'Ana Laura Rodrigues', '1970-07-16', 'D', 'Vereda de da Mota, 27', 'Paquetá', 'CNA', 'R');
INSERT INTO condutor (idCadastro, cpf, nome, dataNasc, idCategoriaCNH, endereco, bairro, idCidade, situacaoCNH) VALUES (473, '80436297140', 'Lavínia Santos', '1982-12-27', 'A', 'Condomínio Antônio Silveira, 864', 'Dom Joaquim', 'NCP', 'R');
INSERT INTO condutor (idCadastro, cpf, nome, dataNasc, idCategoriaCNH, endereco, bairro, idCidade, situacaoCNH) VALUES (474, '14560237999', 'Sr. Lucas Gabriel Pires', '1995-12-08', 'D', 'Favela de Nogueira, 87', 'Parque São José', 'RAM', 'R');
INSERT INTO condutor (idCadastro, cpf, nome, dataNasc, idCategoriaCNH, endereco, bairro, idCidade, situacaoCNH) VALUES (475, '10578329441', 'Thomas Viana', '1977-04-09', 'E', 'Colônia Santos, 2', 'Bacurau', 'FLS', 'R');
INSERT INTO condutor (idCadastro, cpf, nome, dataNasc, idCategoriaCNH, endereco, bairro, idCidade, situacaoCNH) VALUES (476, '57210683453', 'Sofia da Mota', '1990-10-13', 'B', 'Quadra Luna Costa, 2', 'Jardim Dos Comerciarios', 'NGA', 'R');
INSERT INTO condutor (idCadastro, cpf, nome, dataNasc, idCategoriaCNH, endereco, bairro, idCidade, situacaoCNH) VALUES (477, '01483526771', 'Mirella Rezende', '1979-03-23', 'C', 'Esplanada Kaique Mendes', 'Vila Calafate', 'JUV', 'R');
INSERT INTO condutor (idCadastro, cpf, nome, dataNasc, idCategoriaCNH, endereco, bairro, idCidade, situacaoCNH) VALUES (478, '53128640998', 'Cauê Fernandes', '2001-08-16', 'A', 'Passarela João Vitor Moura, 661', 'Alta Tensão 2ª Seção', 'VGP', 'R');
INSERT INTO condutor (idCadastro, cpf, nome, dataNasc, idCategoriaCNH, endereco, bairro, idCidade, situacaoCNH) VALUES (479, '28576193086', 'Lavínia Peixoto', '1950-04-18', 'E', 'Residencial de Novaes, 45', 'Vila Do Pombal', 'FAM', 'R');
INSERT INTO condutor (idCadastro, cpf, nome, dataNasc, idCategoriaCNH, endereco, bairro, idCidade, situacaoCNH) VALUES (480, '48139672050', 'Isabelly Farias', '1990-05-20', 'D', 'Residencial Bruno Lima, 59', 'Santa Isabel', 'PAD', 'R');
INSERT INTO condutor (idCadastro, cpf, nome, dataNasc, idCategoriaCNH, endereco, bairro, idCidade, situacaoCNH) VALUES (481, '91063284589', 'Maria Sophia Costela', '1978-03-18', 'A', 'Viela de Melo, 2', 'Vila Fumec', 'FIM', 'R');
INSERT INTO condutor (idCadastro, cpf, nome, dataNasc, idCategoriaCNH, endereco, bairro, idCidade, situacaoCNH) VALUES (482, '01725896303', 'Augusto Barbosa', '1972-06-24', 'B', 'Vila Milena Oliveira, 9', 'São Damião', 'PIN', 'R');
INSERT INTO condutor (idCadastro, cpf, nome, dataNasc, idCategoriaCNH, endereco, bairro, idCidade, situacaoCNH) VALUES (483, '94820753665', 'Larissa Monteiro', '1958-06-27', 'C', 'Feira Kamilly da Paz, 61', 'Piratininga', 'BSC', 'R');
INSERT INTO condutor (idCadastro, cpf, nome, dataNasc, idCategoriaCNH, endereco, bairro, idCidade, situacaoCNH) VALUES (484, '62547980185', 'Enrico Cunha', '1982-12-24', 'D', 'Quadra Correia', 'Guaratã', 'MAV', 'R');
INSERT INTO condutor (idCadastro, cpf, nome, dataNasc, idCategoriaCNH, endereco, bairro, idCidade, situacaoCNH) VALUES (485, '78956132003', 'Mirella Barros', '1955-12-03', 'D', 'Área Fernandes, 426', 'Vila Esplanada', 'DUP', 'R');
INSERT INTO condutor (idCadastro, cpf, nome, dataNasc, idCategoriaCNH, endereco, bairro, idCidade, situacaoCNH) VALUES (486, '32185409689', 'Rodrigo Viana', '1963-09-20', 'E', 'Campo de da Paz, 756', 'Marajó', 'CLM', 'R');
INSERT INTO condutor (idCadastro, cpf, nome, dataNasc, idCategoriaCNH, endereco, bairro, idCidade, situacaoCNH) VALUES (487, '65894372119', 'Cauê Porto', '1951-03-11', 'A', 'Residencial de Souza, 65', 'Ribeiro De Abreu', 'JGG', 'R');
INSERT INTO condutor (idCadastro, cpf, nome, dataNasc, idCategoriaCNH, endereco, bairro, idCidade, situacaoCNH) VALUES (488, '36015928786', 'Luiz Gustavo da Cruz', '1966-08-10', 'C', 'Residencial de Pereira, 9', 'Pedreira Padro Lopes', 'CPS', 'R');
INSERT INTO condutor (idCadastro, cpf, nome, dataNasc, idCategoriaCNH, endereco, bairro, idCidade, situacaoCNH) VALUES (489, '15268304771', 'Alícia da Cruz', '1954-04-02', 'C', 'Residencial de Nascimento', 'Nova America', 'NOC', 'R');
INSERT INTO condutor (idCadastro, cpf, nome, dataNasc, idCategoriaCNH, endereco, bairro, idCidade, situacaoCNH) VALUES (490, '51942678355', 'Vitória da Mata', '1944-07-27', 'B', 'Avenida da Mota, 93', 'Vista Do Sol', 'FVG', 'R');
INSERT INTO condutor (idCadastro, cpf, nome, dataNasc, idCategoriaCNH, endereco, bairro, idCidade, situacaoCNH) VALUES (491, '42185637991', 'Pedro Miguel Campos', '1979-08-06', 'D', 'Recanto Davi Lucas Souza, 329', 'Vila Independencia 3ª Seção', 'CEF', 'R');
INSERT INTO condutor (idCadastro, cpf, nome, dataNasc, idCategoriaCNH, endereco, bairro, idCidade, situacaoCNH) VALUES (492, '76905348210', 'Isabelly Ribeiro', '1942-12-13', 'D', 'Praia de Caldeira, 409', 'Nova Pampulha', 'NGS', 'R');
INSERT INTO condutor (idCadastro, cpf, nome, dataNasc, idCategoriaCNH, endereco, bairro, idCidade, situacaoCNH) VALUES (493, '81302794523', 'Catarina Campos', '1961-12-28', 'B', 'Alameda da Rocha, 8', 'Padre Eustáquio', 'ASF', 'R');
INSERT INTO condutor (idCadastro, cpf, nome, dataNasc, idCategoriaCNH, endereco, bairro, idCidade, situacaoCNH) VALUES (494, '08712645958', 'Felipe Silva', '1983-01-01', 'E', 'Ladeira Bianca Araújo', 'Nossa Senhora Aparecida', 'REV', 'R');
INSERT INTO condutor (idCadastro, cpf, nome, dataNasc, idCategoriaCNH, endereco, bairro, idCidade, situacaoCNH) VALUES (495, '83906725456', 'Eloah Cunha', '1999-06-15', 'C', 'Condomínio Monteiro, 48', 'Itatiaia', 'PFG', 'R');
INSERT INTO condutor (idCadastro, cpf, nome, dataNasc, idCategoriaCNH, endereco, bairro, idCidade, situacaoCNH) VALUES (496, '80352461942', 'Eloah Teixeira', '1985-05-07', 'B', 'Chácara Gonçalves, 1', 'Nossa Senhora Da Conceição', 'VAA', 'R');
INSERT INTO condutor (idCadastro, cpf, nome, dataNasc, idCategoriaCNH, endereco, bairro, idCidade, situacaoCNH) VALUES (497, '86501942306', 'Pietro da Conceição', '1984-09-10', 'D', 'Aeroporto Ana Vitória Moraes, 71', 'Olaria', 'CFN', 'R');
INSERT INTO condutor (idCadastro, cpf, nome, dataNasc, idCategoriaCNH, endereco, bairro, idCidade, situacaoCNH) VALUES (498, '75643298155', 'Augusto Cardoso', '1995-07-31', 'A', 'Distrito de Sales, 39', 'Bacurau', 'FRS', 'R');
INSERT INTO condutor (idCadastro, cpf, nome, dataNasc, idCategoriaCNH, endereco, bairro, idCidade, situacaoCNH) VALUES (499, '73185940601', 'Lucas Gabriel Carvalho', '1996-11-05', 'B', 'Fazenda Mendes, 55', 'Nossa Senhora De Fátima', 'CGG', 'R');
INSERT INTO condutor (idCadastro, cpf, nome, dataNasc, idCategoriaCNH, endereco, bairro, idCidade, situacaoCNH) VALUES (500, '91580736475', 'Luiz Henrique da Rosa', '1951-01-06', 'D', 'Vereda de Oliveira, 31', 'Etelvina Carneiro', 'PRV', 'R');
INSERT INTO condutor (idCadastro, cpf, nome, dataNasc, idCategoriaCNH, endereco, bairro, idCidade, situacaoCNH) VALUES (501, '73691284078', 'Luiz Gustavo Cardoso', '1991-09-10', 'D', 'Quadra Ribeiro, 43', 'Vila Trinta E Um De Março', 'LLC', 'R');
INSERT INTO condutor (idCadastro, cpf, nome, dataNasc, idCategoriaCNH, endereco, bairro, idCidade, situacaoCNH) VALUES (502, '73980145620', 'Dra. Pietra Jesus', '1997-04-21', 'B', 'Pátio de Farias, 14', 'Serrano', 'OGP', 'R');
INSERT INTO condutor (idCadastro, cpf, nome, dataNasc, idCategoriaCNH, endereco, bairro, idCidade, situacaoCNH) VALUES (503, '79054683139', 'Bernardo Azevedo', '1950-08-30', 'E', 'Vila Jesus, 83', 'Virgínia', 'RGS', 'R');
INSERT INTO condutor (idCadastro, cpf, nome, dataNasc, idCategoriaCNH, endereco, bairro, idCidade, situacaoCNH) VALUES (504, '79682043565', 'Camila Costa', '1952-11-25', 'C', 'Vale Silva', 'Barreiro', 'CAA', 'R');
INSERT INTO condutor (idCadastro, cpf, nome, dataNasc, idCategoriaCNH, endereco, bairro, idCidade, situacaoCNH) VALUES (505, '76459820120', 'Benjamin das Neves', '1976-09-25', 'C', 'Campo de Costela, 15', 'Granja Werneck', 'FEO', 'R');
INSERT INTO condutor (idCadastro, cpf, nome, dataNasc, idCategoriaCNH, endereco, bairro, idCidade, situacaoCNH) VALUES (506, '13607452890', 'Vitor Martins', '1991-12-14', 'D', 'Favela Souza, 11', 'Jardim Alvorada', 'GAP', 'R');
INSERT INTO condutor (idCadastro, cpf, nome, dataNasc, idCategoriaCNH, endereco, bairro, idCidade, situacaoCNH) VALUES (507, '53468971273', 'João Lucas Castro', '1944-12-14', 'C', 'Setor Agatha Gonçalves, 89', 'Tres Marias', 'AAM', 'R');
INSERT INTO condutor (idCadastro, cpf, nome, dataNasc, idCategoriaCNH, endereco, bairro, idCidade, situacaoCNH) VALUES (508, '15407386984', 'Kevin Martins', '1958-08-31', 'D', 'Vereda Paulo Costa, 2', 'Vila Canto Do Sabiá', 'AMM', 'R');
INSERT INTO condutor (idCadastro, cpf, nome, dataNasc, idCategoriaCNH, endereco, bairro, idCidade, situacaoCNH) VALUES (509, '95483127005', 'Sr. Kaique Cardoso', '1984-10-01', 'D', 'Sítio Rafaela da Cunha, 874', 'Santa Sofia', 'FSA', 'R');
INSERT INTO condutor (idCadastro, cpf, nome, dataNasc, idCategoriaCNH, endereco, bairro, idCidade, situacaoCNH) VALUES (510, '57162398030', 'Srta. Rebeca da Conceição', '1950-09-04', 'C', 'Vila Catarina Rocha, 8', 'Carlos Prates', 'ASF', 'R');
INSERT INTO condutor (idCadastro, cpf, nome, dataNasc, idCategoriaCNH, endereco, bairro, idCidade, situacaoCNH) VALUES (511, '32450198741', 'João Vitor Araújo', '1961-11-25', 'D', 'Pátio Monteiro, 990', 'Santa Tereza', 'PNP', 'R');
INSERT INTO condutor (idCadastro, cpf, nome, dataNasc, idCategoriaCNH, endereco, bairro, idCidade, situacaoCNH) VALUES (512, '27849103696', 'Thales Lopes', '1966-10-06', 'A', 'Morro Ana Lívia Cunha, 11', 'Vila Tirol', 'CAV', 'R');
INSERT INTO condutor (idCadastro, cpf, nome, dataNasc, idCategoriaCNH, endereco, bairro, idCidade, situacaoCNH) VALUES (513, '87253406974', 'Sr. Ian Nunes', '1962-05-01', 'C', 'Viaduto Kevin Souza', 'Vila Nova Cachoeirinha 2ª Seção', 'PIN', 'R');
INSERT INTO condutor (idCadastro, cpf, nome, dataNasc, idCategoriaCNH, endereco, bairro, idCidade, situacaoCNH) VALUES (514, '57602839447', 'Igor das Neves', '1986-01-19', 'B', 'Viaduto Alice da Cruz, 27', 'Paraíso', 'OLV', 'R');
INSERT INTO condutor (idCadastro, cpf, nome, dataNasc, idCategoriaCNH, endereco, bairro, idCidade, situacaoCNH) VALUES (515, '40365781207', 'Sra. Alícia da Paz', '1969-04-23', 'C', 'Colônia de Vieira, 41', 'Vila Mantiqueira', 'PIP', 'R');
INSERT INTO condutor (idCadastro, cpf, nome, dataNasc, idCategoriaCNH, endereco, bairro, idCidade, situacaoCNH) VALUES (516, '08132796403', 'Sr. Pedro Lucas Barbosa', '1949-11-23', 'C', 'Vereda Campos', 'Vila Independencia 2ª Seção', 'VLA', 'R');
INSERT INTO condutor (idCadastro, cpf, nome, dataNasc, idCategoriaCNH, endereco, bairro, idCidade, situacaoCNH) VALUES (517, '82713964555', 'Daniel da Luz', '1942-03-04', 'A', 'Rua Helena da Mota, 18', 'Buritis', 'MSG', 'R');
INSERT INTO condutor (idCadastro, cpf, nome, dataNasc, idCategoriaCNH, endereco, bairro, idCidade, situacaoCNH) VALUES (518, '14603579810', 'João Nunes', '1951-01-18', 'C', 'Vila Costa, 22', 'São Lucas', 'MEP', 'R');
INSERT INTO condutor (idCadastro, cpf, nome, dataNasc, idCategoriaCNH, endereco, bairro, idCidade, situacaoCNH) VALUES (519, '82709135612', 'Sabrina Porto', '1998-11-02', 'B', 'Alameda da Mata, 16', 'Cachoeirinha', 'FMM', 'R');
INSERT INTO condutor (idCadastro, cpf, nome, dataNasc, idCategoriaCNH, endereco, bairro, idCidade, situacaoCNH) VALUES (520, '09478523104', 'Luiza Almeida', '1955-08-06', 'A', 'Chácara de Gomes', 'Oeste', 'VDS', 'R');
INSERT INTO condutor (idCadastro, cpf, nome, dataNasc, idCategoriaCNH, endereco, bairro, idCidade, situacaoCNH) VALUES (521, '68952740300', 'Sra. Daniela Ribeiro', '1941-09-28', 'B', 'Chácara Moraes, 304', 'São Vicente', 'RPG', 'R');
INSERT INTO condutor (idCadastro, cpf, nome, dataNasc, idCategoriaCNH, endereco, bairro, idCidade, situacaoCNH) VALUES (522, '09641523805', 'Eduarda Moreira', '1968-11-04', 'E', 'Morro João Pedro Cardoso, 3', 'Suzana', 'FCV', 'R');
INSERT INTO condutor (idCadastro, cpf, nome, dataNasc, idCategoriaCNH, endereco, bairro, idCidade, situacaoCNH) VALUES (523, '10589427601', 'Lívia Almeida', '1959-02-21', 'C', 'Largo de Lopes, 1', 'Fernão Dias', 'ROG', 'R');
INSERT INTO condutor (idCadastro, cpf, nome, dataNasc, idCategoriaCNH, endereco, bairro, idCidade, situacaoCNH) VALUES (524, '35714809297', 'Pietra Farias', '1949-10-02', 'E', 'Loteamento Rodrigues, 38', 'Dom Cabral', 'VAS', 'R');
INSERT INTO condutor (idCadastro, cpf, nome, dataNasc, idCategoriaCNH, endereco, bairro, idCidade, situacaoCNH) VALUES (525, '31784290696', 'Sr. Ryan da Paz', '1961-12-07', 'B', 'Praça de Lima, 46', 'Castelo', 'PAG', 'R');
INSERT INTO condutor (idCadastro, cpf, nome, dataNasc, idCategoriaCNH, endereco, bairro, idCidade, situacaoCNH) VALUES (526, '50981643701', 'Danilo da Rocha', '1965-06-24', 'D', 'Lago de Freitas, 47', 'Vila Nova Gameleira 1ª Seção', 'CLM', 'R');
INSERT INTO condutor (idCadastro, cpf, nome, dataNasc, idCategoriaCNH, endereco, bairro, idCidade, situacaoCNH) VALUES (527, '23598706103', 'Esther Santos', '1968-05-25', 'D', 'Aeroporto de Farias, 55', 'Mariano De Abreu', 'LPD', 'R');
INSERT INTO condutor (idCadastro, cpf, nome, dataNasc, idCategoriaCNH, endereco, bairro, idCidade, situacaoCNH) VALUES (528, '18763029502', 'Mariana Pereira', '1991-03-07', 'E', 'Residencial Helena Pires, 13', 'Maravilha', 'OPF', 'R');
INSERT INTO condutor (idCadastro, cpf, nome, dataNasc, idCategoriaCNH, endereco, bairro, idCidade, situacaoCNH) VALUES (529, '08291573441', 'Francisco Pereira', '1990-12-14', 'A', 'Vale Isabelly Pires', 'Pompéia', 'MDN', 'R');
INSERT INTO condutor (idCadastro, cpf, nome, dataNasc, idCategoriaCNH, endereco, bairro, idCidade, situacaoCNH) VALUES (530, '69175042380', 'Marina da Mata', '1940-12-24', 'C', 'Loteamento de Pinto', 'João Alfredo', 'MCG', 'R');
INSERT INTO condutor (idCadastro, cpf, nome, dataNasc, idCategoriaCNH, endereco, bairro, idCidade, situacaoCNH) VALUES (531, '30724685162', 'Srta. Ana Carolina Monteiro', '1967-06-06', 'A', 'Avenida Nunes, 87', 'Conjunto São Francisco De Assis', 'FPC', 'R');
INSERT INTO condutor (idCadastro, cpf, nome, dataNasc, idCategoriaCNH, endereco, bairro, idCidade, situacaoCNH) VALUES (532, '49601523707', 'Yasmin Correia', '1953-08-19', 'B', 'Lagoa Caio Nascimento, 56', 'Madre Gertrudes', 'RIM', 'R');
INSERT INTO condutor (idCadastro, cpf, nome, dataNasc, idCategoriaCNH, endereco, bairro, idCidade, situacaoCNH) VALUES (533, '50326794107', 'Dra. Lívia Fogaça', '1998-01-14', 'D', 'Núcleo Duarte', 'Vila Santa Monica 1ª Seção', 'CUP', 'R');
INSERT INTO condutor (idCadastro, cpf, nome, dataNasc, idCategoriaCNH, endereco, bairro, idCidade, situacaoCNH) VALUES (534, '68915074211', 'Maria Clara da Mota', '1961-09-09', 'E', 'Alameda Cauã da Mota, 29', 'Vila Calafate', 'RSO', 'R');
INSERT INTO condutor (idCadastro, cpf, nome, dataNasc, idCategoriaCNH, endereco, bairro, idCidade, situacaoCNH) VALUES (535, '98073215659', 'Maria Sophia Pereira', '1947-03-10', 'C', 'Passarela da Rocha', 'Prado', 'VLA', 'R');
INSERT INTO condutor (idCadastro, cpf, nome, dataNasc, idCategoriaCNH, endereco, bairro, idCidade, situacaoCNH) VALUES (536, '49357018620', 'Pietro Silveira', '1963-11-14', 'E', 'Núcleo Marcelo Porto, 52', 'Santa Isabel', 'ADC', 'R');
INSERT INTO condutor (idCadastro, cpf, nome, dataNasc, idCategoriaCNH, endereco, bairro, idCidade, situacaoCNH) VALUES (537, '57310924860', 'Thales Cardoso', '2000-08-22', 'E', 'Via Moraes, 78', 'Vista Alegre', 'PRP', 'R');
INSERT INTO condutor (idCadastro, cpf, nome, dataNasc, idCategoriaCNH, endereco, bairro, idCidade, situacaoCNH) VALUES (538, '96583420783', 'Dra. Laís Correia', '1986-11-06', 'D', 'Avenida de Aragão, 81', 'Vila Paquetá', 'MMA', 'R');
INSERT INTO condutor (idCadastro, cpf, nome, dataNasc, idCategoriaCNH, endereco, bairro, idCidade, situacaoCNH) VALUES (539, '06589742383', 'Emilly Mendes', '1948-10-27', 'C', 'Sítio Yuri da Costa, 373', 'Juliana', 'NCD', 'R');
INSERT INTO condutor (idCadastro, cpf, nome, dataNasc, idCategoriaCNH, endereco, bairro, idCidade, situacaoCNH) VALUES (540, '30849216524', 'Fernando Ferreira', '1988-08-11', 'C', 'Sítio da Cunha, 40', 'Cachoeirinha', 'PAG', 'R');
INSERT INTO condutor (idCadastro, cpf, nome, dataNasc, idCategoriaCNH, endereco, bairro, idCidade, situacaoCNH) VALUES (541, '54680917393', 'Gustavo Fernandes', '1958-02-06', 'E', 'Trecho Lopes, 91', 'Buritis', 'CSM', 'R');
INSERT INTO condutor (idCadastro, cpf, nome, dataNasc, idCategoriaCNH, endereco, bairro, idCidade, situacaoCNH) VALUES (542, '98307654157', 'Sra. Luana da Conceição', '1989-07-04', 'E', 'Condomínio Fogaça', 'Jardim América', 'NFS', 'R');
INSERT INTO condutor (idCadastro, cpf, nome, dataNasc, idCategoriaCNH, endereco, bairro, idCidade, situacaoCNH) VALUES (543, '75496230152', 'Arthur Vieira', '1997-04-18', 'B', 'Área Alice Correia, 70', 'Santa Lúcia', 'ALM', 'R');
INSERT INTO condutor (idCadastro, cpf, nome, dataNasc, idCategoriaCNH, endereco, bairro, idCidade, situacaoCNH) VALUES (544, '32784960196', 'Helena da Mota', '1959-06-07', 'E', 'Esplanada Ramos, 57', 'Jardinópolis', 'DGC', 'R');
INSERT INTO condutor (idCadastro, cpf, nome, dataNasc, idCategoriaCNH, endereco, bairro, idCidade, situacaoCNH) VALUES (545, '49275016801', 'Bryan Campos', '1940-10-29', 'D', 'Rua Melo, 27', 'Varzea Da Palma', 'RRO', 'R');
INSERT INTO condutor (idCadastro, cpf, nome, dataNasc, idCategoriaCNH, endereco, bairro, idCidade, situacaoCNH) VALUES (546, '46387015235', 'João Guilherme Gomes', '1980-02-13', 'C', 'Campo de Gomes, 1', 'Vila Novo São Lucas', 'RPM', 'R');
INSERT INTO condutor (idCadastro, cpf, nome, dataNasc, idCategoriaCNH, endereco, bairro, idCidade, situacaoCNH) VALUES (547, '30924615761', 'Dr. Rodrigo Aragão', '1972-10-07', 'E', 'Recanto de Campos', 'Marajó', 'RFA', 'R');
INSERT INTO condutor (idCadastro, cpf, nome, dataNasc, idCategoriaCNH, endereco, bairro, idCidade, situacaoCNH) VALUES (548, '78125409360', 'Isaac Costela', '1946-06-09', 'E', 'Favela Souza, 7', 'Vila Nova Dos Milionarios', 'FGA', 'R');
INSERT INTO condutor (idCadastro, cpf, nome, dataNasc, idCategoriaCNH, endereco, bairro, idCidade, situacaoCNH) VALUES (549, '80729435610', 'Sr. Bryan Costela', '1941-09-18', 'A', 'Viaduto Luiz Miguel da Rocha', 'Ermelinda', 'AEP', 'R');
INSERT INTO condutor (idCadastro, cpf, nome, dataNasc, idCategoriaCNH, endereco, bairro, idCidade, situacaoCNH) VALUES (550, '56301782968', 'Sra. Alana Pinto', '1998-01-04', 'B', 'Residencial Gustavo da Rocha, 22', 'Cachoeirinha', 'BDS', 'R');
INSERT INTO condutor (idCadastro, cpf, nome, dataNasc, idCategoriaCNH, endereco, bairro, idCidade, situacaoCNH) VALUES (551, '78062915476', 'Ana Carolina Duarte', '1992-07-08', 'E', 'Passarela Caio Costa', 'Belvedere', 'MMG', 'R');
INSERT INTO condutor (idCadastro, cpf, nome, dataNasc, idCategoriaCNH, endereco, bairro, idCidade, situacaoCNH) VALUES (552, '63957812437', 'Davi Lucas Nogueira', '1943-11-23', 'B', 'Campo de Moura, 15', 'Vila Maria', 'RCV', 'R');
INSERT INTO condutor (idCadastro, cpf, nome, dataNasc, idCategoriaCNH, endereco, bairro, idCidade, situacaoCNH) VALUES (553, '36075841253', 'Manuela da Paz', '1971-01-02', 'C', 'Sítio Correia, 54', 'Santo André', 'LCS', 'R');
INSERT INTO condutor (idCadastro, cpf, nome, dataNasc, idCategoriaCNH, endereco, bairro, idCidade, situacaoCNH) VALUES (554, '84150396701', 'Nicolas da Mota', '1939-11-22', 'E', 'Quadra de Nascimento, 77', 'Vila Nova Cachoeirinha 1ª Seção', 'NBO', 'R');
INSERT INTO condutor (idCadastro, cpf, nome, dataNasc, idCategoriaCNH, endereco, bairro, idCidade, situacaoCNH) VALUES (555, '35417692891', 'João Pedro Castro', '1956-09-13', 'D', 'Trecho de Costa, 204', 'Palmeiras', 'OIV', 'R');
INSERT INTO condutor (idCadastro, cpf, nome, dataNasc, idCategoriaCNH, endereco, bairro, idCidade, situacaoCNH) VALUES (556, '90237461803', 'Dr. Guilherme Farias', '1986-12-19', 'E', 'Rua de Cardoso, 48', 'Vila Jardim São José', 'FPP', 'R');
INSERT INTO condutor (idCadastro, cpf, nome, dataNasc, idCategoriaCNH, endereco, bairro, idCidade, situacaoCNH) VALUES (557, '92074681313', 'Maria Julia Cavalcanti', '1965-09-19', 'D', 'Viela Camila da Luz, 2', 'João Paulo Ii', 'CNM', 'R');
INSERT INTO condutor (idCadastro, cpf, nome, dataNasc, idCategoriaCNH, endereco, bairro, idCidade, situacaoCNH) VALUES (558, '43901587241', 'Emilly Sales', '1985-06-03', 'D', 'Loteamento João Guilherme Cardoso, 29', 'Providencia', 'VAN', 'R');
INSERT INTO condutor (idCadastro, cpf, nome, dataNasc, idCategoriaCNH, endereco, bairro, idCidade, situacaoCNH) VALUES (559, '24731869013', 'Ana Laura Costa', '1951-09-19', 'B', 'Viaduto Pietro Lima, 596', 'São Salvador', 'CDS', 'R');
INSERT INTO condutor (idCadastro, cpf, nome, dataNasc, idCategoriaCNH, endereco, bairro, idCidade, situacaoCNH) VALUES (560, '41290863750', 'Sra. Bárbara Martins', '1975-02-14', 'B', 'Loteamento de Cardoso, 80', 'Vila São Dimas', 'AOG', 'R');
INSERT INTO condutor (idCadastro, cpf, nome, dataNasc, idCategoriaCNH, endereco, bairro, idCidade, situacaoCNH) VALUES (561, '10576342980', 'Caio Monteiro', '1947-06-12', 'B', 'Travessa Leonardo Silva, 3', 'Santa Terezinha', 'PMC', 'R');
INSERT INTO condutor (idCadastro, cpf, nome, dataNasc, idCategoriaCNH, endereco, bairro, idCidade, situacaoCNH) VALUES (562, '84653290792', 'Sr. Henrique Sales', '1974-05-20', 'C', 'Esplanada Moreira, 1', 'Vila Suzana Primeira Seção', 'TGG', 'R');
INSERT INTO condutor (idCadastro, cpf, nome, dataNasc, idCategoriaCNH, endereco, bairro, idCidade, situacaoCNH) VALUES (563, '74856301217', 'Thiago Cavalcanti', '1951-03-20', 'B', 'Setor Cecília Porto, 21', 'Bandeirantes', 'NPP', 'R');
INSERT INTO condutor (idCadastro, cpf, nome, dataNasc, idCategoriaCNH, endereco, bairro, idCidade, situacaoCNH) VALUES (564, '34061829505', 'Sra. Isabelly Ribeiro', '1941-03-18', 'B', 'Largo de Duarte, 252', 'Coqueiros', 'JOD', 'R');
INSERT INTO condutor (idCadastro, cpf, nome, dataNasc, idCategoriaCNH, endereco, bairro, idCidade, situacaoCNH) VALUES (565, '17648205920', 'Helena da Costa', '1960-10-16', 'A', 'Quadra Francisco Campos, 835', 'Vila Nova Dos Milionarios', 'CCV', 'R');
INSERT INTO condutor (idCadastro, cpf, nome, dataNasc, idCategoriaCNH, endereco, bairro, idCidade, situacaoCNH) VALUES (566, '94718603501', 'Anthony da Paz', '1946-02-19', 'E', 'Vila Peixoto, 739', 'Santo Antônio', 'RPP', 'R');
INSERT INTO condutor (idCadastro, cpf, nome, dataNasc, idCategoriaCNH, endereco, bairro, idCidade, situacaoCNH) VALUES (567, '19637285059', 'Dr. Joaquim da Mota', '1979-07-28', 'E', 'Trecho da Cruz, 8', 'Castanheira', 'MGD', 'R');
INSERT INTO condutor (idCadastro, cpf, nome, dataNasc, idCategoriaCNH, endereco, bairro, idCidade, situacaoCNH) VALUES (568, '36148527928', 'Dr. Pedro Miguel Rezende', '2001-05-06', 'E', 'Trecho de Cunha, 907', 'Flamengo', 'RAG', 'R');
INSERT INTO condutor (idCadastro, cpf, nome, dataNasc, idCategoriaCNH, endereco, bairro, idCidade, situacaoCNH) VALUES (569, '69025781330', 'Emilly da Mota', '1944-06-15', 'A', 'Jardim de Almeida, 38', 'Camponesa 2ª Seção', 'CTP', 'R');
INSERT INTO condutor (idCadastro, cpf, nome, dataNasc, idCategoriaCNH, endereco, bairro, idCidade, situacaoCNH) VALUES (570, '14938675048', 'Dr. Samuel Rocha', '1968-10-19', 'C', 'Travessa Nunes, 1', 'São Luiz', 'POG', 'R');
INSERT INTO condutor (idCadastro, cpf, nome, dataNasc, idCategoriaCNH, endereco, bairro, idCidade, situacaoCNH) VALUES (571, '73819605240', 'Larissa Oliveira', '1970-07-07', 'C', 'Vale Melo, 7', 'Bela Vitoria', 'CEG', 'R');
INSERT INTO condutor (idCadastro, cpf, nome, dataNasc, idCategoriaCNH, endereco, bairro, idCidade, situacaoCNH) VALUES (572, '29570386177', 'João Fernandes', '1940-07-12', 'D', 'Setor Gomes', 'Gutierrez', 'FPP', 'R');
INSERT INTO condutor (idCadastro, cpf, nome, dataNasc, idCategoriaCNH, endereco, bairro, idCidade, situacaoCNH) VALUES (573, '06487321508', 'Breno Rezende', '1960-09-14', 'E', 'Via Oliveira, 35', 'Primeiro De Maio', 'FEM', 'R');
INSERT INTO condutor (idCadastro, cpf, nome, dataNasc, idCategoriaCNH, endereco, bairro, idCidade, situacaoCNH) VALUES (574, '35280974692', 'Rebeca da Rocha', '1945-01-14', 'C', 'Núcleo Rebeca Alves, 32', 'Vila União', 'MAN', 'R');
INSERT INTO condutor (idCadastro, cpf, nome, dataNasc, idCategoriaCNH, endereco, bairro, idCidade, situacaoCNH) VALUES (575, '13205978404', 'Dra. Pietra Viana', '1993-09-15', 'E', 'Estrada de da Rosa, 64', 'São Damião', 'PFG', 'R');
INSERT INTO condutor (idCadastro, cpf, nome, dataNasc, idCategoriaCNH, endereco, bairro, idCidade, situacaoCNH) VALUES (576, '03691275877', 'Thomas Fogaça', '1986-05-13', 'C', 'Vereda Vitor Gabriel Barros', 'Aparecida', 'FPP', 'R');
INSERT INTO condutor (idCadastro, cpf, nome, dataNasc, idCategoriaCNH, endereco, bairro, idCidade, situacaoCNH) VALUES (577, '12938567464', 'Dra. Carolina das Neves', '1946-07-28', 'E', 'Largo Theo Azevedo, 10', 'Santa Amelia', 'OGP', 'R');
INSERT INTO condutor (idCadastro, cpf, nome, dataNasc, idCategoriaCNH, endereco, bairro, idCidade, situacaoCNH) VALUES (578, '50192863460', 'Sophia Mendes', '1945-04-01', 'D', 'Praça Elisa Duarte, 96', 'Vila Nova Dos Milionarios', 'MMV', 'R');
INSERT INTO condutor (idCadastro, cpf, nome, dataNasc, idCategoriaCNH, endereco, bairro, idCidade, situacaoCNH) VALUES (579, '84506723171', 'Dr. Vitor Gabriel Alves', '1997-07-06', 'A', 'Via João Miguel Rodrigues, 76', 'Vila Primeiro De Maio', 'AVG', 'R');
INSERT INTO condutor (idCadastro, cpf, nome, dataNasc, idCategoriaCNH, endereco, bairro, idCidade, situacaoCNH) VALUES (580, '45806237117', 'Ian Cavalcanti', '1966-05-29', 'C', 'Quadra Moraes, 49', 'Vila Novo São Lucas', 'ASP', 'R');
INSERT INTO condutor (idCadastro, cpf, nome, dataNasc, idCategoriaCNH, endereco, bairro, idCidade, situacaoCNH) VALUES (581, '38291065721', 'Dr. Luigi da Cruz', '1951-11-26', 'A', 'Setor de Sales, 65', 'Gutierrez', 'PDF', 'R');
INSERT INTO condutor (idCadastro, cpf, nome, dataNasc, idCategoriaCNH, endereco, bairro, idCidade, situacaoCNH) VALUES (582, '46738109296', 'Maria Nunes', '1944-09-07', 'B', 'Morro de Pires, 39', 'São Bento', 'CGG', 'R');
INSERT INTO condutor (idCadastro, cpf, nome, dataNasc, idCategoriaCNH, endereco, bairro, idCidade, situacaoCNH) VALUES (583, '63127940831', 'Noah Souza', '1972-11-07', 'E', 'Residencial Correia', 'Jardim Leblon', 'LES', 'R');
INSERT INTO condutor (idCadastro, cpf, nome, dataNasc, idCategoriaCNH, endereco, bairro, idCidade, situacaoCNH) VALUES (584, '91365802442', 'Bryan Pires', '1960-09-11', 'B', 'Quadra de Sales, 664', 'Vila Coqueiral', 'SLC', 'R');
INSERT INTO condutor (idCadastro, cpf, nome, dataNasc, idCategoriaCNH, endereco, bairro, idCidade, situacaoCNH) VALUES (585, '47963281573', 'Elisa Jesus', '1942-09-21', 'B', 'Praça Heloísa Azevedo, 6', 'Diamante', 'MAN', 'R');
INSERT INTO condutor (idCadastro, cpf, nome, dataNasc, idCategoriaCNH, endereco, bairro, idCidade, situacaoCNH) VALUES (586, '23549087683', 'Heloísa Aragão', '1947-11-06', 'E', 'Parque Costela, 11', 'Piratininga', 'MAN', 'R');
INSERT INTO condutor (idCadastro, cpf, nome, dataNasc, idCategoriaCNH, endereco, bairro, idCidade, situacaoCNH) VALUES (587, '51692780395', 'João Felipe Azevedo', '1992-06-12', 'D', 'Área Lopes, 91', 'Padre Eustáquio', 'ASF', 'R');
INSERT INTO condutor (idCadastro, cpf, nome, dataNasc, idCategoriaCNH, endereco, bairro, idCidade, situacaoCNH) VALUES (588, '65084129730', 'Thales Duarte', '1938-11-20', 'D', 'Colônia Ribeiro', 'Leonina', 'MGP', 'R');
INSERT INTO condutor (idCadastro, cpf, nome, dataNasc, idCategoriaCNH, endereco, bairro, idCidade, situacaoCNH) VALUES (589, '34698520738', 'Dra. Manuela Cardoso', '1983-09-27', 'A', 'Estrada Davi Castro, 6', 'Madri', 'PRP', 'R');
INSERT INTO condutor (idCadastro, cpf, nome, dataNasc, idCategoriaCNH, endereco, bairro, idCidade, situacaoCNH) VALUES (590, '48671352919', 'Elisa Melo', '1984-04-24', 'B', 'Conjunto de Cunha', 'Maria Tereza', 'NPP', 'R');
INSERT INTO condutor (idCadastro, cpf, nome, dataNasc, idCategoriaCNH, endereco, bairro, idCidade, situacaoCNH) VALUES (591, '47810259601', 'Juliana Pinto', '1993-02-28', 'E', 'Rua de Pinto, 1', 'Novo Tupi', 'VAA', 'R');
INSERT INTO condutor (idCadastro, cpf, nome, dataNasc, idCategoriaCNH, endereco, bairro, idCidade, situacaoCNH) VALUES (592, '34861970296', 'Alana Freitas', '1974-12-08', 'E', 'Lagoa de Ribeiro', 'Serra Do Curral', 'FCG', 'R');
INSERT INTO condutor (idCadastro, cpf, nome, dataNasc, idCategoriaCNH, endereco, bairro, idCidade, situacaoCNH) VALUES (593, '42851397079', 'Matheus Almeida', '1972-12-03', 'E', 'Vale de Cardoso, 12', 'Universo', 'NPO', 'R');
INSERT INTO condutor (idCadastro, cpf, nome, dataNasc, idCategoriaCNH, endereco, bairro, idCidade, situacaoCNH) VALUES (594, '64170283562', 'Dr. Lucca Sales', '1958-12-09', 'D', 'Setor Correia, 9', 'Aeroporto', 'MMG', 'R');
INSERT INTO condutor (idCadastro, cpf, nome, dataNasc, idCategoriaCNH, endereco, bairro, idCidade, situacaoCNH) VALUES (595, '71396820540', 'Camila Aragão', '1955-05-15', 'D', 'Esplanada Luiz Felipe Rodrigues, 60', 'Milionario', 'AVG', 'R');
INSERT INTO condutor (idCadastro, cpf, nome, dataNasc, idCategoriaCNH, endereco, bairro, idCidade, situacaoCNH) VALUES (596, '61853092460', 'João Felipe Oliveira', '1964-01-10', 'C', 'Rodovia de Jesus, 44', 'Ventosa', 'OLV', 'R');
INSERT INTO condutor (idCadastro, cpf, nome, dataNasc, idCategoriaCNH, endereco, bairro, idCidade, situacaoCNH) VALUES (597, '35796182021', 'Pietro Moura', '1959-05-08', 'E', 'Núcleo Silva, 83', 'Colégio Batista', 'RCS', 'R');
INSERT INTO condutor (idCadastro, cpf, nome, dataNasc, idCategoriaCNH, endereco, bairro, idCidade, situacaoCNH) VALUES (598, '87540193620', 'Pedro Miguel Nascimento', '1962-11-07', 'A', 'Residencial Clara Barbosa', 'Vila Nova Gameleira 2ª Seção', 'PRP', 'R');
INSERT INTO condutor (idCadastro, cpf, nome, dataNasc, idCategoriaCNH, endereco, bairro, idCidade, situacaoCNH) VALUES (599, '18467532017', 'Isabelly Nunes', '1976-08-02', 'A', 'Aeroporto Costa, 46', 'Santa Efigênia', 'CSG', 'R');
INSERT INTO condutor (idCadastro, cpf, nome, dataNasc, idCategoriaCNH, endereco, bairro, idCidade, situacaoCNH) VALUES (600, '47103926840', 'Sr. Lorenzo Moura', '1977-05-07', 'A', 'Avenida Emilly Gomes, 48', 'Vila São Rafael', 'FFS', 'R');
INSERT INTO condutor (idCadastro, cpf, nome, dataNasc, idCategoriaCNH, endereco, bairro, idCidade, situacaoCNH) VALUES (601, '28937046113', 'Antônio Barbosa', '1980-03-11', 'D', 'Fazenda Lara Rocha, 8', 'Jardim Leblon', 'CUP', 'R');
INSERT INTO condutor (idCadastro, cpf, nome, dataNasc, idCategoriaCNH, endereco, bairro, idCidade, situacaoCNH) VALUES (602, '62578403929', 'Ana Gonçalves', '1987-09-26', 'C', 'Pátio Alexandre Dias, 1', 'Vila Dos Anjos', 'MAD', 'R');
INSERT INTO condutor (idCadastro, cpf, nome, dataNasc, idCategoriaCNH, endereco, bairro, idCidade, situacaoCNH) VALUES (603, '20584639198', 'Rodrigo Aragão', '1967-11-11', 'C', 'Residencial de da Costa', 'Chácara Leonina', 'MRS', 'R');
INSERT INTO condutor (idCadastro, cpf, nome, dataNasc, idCategoriaCNH, endereco, bairro, idCidade, situacaoCNH) VALUES (604, '84106257335', 'Juan Costela', '1949-12-06', 'D', 'Aeroporto de Castro', 'Vale Do Jatoba', 'VVS', 'R');
INSERT INTO condutor (idCadastro, cpf, nome, dataNasc, idCategoriaCNH, endereco, bairro, idCidade, situacaoCNH) VALUES (605, '74156823008', 'João Gabriel Almeida', '1990-06-01', 'E', 'Condomínio de Melo, 4', 'Vila Nova Paraíso', 'MDP', 'R');
INSERT INTO condutor (idCadastro, cpf, nome, dataNasc, idCategoriaCNH, endereco, bairro, idCidade, situacaoCNH) VALUES (606, '89645107393', 'Sr. Lucas das Neves', '1940-09-15', 'B', 'Rua de Correia, 81', 'Vila São Francisco', 'PSS', 'R');
INSERT INTO condutor (idCadastro, cpf, nome, dataNasc, idCategoriaCNH, endereco, bairro, idCidade, situacaoCNH) VALUES (607, '41579086276', 'Dr. Davi Lucas Nunes', '2001-09-08', 'A', 'Conjunto Guilherme Novaes, 912', 'Vila Coqueiral', 'MBF', 'R');
INSERT INTO condutor (idCadastro, cpf, nome, dataNasc, idCategoriaCNH, endereco, bairro, idCidade, situacaoCNH) VALUES (608, '10754298388', 'Murilo Silveira', '1999-04-16', 'E', 'Setor de Nunes, 14', 'Vila Trinta E Um De Março', 'PED', 'R');
INSERT INTO condutor (idCadastro, cpf, nome, dataNasc, idCategoriaCNH, endereco, bairro, idCidade, situacaoCNH) VALUES (609, '83017659410', 'Diego Silveira', '1971-10-06', 'E', 'Loteamento Paulo Silveira, 23', 'Vila Mantiqueira', 'FPA', 'R');
INSERT INTO condutor (idCadastro, cpf, nome, dataNasc, idCategoriaCNH, endereco, bairro, idCidade, situacaoCNH) VALUES (610, '91250638712', 'Rodrigo Silva', '1991-10-03', 'C', 'Vereda de Viana, 49', 'Jardinópolis', 'PEA', 'R');
INSERT INTO condutor (idCadastro, cpf, nome, dataNasc, idCategoriaCNH, endereco, bairro, idCidade, situacaoCNH) VALUES (611, '08276549101', 'Davi Lucca Pinto', '1993-04-22', 'E', 'Passarela de Almeida, 87', 'Lorena', 'RDG', 'R');
INSERT INTO condutor (idCadastro, cpf, nome, dataNasc, idCategoriaCNH, endereco, bairro, idCidade, situacaoCNH) VALUES (612, '50698174267', 'Benício Campos', '1990-07-18', 'B', 'Vereda de Nunes', 'Túnel De Ibirité', 'NNP', 'R');
INSERT INTO condutor (idCadastro, cpf, nome, dataNasc, idCategoriaCNH, endereco, bairro, idCidade, situacaoCNH) VALUES (613, '42950761801', 'Sra. Nina Fernandes', '1996-04-12', 'A', 'Chácara de Silva, 4', 'Vitoria Da Conquista', 'MRG', 'R');
INSERT INTO condutor (idCadastro, cpf, nome, dataNasc, idCategoriaCNH, endereco, bairro, idCidade, situacaoCNH) VALUES (614, '80296571377', 'Dr. Leonardo Azevedo', '1972-10-22', 'E', 'Feira Alves, 11', 'Vila Puc', 'RSO', 'R');
INSERT INTO condutor (idCadastro, cpf, nome, dataNasc, idCategoriaCNH, endereco, bairro, idCidade, situacaoCNH) VALUES (615, '04735296883', 'Enrico da Cruz', '1995-05-23', 'A', 'Loteamento Isabella Novaes, 128', 'Olhos Dágua', 'BOP', 'R');
INSERT INTO condutor (idCadastro, cpf, nome, dataNasc, idCategoriaCNH, endereco, bairro, idCidade, situacaoCNH) VALUES (616, '13964057207', 'Luiz Gustavo Barbosa', '1962-08-26', 'B', 'Núcleo de Peixoto, 2', 'Boa União 2ª Seção', 'OVM', 'R');
INSERT INTO especie (idEspecie, descricao) VALUES (1, 'de passageiros');
INSERT INTO especie (idEspecie, descricao) VALUES (2, 'de carga');
INSERT INTO especie (idEspecie, descricao) VALUES (3, 'misto');
INSERT INTO especie (idEspecie, descricao) VALUES (4, 'de competição');
INSERT INTO especie (idEspecie, descricao) VALUES (5, 'de tração');
INSERT INTO especie (idEspecie, descricao) VALUES (6, 'especial');
INSERT INTO especie (idEspecie, descricao) VALUES (7, 'de coleção');
INSERT INTO categoria_veiculo (idCategoria, descricao, idEspecie) VALUES (1, 'Particular', 1);
INSERT INTO categoria_veiculo (idCategoria, descricao, idEspecie) VALUES (2, 'Oficial', 1);
INSERT INTO categoria_veiculo (idCategoria, descricao, idEspecie) VALUES (3, 'Aprendizagem', 1);
INSERT INTO categoria_veiculo (idCategoria, descricao, idEspecie) VALUES (4, 'Aluguel', 1);
INSERT INTO categoria_veiculo (idCategoria, descricao, idEspecie) VALUES (5, 'Representação Diplomática', 1);
INSERT INTO categoria_veiculo (idCategoria, descricao, idEspecie) VALUES (6, 'Particular', 2);
INSERT INTO categoria_veiculo (idCategoria, descricao, idEspecie) VALUES (7, 'Oficial', 2);
INSERT INTO categoria_veiculo (idCategoria, descricao, idEspecie) VALUES (8, 'Aprendizagem', 2);
INSERT INTO categoria_veiculo (idCategoria, descricao, idEspecie) VALUES (9, 'Aluguel', 2);
INSERT INTO categoria_veiculo (idCategoria, descricao, idEspecie) VALUES (10, 'Representação Diplomática', 2);
INSERT INTO categoria_veiculo (idCategoria, descricao, idEspecie) VALUES (11, 'Particular', 3);
INSERT INTO categoria_veiculo (idCategoria, descricao, idEspecie) VALUES (12, 'Oficial', 3);
INSERT INTO categoria_veiculo (idCategoria, descricao, idEspecie) VALUES (13, 'Aprendizagem', 3);
INSERT INTO categoria_veiculo (idCategoria, descricao, idEspecie) VALUES (14, 'Aluguel', 3);
INSERT INTO categoria_veiculo (idCategoria, descricao, idEspecie) VALUES (15, 'Representação Diplomática', 3);
INSERT INTO categoria_veiculo (idCategoria, descricao, idEspecie) VALUES (16, 'Particular', 4);
INSERT INTO categoria_veiculo (idCategoria, descricao, idEspecie) VALUES (17, 'Oficial', 4);
INSERT INTO categoria_veiculo (idCategoria, descricao, idEspecie) VALUES (18, 'Aprendizagem', 4);
INSERT INTO categoria_veiculo (idCategoria, descricao, idEspecie) VALUES (19, 'Aluguel', 4);
INSERT INTO categoria_veiculo (idCategoria, descricao, idEspecie) VALUES (20, 'Representação Diplomática', 4);
INSERT INTO categoria_veiculo (idCategoria, descricao, idEspecie) VALUES (21, 'Particular', 5);
INSERT INTO categoria_veiculo (idCategoria, descricao, idEspecie) VALUES (22, 'Oficial', 5);
INSERT INTO categoria_veiculo (idCategoria, descricao, idEspecie) VALUES (23, 'Aprendizagem', 5);
INSERT INTO categoria_veiculo (idCategoria, descricao, idEspecie) VALUES (24, 'Aluguel', 5);
INSERT INTO categoria_veiculo (idCategoria, descricao, idEspecie) VALUES (25, 'Representação Diplomática', 5);
INSERT INTO categoria_veiculo (idCategoria, descricao, idEspecie) VALUES (26, 'Particular', 6);
INSERT INTO categoria_veiculo (idCategoria, descricao, idEspecie) VALUES (27, 'Oficial', 6);
INSERT INTO categoria_veiculo (idCategoria, descricao, idEspecie) VALUES (28, 'Aprendizagem', 6);
INSERT INTO categoria_veiculo (idCategoria, descricao, idEspecie) VALUES (29, 'Aluguel', 6);
INSERT INTO categoria_veiculo (idCategoria, descricao, idEspecie) VALUES (30, 'Representação Diplomática', 6);
INSERT INTO categoria_veiculo (idCategoria, descricao, idEspecie) VALUES (31, 'Particular', 7);
INSERT INTO categoria_veiculo (idCategoria, descricao, idEspecie) VALUES (32, 'Oficial', 7);
INSERT INTO categoria_veiculo (idCategoria, descricao, idEspecie) VALUES (33, 'Aprendizagem', 7);
INSERT INTO categoria_veiculo (idCategoria, descricao, idEspecie) VALUES (34, 'Aluguel', 7);
INSERT INTO categoria_veiculo (idCategoria, descricao, idEspecie) VALUES (35, 'Representação Diplomática', 7);
INSERT INTO veiculo (renavam, placa, ano, idCategoria, idProprietario, idModelo, idCidade, dataCompra, dataAquisicao, valor, situacao) VALUES ('86727075753', 'VHF7575', 1997, 24, 118, 812, 'RIM', '1997-03-19', '1997-03-19', '34570.42', 'B');
INSERT INTO veiculo (renavam, placa, ano, idCategoria, idProprietario, idModelo, idCidade, dataCompra, dataAquisicao, valor, situacao) VALUES ('78658911763', 'NAY1176', 1990, 12, 333, 1986, 'FIO', '1990-06-21', '1990-06-21', '69331.54', 'B');
INSERT INTO veiculo (renavam, placa, ano, idCategoria, idProprietario, idModelo, idCidade, dataCompra, dataAquisicao, valor, situacao) VALUES ('71847901687', 'GTO0168', 1973, 8, 486, 5001, 'CLM', '1973-12-11', '1988-11-23', '36811.75', 'B');
INSERT INTO veiculo (renavam, placa, ano, idCategoria, idProprietario, idModelo, idCidade, dataCompra, dataAquisicao, valor, situacao) VALUES ('82868020723', 'RVP2072', 2015, 13, 408, 2404, 'ASP', '2015-08-29', '2015-08-29', '99009.39', 'R');
INSERT INTO veiculo (renavam, placa, ano, idCategoria, idProprietario, idModelo, idCidade, dataCompra, dataAquisicao, valor, situacao) VALUES ('73888506908', 'IXU0690', 2004, 2, 372, 3185, 'GEG', '2004-04-09', '2004-04-09', '74909.12', 'B');
INSERT INTO veiculo (renavam, placa, ano, idCategoria, idProprietario, idModelo, idCidade, dataCompra, dataAquisicao, valor, situacao) VALUES ('67787082440', 'CNF8244', 1974, 13, 227, 2690, 'FGA', '1974-06-22', '1974-06-22', '70885.78', 'B');
INSERT INTO veiculo (renavam, placa, ano, idCategoria, idProprietario, idModelo, idCidade, dataCompra, dataAquisicao, valor, situacao) VALUES ('88657628895', 'XAL2889', 2016, 31, 231, 2210, 'CFN', '2016-07-25', '2016-07-25', '68646.21', 'R');
INSERT INTO veiculo (renavam, placa, ano, idCategoria, idProprietario, idModelo, idCidade, dataCompra, dataAquisicao, valor, situacao) VALUES ('90848075892', 'ZTP7589', 1980, 7, 454, 1020, 'MVC', '1980-02-03', '1980-02-03', '86655.55', 'B');
INSERT INTO veiculo (renavam, placa, ano, idCategoria, idProprietario, idModelo, idCidade, dataCompra, dataAquisicao, valor, situacao) VALUES ('73736652812', 'IIB5281', 2007, 8, 107, 1248, 'AGN', '2007-08-06', '2007-08-06', '86892.2', 'R');
INSERT INTO veiculo (renavam, placa, ano, idCategoria, idProprietario, idModelo, idCidade, dataCompra, dataAquisicao, valor, situacao) VALUES ('85759082722', 'UKZ8272', 1999, 10, 201, 643, 'COV', '1999-11-04', '1999-11-04', '1045.38', 'B');
INSERT INTO veiculo (renavam, placa, ano, idCategoria, idProprietario, idModelo, idCidade, dataCompra, dataAquisicao, valor, situacao) VALUES ('89828711196', 'YRW1119', 2003, 12, 509, 298, 'FSA', '2003-02-23', '2003-02-23', '89269.74', 'B');
INSERT INTO veiculo (renavam, placa, ano, idCategoria, idProprietario, idModelo, idCidade, dataCompra, dataAquisicao, valor, situacao) VALUES ('75678660508', 'KCV6050', 2008, 10, 453, 2770, 'MMN', '2008-02-04', '2008-02-04', '80678.5', 'B');
INSERT INTO veiculo (renavam, placa, ano, idCategoria, idProprietario, idModelo, idCidade, dataCompra, dataAquisicao, valor, situacao) VALUES ('66717543490', 'BGK4349', 2000, 32, 556, 113, 'FPP', '2000-10-18', '2012-07-29', '15147.75', 'R');
INSERT INTO veiculo (renavam, placa, ano, idCategoria, idProprietario, idModelo, idCidade, dataCompra, dataAquisicao, valor, situacao) VALUES ('75738697283', 'KIV9728', 1999, 12, 36, 1754, 'JOD', '1999-04-07', '1999-04-07', '75392.15', 'I');
INSERT INTO veiculo (renavam, placa, ano, idCategoria, idProprietario, idModelo, idCidade, dataCompra, dataAquisicao, valor, situacao) VALUES ('87738465190', 'WIT6519', 1994, 5, 61, 807, 'COF', '1994-08-09', '1994-08-09', '32766.81', 'B');
INSERT INTO veiculo (renavam, placa, ano, idCategoria, idProprietario, idModelo, idCidade, dataCompra, dataAquisicao, valor, situacao) VALUES ('69706918921', 'EFE1892', 2001, 13, 569, 4928, 'CTP', '2001-02-08', '2001-02-08', '19891.42', 'I');
INSERT INTO veiculo (renavam, placa, ano, idCategoria, idProprietario, idModelo, idCidade, dataCompra, dataAquisicao, valor, situacao) VALUES ('74848136164', 'JTQ3616', 1981, 12, 28, 864, 'SFN', '1981-07-28', '1981-07-28', '49228.99', 'B');
INSERT INTO veiculo (renavam, placa, ano, idCategoria, idProprietario, idModelo, idCidade, dataCompra, dataAquisicao, valor, situacao) VALUES ('81857956015', 'QUO5601', 1971, 22, 547, 2499, 'RFA', '1971-07-07', '1971-07-07', '17047.11', 'B');
INSERT INTO veiculo (renavam, placa, ano, idCategoria, idProprietario, idModelo, idCidade, dataCompra, dataAquisicao, valor, situacao) VALUES ('68798823223', 'DOX2322', 1999, 16, 192, 111, 'NUG', '1999-01-15', '1999-01-15', '29906.6', 'R');
INSERT INTO veiculo (renavam, placa, ano, idCategoria, idProprietario, idModelo, idCidade, dataCompra, dataAquisicao, valor, situacao) VALUES ('84707688753', 'TFL8875', 1974, 6, 100, 1234, 'CMP', '1974-06-19', '1974-06-19', '9547.2', 'B');
INSERT INTO veiculo (renavam, placa, ano, idCategoria, idProprietario, idModelo, idCidade, dataCompra, dataAquisicao, valor, situacao) VALUES ('80668907620', 'PBY0762', 1970, 27, 553, 4469, 'LCS', '1970-10-02', '1972-08-08', '20905.17', 'B');
INSERT INTO veiculo (renavam, placa, ano, idCategoria, idProprietario, idModelo, idCidade, dataCompra, dataAquisicao, valor, situacao) VALUES ('85858604409', 'UUV0440', 1990, 3, 97, 290, 'PAG', '1990-04-22', '1990-04-22', '12830.56', 'I');
INSERT INTO veiculo (renavam, placa, ano, idCategoria, idProprietario, idModelo, idCidade, dataCompra, dataAquisicao, valor, situacao) VALUES ('67817948172', 'CQO4817', 1997, 3, 428, 1004, 'FFS', '1997-04-10', '1997-04-10', '12830.46', 'B');
INSERT INTO veiculo (renavam, placa, ano, idCategoria, idProprietario, idModelo, idCidade, dataCompra, dataAquisicao, valor, situacao) VALUES ('87827445860', 'WRJ4586', 2015, 14, 542, 1316, 'NFS', '2015-08-10', '2015-08-10', '31514.1', 'R');
INSERT INTO veiculo (renavam, placa, ano, idCategoria, idProprietario, idModelo, idCidade, dataCompra, dataAquisicao, valor, situacao) VALUES ('68886601176', 'DXB0117', 1970, 25, 575, 144, 'PFG', '1970-07-25', '1970-07-25', '15628.4', 'I');
INSERT INTO veiculo (renavam, placa, ano, idCategoria, idProprietario, idModelo, idCidade, dataCompra, dataAquisicao, valor, situacao) VALUES ('74817358459', 'JQI5845', 1970, 9, 184, 3124, 'GAP', '1970-03-08', '1970-03-08', '61880.52', 'I');
INSERT INTO veiculo (renavam, placa, ano, idCategoria, idProprietario, idModelo, idCidade, dataCompra, dataAquisicao, valor, situacao) VALUES ('84886744874', 'TXC4487', 2000, 3, 193, 4935, 'RAG', '2000-01-26', '2000-01-26', '9320.77', 'I');
INSERT INTO veiculo (renavam, placa, ano, idCategoria, idProprietario, idModelo, idCidade, dataCompra, dataAquisicao, valor, situacao) VALUES ('79757878967', 'OKN7896', 1997, 20, 69, 308, 'RRO', '1997-10-11', '1997-10-11', '73132.5', 'B');
INSERT INTO veiculo (renavam, placa, ano, idCategoria, idProprietario, idModelo, idCidade, dataCompra, dataAquisicao, valor, situacao) VALUES ('80908651919', 'PZV5191', 1985, 11, 415, 2194, 'FMN', '1985-05-02', '1985-05-02', '41893.27', 'B');
INSERT INTO veiculo (renavam, placa, ano, idCategoria, idProprietario, idModelo, idCidade, dataCompra, dataAquisicao, valor, situacao) VALUES ('71747999863', 'GJO9986', 1996, 30, 453, 359, 'MMN', '1996-07-18', '1996-07-18', '96252.19', 'B');
INSERT INTO veiculo (renavam, placa, ano, idCategoria, idProprietario, idModelo, idCidade, dataCompra, dataAquisicao, valor, situacao) VALUES ('77797258017', 'MOH5801', 1981, 18, 170, 269, 'MMN', '1981-03-13', '1981-03-13', '26486.38', 'B');
INSERT INTO veiculo (renavam, placa, ano, idCategoria, idProprietario, idModelo, idCidade, dataCompra, dataAquisicao, valor, situacao) VALUES ('65896502095', 'AYA0209', 1972, 35, 73, 1225, 'GLS', '1972-09-13', '1972-09-13', '29120.81', 'B');
INSERT INTO veiculo (renavam, placa, ano, idCategoria, idProprietario, idModelo, idCidade, dataCompra, dataAquisicao, valor, situacao) VALUES ('66778151495', 'BMQ5149', 1997, 19, 563, 2723, 'NPP', '1997-10-25', '1997-10-25', '67643.44', 'I');
INSERT INTO veiculo (renavam, placa, ano, idCategoria, idProprietario, idModelo, idCidade, dataCompra, dataAquisicao, valor, situacao) VALUES ('82897595097', 'RYK9509', 1971, 27, 456, 2262, 'GON', '1971-01-05', '1971-01-05', '55600.55', 'B');
INSERT INTO veiculo (renavam, placa, ano, idCategoria, idProprietario, idModelo, idCidade, dataCompra, dataAquisicao, valor, situacao) VALUES ('67846930880', 'CTE3088', 1978, 20, 616, 328, 'OVM', '1978-06-04', '1978-06-04', '81826.92', 'B');
INSERT INTO veiculo (renavam, placa, ano, idCategoria, idProprietario, idModelo, idCidade, dataCompra, dataAquisicao, valor, situacao) VALUES ('69898291477', 'EYR9147', 1977, 3, 392, 2404, 'CEG', '1977-12-03', '1977-12-03', '35820.44', 'B');
INSERT INTO veiculo (renavam, placa, ano, idCategoria, idProprietario, idModelo, idCidade, dataCompra, dataAquisicao, valor, situacao) VALUES ('67677299312', 'CCH9931', 2006, 14, 111, 2715, 'GON', '2006-08-12', '2006-08-12', '87935.4', 'B');
INSERT INTO veiculo (renavam, placa, ano, idCategoria, idProprietario, idModelo, idCidade, dataCompra, dataAquisicao, valor, situacao) VALUES ('73748816270', 'IJX1627', 2001, 22, 155, 2452, 'NCD', '2001-05-25', '2001-05-25', '44174.79', 'B');
INSERT INTO veiculo (renavam, placa, ano, idCategoria, idProprietario, idModelo, idCidade, dataCompra, dataAquisicao, valor, situacao) VALUES ('75747785289', 'KJM8528', 1975, 12, 322, 2592, 'OIV', '1975-05-14', '1975-05-14', '81840.75', 'B');
INSERT INTO veiculo (renavam, placa, ano, idCategoria, idProprietario, idModelo, idCidade, dataCompra, dataAquisicao, valor, situacao) VALUES ('83838628845', 'SSV2884', 1976, 7, 129, 2609, 'APM', '1976-02-09', '1976-02-09', '90690.0', 'I');
INSERT INTO veiculo (renavam, placa, ano, idCategoria, idProprietario, idModelo, idCidade, dataCompra, dataAquisicao, valor, situacao) VALUES ('79799025970', 'OOZ2597', 1989, 5, 399, 4954, 'RIP', '1989-08-01', '1989-08-01', '69851.11', 'I');
INSERT INTO veiculo (renavam, placa, ano, idCategoria, idProprietario, idModelo, idCidade, dataCompra, dataAquisicao, valor, situacao) VALUES ('75817114515', 'KQG1451', 1974, 1, 472, 416, 'CNA', '1974-04-17', '1974-04-17', '98573.32', 'B');
INSERT INTO veiculo (renavam, placa, ano, idCategoria, idProprietario, idModelo, idCidade, dataCompra, dataAquisicao, valor, situacao) VALUES ('68878384692', 'DWS8469', 1978, 34, 88, 1238, 'CDG', '1978-03-29', '1978-03-29', '5840.67', 'B');
INSERT INTO veiculo (renavam, placa, ano, idCategoria, idProprietario, idModelo, idCidade, dataCompra, dataAquisicao, valor, situacao) VALUES ('77816588994', 'MQA8899', 1993, 23, 558, 2998, 'VAN', '1993-06-13', '1993-06-13', '7589.33', 'B');
INSERT INTO veiculo (renavam, placa, ano, idCategoria, idProprietario, idModelo, idCidade, dataCompra, dataAquisicao, valor, situacao) VALUES ('88787801210', 'XNN0121', 1972, 31, 590, 2511, 'NPP', '1972-07-01', '2003-04-19', '95491.41', 'B');
INSERT INTO veiculo (renavam, placa, ano, idCategoria, idProprietario, idModelo, idCidade, dataCompra, dataAquisicao, valor, situacao) VALUES ('76737702753', 'LIM0275', 2003, 32, 276, 2212, 'POA', '2003-01-31', '2003-01-31', '35035.32', 'B');
INSERT INTO veiculo (renavam, placa, ano, idCategoria, idProprietario, idModelo, idCidade, dataCompra, dataAquisicao, valor, situacao) VALUES ('78858773720', 'NUW7372', 2015, 31, 66, 3080, 'LES', '2015-04-11', '2015-04-11', '3469.24', 'R');
INSERT INTO veiculo (renavam, placa, ano, idCategoria, idProprietario, idModelo, idCidade, dataCompra, dataAquisicao, valor, situacao) VALUES ('87896796715', 'WYC9671', 1971, 27, 125, 932, 'CAA', '1971-05-13', '1986-07-21', '8278.76', 'B');
INSERT INTO veiculo (renavam, placa, ano, idCategoria, idProprietario, idModelo, idCidade, dataCompra, dataAquisicao, valor, situacao) VALUES ('76748812326', 'LJX1232', 1998, 24, 364, 2686, 'PMP', '1998-08-26', '1998-08-26', '20988.3', 'B');
INSERT INTO veiculo (renavam, placa, ano, idCategoria, idProprietario, idModelo, idCidade, dataCompra, dataAquisicao, valor, situacao) VALUES ('65657590902', 'AAK9090', 2007, 11, 248, 954, 'PSP', '2007-07-29', '2010-08-19', '22939.29', 'R');
INSERT INTO veiculo (renavam, placa, ano, idCategoria, idProprietario, idModelo, idCidade, dataCompra, dataAquisicao, valor, situacao) VALUES ('83766859196', 'SLD5919', 1998, 2, 399, 4952, 'RIP', '1998-11-01', '2016-03-01', '92313.12', 'R');
INSERT INTO veiculo (renavam, placa, ano, idCategoria, idProprietario, idModelo, idCidade, dataCompra, dataAquisicao, valor, situacao) VALUES ('86678695129', 'VCV9512', 1995, 11, 272, 1296, 'PNP', '1995-05-27', '1995-05-27', '19745.17', 'B');
INSERT INTO veiculo (renavam, placa, ano, idCategoria, idProprietario, idModelo, idCidade, dataCompra, dataAquisicao, valor, situacao) VALUES ('84778568122', 'TMU6812', 1998, 30, 466, 580, 'FGP', '1998-11-10', '1999-05-05', '8718.51', 'B');
INSERT INTO veiculo (renavam, placa, ano, idCategoria, idProprietario, idModelo, idCidade, dataCompra, dataAquisicao, valor, situacao) VALUES ('87756591703', 'WKA9170', 1978, 25, 516, 1988, 'VLA', '1978-12-01', '1978-12-01', '47314.2', 'B');
INSERT INTO veiculo (renavam, placa, ano, idCategoria, idProprietario, idModelo, idCidade, dataCompra, dataAquisicao, valor, situacao) VALUES ('80858385382', 'PUS8538', 2014, 2, 569, 4376, 'CTP', '2014-01-03', '2014-01-03', '68019.14', 'R');
INSERT INTO veiculo (renavam, placa, ano, idCategoria, idProprietario, idModelo, idCidade, dataCompra, dataAquisicao, valor, situacao) VALUES ('78687309545', 'NDI0954', 1976, 20, 391, 2962, 'SJC', '1976-11-06', '1987-12-27', '88973.64', 'B');
INSERT INTO veiculo (renavam, placa, ano, idCategoria, idProprietario, idModelo, idCidade, dataCompra, dataAquisicao, valor, situacao) VALUES ('77738176654', 'MIQ7665', 1985, 32, 475, 4388, 'FLS', '1985-02-28', '1985-02-28', '92185.85', 'B');
INSERT INTO veiculo (renavam, placa, ano, idCategoria, idProprietario, idModelo, idCidade, dataCompra, dataAquisicao, valor, situacao) VALUES ('75776944217', 'KME4421', 1986, 32, 90, 1855, 'COD', '1986-02-01', '1986-02-01', '11604.12', 'I');
INSERT INTO veiculo (renavam, placa, ano, idCategoria, idProprietario, idModelo, idCidade, dataCompra, dataAquisicao, valor, situacao) VALUES ('73668247369', 'IBR4736', 1982, 12, 225, 2523, 'RPG', '1982-03-28', '1982-03-28', '72265.12', 'B');
INSERT INTO veiculo (renavam, placa, ano, idCategoria, idProprietario, idModelo, idCidade, dataCompra, dataAquisicao, valor, situacao) VALUES ('80877483173', 'PWJ8317', 2014, 4, 314, 1722, 'AAM', '2014-06-22', '2014-06-22', '13681.8', 'R');
INSERT INTO veiculo (renavam, placa, ano, idCategoria, idProprietario, idModelo, idCidade, dataCompra, dataAquisicao, valor, situacao) VALUES ('66758564654', 'BKU6465', 1993, 26, 324, 2453, 'SRV', '1993-04-23', '2005-09-27', '68451.9', 'B');
INSERT INTO veiculo (renavam, placa, ano, idCategoria, idProprietario, idModelo, idCidade, dataCompra, dataAquisicao, valor, situacao) VALUES ('80796761491', 'POC6149', 1981, 10, 187, 2932, 'CAO', '1981-09-17', '1985-07-07', '53952.15', 'B');
INSERT INTO veiculo (renavam, placa, ano, idCategoria, idProprietario, idModelo, idCidade, dataCompra, dataAquisicao, valor, situacao) VALUES ('80737345789', 'PII4578', 2011, 5, 473, 196, 'NCP', '2011-01-09', '2011-01-09', '10730.7', 'R');
INSERT INTO veiculo (renavam, placa, ano, idCategoria, idProprietario, idModelo, idCidade, dataCompra, dataAquisicao, valor, situacao) VALUES ('88888834830', 'XXX3483', 1978, 7, 539, 369, 'NCD', '1978-01-25', '1978-01-25', '29445.19', 'B');
INSERT INTO veiculo (renavam, placa, ano, idCategoria, idProprietario, idModelo, idCidade, dataCompra, dataAquisicao, valor, situacao) VALUES ('84889027510', 'TXZ2751', 1993, 35, 10, 2340, 'COC', '1993-07-15', '1993-07-15', '9717.73', 'B');
INSERT INTO veiculo (renavam, placa, ano, idCategoria, idProprietario, idModelo, idCidade, dataCompra, dataAquisicao, valor, situacao) VALUES ('83807926518', 'SPO2651', 2002, 9, 585, 88, 'MAN', '2002-09-22', '2002-09-22', '71403.32', 'I');
INSERT INTO veiculo (renavam, placa, ano, idCategoria, idProprietario, idModelo, idCidade, dataCompra, dataAquisicao, valor, situacao) VALUES ('69786503227', 'ENA0322', 1994, 35, 168, 2812, 'CHO', '1994-12-12', '1994-12-12', '17805.82', 'R');
INSERT INTO veiculo (renavam, placa, ano, idCategoria, idProprietario, idModelo, idCidade, dataCompra, dataAquisicao, valor, situacao) VALUES ('86886729723', 'VXC2972', 2014, 9, 389, 1750, 'RRN', '2014-08-23', '2014-08-23', '4238.37', 'R');
INSERT INTO veiculo (renavam, placa, ano, idCategoria, idProprietario, idModelo, idCidade, dataCompra, dataAquisicao, valor, situacao) VALUES ('86736638749', 'VIB3874', 1970, 2, 221, 2511, 'SAA', '1970-06-20', '1970-06-20', '91590.32', 'B');
INSERT INTO veiculo (renavam, placa, ano, idCategoria, idProprietario, idModelo, idCidade, dataCompra, dataAquisicao, valor, situacao) VALUES ('83777506265', 'SMK0626', 1989, 18, 424, 2234, 'NEG', '1989-01-11', '1989-01-11', '11123.68', 'I');
INSERT INTO veiculo (renavam, placa, ano, idCategoria, idProprietario, idModelo, idCidade, dataCompra, dataAquisicao, valor, situacao) VALUES ('70847818250', 'FTN1825', 2008, 17, 591, 2165, 'VAA', '2008-07-23', '2017-09-04', '13182.12', 'R');
INSERT INTO veiculo (renavam, placa, ano, idCategoria, idProprietario, idModelo, idCidade, dataCompra, dataAquisicao, valor, situacao) VALUES ('81777601822', 'QML0182', 1977, 2, 53, 877, 'NPG', '1977-01-03', '1977-01-03', '80531.95', 'I');
INSERT INTO veiculo (renavam, placa, ano, idCategoria, idProprietario, idModelo, idCidade, dataCompra, dataAquisicao, valor, situacao) VALUES ('66828565190', 'BRU6519', 1983, 5, 112, 2219, 'RSS', '1983-03-07', '1983-03-07', '36617.87', 'B');
INSERT INTO veiculo (renavam, placa, ano, idCategoria, idProprietario, idModelo, idCidade, dataCompra, dataAquisicao, valor, situacao) VALUES ('85777086955', 'UMF8695', 2015, 26, 47, 2975, 'PSS', '2015-06-13', '2015-06-13', '31490.3', 'R');
INSERT INTO veiculo (renavam, placa, ano, idCategoria, idProprietario, idModelo, idCidade, dataCompra, dataAquisicao, valor, situacao) VALUES ('65757919280', 'AKO1928', 1995, 21, 545, 605, 'RRO', '1995-10-12', '1995-10-12', '23839.47', 'B');
INSERT INTO veiculo (renavam, placa, ano, idCategoria, idProprietario, idModelo, idCidade, dataCompra, dataAquisicao, valor, situacao) VALUES ('82798882870', 'ROX8287', 2004, 28, 534, 1303, 'RSO', '2004-11-29', '2004-11-29', '47528.34', 'B');
INSERT INTO veiculo (renavam, placa, ano, idCategoria, idProprietario, idModelo, idCidade, dataCompra, dataAquisicao, valor, situacao) VALUES ('71716858230', 'GGD5823', 2005, 9, 250, 4469, 'FMN', '2005-11-28', '2005-11-28', '55771.98', 'B');
INSERT INTO veiculo (renavam, placa, ano, idCategoria, idProprietario, idModelo, idCidade, dataCompra, dataAquisicao, valor, situacao) VALUES ('69799020645', 'EOZ2064', 1988, 25, 435, 1306, 'MUS', '1988-02-20', '1989-03-29', '36360.27', 'B');
INSERT INTO veiculo (renavam, placa, ano, idCategoria, idProprietario, idModelo, idCidade, dataCompra, dataAquisicao, valor, situacao) VALUES ('68757353834', 'DKI5383', 2016, 1, 164, 2766, 'RDG', '2016-02-18', '2016-02-18', '98158.78', 'R');
INSERT INTO veiculo (renavam, placa, ano, idCategoria, idProprietario, idModelo, idCidade, dataCompra, dataAquisicao, valor, situacao) VALUES ('89867723396', 'YVM2339', 1992, 24, 597, 2312, 'RCS', '1992-12-23', '1992-12-23', '27747.56', 'B');
INSERT INTO veiculo (renavam, placa, ano, idCategoria, idProprietario, idModelo, idCidade, dataCompra, dataAquisicao, valor, situacao) VALUES ('85858940123', 'UUY4012', 1970, 21, 152, 1210, 'AMM', '1970-06-29', '1970-06-29', '29252.4', 'B');
INSERT INTO veiculo (renavam, placa, ano, idCategoria, idProprietario, idModelo, idCidade, dataCompra, dataAquisicao, valor, situacao) VALUES ('83738489509', 'SIT8950', 1985, 16, 269, 129, 'NNP', '1985-09-05', '1985-09-05', '81701.57', 'I');
INSERT INTO veiculo (renavam, placa, ano, idCategoria, idProprietario, idModelo, idCidade, dataCompra, dataAquisicao, valor, situacao) VALUES ('87857883211', 'WUN8321', 2004, 3, 43, 4947, 'RAM', '2004-09-23', '2004-09-23', '33577.2', 'R');
INSERT INTO veiculo (renavam, placa, ano, idCategoria, idProprietario, idModelo, idCidade, dataCompra, dataAquisicao, valor, situacao) VALUES ('76717787664', 'LGM8766', 2011, 21, 421, 361, 'NSM', '2011-12-13', '2011-12-13', '29779.2', 'R');
INSERT INTO veiculo (renavam, placa, ano, idCategoria, idProprietario, idModelo, idCidade, dataCompra, dataAquisicao, valor, situacao) VALUES ('75907236873', 'KZH3687', 1971, 3, 135, 1938, 'NNP', '1971-08-20', '1971-08-20', '41250.21', 'I');
INSERT INTO veiculo (renavam, placa, ano, idCategoria, idProprietario, idModelo, idCidade, dataCompra, dataAquisicao, valor, situacao) VALUES ('87688073110', 'WDP7311', 1992, 25, 429, 4380, 'CRP', '1992-01-07', '1992-02-02', '23885.5', 'B');
INSERT INTO veiculo (renavam, placa, ano, idCategoria, idProprietario, idModelo, idCidade, dataCompra, dataAquisicao, valor, situacao) VALUES ('67776699106', 'CMB9910', 1984, 21, 361, 364, 'FTP', '1984-02-20', '1984-02-20', '53956.46', 'B');
INSERT INTO veiculo (renavam, placa, ano, idCategoria, idProprietario, idModelo, idCidade, dataCompra, dataAquisicao, valor, situacao) VALUES ('74797805544', 'JON0554', 1981, 5, 495, 2131, 'PFG', '1981-07-14', '1981-07-14', '27633.56', 'B');
INSERT INTO veiculo (renavam, placa, ano, idCategoria, idProprietario, idModelo, idCidade, dataCompra, dataAquisicao, valor, situacao) VALUES ('74896843754', 'JYD4375', 1990, 25, 438, 3207, 'VSS', '1990-01-28', '1990-01-28', '5306.54', 'I');
INSERT INTO veiculo (renavam, placa, ano, idCategoria, idProprietario, idModelo, idCidade, dataCompra, dataAquisicao, valor, situacao) VALUES ('67778112633', 'CMQ1263', 2004, 28, 321, 2954, 'ASF', '2004-01-05', '2004-01-05', '78990.8', 'B');
INSERT INTO veiculo (renavam, placa, ano, idCategoria, idProprietario, idModelo, idCidade, dataCompra, dataAquisicao, valor, situacao) VALUES ('87658208611', 'WAR0861', 2016, 2, 610, 129, 'PEA', '2016-02-28', '2016-02-28', '80633.33', 'B');
INSERT INTO veiculo (renavam, placa, ano, idCategoria, idProprietario, idModelo, idCidade, dataCompra, dataAquisicao, valor, situacao) VALUES ('69837001843', 'ESF0184', 1994, 31, 207, 2923, 'MRP', '1994-07-08', '2000-10-31', '44258.37', 'I');
INSERT INTO veiculo (renavam, placa, ano, idCategoria, idProprietario, idModelo, idCidade, dataCompra, dataAquisicao, valor, situacao) VALUES ('75898114014', 'KYQ1401', 2012, 11, 505, 1882, 'FEO', '2012-12-15', '2012-12-15', '38438.44', 'R');
INSERT INTO veiculo (renavam, placa, ano, idCategoria, idProprietario, idModelo, idCidade, dataCompra, dataAquisicao, valor, situacao) VALUES ('75777823383', 'KMN2338', 1982, 2, 512, 2953, 'CAV', '1982-12-04', '1982-12-04', '92144.91', 'B');
INSERT INTO veiculo (renavam, placa, ano, idCategoria, idProprietario, idModelo, idCidade, dataCompra, dataAquisicao, valor, situacao) VALUES ('72778307767', 'HMS0776', 2017, 13, 478, 121, 'VGP', '2017-03-16', '2017-03-16', '9566.46', 'R');
INSERT INTO veiculo (renavam, placa, ano, idCategoria, idProprietario, idModelo, idCidade, dataCompra, dataAquisicao, valor, situacao) VALUES ('75748157125', 'KJQ5712', 1986, 5, 396, 673, 'FAA', '1986-08-02', '1986-08-02', '85057.0', 'I');
INSERT INTO veiculo (renavam, placa, ano, idCategoria, idProprietario, idModelo, idCidade, dataCompra, dataAquisicao, valor, situacao) VALUES ('79857850657', 'OUN5065', 1974, 3, 5, 2853, 'CFG', '1974-05-05', '1974-05-05', '99555.64', 'B');
INSERT INTO veiculo (renavam, placa, ano, idCategoria, idProprietario, idModelo, idCidade, dataCompra, dataAquisicao, valor, situacao) VALUES ('85788195998', 'UNQ9599', 1972, 17, 504, 2311, 'CAA', '1972-03-19', '1972-03-19', '988.33', 'B');
INSERT INTO veiculo (renavam, placa, ano, idCategoria, idProprietario, idModelo, idCidade, dataCompra, dataAquisicao, valor, situacao) VALUES ('85658071130', 'UAP7113', 1975, 35, 383, 332, 'SJC', '1975-05-19', '1975-05-19', '34943.53', 'B');
INSERT INTO veiculo (renavam, placa, ano, idCategoria, idProprietario, idModelo, idCidade, dataCompra, dataAquisicao, valor, situacao) VALUES ('81697781565', 'QEM8156', 1986, 10, 403, 1909, 'FVG', '1986-02-16', '1986-02-16', '44040.55', 'I');
INSERT INTO veiculo (renavam, placa, ano, idCategoria, idProprietario, idModelo, idCidade, dataCompra, dataAquisicao, valor, situacao) VALUES ('87777141987', 'WMG4198', 2011, 22, 355, 5027, 'CCC', '2011-12-27', '2011-12-27', '58354.77', 'I');
INSERT INTO veiculo (renavam, placa, ano, idCategoria, idProprietario, idModelo, idCidade, dataCompra, dataAquisicao, valor, situacao) VALUES ('79656875202', 'OAD7520', 2013, 12, 126, 2669, 'LEM', '2013-12-30', '2013-12-30', '7343.35', 'R');
INSERT INTO veiculo (renavam, placa, ano, idCategoria, idProprietario, idModelo, idCidade, dataCompra, dataAquisicao, valor, situacao) VALUES ('86808598730', 'VPU9873', 2005, 29, 300, 2474, 'MPS', '2005-02-08', '2005-02-08', '81079.14', 'I');
INSERT INTO veiculo (renavam, placa, ano, idCategoria, idProprietario, idModelo, idCidade, dataCompra, dataAquisicao, valor, situacao) VALUES ('84756735000', 'TKC3500', 2018, 22, 19, 905, 'PFG', '2018-04-20', '2018-04-20', '44924.5', 'R');
INSERT INTO veiculo (renavam, placa, ano, idCategoria, idProprietario, idModelo, idCidade, dataCompra, dataAquisicao, valor, situacao) VALUES ('73677680134', 'ICL8013', 1974, 13, 499, 88, 'CGG', '1974-12-30', '1974-12-30', '6809.74', 'B');
INSERT INTO veiculo (renavam, placa, ano, idCategoria, idProprietario, idModelo, idCidade, dataCompra, dataAquisicao, valor, situacao) VALUES ('81668993452', 'QBY9345', 1972, 11, 533, 1050, 'CUP', '1972-10-26', '1972-10-26', '62369.46', 'B');
INSERT INTO veiculo (renavam, placa, ano, idCategoria, idProprietario, idModelo, idCidade, dataCompra, dataAquisicao, valor, situacao) VALUES ('77688563820', 'MDU6382', 1983, 12, 164, 204, 'RDG', '1983-03-25', '1983-03-25', '15349.13', 'B');
INSERT INTO veiculo (renavam, placa, ano, idCategoria, idProprietario, idModelo, idCidade, dataCompra, dataAquisicao, valor, situacao) VALUES ('73758350355', 'IKS5035', 1994, 10, 112, 146, 'RSS', '1994-04-27', '1994-04-27', '37497.37', 'B');
INSERT INTO veiculo (renavam, placa, ano, idCategoria, idProprietario, idModelo, idCidade, dataCompra, dataAquisicao, valor, situacao) VALUES ('74668786527', 'JBW8652', 1977, 35, 47, 953, 'PSS', '1977-09-05', '1977-09-05', '56102.15', 'B');
INSERT INTO veiculo (renavam, placa, ano, idCategoria, idProprietario, idModelo, idCidade, dataCompra, dataAquisicao, valor, situacao) VALUES ('85838208770', 'USR0877', 2015, 16, 179, 2363, 'PGM', '2015-02-18', '2015-02-18', '75089.33', 'R');
INSERT INTO veiculo (renavam, placa, ano, idCategoria, idProprietario, idModelo, idCidade, dataCompra, dataAquisicao, valor, situacao) VALUES ('73816772130', 'IQC7213', 2002, 30, 180, 2608, 'TSO', '2002-11-03', '2002-11-03', '1672.77', 'B');
INSERT INTO veiculo (renavam, placa, ano, idCategoria, idProprietario, idModelo, idCidade, dataCompra, dataAquisicao, valor, situacao) VALUES ('76846841134', 'LTD4113', 1985, 20, 23, 1850, 'COD', '1985-05-16', '1985-05-16', '84172.81', 'I');
INSERT INTO veiculo (renavam, placa, ano, idCategoria, idProprietario, idModelo, idCidade, dataCompra, dataAquisicao, valor, situacao) VALUES ('80848683151', 'PTV8315', 1975, 22, 183, 4380, 'FAM', '1975-07-17', '1975-07-17', '52398.0', 'B');
INSERT INTO veiculo (renavam, placa, ano, idCategoria, idProprietario, idModelo, idCidade, dataCompra, dataAquisicao, valor, situacao) VALUES ('71856751730', 'GUC5173', 1991, 35, 26, 236, 'GPG', '1991-06-03', '1991-06-03', '62001.41', 'B');
INSERT INTO veiculo (renavam, placa, ano, idCategoria, idProprietario, idModelo, idCidade, dataCompra, dataAquisicao, valor, situacao) VALUES ('87808477388', 'WPT7738', 1977, 26, 116, 4381, 'RDM', '1977-02-21', '1977-02-21', '62573.98', 'R');
INSERT INTO veiculo (renavam, placa, ano, idCategoria, idProprietario, idModelo, idCidade, dataCompra, dataAquisicao, valor, situacao) VALUES ('69817353558', 'EQI5355', 2000, 17, 503, 1188, 'RGS', '2000-07-07', '2000-07-07', '62805.93', 'I');
INSERT INTO veiculo (renavam, placa, ano, idCategoria, idProprietario, idModelo, idCidade, dataCompra, dataAquisicao, valor, situacao) VALUES ('74738535692', 'JIU3569', 1984, 34, 457, 3186, 'BOM', '1984-09-11', '1984-09-11', '48090.79', 'B');
INSERT INTO veiculo (renavam, placa, ano, idCategoria, idProprietario, idModelo, idCidade, dataCompra, dataAquisicao, valor, situacao) VALUES ('79707261583', 'OFH6158', 1998, 22, 435, 1015, 'MUS', '1998-12-06', '1998-12-06', '15007.82', 'R');
INSERT INTO veiculo (renavam, placa, ano, idCategoria, idProprietario, idModelo, idCidade, dataCompra, dataAquisicao, valor, situacao) VALUES ('70778124640', 'FMQ2464', 1985, 24, 538, 109, 'MMA', '1985-02-26', '1985-02-26', '62065.27', 'I');
INSERT INTO veiculo (renavam, placa, ano, idCategoria, idProprietario, idModelo, idCidade, dataCompra, dataAquisicao, valor, situacao) VALUES ('89787736017', 'YNM3601', 1990, 2, 130, 1318, 'CNP', '1990-03-02', '1990-03-02', '39053.75', 'I');
INSERT INTO veiculo (renavam, placa, ano, idCategoria, idProprietario, idModelo, idCidade, dataCompra, dataAquisicao, valor, situacao) VALUES ('72877206713', 'HWH0671', 2016, 28, 231, 954, 'CFN', '2016-08-31', '2016-08-31', '96553.29', 'R');
INSERT INTO veiculo (renavam, placa, ano, idCategoria, idProprietario, idModelo, idCidade, dataCompra, dataAquisicao, valor, situacao) VALUES ('75807205658', 'KPH0565', 1980, 35, 290, 1345, 'MRG', '1980-06-30', '1980-06-30', '71272.73', 'B');
INSERT INTO veiculo (renavam, placa, ano, idCategoria, idProprietario, idModelo, idCidade, dataCompra, dataAquisicao, valor, situacao) VALUES ('65817650622', 'AQL5062', 1980, 5, 428, 543, 'FFS', '1980-09-22', '1980-09-22', '71671.13', 'B');
INSERT INTO veiculo (renavam, placa, ano, idCategoria, idProprietario, idModelo, idCidade, dataCompra, dataAquisicao, valor, situacao) VALUES ('85776602488', 'UMB0248', 1983, 3, 92, 2459, 'MTG', '1983-07-10', '1983-07-10', '18177.3', 'B');
INSERT INTO veiculo (renavam, placa, ano, idCategoria, idProprietario, idModelo, idCidade, dataCompra, dataAquisicao, valor, situacao) VALUES ('68708366162', 'DFS6616', 1986, 19, 244, 815, 'MOD', '1986-02-24', '1986-02-24', '29971.62', 'B');
INSERT INTO veiculo (renavam, placa, ano, idCategoria, idProprietario, idModelo, idCidade, dataCompra, dataAquisicao, valor, situacao) VALUES ('71727646051', 'GHL4605', 1987, 7, 558, 629, 'VAN', '1987-11-19', '1987-11-19', '51045.57', 'B');
INSERT INTO veiculo (renavam, placa, ano, idCategoria, idProprietario, idModelo, idCidade, dataCompra, dataAquisicao, valor, situacao) VALUES ('90678481526', 'ZCT8152', 1977, 35, 3, 1783, 'FAA', '1977-09-10', '1987-11-12', '73186.17', 'I');
INSERT INTO veiculo (renavam, placa, ano, idCategoria, idProprietario, idModelo, idCidade, dataCompra, dataAquisicao, valor, situacao) VALUES ('80657241197', 'PAH4119', 2014, 11, 573, 800, 'FEM', '2014-02-03', '2014-02-03', '12413.9', 'R');
INSERT INTO veiculo (renavam, placa, ano, idCategoria, idProprietario, idModelo, idCidade, dataCompra, dataAquisicao, valor, situacao) VALUES ('65877518780', 'AWK1878', 1989, 32, 575, 4422, 'PFG', '1989-05-11', '1989-05-11', '63415.34', 'B');
INSERT INTO veiculo (renavam, placa, ano, idCategoria, idProprietario, idModelo, idCidade, dataCompra, dataAquisicao, valor, situacao) VALUES ('84888415266', 'TXT1526', 1998, 7, 431, 1053, 'GCG', '1998-05-14', '1998-05-14', '22045.6', 'B');
INSERT INTO veiculo (renavam, placa, ano, idCategoria, idProprietario, idModelo, idCidade, dataCompra, dataAquisicao, valor, situacao) VALUES ('70747635219', 'FJL3521', 1970, 2, 297, 2303, 'FTP', '1970-05-03', '1970-05-03', '99948.33', 'B');
INSERT INTO veiculo (renavam, placa, ano, idCategoria, idProprietario, idModelo, idCidade, dataCompra, dataAquisicao, valor, situacao) VALUES ('79807818563', 'OPN1856', 1990, 29, 397, 1153, 'SAA', '1990-04-09', '1990-04-09', '32662.34', 'B');
INSERT INTO veiculo (renavam, placa, ano, idCategoria, idProprietario, idModelo, idCidade, dataCompra, dataAquisicao, valor, situacao) VALUES ('66688165659', 'BDQ6565', 1981, 29, 38, 2624, 'NPD', '1981-05-23', '1981-05-23', '9488.9', 'B');
INSERT INTO veiculo (renavam, placa, ano, idCategoria, idProprietario, idModelo, idCidade, dataCompra, dataAquisicao, valor, situacao) VALUES ('86886886608', 'VXD8660', 1997, 7, 566, 269, 'RPP', '1997-03-30', '1997-03-30', '33396.16', 'I');
INSERT INTO veiculo (renavam, placa, ano, idCategoria, idProprietario, idModelo, idCidade, dataCompra, dataAquisicao, valor, situacao) VALUES ('82827040363', 'RRF4036', 2010, 32, 386, 3030, 'FAS', '2010-07-27', '2010-07-27', '52411.84', 'I');
INSERT INTO veiculo (renavam, placa, ano, idCategoria, idProprietario, idModelo, idCidade, dataCompra, dataAquisicao, valor, situacao) VALUES ('85738477426', 'UIT7742', 2019, 25, 152, 580, 'AMM', '2019-01-06', '2019-01-06', '48037.12', 'R');
INSERT INTO veiculo (renavam, placa, ano, idCategoria, idProprietario, idModelo, idCidade, dataCompra, dataAquisicao, valor, situacao) VALUES ('90706536792', 'ZFA3679', 1987, 3, 262, 2674, 'NRP', '1987-03-24', '1987-03-24', '18446.22', 'I');
INSERT INTO veiculo (renavam, placa, ano, idCategoria, idProprietario, idModelo, idCidade, dataCompra, dataAquisicao, valor, situacao) VALUES ('80867454367', 'PVJ5436', 2002, 2, 346, 996, 'BPN', '2002-03-11', '2002-03-11', '23221.18', 'B');
INSERT INTO veiculo (renavam, placa, ano, idCategoria, idProprietario, idModelo, idCidade, dataCompra, dataAquisicao, valor, situacao) VALUES ('71857831665', 'GUN3166', 1981, 3, 286, 3173, 'SEM', '1981-09-18', '1981-09-18', '14970.1', 'R');
INSERT INTO veiculo (renavam, placa, ano, idCategoria, idProprietario, idModelo, idCidade, dataCompra, dataAquisicao, valor, situacao) VALUES ('67817616005', 'CQL1600', 2008, 4, 141, 1386, 'MGG', '2008-10-22', '2008-10-22', '46263.12', 'R');
INSERT INTO veiculo (renavam, placa, ano, idCategoria, idProprietario, idModelo, idCidade, dataCompra, dataAquisicao, valor, situacao) VALUES ('79757963816', 'OKO6381', 2014, 23, 253, 1843, 'NGA', '2014-02-18', '2014-02-18', '63299.99', 'B');
INSERT INTO veiculo (renavam, placa, ano, idCategoria, idProprietario, idModelo, idCidade, dataCompra, dataAquisicao, valor, situacao) VALUES ('77867210425', 'MVH1042', 2001, 1, 44, 1012, 'MGS', '2001-05-19', '2001-05-19', '53665.67', 'I');
INSERT INTO veiculo (renavam, placa, ano, idCategoria, idProprietario, idModelo, idCidade, dataCompra, dataAquisicao, valor, situacao) VALUES ('70837635498', 'FSL3549', 1981, 31, 40, 573, 'REV', '1981-02-07', '1991-10-11', '21073.18', 'B');
INSERT INTO veiculo (renavam, placa, ano, idCategoria, idProprietario, idModelo, idCidade, dataCompra, dataAquisicao, valor, situacao) VALUES ('67807894045', 'CPN9404', 1984, 20, 482, 1348, 'PIN', '1984-09-10', '1984-09-10', '12988.4', 'B');
INSERT INTO veiculo (renavam, placa, ano, idCategoria, idProprietario, idModelo, idCidade, dataCompra, dataAquisicao, valor, situacao) VALUES ('72678164859', 'HCQ6485', 1985, 28, 166, 1986, 'MMA', '1985-06-05', '1985-06-05', '49693.87', 'B');
INSERT INTO veiculo (renavam, placa, ano, idCategoria, idProprietario, idModelo, idCidade, dataCompra, dataAquisicao, valor, situacao) VALUES ('71796794706', 'GOC9470', 2012, 1, 132, 2276, 'PCS', '2012-11-07', '2012-11-07', '66311.51', 'I');
INSERT INTO veiculo (renavam, placa, ano, idCategoria, idProprietario, idModelo, idCidade, dataCompra, dataAquisicao, valor, situacao) VALUES ('70898470448', 'FYT7044', 1995, 18, 499, 2123, 'CGG', '1995-04-06', '1995-04-06', '12204.35', 'B');
INSERT INTO veiculo (renavam, placa, ano, idCategoria, idProprietario, idModelo, idCidade, dataCompra, dataAquisicao, valor, situacao) VALUES ('87867135714', 'WVG3571', 1990, 28, 303, 2064, 'RSG', '1990-10-31', '1990-10-31', '44770.7', 'B');
INSERT INTO veiculo (renavam, placa, ano, idCategoria, idProprietario, idModelo, idCidade, dataCompra, dataAquisicao, valor, situacao) VALUES ('70797861140', 'FON6114', 2017, 13, 591, 2189, 'VAA', '2017-01-10', '2019-01-04', '49779.15', 'R');
INSERT INTO veiculo (renavam, placa, ano, idCategoria, idProprietario, idModelo, idCidade, dataCompra, dataAquisicao, valor, situacao) VALUES ('87897463841', 'WYJ6384', 2002, 8, 202, 3120, 'FLS', '2002-05-21', '2002-05-21', '57920.59', 'B');
INSERT INTO veiculo (renavam, placa, ano, idCategoria, idProprietario, idModelo, idCidade, dataCompra, dataAquisicao, valor, situacao) VALUES ('84797464809', 'TOJ6480', 1982, 21, 257, 2690, 'SSP', '1982-10-12', '1982-10-12', '73017.49', 'B');
INSERT INTO veiculo (renavam, placa, ano, idCategoria, idProprietario, idModelo, idCidade, dataCompra, dataAquisicao, valor, situacao) VALUES ('89818195675', 'YQQ9567', 2017, 24, 12, 4417, 'OOS', '2017-06-05', '2017-06-05', '94079.97', 'R');
INSERT INTO veiculo (renavam, placa, ano, idCategoria, idProprietario, idModelo, idCidade, dataCompra, dataAquisicao, valor, situacao) VALUES ('90656841643', 'ZAD4164', 1998, 22, 328, 144, 'RFA', '1998-11-12', '1998-02-02', '81378.16', 'R');
INSERT INTO veiculo (renavam, placa, ano, idCategoria, idProprietario, idModelo, idCidade, dataCompra, dataAquisicao, valor, situacao) VALUES ('89697431853', 'YEJ3185', 1998, 2, 427, 755, 'PCP', '1998-01-06', '2017-10-19', '79783.2', 'R');
INSERT INTO veiculo (renavam, placa, ano, idCategoria, idProprietario, idModelo, idCidade, dataCompra, dataAquisicao, valor, situacao) VALUES ('78907852951', 'NZN5295', 1982, 4, 28, 2006, 'SFN', '1982-03-10', '1982-03-10', '19686.51', 'B');
INSERT INTO veiculo (renavam, placa, ano, idCategoria, idProprietario, idModelo, idCidade, dataCompra, dataAquisicao, valor, situacao) VALUES ('65787072170', 'ANF7217', 1975, 3, 416, 1254, 'MRG', '1975-05-11', '1992-04-02', '77456.54', 'B');
INSERT INTO veiculo (renavam, placa, ano, idCategoria, idProprietario, idModelo, idCidade, dataCompra, dataAquisicao, valor, situacao) VALUES ('76838887872', 'LSX8787', 2016, 18, 175, 2948, 'GCG', '2016-07-02', '2016-07-02', '93786.24', 'B');
INSERT INTO veiculo (renavam, placa, ano, idCategoria, idProprietario, idModelo, idCidade, dataCompra, dataAquisicao, valor, situacao) VALUES ('86827243933', 'VRH4393', 1973, 5, 456, 1721, 'GON', '1973-12-14', '1973-12-14', '29151.86', 'I');
INSERT INTO veiculo (renavam, placa, ano, idCategoria, idProprietario, idModelo, idCidade, dataCompra, dataAquisicao, valor, situacao) VALUES ('70787633470', 'FNL3347', 2013, 19, 293, 1089, 'CCC', '2013-06-15', '2013-06-15', '45669.5', 'R');
INSERT INTO veiculo (renavam, placa, ano, idCategoria, idProprietario, idModelo, idCidade, dataCompra, dataAquisicao, valor, situacao) VALUES ('75797915488', 'KOO1548', 2000, 14, 224, 235, 'ASF', '2000-04-09', '2007-07-02', '28841.37', 'B');
INSERT INTO veiculo (renavam, placa, ano, idCategoria, idProprietario, idModelo, idCidade, dataCompra, dataAquisicao, valor, situacao) VALUES ('80667476812', 'PBJ7681', 2012, 25, 223, 1968, 'CLM', '2012-07-13', '2012-07-13', '3896.8', 'R');
INSERT INTO veiculo (renavam, placa, ano, idCategoria, idProprietario, idModelo, idCidade, dataCompra, dataAquisicao, valor, situacao) VALUES ('65848698996', 'ATV9899', 2001, 6, 270, 4991, 'CHO', '2001-07-28', '2001-07-28', '43438.32', 'B');
INSERT INTO veiculo (renavam, placa, ano, idCategoria, idProprietario, idModelo, idCidade, dataCompra, dataAquisicao, valor, situacao) VALUES ('76677340362', 'LCI4036', 1973, 10, 198, 1, 'MSM', '1973-04-20', '1973-04-20', '22561.48', 'B');
INSERT INTO veiculo (renavam, placa, ano, idCategoria, idProprietario, idModelo, idCidade, dataCompra, dataAquisicao, valor, situacao) VALUES ('68908081935', 'DZP8193', 1996, 8, 124, 626, 'CAS', '1996-08-08', '1996-08-08', '45628.62', 'B');
INSERT INTO veiculo (renavam, placa, ano, idCategoria, idProprietario, idModelo, idCidade, dataCompra, dataAquisicao, valor, situacao) VALUES ('73897586498', 'IYK8649', 2003, 12, 598, 4363, 'PRP', '2003-02-08', '2007-07-16', '36870.43', 'B');
INSERT INTO veiculo (renavam, placa, ano, idCategoria, idProprietario, idModelo, idCidade, dataCompra, dataAquisicao, valor, situacao) VALUES ('87817354919', 'WQI5491', 1974, 13, 80, 1968, 'RGM', '1974-05-08', '1974-05-08', '82461.62', 'B');
INSERT INTO veiculo (renavam, placa, ano, idCategoria, idProprietario, idModelo, idCidade, dataCompra, dataAquisicao, valor, situacao) VALUES ('68757905713', 'DKO0571', 1983, 29, 6, 1467, 'LPD', '1983-06-16', '1983-06-16', '21058.14', 'B');
INSERT INTO veiculo (renavam, placa, ano, idCategoria, idProprietario, idModelo, idCidade, dataCompra, dataAquisicao, valor, situacao) VALUES ('69658444759', 'EAT4475', 1998, 32, 12, 2523, 'OOS', '1998-11-22', '1998-11-22', '71681.43', 'B');
INSERT INTO veiculo (renavam, placa, ano, idCategoria, idProprietario, idModelo, idCidade, dataCompra, dataAquisicao, valor, situacao) VALUES ('90807857845', 'ZPN5784', 2010, 10, 275, 2825, 'NPG', '2010-09-25', '2010-09-25', '32427.9', 'I');
INSERT INTO veiculo (renavam, placa, ano, idCategoria, idProprietario, idModelo, idCidade, dataCompra, dataAquisicao, valor, situacao) VALUES ('90756813757', 'ZKD1375', 1975, 24, 70, 892, 'OVM', '1975-04-20', '1975-04-20', '72661.17', 'B');
INSERT INTO veiculo (renavam, placa, ano, idCategoria, idProprietario, idModelo, idCidade, dataCompra, dataAquisicao, valor, situacao) VALUES ('88677911002', 'XCO1100', 1996, 31, 543, 3171, 'ALM', '1996-11-17', '1996-11-17', '2900.1', 'B');
INSERT INTO veiculo (renavam, placa, ano, idCategoria, idProprietario, idModelo, idCidade, dataCompra, dataAquisicao, valor, situacao) VALUES ('79747826140', 'OJN2614', 2019, 10, 345, 2073, 'ALM', '2019-02-18', '2019-02-18', '66868.49', 'R');
INSERT INTO veiculo (renavam, placa, ano, idCategoria, idProprietario, idModelo, idCidade, dataCompra, dataAquisicao, valor, situacao) VALUES ('86667305677', 'VBI0567', 2007, 27, 435, 4370, 'MUS', '2007-06-19', '2009-12-14', '55097.88', 'B');
INSERT INTO veiculo (renavam, placa, ano, idCategoria, idProprietario, idModelo, idCidade, dataCompra, dataAquisicao, valor, situacao) VALUES ('73746815137', 'IJD1513', 2014, 21, 287, 1467, 'SDM', '2014-04-03', '2014-04-03', '20151.9', 'R');
INSERT INTO veiculo (renavam, placa, ano, idCategoria, idProprietario, idModelo, idCidade, dataCompra, dataAquisicao, valor, situacao) VALUES ('73676995042', 'ICE9504', 1976, 19, 609, 1288, 'FPA', '1976-12-19', '1976-12-19', '58456.41', 'I');
INSERT INTO veiculo (renavam, placa, ano, idCategoria, idProprietario, idModelo, idCidade, dataCompra, dataAquisicao, valor, situacao) VALUES ('74687568297', 'JDK6829', 2014, 11, 72, 978, 'MEP', '2014-10-26', '2014-10-26', '4969.62', 'B');
INSERT INTO veiculo (renavam, placa, ano, idCategoria, idProprietario, idModelo, idCidade, dataCompra, dataAquisicao, valor, situacao) VALUES ('73858103260', 'IUQ0326', 1977, 22, 53, 2194, 'NPG', '1977-07-26', '1977-07-26', '98510.97', 'B');
INSERT INTO veiculo (renavam, placa, ano, idCategoria, idProprietario, idModelo, idCidade, dataCompra, dataAquisicao, valor, situacao) VALUES ('83757296583', 'SKH9658', 2013, 34, 156, 2655, 'RVS', '2013-06-11', '2013-06-11', '55932.5', 'B');
INSERT INTO veiculo (renavam, placa, ano, idCategoria, idProprietario, idModelo, idCidade, dataCompra, dataAquisicao, valor, situacao) VALUES ('71678446074', 'GCT4607', 1977, 11, 50, 1925, 'MRP', '1977-12-24', '1977-12-24', '21416.88', 'B');
INSERT INTO veiculo (renavam, placa, ano, idCategoria, idProprietario, idModelo, idCidade, dataCompra, dataAquisicao, valor, situacao) VALUES ('70778421806', 'FMT2180', 2004, 21, 179, 1984, 'PGM', '2004-08-23', '2004-08-23', '65400.28', 'B');
INSERT INTO veiculo (renavam, placa, ano, idCategoria, idProprietario, idModelo, idCidade, dataCompra, dataAquisicao, valor, situacao) VALUES ('70697408974', 'FEJ0897', 1975, 4, 79, 1078, 'CRD', '1975-02-14', '1975-02-14', '70481.75', 'B');
INSERT INTO veiculo (renavam, placa, ano, idCategoria, idProprietario, idModelo, idCidade, dataCompra, dataAquisicao, valor, situacao) VALUES ('76748067329', 'LJP6732', 2006, 16, 54, 1726, 'NGS', '2006-07-01', '2006-07-01', '30667.48', 'B');
INSERT INTO veiculo (renavam, placa, ano, idCategoria, idProprietario, idModelo, idCidade, dataCompra, dataAquisicao, valor, situacao) VALUES ('71858193050', 'GUQ9305', 1990, 31, 393, 2655, 'JUV', '1990-12-21', '1990-12-21', '36706.3', 'B');
INSERT INTO veiculo (renavam, placa, ano, idCategoria, idProprietario, idModelo, idCidade, dataCompra, dataAquisicao, valor, situacao) VALUES ('87796771540', 'WOC7154', 1983, 2, 451, 643, 'VSS', '1983-04-04', '1983-04-04', '23303.49', 'I');
INSERT INTO veiculo (renavam, placa, ano, idCategoria, idProprietario, idModelo, idCidade, dataCompra, dataAquisicao, valor, situacao) VALUES ('85688001407', 'UDP0140', 2010, 23, 467, 772, 'MMS', '2010-02-19', '2010-02-19', '18330.18', 'B');
INSERT INTO veiculo (renavam, placa, ano, idCategoria, idProprietario, idModelo, idCidade, dataCompra, dataAquisicao, valor, situacao) VALUES ('88848889707', 'XTX8970', 2000, 29, 214, 5018, 'MUS', '2000-01-24', '2000-01-24', '56241.88', 'B');
INSERT INTO veiculo (renavam, placa, ano, idCategoria, idProprietario, idModelo, idCidade, dataCompra, dataAquisicao, valor, situacao) VALUES ('89877844307', 'YWN4430', 1973, 15, 288, 1893, 'MNV', '1973-05-01', '1973-05-01', '54385.64', 'B');
INSERT INTO veiculo (renavam, placa, ano, idCategoria, idProprietario, idModelo, idCidade, dataCompra, dataAquisicao, valor, situacao) VALUES ('86868682338', 'VVV8233', 1982, 1, 223, 2064, 'CLM', '1982-09-25', '1982-09-25', '26221.35', 'B');
INSERT INTO veiculo (renavam, placa, ano, idCategoria, idProprietario, idModelo, idCidade, dataCompra, dataAquisicao, valor, situacao) VALUES ('89688750887', 'YDW5088', 2016, 30, 295, 946, 'MGC', '2016-05-08', '2018-12-29', '41060.24', 'R');
INSERT INTO veiculo (renavam, placa, ano, idCategoria, idProprietario, idModelo, idCidade, dataCompra, dataAquisicao, valor, situacao) VALUES ('74858989720', 'JUY8972', 1990, 4, 434, 2193, 'MPC', '1990-05-03', '2005-10-16', '6020.28', 'B');
INSERT INTO veiculo (renavam, placa, ano, idCategoria, idProprietario, idModelo, idCidade, dataCompra, dataAquisicao, valor, situacao) VALUES ('76888863390', 'LXX6339', 1973, 2, 21, 2593, 'SVM', '1973-01-31', '1973-01-31', '50605.18', 'B');
INSERT INTO veiculo (renavam, placa, ano, idCategoria, idProprietario, idModelo, idCidade, dataCompra, dataAquisicao, valor, situacao) VALUES ('73887206382', 'IXH0638', 2009, 14, 219, 815, 'SIM', '2009-11-11', '2009-11-11', '66688.27', 'R');
INSERT INTO veiculo (renavam, placa, ano, idCategoria, idProprietario, idModelo, idCidade, dataCompra, dataAquisicao, valor, situacao) VALUES ('73677440290', 'ICJ4029', 1996, 24, 578, 205, 'MMV', '1996-07-23', '1996-07-23', '1122.97', 'B');
INSERT INTO veiculo (renavam, placa, ano, idCategoria, idProprietario, idModelo, idCidade, dataCompra, dataAquisicao, valor, situacao) VALUES ('84857077091', 'TUF7709', 1998, 3, 331, 818, 'MES', '1998-06-02', '1998-06-02', '51231.84', 'B');
INSERT INTO veiculo (renavam, placa, ano, idCategoria, idProprietario, idModelo, idCidade, dataCompra, dataAquisicao, valor, situacao) VALUES ('65878540665', 'AWU4066', 1983, 6, 102, 2689, 'CPC', '1983-02-11', '1983-02-11', '92486.17', 'B');
INSERT INTO veiculo (renavam, placa, ano, idCategoria, idProprietario, idModelo, idCidade, dataCompra, dataAquisicao, valor, situacao) VALUES ('70676758917', 'FCC5891', 1986, 8, 307, 216, 'PNN', '1986-12-19', '1986-12-19', '63482.29', 'I');
INSERT INTO veiculo (renavam, placa, ano, idCategoria, idProprietario, idModelo, idCidade, dataCompra, dataAquisicao, valor, situacao) VALUES ('82697031165', 'REF3116', 2011, 30, 152, 4914, 'AMM', '2011-11-06', '2011-11-06', '59515.82', 'R');
INSERT INTO veiculo (renavam, placa, ano, idCategoria, idProprietario, idModelo, idCidade, dataCompra, dataAquisicao, valor, situacao) VALUES ('69838736006', 'ESW3600', 1988, 29, 318, 2810, 'NFP', '1988-02-29', '1988-02-29', '6317.1', 'B');
INSERT INTO veiculo (renavam, placa, ano, idCategoria, idProprietario, idModelo, idCidade, dataCompra, dataAquisicao, valor, situacao) VALUES ('81678466196', 'QCT6619', 1971, 35, 441, 201, 'RSD', '1971-08-01', '1971-08-01', '79080.85', 'B');
INSERT INTO veiculo (renavam, placa, ano, idCategoria, idProprietario, idModelo, idCidade, dataCompra, dataAquisicao, valor, situacao) VALUES ('80858829353', 'PUX2935', 2007, 14, 103, 621, 'MIC', '2007-04-19', '2007-04-19', '5684.12', 'B');
INSERT INTO veiculo (renavam, placa, ano, idCategoria, idProprietario, idModelo, idCidade, dataCompra, dataAquisicao, valor, situacao) VALUES ('81827999336', 'QRO9933', 1970, 12, 106, 356, 'SOG', '1970-03-07', '1980-01-01', '7773.87', 'B');
INSERT INTO veiculo (renavam, placa, ano, idCategoria, idProprietario, idModelo, idCidade, dataCompra, dataAquisicao, valor, situacao) VALUES ('89858323330', 'YUS2333', 2018, 23, 258, 2611, 'ANO', '2018-09-30', '2018-09-30', '81678.71', 'B');
INSERT INTO veiculo (renavam, placa, ano, idCategoria, idProprietario, idModelo, idCidade, dataCompra, dataAquisicao, valor, situacao) VALUES ('81767298272', 'QLH9827', 1996, 19, 300, 2275, 'MPS', '1996-02-28', '1996-02-28', '26725.27', 'I');
INSERT INTO veiculo (renavam, placa, ano, idCategoria, idProprietario, idModelo, idCidade, dataCompra, dataAquisicao, valor, situacao) VALUES ('66727510544', 'BHK1054', 1996, 1, 189, 1780, 'POO', '1996-04-30', '1996-04-30', '62807.27', 'R');
INSERT INTO veiculo (renavam, placa, ano, idCategoria, idProprietario, idModelo, idCidade, dataCompra, dataAquisicao, valor, situacao) VALUES ('71677361083', 'GCI6108', 1985, 1, 552, 3205, 'RCV', '1985-04-11', '1985-04-11', '76409.46', 'B');
INSERT INTO veiculo (renavam, placa, ano, idCategoria, idProprietario, idModelo, idCidade, dataCompra, dataAquisicao, valor, situacao) VALUES ('71736784623', 'GIC8462', 2006, 19, 203, 2829, 'GEG', '2006-01-09', '2013-02-03', '50703.28', 'B');
INSERT INTO veiculo (renavam, placa, ano, idCategoria, idProprietario, idModelo, idCidade, dataCompra, dataAquisicao, valor, situacao) VALUES ('79826898682', 'ORD9868', 1979, 20, 104, 2950, 'FMG', '1979-06-21', '1979-06-21', '10201.5', 'B');
INSERT INTO veiculo (renavam, placa, ano, idCategoria, idProprietario, idModelo, idCidade, dataCompra, dataAquisicao, valor, situacao) VALUES ('74778332083', 'JMS3208', 1983, 3, 543, 2397, 'ALM', '1983-09-25', '1983-09-25', '75172.28', 'B');
INSERT INTO veiculo (renavam, placa, ano, idCategoria, idProprietario, idModelo, idCidade, dataCompra, dataAquisicao, valor, situacao) VALUES ('82737453405', 'RIJ5340', 1981, 28, 406, 1641, 'FEO', '1981-05-25', '1981-05-25', '87681.49', 'B');
INSERT INTO veiculo (renavam, placa, ano, idCategoria, idProprietario, idModelo, idCidade, dataCompra, dataAquisicao, valor, situacao) VALUES ('67707209634', 'CFH0963', 1988, 22, 373, 2542, 'MRS', '1988-02-27', '2003-03-21', '79383.5', 'B');
INSERT INTO veiculo (renavam, placa, ano, idCategoria, idProprietario, idModelo, idCidade, dataCompra, dataAquisicao, valor, situacao) VALUES ('80666574381', 'PBA7438', 1998, 28, 18, 2402, 'MSP', '1998-03-08', '1998-03-08', '61353.88', 'B');
INSERT INTO veiculo (renavam, placa, ano, idCategoria, idProprietario, idModelo, idCidade, dataCompra, dataAquisicao, valor, situacao) VALUES ('83728252980', 'SHR5298', 1988, 21, 115, 2123, 'PGC', '1988-11-18', '1988-11-18', '22227.42', 'B');
INSERT INTO veiculo (renavam, placa, ano, idCategoria, idProprietario, idModelo, idCidade, dataCompra, dataAquisicao, valor, situacao) VALUES ('89848687720', 'YTV8772', 2014, 16, 290, 1231, 'MRG', '2014-01-05', '2014-01-05', '21787.68', 'B');
INSERT INTO veiculo (renavam, placa, ano, idCategoria, idProprietario, idModelo, idCidade, dataCompra, dataAquisicao, valor, situacao) VALUES ('69656764667', 'EAC6466', 2001, 34, 305, 2679, 'OLS', '2001-02-22', '2001-02-22', '32608.65', 'R');
INSERT INTO veiculo (renavam, placa, ano, idCategoria, idProprietario, idModelo, idCidade, dataCompra, dataAquisicao, valor, situacao) VALUES ('81898781210', 'QYW8121', 2011, 16, 571, 2012, 'CEG', '2011-10-22', '2011-10-22', '29564.14', 'B');
INSERT INTO veiculo (renavam, placa, ano, idCategoria, idProprietario, idModelo, idCidade, dataCompra, dataAquisicao, valor, situacao) VALUES ('65858176623', 'AUQ7662', 2004, 22, 269, 417, 'NNP', '2004-02-04', '2004-02-04', '88483.81', 'I');
INSERT INTO veiculo (renavam, placa, ano, idCategoria, idProprietario, idModelo, idCidade, dataCompra, dataAquisicao, valor, situacao) VALUES ('84688926550', 'TDY2655', 2003, 5, 348, 969, 'MGP', '2003-05-14', '2003-05-14', '80835.28', 'B');
INSERT INTO veiculo (renavam, placa, ano, idCategoria, idProprietario, idModelo, idCidade, dataCompra, dataAquisicao, valor, situacao) VALUES ('83868592865', 'SVU9286', 1980, 34, 323, 249, 'FSF', '1980-05-22', '1980-05-22', '66509.97', 'B');
INSERT INTO veiculo (renavam, placa, ano, idCategoria, idProprietario, idModelo, idCidade, dataCompra, dataAquisicao, valor, situacao) VALUES ('85738404291', 'UIT0429', 2003, 34, 15, 780, 'MPC', '2003-06-14', '2004-08-03', '64788.19', 'I');
INSERT INTO veiculo (renavam, placa, ano, idCategoria, idProprietario, idModelo, idCidade, dataCompra, dataAquisicao, valor, situacao) VALUES ('65818057038', 'AQP5703', 1993, 14, 118, 2304, 'RIM', '1993-07-31', '1993-10-04', '89540.31', 'B');
INSERT INTO veiculo (renavam, placa, ano, idCategoria, idProprietario, idModelo, idCidade, dataCompra, dataAquisicao, valor, situacao) VALUES ('76877516766', 'LWK1676', 1991, 26, 257, 2816, 'SSP', '1991-01-19', '1998-11-19', '42230.35', 'I');
INSERT INTO veiculo (renavam, placa, ano, idCategoria, idProprietario, idModelo, idCidade, dataCompra, dataAquisicao, valor, situacao) VALUES ('90877308999', 'ZWI0899', 1988, 13, 454, 1188, 'MVC', '1988-01-23', '1988-12-24', '29439.67', 'B');
INSERT INTO veiculo (renavam, placa, ano, idCategoria, idProprietario, idModelo, idCidade, dataCompra, dataAquisicao, valor, situacao) VALUES ('73828502094', 'IRU0209', 1979, 8, 214, 946, 'MUS', '1979-05-31', '1979-05-31', '41703.8', 'B');
INSERT INTO veiculo (renavam, placa, ano, idCategoria, idProprietario, idModelo, idCidade, dataCompra, dataAquisicao, valor, situacao) VALUES ('75748392639', 'KJS9263', 1989, 22, 336, 1991, 'MEN', '1989-10-11', '1989-10-11', '54474.32', 'B');
INSERT INTO veiculo (renavam, placa, ano, idCategoria, idProprietario, idModelo, idCidade, dataCompra, dataAquisicao, valor, situacao) VALUES ('77806612809', 'MPB1280', 1975, 19, 341, 2347, 'SOG', '1975-08-16', '1975-08-16', '99067.49', 'B');
INSERT INTO veiculo (renavam, placa, ano, idCategoria, idProprietario, idModelo, idCidade, dataCompra, dataAquisicao, valor, situacao) VALUES ('72766760682', 'HLC6068', 2017, 3, 344, 2421, 'CMP', '2017-08-30', '2017-08-30', '32209.26', 'R');
INSERT INTO veiculo (renavam, placa, ano, idCategoria, idProprietario, idModelo, idCidade, dataCompra, dataAquisicao, valor, situacao) VALUES ('80756987170', 'PKE8717', 1971, 25, 84, 4955, 'SDM', '1971-02-08', '1971-02-08', '32211.59', 'B');
INSERT INTO veiculo (renavam, placa, ano, idCategoria, idProprietario, idModelo, idCidade, dataCompra, dataAquisicao, valor, situacao) VALUES ('76847819590', 'LTN1959', 1970, 15, 187, 1845, 'CAO', '1970-09-29', '1970-09-29', '15344.48', 'B');
INSERT INTO veiculo (renavam, placa, ano, idCategoria, idProprietario, idModelo, idCidade, dataCompra, dataAquisicao, valor, situacao) VALUES ('73758343219', 'IKS4321', 2001, 35, 326, 4387, 'MMN', '2001-10-13', '2001-10-13', '38839.59', 'B');
INSERT INTO veiculo (renavam, placa, ano, idCategoria, idProprietario, idModelo, idCidade, dataCompra, dataAquisicao, valor, situacao) VALUES ('80787890055', 'PNN9005', 2007, 22, 481, 2140, 'FIM', '2007-09-27', '2007-09-27', '12396.52', 'I');
INSERT INTO veiculo (renavam, placa, ano, idCategoria, idProprietario, idModelo, idCidade, dataCompra, dataAquisicao, valor, situacao) VALUES ('85698297252', 'UER9725', 2006, 30, 36, 5015, 'JOD', '2006-07-24', '2006-07-24', '98043.18', 'B');
INSERT INTO veiculo (renavam, placa, ano, idCategoria, idProprietario, idModelo, idCidade, dataCompra, dataAquisicao, valor, situacao) VALUES ('80727592252', 'PHK9225', 1970, 2, 452, 2823, 'FEM', '1970-12-19', '1970-12-19', '46480.71', 'I');
INSERT INTO veiculo (renavam, placa, ano, idCategoria, idProprietario, idModelo, idCidade, dataCompra, dataAquisicao, valor, situacao) VALUES ('74767126703', 'JLG2670', 1986, 2, 227, 2966, 'FGA', '1986-01-25', '1986-01-25', '88422.71', 'B');
INSERT INTO veiculo (renavam, placa, ano, idCategoria, idProprietario, idModelo, idCidade, dataCompra, dataAquisicao, valor, situacao) VALUES ('68787859574', 'DNN5957', 1989, 29, 315, 2880, 'VRV', '1989-10-16', '1989-10-16', '80917.28', 'I');
INSERT INTO veiculo (renavam, placa, ano, idCategoria, idProprietario, idModelo, idCidade, dataCompra, dataAquisicao, valor, situacao) VALUES ('80898693630', 'PYV9363', 1995, 15, 92, 4987, 'MTG', '1995-03-05', '1995-03-05', '24106.46', 'B');
INSERT INTO veiculo (renavam, placa, ano, idCategoria, idProprietario, idModelo, idCidade, dataCompra, dataAquisicao, valor, situacao) VALUES ('85847376728', 'UTI7672', 1982, 35, 312, 3184, 'ONA', '1982-08-21', '1984-09-20', '90673.1', 'B');
INSERT INTO veiculo (renavam, placa, ano, idCategoria, idProprietario, idModelo, idCidade, dataCompra, dataAquisicao, valor, situacao) VALUES ('68898116839', 'DYQ1683', 2010, 27, 135, 1078, 'NNP', '2010-08-31', '2010-08-31', '28986.54', 'B');
INSERT INTO veiculo (renavam, placa, ano, idCategoria, idProprietario, idModelo, idCidade, dataCompra, dataAquisicao, valor, situacao) VALUES ('72678976578', 'HCY7657', 1972, 1, 84, 296, 'SDM', '1972-01-21', '1972-01-21', '90257.96', 'B');
INSERT INTO veiculo (renavam, placa, ano, idCategoria, idProprietario, idModelo, idCidade, dataCompra, dataAquisicao, valor, situacao) VALUES ('90847068590', 'ZTF6859', 2009, 11, 273, 2863, 'STP', '2009-12-01', '2009-12-01', '37693.58', 'B');
INSERT INTO veiculo (renavam, placa, ano, idCategoria, idProprietario, idModelo, idCidade, dataCompra, dataAquisicao, valor, situacao) VALUES ('70697751954', 'FEM5195', 1982, 35, 297, 4955, 'FTP', '1982-05-19', '1982-05-19', '80696.97', 'B');
INSERT INTO veiculo (renavam, placa, ano, idCategoria, idProprietario, idModelo, idCidade, dataCompra, dataAquisicao, valor, situacao) VALUES ('90907303302', 'ZZI0330', 1985, 30, 91, 2394, 'VAS', '1985-08-24', '1985-08-24', '57629.53', 'I');
INSERT INTO veiculo (renavam, placa, ano, idCategoria, idProprietario, idModelo, idCidade, dataCompra, dataAquisicao, valor, situacao) VALUES ('86767860460', 'VLN6046', 2015, 31, 602, 231, 'MAD', '2015-11-05', '2015-11-05', '73093.18', 'R');
INSERT INTO veiculo (renavam, placa, ano, idCategoria, idProprietario, idModelo, idCidade, dataCompra, dataAquisicao, valor, situacao) VALUES ('73907219964', 'IZH1996', 1983, 32, 506, 4405, 'GAP', '1983-07-20', '1983-07-20', '15334.35', 'B');
INSERT INTO veiculo (renavam, placa, ano, idCategoria, idProprietario, idModelo, idCidade, dataCompra, dataAquisicao, valor, situacao) VALUES ('66827114900', 'BRG1490', 1986, 22, 5, 2605, 'CFG', '1986-06-15', '1986-06-15', '28610.46', 'B');
INSERT INTO veiculo (renavam, placa, ano, idCategoria, idProprietario, idModelo, idCidade, dataCompra, dataAquisicao, valor, situacao) VALUES ('78738773707', 'NIW7370', 2004, 34, 177, 1022, 'PDP', '2004-10-28', '2008-06-03', '17126.91', 'B');
INSERT INTO veiculo (renavam, placa, ano, idCategoria, idProprietario, idModelo, idCidade, dataCompra, dataAquisicao, valor, situacao) VALUES ('68897343602', 'DYI4360', 2001, 30, 244, 137, 'MOD', '2001-02-28', '2009-09-14', '79955.36', 'I');
INSERT INTO veiculo (renavam, placa, ano, idCategoria, idProprietario, idModelo, idCidade, dataCompra, dataAquisicao, valor, situacao) VALUES ('75858257760', 'KUR5776', 1999, 22, 158, 2886, 'CCG', '1999-06-09', '1999-06-09', '2396.35', 'B');
INSERT INTO veiculo (renavam, placa, ano, idCategoria, idProprietario, idModelo, idCidade, dataCompra, dataAquisicao, valor, situacao) VALUES ('89677335301', 'YCI3530', 1970, 21, 37, 2862, 'RSG', '1970-07-18', '1970-07-18', '50242.66', 'B');
INSERT INTO veiculo (renavam, placa, ano, idCategoria, idProprietario, idModelo, idCidade, dataCompra, dataAquisicao, valor, situacao) VALUES ('84808804988', 'TPX0498', 1986, 12, 615, 1404, 'BOP', '1986-11-07', '1986-11-07', '21541.57', 'B');
INSERT INTO veiculo (renavam, placa, ano, idCategoria, idProprietario, idModelo, idCidade, dataCompra, dataAquisicao, valor, situacao) VALUES ('74876656819', 'JWB5681', 1976, 7, 363, 2269, 'PTO', '1976-07-18', '1976-07-18', '79514.55', 'B');
INSERT INTO veiculo (renavam, placa, ano, idCategoria, idProprietario, idModelo, idCidade, dataCompra, dataAquisicao, valor, situacao) VALUES ('73807546220', 'IPK4622', 2002, 5, 219, 2954, 'SIM', '2002-08-18', '2010-02-13', '56163.27', 'R');
INSERT INTO veiculo (renavam, placa, ano, idCategoria, idProprietario, idModelo, idCidade, dataCompra, dataAquisicao, valor, situacao) VALUES ('84656727595', 'TAC2759', 2007, 7, 44, 4951, 'MGS', '2007-12-02', '2007-12-02', '3684.0', 'R');
INSERT INTO veiculo (renavam, placa, ano, idCategoria, idProprietario, idModelo, idCidade, dataCompra, dataAquisicao, valor, situacao) VALUES ('83888999898', 'SXY9989', 1994, 19, 9, 615, 'BDS', '1994-03-31', '1994-03-31', '44395.55', 'B');
INSERT INTO veiculo (renavam, placa, ano, idCategoria, idProprietario, idModelo, idCidade, dataCompra, dataAquisicao, valor, situacao) VALUES ('67677750138', 'CCM5013', 2005, 8, 250, 2678, 'FMN', '2005-11-12', '2013-08-25', '73204.46', 'R');
INSERT INTO veiculo (renavam, placa, ano, idCategoria, idProprietario, idModelo, idCidade, dataCompra, dataAquisicao, valor, situacao) VALUES ('90797449057', 'ZOJ4905', 2006, 30, 268, 3195, 'FGP', '2006-03-02', '2012-11-08', '15758.85', 'B');
INSERT INTO veiculo (renavam, placa, ano, idCategoria, idProprietario, idModelo, idCidade, dataCompra, dataAquisicao, valor, situacao) VALUES ('88708619049', 'XFV1904', 1976, 18, 258, 1896, 'ANO', '1976-10-10', '1976-10-10', '93676.49', 'I');
INSERT INTO veiculo (renavam, placa, ano, idCategoria, idProprietario, idModelo, idCidade, dataCompra, dataAquisicao, valor, situacao) VALUES ('66678260802', 'BCR6080', 2012, 26, 452, 1747, 'FEM', '2012-05-11', '2012-05-11', '84281.84', 'R');
INSERT INTO veiculo (renavam, placa, ano, idCategoria, idProprietario, idModelo, idCidade, dataCompra, dataAquisicao, valor, situacao) VALUES ('83666836402', 'SBD3640', 1987, 5, 566, 2941, 'RPP', '1987-02-16', '1987-02-16', '14208.66', 'R');
INSERT INTO veiculo (renavam, placa, ano, idCategoria, idProprietario, idModelo, idCidade, dataCompra, dataAquisicao, valor, situacao) VALUES ('77857317006', 'MUI1700', 1970, 27, 427, 1956, 'PCP', '1970-02-18', '1970-02-18', '53499.2', 'B');
INSERT INTO veiculo (renavam, placa, ano, idCategoria, idProprietario, idModelo, idCidade, dataCompra, dataAquisicao, valor, situacao) VALUES ('83788325658', 'SNS2565', 2000, 18, 589, 382, 'PRP', '2000-11-17', '2000-11-17', '21658.8', 'I');
INSERT INTO veiculo (renavam, placa, ano, idCategoria, idProprietario, idModelo, idCidade, dataCompra, dataAquisicao, valor, situacao) VALUES ('67858132932', 'CUQ3293', 1995, 23, 374, 2212, 'RFA', '1995-06-24', '1995-06-24', '97259.95', 'B');
INSERT INTO veiculo (renavam, placa, ano, idCategoria, idProprietario, idModelo, idCidade, dataCompra, dataAquisicao, valor, situacao) VALUES ('74688698143', 'JDV9814', 2002, 6, 243, 1260, 'MAD', '2002-10-17', '2002-10-17', '39806.8', 'R');
INSERT INTO veiculo (renavam, placa, ano, idCategoria, idProprietario, idModelo, idCidade, dataCompra, dataAquisicao, valor, situacao) VALUES ('83738309519', 'SIS0951', 1994, 8, 139, 1843, 'COP', '1994-10-20', '1994-10-20', '50575.82', 'R');
INSERT INTO veiculo (renavam, placa, ano, idCategoria, idProprietario, idModelo, idCidade, dataCompra, dataAquisicao, valor, situacao) VALUES ('80687722916', 'PDM2291', 1986, 27, 291, 2684, 'RSO', '1986-02-04', '1986-02-04', '5850.44', 'B');
INSERT INTO veiculo (renavam, placa, ano, idCategoria, idProprietario, idModelo, idCidade, dataCompra, dataAquisicao, valor, situacao) VALUES ('74897048958', 'JYF4895', 1997, 21, 181, 1845, 'MDN', '1997-03-08', '2000-05-30', '79574.43', 'I');
INSERT INTO veiculo (renavam, placa, ano, idCategoria, idProprietario, idModelo, idCidade, dataCompra, dataAquisicao, valor, situacao) VALUES ('84687026041', 'TDF2604', 1978, 19, 607, 2588, 'MBF', '1978-03-31', '1978-03-31', '56395.22', 'B');
INSERT INTO veiculo (renavam, placa, ano, idCategoria, idProprietario, idModelo, idCidade, dataCompra, dataAquisicao, valor, situacao) VALUES ('76819095036', 'LQZ9503', 2012, 25, 395, 2589, 'FAS', '2012-12-23', '2012-12-23', '90014.96', 'I');
INSERT INTO veiculo (renavam, placa, ano, idCategoria, idProprietario, idModelo, idCidade, dataCompra, dataAquisicao, valor, situacao) VALUES ('82729088612', 'RHZ8861', 2015, 4, 447, 2227, 'DAG', '2015-03-21', '2015-03-21', '6948.2', 'R');
INSERT INTO veiculo (renavam, placa, ano, idCategoria, idProprietario, idModelo, idCidade, dataCompra, dataAquisicao, valor, situacao) VALUES ('71676681122', 'GCB8112', 1984, 4, 276, 954, 'POA', '1984-03-29', '1984-03-29', '87258.49', 'I');
INSERT INTO veiculo (renavam, placa, ano, idCategoria, idProprietario, idModelo, idCidade, dataCompra, dataAquisicao, valor, situacao) VALUES ('89767634260', 'YLL3426', 2012, 9, 226, 1747, 'RMP', '2012-04-11', '2012-04-11', '75975.94', 'R');
INSERT INTO veiculo (renavam, placa, ano, idCategoria, idProprietario, idModelo, idCidade, dataCompra, dataAquisicao, valor, situacao) VALUES ('76767955668', 'LLO5566', 2007, 15, 376, 2491, 'CPG', '2007-06-13', '2007-06-13', '20601.68', 'B');
INSERT INTO veiculo (renavam, placa, ano, idCategoria, idProprietario, idModelo, idCidade, dataCompra, dataAquisicao, valor, situacao) VALUES ('75778180265', 'KMQ8026', 1993, 15, 227, 2336, 'FGA', '1993-02-18', '1993-02-18', '33802.19', 'R');
INSERT INTO veiculo (renavam, placa, ano, idCategoria, idProprietario, idModelo, idCidade, dataCompra, dataAquisicao, valor, situacao) VALUES ('76688803814', 'LDX0381', 2000, 21, 130, 1328, 'CNP', '2000-10-22', '2000-10-22', '67832.71', 'I');
INSERT INTO veiculo (renavam, placa, ano, idCategoria, idProprietario, idModelo, idCidade, dataCompra, dataAquisicao, valor, situacao) VALUES ('85788228276', 'UNR2827', 1985, 17, 504, 4958, 'CAA', '1985-12-18', '1985-12-18', '50356.9', 'B');
INSERT INTO veiculo (renavam, placa, ano, idCategoria, idProprietario, idModelo, idCidade, dataCompra, dataAquisicao, valor, situacao) VALUES ('88698466695', 'XET6669', 1978, 12, 179, 3125, 'PGM', '1978-11-01', '1988-12-23', '72334.26', 'B');
INSERT INTO veiculo (renavam, placa, ano, idCategoria, idProprietario, idModelo, idCidade, dataCompra, dataAquisicao, valor, situacao) VALUES ('66708572181', 'BFU7218', 2003, 16, 153, 5020, 'FVG', '2003-04-16', '2003-04-16', '2922.75', 'B');
INSERT INTO veiculo (renavam, placa, ano, idCategoria, idProprietario, idModelo, idCidade, dataCompra, dataAquisicao, valor, situacao) VALUES ('70778326730', 'FMS2673', 2005, 26, 230, 2909, 'OIV', '2005-10-26', '2019-09-13', '49985.1', 'R');
INSERT INTO veiculo (renavam, placa, ano, idCategoria, idProprietario, idModelo, idCidade, dataCompra, dataAquisicao, valor, situacao) VALUES ('76656572132', 'LAA7213', 2006, 28, 483, 1780, 'BSC', '2006-01-30', '2006-01-30', '42044.38', 'B');
INSERT INTO veiculo (renavam, placa, ano, idCategoria, idProprietario, idModelo, idCidade, dataCompra, dataAquisicao, valor, situacao) VALUES ('87857920800', 'WUO2080', 1979, 9, 51, 2347, 'FPP', '1979-04-25', '1979-04-25', '18368.12', 'B');
INSERT INTO veiculo (renavam, placa, ano, idCategoria, idProprietario, idModelo, idCidade, dataCompra, dataAquisicao, valor, situacao) VALUES ('85909050154', 'UZZ5015', 1970, 28, 9, 2990, 'BDS', '1970-01-18', '1970-01-18', '83554.79', 'B');
INSERT INTO veiculo (renavam, placa, ano, idCategoria, idProprietario, idModelo, idCidade, dataCompra, dataAquisicao, valor, situacao) VALUES ('65746574074', 'AJA7407', 1977, 9, 544, 843, 'DGC', '1977-05-09', '1977-05-09', '4012.73', 'B');
INSERT INTO veiculo (renavam, placa, ano, idCategoria, idProprietario, idModelo, idCidade, dataCompra, dataAquisicao, valor, situacao) VALUES ('86676657122', 'VCB5712', 2010, 19, 12, 2416, 'OOS', '2010-05-20', '2010-05-20', '97557.67', 'R');
INSERT INTO veiculo (renavam, placa, ano, idCategoria, idProprietario, idModelo, idCidade, dataCompra, dataAquisicao, valor, situacao) VALUES ('70877125695', 'FWG2569', 2004, 9, 104, 1147, 'FMG', '2004-10-23', '2004-10-23', '13453.84', 'I');
INSERT INTO veiculo (renavam, placa, ano, idCategoria, idProprietario, idModelo, idCidade, dataCompra, dataAquisicao, valor, situacao) VALUES ('81678000162', 'QCP0016', 1989, 25, 333, 4945, 'FIO', '1989-07-30', '1989-07-30', '46770.32', 'R');
INSERT INTO veiculo (renavam, placa, ano, idCategoria, idProprietario, idModelo, idCidade, dataCompra, dataAquisicao, valor, situacao) VALUES ('78847283875', 'NTH8387', 2002, 13, 261, 765, 'PMP', '2002-12-24', '2002-12-24', '52972.57', 'B');
INSERT INTO veiculo (renavam, placa, ano, idCategoria, idProprietario, idModelo, idCidade, dataCompra, dataAquisicao, valor, situacao) VALUES ('67687395349', 'CDI9534', 2008, 21, 4, 415, 'FAA', '2008-02-02', '2008-02-02', '86216.9', 'B');
INSERT INTO veiculo (renavam, placa, ano, idCategoria, idProprietario, idModelo, idCidade, dataCompra, dataAquisicao, valor, situacao) VALUES ('87736909791', 'WIE0979', 2004, 34, 552, 2491, 'RCV', '2004-02-28', '2004-12-17', '35605.1', 'B');
INSERT INTO veiculo (renavam, placa, ano, idCategoria, idProprietario, idModelo, idCidade, dataCompra, dataAquisicao, valor, situacao) VALUES ('90887724553', 'ZXM2455', 1975, 2, 605, 3177, 'MDP', '1975-05-07', '1975-05-07', '14330.89', 'I');
INSERT INTO veiculo (renavam, placa, ano, idCategoria, idProprietario, idModelo, idCidade, dataCompra, dataAquisicao, valor, situacao) VALUES ('74886836070', 'JXD3607', 1971, 34, 11, 1047, 'FEO', '1971-06-24', '1971-06-24', '68357.12', 'B');
INSERT INTO veiculo (renavam, placa, ano, idCategoria, idProprietario, idModelo, idCidade, dataCompra, dataAquisicao, valor, situacao) VALUES ('81748773734', 'QJW7373', 2011, 24, 277, 2975, 'MOM', '2011-08-21', '2011-08-21', '23554.27', 'R');
INSERT INTO veiculo (renavam, placa, ano, idCategoria, idProprietario, idModelo, idCidade, dataCompra, dataAquisicao, valor, situacao) VALUES ('86748394408', 'VJS9440', 1998, 18, 463, 4401, 'BSP', '1998-03-20', '1998-03-20', '78644.39', 'B');
INSERT INTO veiculo (renavam, placa, ano, idCategoria, idProprietario, idModelo, idCidade, dataCompra, dataAquisicao, valor, situacao) VALUES ('84798202689', 'TOR0268', 2011, 28, 177, 947, 'PDP', '2011-02-06', '2011-07-08', '71822.28', 'I');
INSERT INTO veiculo (renavam, placa, ano, idCategoria, idProprietario, idModelo, idCidade, dataCompra, dataAquisicao, valor, situacao) VALUES ('68738676780', 'DIV7678', 2010, 28, 331, 1902, 'MES', '2010-09-21', '2010-09-21', '75104.25', 'R');
INSERT INTO veiculo (renavam, placa, ano, idCategoria, idProprietario, idModelo, idCidade, dataCompra, dataAquisicao, valor, situacao) VALUES ('66807678239', 'BPL7823', 1993, 30, 605, 2404, 'MDP', '1993-05-24', '1993-05-24', '58903.6', 'B');
INSERT INTO veiculo (renavam, placa, ano, idCategoria, idProprietario, idModelo, idCidade, dataCompra, dataAquisicao, valor, situacao) VALUES ('82828136275', 'RRQ3627', 1985, 5, 506, 332, 'GAP', '1985-03-29', '1997-10-03', '82581.7', 'B');
INSERT INTO veiculo (renavam, placa, ano, idCategoria, idProprietario, idModelo, idCidade, dataCompra, dataAquisicao, valor, situacao) VALUES ('70768389799', 'FLS8979', 1975, 8, 237, 5014, 'CNA', '1975-07-11', '1975-07-11', '76057.41', 'B');
INSERT INTO veiculo (renavam, placa, ano, idCategoria, idProprietario, idModelo, idCidade, dataCompra, dataAquisicao, valor, situacao) VALUES ('82688230398', 'RDR3039', 1971, 33, 573, 133, 'FEM', '1971-02-15', '1987-01-16', '27100.31', 'B');
INSERT INTO veiculo (renavam, placa, ano, idCategoria, idProprietario, idModelo, idCidade, dataCompra, dataAquisicao, valor, situacao) VALUES ('72667365866', 'HBI6586', 1976, 16, 117, 2902, 'PRS', '1976-12-02', '1976-12-02', '77483.49', 'B');
INSERT INTO veiculo (renavam, placa, ano, idCategoria, idProprietario, idModelo, idCidade, dataCompra, dataAquisicao, valor, situacao) VALUES ('77778507139', 'MMU0713', 1992, 15, 308, 1724, 'CPA', '1992-08-21', '1992-08-21', '31307.42', 'I');
INSERT INTO veiculo (renavam, placa, ano, idCategoria, idProprietario, idModelo, idCidade, dataCompra, dataAquisicao, valor, situacao) VALUES ('84906744890', 'TZC4489', 2016, 9, 31, 2676, 'SSP', '2016-12-17', '2016-12-17', '54876.79', 'R');
INSERT INTO veiculo (renavam, placa, ano, idCategoria, idProprietario, idModelo, idCidade, dataCompra, dataAquisicao, valor, situacao) VALUES ('82866865670', 'RVD6567', 1983, 5, 183, 2479, 'FAM', '1983-08-10', '1983-08-10', '96255.74', 'B');
INSERT INTO veiculo (renavam, placa, ano, idCategoria, idProprietario, idModelo, idCidade, dataCompra, dataAquisicao, valor, situacao) VALUES ('83656705828', 'SAC0582', 2008, 27, 476, 2409, 'NGA', '2008-08-01', '2008-08-01', '42729.72', 'B');
INSERT INTO veiculo (renavam, placa, ano, idCategoria, idProprietario, idModelo, idCidade, dataCompra, dataAquisicao, valor, situacao) VALUES ('81726529032', 'QHA2903', 1996, 6, 7, 2954, 'LCP', '1996-05-12', '1996-05-12', '36089.53', 'B');
INSERT INTO veiculo (renavam, placa, ano, idCategoria, idProprietario, idModelo, idCidade, dataCompra, dataAquisicao, valor, situacao) VALUES ('86726870134', 'VHD7013', 1978, 24, 520, 2562, 'VDS', '1978-06-27', '1978-06-27', '19684.5', 'I');
INSERT INTO veiculo (renavam, placa, ano, idCategoria, idProprietario, idModelo, idCidade, dataCompra, dataAquisicao, valor, situacao) VALUES ('79737534227', 'OIK3422', 1993, 8, 367, 1202, 'NRP', '1993-10-23', '1993-10-23', '44093.19', 'B');
INSERT INTO veiculo (renavam, placa, ano, idCategoria, idProprietario, idModelo, idCidade, dataCompra, dataAquisicao, valor, situacao) VALUES ('80697804478', 'PEN0447', 2013, 21, 227, 2294, 'FGA', '2013-08-09', '2013-08-09', '37089.56', 'R');
INSERT INTO veiculo (renavam, placa, ano, idCategoria, idProprietario, idModelo, idCidade, dataCompra, dataAquisicao, valor, situacao) VALUES ('87658256381', 'WAR5638', 2007, 20, 516, 4398, 'VLA', '2007-06-09', '2007-06-09', '13740.64', 'B');
INSERT INTO veiculo (renavam, placa, ano, idCategoria, idProprietario, idModelo, idCidade, dataCompra, dataAquisicao, valor, situacao) VALUES ('80876984322', 'PWE8432', 1983, 15, 139, 2183, 'COP', '1983-08-23', '1983-08-23', '91741.47', 'B');
INSERT INTO veiculo (renavam, placa, ano, idCategoria, idProprietario, idModelo, idCidade, dataCompra, dataAquisicao, valor, situacao) VALUES ('73668821510', 'IBX2151', 1988, 29, 164, 1984, 'RDG', '1988-06-26', '1988-06-26', '89847.83', 'B');
INSERT INTO veiculo (renavam, placa, ano, idCategoria, idProprietario, idModelo, idCidade, dataCompra, dataAquisicao, valor, situacao) VALUES ('85726763500', 'UHC6350', 2011, 11, 364, 2524, 'PMP', '2011-02-25', '2011-02-25', '156.19', 'I');
INSERT INTO veiculo (renavam, placa, ano, idCategoria, idProprietario, idModelo, idCidade, dataCompra, dataAquisicao, valor, situacao) VALUES ('85697976245', 'UEO7624', 1990, 27, 215, 725, 'MES', '1990-11-25', '1990-11-25', '48178.93', 'I');
INSERT INTO veiculo (renavam, placa, ano, idCategoria, idProprietario, idModelo, idCidade, dataCompra, dataAquisicao, valor, situacao) VALUES ('84657112144', 'TAG1214', 2007, 31, 198, 1537, 'MSM', '2007-06-08', '2007-06-08', '87074.42', 'B');
INSERT INTO veiculo (renavam, placa, ano, idCategoria, idProprietario, idModelo, idCidade, dataCompra, dataAquisicao, valor, situacao) VALUES ('65907324775', 'AZI2477', 1979, 5, 246, 2118, 'RDM', '1979-04-30', '1983-03-12', '98025.11', 'I');
INSERT INTO veiculo (renavam, placa, ano, idCategoria, idProprietario, idModelo, idCidade, dataCompra, dataAquisicao, valor, situacao) VALUES ('68877438098', 'DWJ3809', 1988, 23, 214, 4464, 'MUS', '1988-10-13', '1988-10-13', '13125.17', 'I');
INSERT INTO veiculo (renavam, placa, ano, idCategoria, idProprietario, idModelo, idCidade, dataCompra, dataAquisicao, valor, situacao) VALUES ('74668395021', 'JBS9502', 1996, 23, 502, 1092, 'OGP', '1996-01-30', '2001-06-05', '80755.9', 'B');
INSERT INTO veiculo (renavam, placa, ano, idCategoria, idProprietario, idModelo, idCidade, dataCompra, dataAquisicao, valor, situacao) VALUES ('84727044916', 'THF4491', 1982, 6, 206, 3204, 'MIC', '1982-09-28', '1982-09-28', '1179.68', 'B');
INSERT INTO veiculo (renavam, placa, ano, idCategoria, idProprietario, idModelo, idCidade, dataCompra, dataAquisicao, valor, situacao) VALUES ('69768253923', 'ELR5392', 1995, 33, 301, 39, 'LSA', '1995-06-05', '1995-06-05', '16649.37', 'B');
INSERT INTO veiculo (renavam, placa, ano, idCategoria, idProprietario, idModelo, idCidade, dataCompra, dataAquisicao, valor, situacao) VALUES ('79839017590', 'OSZ1759', 1972, 27, 81, 4960, 'NAG', '1972-04-02', '1972-04-02', '38625.15', 'B');
INSERT INTO veiculo (renavam, placa, ano, idCategoria, idProprietario, idModelo, idCidade, dataCompra, dataAquisicao, valor, situacao) VALUES ('88818368270', 'XQS6827', 2014, 21, 57, 2782, 'DFO', '2014-11-27', '2014-11-27', '7670.89', 'B');
INSERT INTO veiculo (renavam, placa, ano, idCategoria, idProprietario, idModelo, idCidade, dataCompra, dataAquisicao, valor, situacao) VALUES ('88828793011', 'XRW9301', 1970, 9, 20, 1235, 'MMG', '1970-07-28', '1970-07-28', '93065.68', 'B');
INSERT INTO veiculo (renavam, placa, ano, idCategoria, idProprietario, idModelo, idCidade, dataCompra, dataAquisicao, valor, situacao) VALUES ('82797220407', 'ROH2040', 2011, 31, 78, 2180, 'LRP', '2011-10-07', '2011-10-07', '58124.24', 'R');
INSERT INTO veiculo (renavam, placa, ano, idCategoria, idProprietario, idModelo, idCidade, dataCompra, dataAquisicao, valor, situacao) VALUES ('88856576771', 'XUA7677', 2007, 1, 62, 2317, 'CHO', '2007-11-16', '2011-01-17', '22898.4', 'I');
INSERT INTO veiculo (renavam, placa, ano, idCategoria, idProprietario, idModelo, idCidade, dataCompra, dataAquisicao, valor, situacao) VALUES ('72688717591', 'HDW1759', 1985, 16, 529, 180, 'MDN', '1985-11-29', '1985-11-29', '11693.81', 'B');
INSERT INTO veiculo (renavam, placa, ano, idCategoria, idProprietario, idModelo, idCidade, dataCompra, dataAquisicao, valor, situacao) VALUES ('79797044889', 'OOF4488', 1984, 10, 606, 717, 'PSS', '1984-07-25', '1984-07-25', '71288.69', 'B');
INSERT INTO veiculo (renavam, placa, ano, idCategoria, idProprietario, idModelo, idCidade, dataCompra, dataAquisicao, valor, situacao) VALUES ('75757668820', 'KKL6882', 1998, 20, 171, 817, 'NFS', '1998-04-15', '1998-04-15', '28402.91', 'I');
INSERT INTO veiculo (renavam, placa, ano, idCategoria, idProprietario, idModelo, idCidade, dataCompra, dataAquisicao, valor, situacao) VALUES ('84736525719', 'TIA2571', 2011, 11, 387, 1652, 'FAA', '2011-02-09', '2011-02-09', '86824.88', 'B');
INSERT INTO veiculo (renavam, placa, ano, idCategoria, idProprietario, idModelo, idCidade, dataCompra, dataAquisicao, valor, situacao) VALUES ('81806536841', 'QPA3684', 1979, 28, 15, 546, 'MPC', '1979-11-21', '1979-11-21', '39231.83', 'B');
INSERT INTO veiculo (renavam, placa, ano, idCategoria, idProprietario, idModelo, idCidade, dataCompra, dataAquisicao, valor, situacao) VALUES ('82728483151', 'RHT8315', 1971, 7, 362, 2900, 'CMP', '1971-10-24', '1971-10-24', '65651.85', 'B');
INSERT INTO veiculo (renavam, placa, ano, idCategoria, idProprietario, idModelo, idCidade, dataCompra, dataAquisicao, valor, situacao) VALUES ('68707799367', 'DFM9936', 2001, 26, 318, 3207, 'NFP', '2001-11-23', '2001-11-23', '2407.55', 'I');
INSERT INTO veiculo (renavam, placa, ano, idCategoria, idProprietario, idModelo, idCidade, dataCompra, dataAquisicao, valor, situacao) VALUES ('88837923151', 'XSO2315', 1999, 34, 94, 309, 'VVS', '1999-02-20', '2010-04-24', '33388.95', 'B');
INSERT INTO veiculo (renavam, placa, ano, idCategoria, idProprietario, idModelo, idCidade, dataCompra, dataAquisicao, valor, situacao) VALUES ('83797108753', 'SOG0875', 1989, 10, 416, 2184, 'MRG', '1989-03-08', '1989-03-08', '60514.35', 'I');
INSERT INTO veiculo (renavam, placa, ano, idCategoria, idProprietario, idModelo, idCidade, dataCompra, dataAquisicao, valor, situacao) VALUES ('82886795561', 'RXC9556', 2002, 10, 87, 2914, 'CMS', '2002-05-03', '2002-05-03', '24245.2', 'B');
INSERT INTO veiculo (renavam, placa, ano, idCategoria, idProprietario, idModelo, idCidade, dataCompra, dataAquisicao, valor, situacao) VALUES ('86807372088', 'VPI7208', 1982, 3, 589, 1996, 'PRP', '1982-10-31', '1987-05-27', '13349.67', 'I');
INSERT INTO veiculo (renavam, placa, ano, idCategoria, idProprietario, idModelo, idCidade, dataCompra, dataAquisicao, valor, situacao) VALUES ('85837004917', 'USF0491', 2017, 3, 2, 1873, 'FPC', '2017-01-05', '2017-01-05', '44638.34', 'R');
INSERT INTO veiculo (renavam, placa, ano, idCategoria, idProprietario, idModelo, idCidade, dataCompra, dataAquisicao, valor, situacao) VALUES ('81779052664', 'QMZ5266', 2017, 11, 195, 1718, 'ALM', '2017-09-08', '2017-09-08', '31328.99', 'R');
INSERT INTO veiculo (renavam, placa, ano, idCategoria, idProprietario, idModelo, idCidade, dataCompra, dataAquisicao, valor, situacao) VALUES ('77876540491', 'MWA4049', 2015, 26, 397, 1047, 'SAA', '2015-12-17', '2015-12-17', '64159.3', 'B');
INSERT INTO veiculo (renavam, placa, ano, idCategoria, idProprietario, idModelo, idCidade, dataCompra, dataAquisicao, valor, situacao) VALUES ('80667216381', 'PBH1638', 2007, 30, 430, 2499, 'NAS', '2007-07-26', '2007-07-26', '26566.84', 'B');
INSERT INTO veiculo (renavam, placa, ano, idCategoria, idProprietario, idModelo, idCidade, dataCompra, dataAquisicao, valor, situacao) VALUES ('85877446945', 'UWJ4694', 2003, 14, 254, 414, 'PGM', '2003-06-16', '2003-06-16', '94062.26', 'B');
INSERT INTO veiculo (renavam, placa, ano, idCategoria, idProprietario, idModelo, idCidade, dataCompra, dataAquisicao, valor, situacao) VALUES ('88787052268', 'XNF5226', 1993, 5, 155, 2944, 'NCD', '1993-08-23', '1999-01-12', '46044.63', 'R');
INSERT INTO veiculo (renavam, placa, ano, idCategoria, idProprietario, idModelo, idCidade, dataCompra, dataAquisicao, valor, situacao) VALUES ('73697914742', 'IEO1474', 1980, 26, 507, 293, 'AAM', '1980-08-05', '1983-06-12', '48161.89', 'B');
INSERT INTO veiculo (renavam, placa, ano, idCategoria, idProprietario, idModelo, idCidade, dataCompra, dataAquisicao, valor, situacao) VALUES ('65667369605', 'ABI6960', 2008, 15, 185, 1308, 'LOG', '2008-10-05', '2008-09-25', '98625.71', 'R');
INSERT INTO veiculo (renavam, placa, ano, idCategoria, idProprietario, idModelo, idCidade, dataCompra, dataAquisicao, valor, situacao) VALUES ('79897033609', 'OYF3360', 1998, 7, 79, 2188, 'CRD', '1998-08-08', '1998-08-08', '94649.36', 'B');
INSERT INTO veiculo (renavam, placa, ano, idCategoria, idProprietario, idModelo, idCidade, dataCompra, dataAquisicao, valor, situacao) VALUES ('77818620364', 'MQV2036', 1976, 26, 392, 2596, 'CEG', '1976-11-20', '1976-11-20', '9727.1', 'B');
INSERT INTO veiculo (renavam, placa, ano, idCategoria, idProprietario, idModelo, idCidade, dataCompra, dataAquisicao, valor, situacao) VALUES ('88886765440', 'XXC6544', 1997, 27, 453, 1995, 'MMN', '1997-11-13', '1997-11-13', '83295.81', 'B');
INSERT INTO veiculo (renavam, placa, ano, idCategoria, idProprietario, idModelo, idCidade, dataCompra, dataAquisicao, valor, situacao) VALUES ('77787109965', 'MNG0996', 2008, 15, 351, 2595, 'RFS', '2008-12-12', '2008-12-12', '73678.4', 'I');
INSERT INTO veiculo (renavam, placa, ano, idCategoria, idProprietario, idModelo, idCidade, dataCompra, dataAquisicao, valor, situacao) VALUES ('71687003066', 'GDF0306', 1987, 24, 519, 4375, 'FMM', '1987-07-26', '2002-06-06', '78256.64', 'R');
INSERT INTO veiculo (renavam, placa, ano, idCategoria, idProprietario, idModelo, idCidade, dataCompra, dataAquisicao, valor, situacao) VALUES ('78737307150', 'NII0715', 2006, 9, 461, 13, 'NAG', '2006-10-08', '2006-10-08', '93293.24', 'R');
INSERT INTO veiculo (renavam, placa, ano, idCategoria, idProprietario, idModelo, idCidade, dataCompra, dataAquisicao, valor, situacao) VALUES ('67718557086', 'CGU5708', 2015, 32, 334, 1896, 'CGA', '2015-01-05', '2015-01-05', '54886.89', 'R');
INSERT INTO veiculo (renavam, placa, ano, idCategoria, idProprietario, idModelo, idCidade, dataCompra, dataAquisicao, valor, situacao) VALUES ('86787730898', 'VNM3089', 1993, 2, 367, 1717, 'NRP', '1993-11-27', '1993-11-27', '19781.58', 'B');
INSERT INTO veiculo (renavam, placa, ano, idCategoria, idProprietario, idModelo, idCidade, dataCompra, dataAquisicao, valor, situacao) VALUES ('82856592824', 'RUA9282', 2016, 35, 479, 813, 'FAM', '2016-05-31', '2016-05-31', '44730.13', 'I');
INSERT INTO veiculo (renavam, placa, ano, idCategoria, idProprietario, idModelo, idCidade, dataCompra, dataAquisicao, valor, situacao) VALUES ('70678397458', 'FCS9745', 1978, 26, 284, 2971, 'FVG', '1978-09-04', '1978-09-04', '62911.35', 'I');
INSERT INTO veiculo (renavam, placa, ano, idCategoria, idProprietario, idModelo, idCidade, dataCompra, dataAquisicao, valor, situacao) VALUES ('80666579715', 'PBA7971', 2018, 22, 105, 2186, 'COG', '2018-05-13', '2018-05-13', '80292.75', 'R');
INSERT INTO veiculo (renavam, placa, ano, idCategoria, idProprietario, idModelo, idCidade, dataCompra, dataAquisicao, valor, situacao) VALUES ('65847076592', 'ATF7659', 2014, 32, 353, 2311, 'RRS', '2014-02-23', '2014-02-23', '80345.5', 'R');
INSERT INTO veiculo (renavam, placa, ano, idCategoria, idProprietario, idModelo, idCidade, dataCompra, dataAquisicao, valor, situacao) VALUES ('79747775880', 'OJM7588', 2012, 13, 119, 2975, 'FPP', '2012-08-24', '2012-08-24', '58362.68', 'B');
INSERT INTO veiculo (renavam, placa, ano, idCategoria, idProprietario, idModelo, idCidade, dataCompra, dataAquisicao, valor, situacao) VALUES ('76797563040', 'LOK6304', 1997, 8, 563, 2890, 'NPP', '1997-09-08', '1997-09-08', '63977.31', 'B');
INSERT INTO veiculo (renavam, placa, ano, idCategoria, idProprietario, idModelo, idCidade, dataCompra, dataAquisicao, valor, situacao) VALUES ('68857396454', 'DUI9645', 2005, 7, 403, 4918, 'FVG', '2005-09-18', '2005-09-18', '40706.79', 'R');
INSERT INTO veiculo (renavam, placa, ano, idCategoria, idProprietario, idModelo, idCidade, dataCompra, dataAquisicao, valor, situacao) VALUES ('74697468279', 'JEJ6827', 1990, 22, 541, 941, 'CSM', '1990-02-22', '2000-09-01', '87020.56', 'B');
INSERT INTO veiculo (renavam, placa, ano, idCategoria, idProprietario, idModelo, idCidade, dataCompra, dataAquisicao, valor, situacao) VALUES ('87887901625', 'WXO0162', 2013, 3, 87, 1053, 'CMS', '2013-05-30', '2013-05-30', '54965.4', 'R');
INSERT INTO veiculo (renavam, placa, ano, idCategoria, idProprietario, idModelo, idCidade, dataCompra, dataAquisicao, valor, situacao) VALUES ('78857235806', 'NUH3580', 1994, 16, 549, 719, 'AEP', '1994-01-07', '1995-05-20', '25441.93', 'B');
INSERT INTO veiculo (renavam, placa, ano, idCategoria, idProprietario, idModelo, idCidade, dataCompra, dataAquisicao, valor, situacao) VALUES ('78739024619', 'NIZ2461', 2011, 5, 128, 1305, 'PMO', '2011-02-08', '2011-02-08', '3750.37', 'B');
INSERT INTO veiculo (renavam, placa, ano, idCategoria, idProprietario, idModelo, idCidade, dataCompra, dataAquisicao, valor, situacao) VALUES ('89766774688', 'YLC7468', 1976, 5, 251, 4994, 'PFO', '1976-03-31', '1994-02-19', '79957.39', 'B');
INSERT INTO veiculo (renavam, placa, ano, idCategoria, idProprietario, idModelo, idCidade, dataCompra, dataAquisicao, valor, situacao) VALUES ('88657734040', 'XAM3404', 1992, 4, 86, 358, 'RRO', '1992-05-08', '1992-05-08', '70837.36', 'B');
INSERT INTO veiculo (renavam, placa, ano, idCategoria, idProprietario, idModelo, idCidade, dataCompra, dataAquisicao, valor, situacao) VALUES ('81717882000', 'QGN8200', 1980, 27, 487, 1880, 'JGG', '1980-02-25', '1980-02-25', '21348.37', 'B');
INSERT INTO veiculo (renavam, placa, ano, idCategoria, idProprietario, idModelo, idCidade, dataCompra, dataAquisicao, valor, situacao) VALUES ('72657799910', 'HAM9991', 2002, 5, 593, 1671, 'NPO', '2002-02-07', '2002-02-07', '81692.62', 'B');
INSERT INTO veiculo (renavam, placa, ano, idCategoria, idProprietario, idModelo, idCidade, dataCompra, dataAquisicao, valor, situacao) VALUES ('74716801454', 'JGD0145', 1980, 33, 98, 775, 'PNN', '1980-05-20', '1980-05-20', '14543.31', 'B');
INSERT INTO veiculo (renavam, placa, ano, idCategoria, idProprietario, idModelo, idCidade, dataCompra, dataAquisicao, valor, situacao) VALUES ('77848081283', 'MTP8128', 1985, 16, 210, 1871, 'NAG', '1985-09-22', '1985-09-22', '55245.78', 'B');
INSERT INTO veiculo (renavam, placa, ano, idCategoria, idProprietario, idModelo, idCidade, dataCompra, dataAquisicao, valor, situacao) VALUES ('73709068269', 'IFZ6826', 2001, 1, 582, 4407, 'CGG', '2001-04-20', '2005-08-17', '60265.0', 'B');
INSERT INTO veiculo (renavam, placa, ano, idCategoria, idProprietario, idModelo, idCidade, dataCompra, dataAquisicao, valor, situacao) VALUES ('78778849275', 'NMX4927', 1974, 6, 159, 5000, 'TPG', '1974-02-02', '1974-02-02', '77005.38', 'B');
INSERT INTO veiculo (renavam, placa, ano, idCategoria, idProprietario, idModelo, idCidade, dataCompra, dataAquisicao, valor, situacao) VALUES ('69677934715', 'ECO3471', 1989, 14, 33, 372, 'MEM', '1989-09-09', '1989-09-09', '45005.95', 'B');
INSERT INTO veiculo (renavam, placa, ano, idCategoria, idProprietario, idModelo, idCidade, dataCompra, dataAquisicao, valor, situacao) VALUES ('77838875058', 'MSX7505', 2007, 25, 303, 1953, 'RSG', '2007-04-03', '2007-04-03', '30120.53', 'I');
INSERT INTO veiculo (renavam, placa, ano, idCategoria, idProprietario, idModelo, idCidade, dataCompra, dataAquisicao, valor, situacao) VALUES ('83887098021', 'SXF9802', 2017, 32, 304, 3184, 'VNM', '2017-10-11', '2017-10-11', '69852.93', 'R');
INSERT INTO veiculo (renavam, placa, ano, idCategoria, idProprietario, idModelo, idCidade, dataCompra, dataAquisicao, valor, situacao) VALUES ('82727988950', 'RHO8895', 2002, 5, 444, 2312, 'LEG', '2002-04-14', '2002-04-14', '99462.62', 'R');
INSERT INTO veiculo (renavam, placa, ano, idCategoria, idProprietario, idModelo, idCidade, dataCompra, dataAquisicao, valor, situacao) VALUES ('87729085525', 'WHZ8552', 1976, 13, 161, 815, 'CFA', '1976-10-31', '1977-06-08', '34310.83', 'I');
INSERT INTO veiculo (renavam, placa, ano, idCategoria, idProprietario, idModelo, idCidade, dataCompra, dataAquisicao, valor, situacao) VALUES ('84887242228', 'TXH4222', 1988, 20, 49, 1267, 'MGF', '1988-09-12', '1988-09-12', '84100.57', 'I');
INSERT INTO veiculo (renavam, placa, ano, idCategoria, idProprietario, idModelo, idCidade, dataCompra, dataAquisicao, valor, situacao) VALUES ('80666664224', 'PBB6422', 1974, 31, 254, 2532, 'PGM', '1974-01-27', '1974-01-27', '18009.25', 'I');
INSERT INTO veiculo (renavam, placa, ano, idCategoria, idProprietario, idModelo, idCidade, dataCompra, dataAquisicao, valor, situacao) VALUES ('80868296030', 'PVR9603', 2010, 13, 522, 2703, 'FCV', '2010-02-21', '2016-12-03', '15104.45', 'R');
INSERT INTO veiculo (renavam, placa, ano, idCategoria, idProprietario, idModelo, idCidade, dataCompra, dataAquisicao, valor, situacao) VALUES ('65659030351', 'AAZ3035', 1983, 14, 599, 2906, 'CSG', '1983-09-30', '1983-09-30', '67179.36', 'B');
INSERT INTO veiculo (renavam, placa, ano, idCategoria, idProprietario, idModelo, idCidade, dataCompra, dataAquisicao, valor, situacao) VALUES ('65767024332', 'ALF2433', 1984, 31, 154, 3134, 'FIM', '1984-02-20', '2007-08-03', '36131.4', 'B');
INSERT INTO veiculo (renavam, placa, ano, idCategoria, idProprietario, idModelo, idCidade, dataCompra, dataAquisicao, valor, situacao) VALUES ('90788330689', 'ZNS3068', 2006, 20, 367, 2099, 'NRP', '2006-04-07', '2006-04-07', '20501.57', 'B');
INSERT INTO veiculo (renavam, placa, ano, idCategoria, idProprietario, idModelo, idCidade, dataCompra, dataAquisicao, valor, situacao) VALUES ('85727657150', 'UHL5715', 1973, 30, 202, 800, 'FLS', '1973-06-06', '1973-06-06', '16141.5', 'I');
INSERT INTO veiculo (renavam, placa, ano, idCategoria, idProprietario, idModelo, idCidade, dataCompra, dataAquisicao, valor, situacao) VALUES ('86828414847', 'VRT1484', 2011, 1, 171, 2280, 'NFS', '2011-07-19', '2019-02-23', '79759.28', 'R');
INSERT INTO veiculo (renavam, placa, ano, idCategoria, idProprietario, idModelo, idCidade, dataCompra, dataAquisicao, valor, situacao) VALUES ('89777225338', 'YMH2533', 2006, 12, 20, 4928, 'MMG', '2006-12-27', '2006-12-27', '11753.96', 'B');
INSERT INTO veiculo (renavam, placa, ano, idCategoria, idProprietario, idModelo, idCidade, dataCompra, dataAquisicao, valor, situacao) VALUES ('67687546304', 'CDK4630', 1981, 20, 82, 2102, 'SOG', '1981-02-18', '1981-02-18', '85078.44', 'I');
INSERT INTO veiculo (renavam, placa, ano, idCategoria, idProprietario, idModelo, idCidade, dataCompra, dataAquisicao, valor, situacao) VALUES ('90908786269', 'ZZW8626', 1999, 6, 322, 1712, 'OIV', '1999-03-26', '2011-04-19', '27082.8', 'I');
INSERT INTO veiculo (renavam, placa, ano, idCategoria, idProprietario, idModelo, idCidade, dataCompra, dataAquisicao, valor, situacao) VALUES ('75726903908', 'KHE0390', 2008, 18, 255, 864, 'AMD', '2008-12-07', '2013-11-29', '112.39', 'B');
INSERT INTO veiculo (renavam, placa, ano, idCategoria, idProprietario, idModelo, idCidade, dataCompra, dataAquisicao, valor, situacao) VALUES ('79708374950', 'OFS7495', 2002, 4, 613, 2996, 'MRG', '2002-06-29', '2002-06-29', '98152.47', 'R');
INSERT INTO veiculo (renavam, placa, ano, idCategoria, idProprietario, idModelo, idCidade, dataCompra, dataAquisicao, valor, situacao) VALUES ('76898382750', 'LYS8275', 1983, 11, 471, 4383, 'RMP', '1983-02-23', '1983-02-23', '54931.55', 'B');
INSERT INTO veiculo (renavam, placa, ano, idCategoria, idProprietario, idModelo, idCidade, dataCompra, dataAquisicao, valor, situacao) VALUES ('66677782945', 'BCM8294', 1997, 1, 590, 1151, 'NPP', '1997-10-13', '1997-10-13', '18062.81', 'B');
INSERT INTO veiculo (renavam, placa, ano, idCategoria, idProprietario, idModelo, idCidade, dataCompra, dataAquisicao, valor, situacao) VALUES ('88877564004', 'XWK6400', 1998, 16, 93, 5005, 'LGG', '1998-09-14', '1998-09-14', '62176.84', 'I');
INSERT INTO veiculo (renavam, placa, ano, idCategoria, idProprietario, idModelo, idCidade, dataCompra, dataAquisicao, valor, situacao) VALUES ('84748956787', 'TJY5678', 1975, 28, 370, 2784, 'CGP', '1975-01-21', '1975-01-21', '97183.94', 'I');
INSERT INTO veiculo (renavam, placa, ano, idCategoria, idProprietario, idModelo, idCidade, dataCompra, dataAquisicao, valor, situacao) VALUES ('82808676258', 'RPV7625', 2018, 4, 39, 1638, 'APC', '2018-02-16', '2018-02-16', '49362.68', 'R');
INSERT INTO veiculo (renavam, placa, ano, idCategoria, idProprietario, idModelo, idCidade, dataCompra, dataAquisicao, valor, situacao) VALUES ('71677191137', 'GCG9113', 2011, 27, 472, 1002, 'CNA', '2011-08-12', '2013-07-30', '37892.73', 'R');
INSERT INTO veiculo (renavam, placa, ano, idCategoria, idProprietario, idModelo, idCidade, dataCompra, dataAquisicao, valor, situacao) VALUES ('76686547241', 'LDA4724', 2005, 14, 347, 1840, 'ONA', '2005-03-30', '2005-03-30', '39324.7', 'B');
INSERT INTO veiculo (renavam, placa, ano, idCategoria, idProprietario, idModelo, idCidade, dataCompra, dataAquisicao, valor, situacao) VALUES ('84727301404', 'THI0140', 1972, 13, 480, 252, 'PAD', '1972-11-02', '1972-11-02', '83208.72', 'B');
INSERT INTO veiculo (renavam, placa, ano, idCategoria, idProprietario, idModelo, idCidade, dataCompra, dataAquisicao, valor, situacao) VALUES ('83858921602', 'SUY2160', 1974, 23, 372, 1730, 'GEG', '1974-03-05', '1974-03-05', '29257.17', 'B');
INSERT INTO veiculo (renavam, placa, ano, idCategoria, idProprietario, idModelo, idCidade, dataCompra, dataAquisicao, valor, situacao) VALUES ('72806870700', 'HPD7070', 1989, 15, 7, 23, 'LCP', '1989-07-28', '1989-07-28', '44401.53', 'B');
INSERT INTO veiculo (renavam, placa, ano, idCategoria, idProprietario, idModelo, idCidade, dataCompra, dataAquisicao, valor, situacao) VALUES ('65686794146', 'ADC9414', 1978, 3, 101, 1224, 'RVO', '1978-06-01', '1979-03-31', '65590.6', 'B');
INSERT INTO veiculo (renavam, placa, ano, idCategoria, idProprietario, idModelo, idCidade, dataCompra, dataAquisicao, valor, situacao) VALUES ('67787669084', 'CNL6908', 1972, 34, 336, 4994, 'MEN', '1972-02-08', '1972-02-08', '2055.57', 'I');
INSERT INTO veiculo (renavam, placa, ano, idCategoria, idProprietario, idModelo, idCidade, dataCompra, dataAquisicao, valor, situacao) VALUES ('86866829528', 'VVD2952', 1975, 29, 183, 2174, 'FAM', '1975-12-26', '1975-12-26', '29479.64', 'I');
INSERT INTO veiculo (renavam, placa, ano, idCategoria, idProprietario, idModelo, idCidade, dataCompra, dataAquisicao, valor, situacao) VALUES ('72737736906', 'HIM3690', 1971, 18, 264, 995, 'ROG', '1971-05-06', '1972-10-02', '55739.5', 'B');
INSERT INTO veiculo (renavam, placa, ano, idCategoria, idProprietario, idModelo, idCidade, dataCompra, dataAquisicao, valor, situacao) VALUES ('89658167105', 'YAQ6710', 2008, 19, 298, 3021, 'GCA', '2008-02-23', '2009-11-12', '88509.93', 'R');
INSERT INTO veiculo (renavam, placa, ano, idCategoria, idProprietario, idModelo, idCidade, dataCompra, dataAquisicao, valor, situacao) VALUES ('80879016092', 'PWZ1609', 1970, 34, 443, 2716, 'GEG', '1970-02-26', '1970-02-26', '16992.86', 'B');
INSERT INTO veiculo (renavam, placa, ano, idCategoria, idProprietario, idModelo, idCidade, dataCompra, dataAquisicao, valor, situacao) VALUES ('71838429989', 'GST2998', 1987, 11, 54, 426, 'NGS', '1987-11-08', '1987-11-08', '2161.25', 'B');
INSERT INTO veiculo (renavam, placa, ano, idCategoria, idProprietario, idModelo, idCidade, dataCompra, dataAquisicao, valor, situacao) VALUES ('70908250402', 'FZR5040', 1983, 15, 221, 242, 'SAA', '1983-10-17', '1983-10-17', '95324.71', 'B');
INSERT INTO veiculo (renavam, placa, ano, idCategoria, idProprietario, idModelo, idCidade, dataCompra, dataAquisicao, valor, situacao) VALUES ('71778560227', 'GMU6022', 1972, 13, 75, 1844, 'SOG', '1972-02-09', '1972-02-09', '71887.61', 'I');
INSERT INTO veiculo (renavam, placa, ano, idCategoria, idProprietario, idModelo, idCidade, dataCompra, dataAquisicao, valor, situacao) VALUES ('83717569082', 'SGK6908', 2018, 19, 57, 2141, 'DFO', '2018-03-12', '2018-03-12', '92565.85', 'I');
INSERT INTO veiculo (renavam, placa, ano, idCategoria, idProprietario, idModelo, idCidade, dataCompra, dataAquisicao, valor, situacao) VALUES ('67818598582', 'CQU9858', 2017, 3, 460, 1907, 'NNN', '2017-04-20', '2017-04-20', '70256.62', 'R');
INSERT INTO veiculo (renavam, placa, ano, idCategoria, idProprietario, idModelo, idCidade, dataCompra, dataAquisicao, valor, situacao) VALUES ('72727246469', 'HHH4646', 1977, 33, 69, 1216, 'RRO', '1977-12-30', '1977-12-30', '92387.1', 'I');
INSERT INTO veiculo (renavam, placa, ano, idCategoria, idProprietario, idModelo, idCidade, dataCompra, dataAquisicao, valor, situacao) VALUES ('81688279852', 'QDR7985', 1994, 4, 418, 2140, 'CVV', '1994-07-06', '1994-07-06', '7302.9', 'R');
INSERT INTO veiculo (renavam, placa, ano, idCategoria, idProprietario, idModelo, idCidade, dataCompra, dataAquisicao, valor, situacao) VALUES ('76717291502', 'LGH9150', 1982, 31, 480, 625, 'PAD', '1982-12-14', '1982-12-14', '63906.15', 'I');
INSERT INTO veiculo (renavam, placa, ano, idCategoria, idProprietario, idModelo, idCidade, dataCompra, dataAquisicao, valor, situacao) VALUES ('68908193490', 'DZQ9349', 1987, 5, 154, 800, 'FIM', '1987-04-17', '1987-04-17', '3379.91', 'I');
INSERT INTO veiculo (renavam, placa, ano, idCategoria, idProprietario, idModelo, idCidade, dataCompra, dataAquisicao, valor, situacao) VALUES ('86667905500', 'VBO0550', 2009, 2, 149, 2240, 'PNP', '2009-10-06', '2009-10-06', '84592.99', 'R');
INSERT INTO veiculo (renavam, placa, ano, idCategoria, idProprietario, idModelo, idCidade, dataCompra, dataAquisicao, valor, situacao) VALUES ('77748594505', 'MJU9450', 1976, 7, 322, 385, 'OIV', '1976-08-10', '1976-08-10', '39785.13', 'I');
INSERT INTO veiculo (renavam, placa, ano, idCategoria, idProprietario, idModelo, idCidade, dataCompra, dataAquisicao, valor, situacao) VALUES ('90688311771', 'ZDS1177', 1984, 30, 14, 1109, 'COD', '1984-03-13', '1984-03-13', '68609.29', 'B');
INSERT INTO veiculo (renavam, placa, ano, idCategoria, idProprietario, idModelo, idCidade, dataCompra, dataAquisicao, valor, situacao) VALUES ('90837420399', 'ZSJ2039', 1985, 4, 117, 379, 'PRS', '1985-03-31', '2000-07-04', '11838.17', 'B');
INSERT INTO veiculo (renavam, placa, ano, idCategoria, idProprietario, idModelo, idCidade, dataCompra, dataAquisicao, valor, situacao) VALUES ('78797497583', 'NOJ9758', 1973, 24, 14, 910, 'COD', '1973-05-30', '1973-05-30', '10384.81', 'I');
INSERT INTO veiculo (renavam, placa, ano, idCategoria, idProprietario, idModelo, idCidade, dataCompra, dataAquisicao, valor, situacao) VALUES ('69788745910', 'ENW4591', 1974, 22, 355, 210, 'CCC', '1974-12-21', '1974-12-21', '29694.92', 'B');
INSERT INTO veiculo (renavam, placa, ano, idCategoria, idProprietario, idModelo, idCidade, dataCompra, dataAquisicao, valor, situacao) VALUES ('77907323381', 'MZI2338', 1974, 33, 274, 88, 'JSM', '1974-10-10', '1974-10-10', '32638.9', 'I');
INSERT INTO veiculo (renavam, placa, ano, idCategoria, idProprietario, idModelo, idCidade, dataCompra, dataAquisicao, valor, situacao) VALUES ('73768939629', 'ILY3962', 2006, 24, 114, 542, 'GCN', '2006-04-30', '2006-04-30', '18349.59', 'R');
INSERT INTO veiculo (renavam, placa, ano, idCategoria, idProprietario, idModelo, idCidade, dataCompra, dataAquisicao, valor, situacao) VALUES ('71738137013', 'GIQ3701', 1978, 13, 532, 990, 'RIM', '1978-05-16', '1978-05-16', '97595.43', 'I');
INSERT INTO veiculo (renavam, placa, ano, idCategoria, idProprietario, idModelo, idCidade, dataCompra, dataAquisicao, valor, situacao) VALUES ('80707752246', 'PFM5224', 1975, 24, 202, 2594, 'FLS', '1975-04-10', '1975-04-10', '13917.81', 'I');
INSERT INTO veiculo (renavam, placa, ano, idCategoria, idProprietario, idModelo, idCidade, dataCompra, dataAquisicao, valor, situacao) VALUES ('70827886641', 'FRN8664', 1971, 25, 224, 2996, 'ASF', '1971-03-21', '1971-03-21', '97382.3', 'B');
INSERT INTO veiculo (renavam, placa, ano, idCategoria, idProprietario, idModelo, idCidade, dataCompra, dataAquisicao, valor, situacao) VALUES ('71868424535', 'GVT2453', 1970, 30, 187, 672, 'CAO', '1970-12-01', '1970-12-01', '90770.73', 'B');
INSERT INTO veiculo (renavam, placa, ano, idCategoria, idProprietario, idModelo, idCidade, dataCompra, dataAquisicao, valor, situacao) VALUES ('83658815647', 'SAX1564', 1986, 29, 16, 1982, 'BOP', '1986-11-03', '1986-11-03', '14297.26', 'B');
INSERT INTO veiculo (renavam, placa, ano, idCategoria, idProprietario, idModelo, idCidade, dataCompra, dataAquisicao, valor, situacao) VALUES ('79657084470', 'OAF8447', 1991, 12, 248, 4929, 'PSP', '1991-02-14', '1991-02-14', '54109.68', 'I');
INSERT INTO veiculo (renavam, placa, ano, idCategoria, idProprietario, idModelo, idCidade, dataCompra, dataAquisicao, valor, situacao) VALUES ('65707859942', 'AFN5994', 2017, 30, 476, 4922, 'NGA', '2017-02-07', '2017-02-07', '77241.12', 'R');
INSERT INTO licenciamento (ano, renavam, dataVenc, pago) VALUES (1997, '86727075753', '1997-07-31', 'S');
INSERT INTO licenciamento (ano, renavam, dataVenc, pago) VALUES (1998, '86727075753', '1997-07-31', 'S');
INSERT INTO licenciamento (ano, renavam, dataVenc, pago) VALUES (1999, '86727075753', '1997-07-31', 'S');
INSERT INTO licenciamento (ano, renavam, dataVenc, pago) VALUES (2000, '86727075753', '1997-07-31', 'S');
INSERT INTO licenciamento (ano, renavam, dataVenc, pago) VALUES (2001, '86727075753', '1997-07-31', 'S');
INSERT INTO licenciamento (ano, renavam, dataVenc, pago) VALUES (2002, '86727075753', '1997-07-31', 'S');
INSERT INTO licenciamento (ano, renavam, dataVenc, pago) VALUES (2003, '86727075753', '1997-07-31', 'N');
INSERT INTO licenciamento (ano, renavam, dataVenc, pago) VALUES (1990, '78658911763', '1990-08-31', 'S');
INSERT INTO licenciamento (ano, renavam, dataVenc, pago) VALUES (1991, '78658911763', '1990-08-31', 'S');
INSERT INTO licenciamento (ano, renavam, dataVenc, pago) VALUES (1992, '78658911763', '1990-08-31', 'N');
INSERT INTO licenciamento (ano, renavam, dataVenc, pago) VALUES (1973, '71847901687', '1973-10-31', 'S');
INSERT INTO licenciamento (ano, renavam, dataVenc, pago) VALUES (1974, '71847901687', '1973-10-31', 'S');
INSERT INTO licenciamento (ano, renavam, dataVenc, pago) VALUES (1975, '71847901687', '1973-10-31', 'S');
INSERT INTO licenciamento (ano, renavam, dataVenc, pago) VALUES (1976, '71847901687', '1973-10-31', 'S');
INSERT INTO licenciamento (ano, renavam, dataVenc, pago) VALUES (1977, '71847901687', '1973-10-31', 'S');
INSERT INTO licenciamento (ano, renavam, dataVenc, pago) VALUES (1978, '71847901687', '1973-10-31', 'S');
INSERT INTO licenciamento (ano, renavam, dataVenc, pago) VALUES (1979, '71847901687', '1973-10-31', 'S');
INSERT INTO licenciamento (ano, renavam, dataVenc, pago) VALUES (1980, '71847901687', '1973-10-31', 'S');
INSERT INTO licenciamento (ano, renavam, dataVenc, pago) VALUES (1981, '71847901687', '1973-10-31', 'S');
INSERT INTO licenciamento (ano, renavam, dataVenc, pago) VALUES (1982, '71847901687', '1973-10-31', 'S');
INSERT INTO licenciamento (ano, renavam, dataVenc, pago) VALUES (1983, '71847901687', '1973-10-31', 'S');
INSERT INTO licenciamento (ano, renavam, dataVenc, pago) VALUES (1984, '71847901687', '1973-10-31', 'S');
INSERT INTO licenciamento (ano, renavam, dataVenc, pago) VALUES (1985, '71847901687', '1973-10-31', 'S');
INSERT INTO licenciamento (ano, renavam, dataVenc, pago) VALUES (1986, '71847901687', '1973-10-31', 'S');
INSERT INTO licenciamento (ano, renavam, dataVenc, pago) VALUES (1987, '71847901687', '1973-10-31', 'S');
INSERT INTO licenciamento (ano, renavam, dataVenc, pago) VALUES (1988, '71847901687', '1973-10-31', 'S');
INSERT INTO licenciamento (ano, renavam, dataVenc, pago) VALUES (1989, '71847901687', '1973-10-31', 'S');
INSERT INTO licenciamento (ano, renavam, dataVenc, pago) VALUES (1990, '71847901687', '1973-10-31', 'S');
INSERT INTO licenciamento (ano, renavam, dataVenc, pago) VALUES (1991, '71847901687', '1973-10-31', 'S');
INSERT INTO licenciamento (ano, renavam, dataVenc, pago) VALUES (1992, '71847901687', '1973-10-31', 'S');
INSERT INTO licenciamento (ano, renavam, dataVenc, pago) VALUES (1993, '71847901687', '1973-10-31', 'S');
INSERT INTO licenciamento (ano, renavam, dataVenc, pago) VALUES (1994, '71847901687', '1973-10-31', 'S');
INSERT INTO licenciamento (ano, renavam, dataVenc, pago) VALUES (1995, '71847901687', '1973-10-31', 'S');
INSERT INTO licenciamento (ano, renavam, dataVenc, pago) VALUES (1996, '71847901687', '1973-10-31', 'S');
INSERT INTO licenciamento (ano, renavam, dataVenc, pago) VALUES (1997, '71847901687', '1973-10-31', 'S');
INSERT INTO licenciamento (ano, renavam, dataVenc, pago) VALUES (1998, '71847901687', '1973-10-31', 'S');
INSERT INTO licenciamento (ano, renavam, dataVenc, pago) VALUES (1999, '71847901687', '1973-10-31', 'S');
INSERT INTO licenciamento (ano, renavam, dataVenc, pago) VALUES (2000, '71847901687', '1973-10-31', 'S');
INSERT INTO licenciamento (ano, renavam, dataVenc, pago) VALUES (2001, '71847901687', '1973-10-31', 'S');
INSERT INTO licenciamento (ano, renavam, dataVenc, pago) VALUES (2002, '71847901687', '1973-10-31', 'S');
INSERT INTO licenciamento (ano, renavam, dataVenc, pago) VALUES (2003, '71847901687', '1973-10-31', 'S');
INSERT INTO licenciamento (ano, renavam, dataVenc, pago) VALUES (2004, '71847901687', '1973-10-31', 'S');
INSERT INTO licenciamento (ano, renavam, dataVenc, pago) VALUES (2005, '71847901687', '1973-10-31', 'S');
INSERT INTO licenciamento (ano, renavam, dataVenc, pago) VALUES (2006, '71847901687', '1973-10-31', 'S');
INSERT INTO licenciamento (ano, renavam, dataVenc, pago) VALUES (2007, '71847901687', '1973-10-31', 'N');
INSERT INTO licenciamento (ano, renavam, dataVenc, pago) VALUES (2015, '82868020723', '2015-04-30', 'S');
INSERT INTO licenciamento (ano, renavam, dataVenc, pago) VALUES (2016, '82868020723', '2015-04-30', 'S');
INSERT INTO licenciamento (ano, renavam, dataVenc, pago) VALUES (2017, '82868020723', '2015-04-30', 'S');
INSERT INTO licenciamento (ano, renavam, dataVenc, pago) VALUES (2018, '82868020723', '2015-04-30', 'S');
INSERT INTO licenciamento (ano, renavam, dataVenc, pago) VALUES (2019, '82868020723', '2015-04-30', 'S');
INSERT INTO licenciamento (ano, renavam, dataVenc, pago) VALUES (2004, '73888506908', '2004-12-28', 'S');
INSERT INTO licenciamento (ano, renavam, dataVenc, pago) VALUES (2005, '73888506908', '2004-12-28', 'S');
INSERT INTO licenciamento (ano, renavam, dataVenc, pago) VALUES (2006, '73888506908', '2004-12-28', 'N');
INSERT INTO licenciamento (ano, renavam, dataVenc, pago) VALUES (1974, '67787082440', '1974-06-29', 'S');
INSERT INTO licenciamento (ano, renavam, dataVenc, pago) VALUES (1975, '67787082440', '1974-06-29', 'S');
INSERT INTO licenciamento (ano, renavam, dataVenc, pago) VALUES (1976, '67787082440', '1974-06-29', 'S');
INSERT INTO licenciamento (ano, renavam, dataVenc, pago) VALUES (1977, '67787082440', '1974-06-29', 'S');
INSERT INTO licenciamento (ano, renavam, dataVenc, pago) VALUES (1978, '67787082440', '1974-06-29', 'S');
INSERT INTO licenciamento (ano, renavam, dataVenc, pago) VALUES (1979, '67787082440', '1974-06-29', 'N');
INSERT INTO licenciamento (ano, renavam, dataVenc, pago) VALUES (2016, '88657628895', '2016-11-30', 'S');
INSERT INTO licenciamento (ano, renavam, dataVenc, pago) VALUES (2017, '88657628895', '2016-11-30', 'S');
INSERT INTO licenciamento (ano, renavam, dataVenc, pago) VALUES (2018, '88657628895', '2016-11-30', 'S');
INSERT INTO licenciamento (ano, renavam, dataVenc, pago) VALUES (2019, '88657628895', '2016-11-30', 'S');
INSERT INTO licenciamento (ano, renavam, dataVenc, pago) VALUES (1980, '90848075892', '1980-11-30', 'N');
INSERT INTO licenciamento (ano, renavam, dataVenc, pago) VALUES (2007, '73736652812', '2007-03-28', 'S');
INSERT INTO licenciamento (ano, renavam, dataVenc, pago) VALUES (2008, '73736652812', '2007-03-28', 'S');
INSERT INTO licenciamento (ano, renavam, dataVenc, pago) VALUES (2009, '73736652812', '2007-03-28', 'S');
INSERT INTO licenciamento (ano, renavam, dataVenc, pago) VALUES (2010, '73736652812', '2007-03-28', 'S');
INSERT INTO licenciamento (ano, renavam, dataVenc, pago) VALUES (2011, '73736652812', '2007-03-28', 'S');
INSERT INTO licenciamento (ano, renavam, dataVenc, pago) VALUES (2012, '73736652812', '2007-03-28', 'S');
INSERT INTO licenciamento (ano, renavam, dataVenc, pago) VALUES (2013, '73736652812', '2007-03-28', 'S');
INSERT INTO licenciamento (ano, renavam, dataVenc, pago) VALUES (2014, '73736652812', '2007-03-28', 'S');
INSERT INTO licenciamento (ano, renavam, dataVenc, pago) VALUES (2015, '73736652812', '2007-03-28', 'S');
INSERT INTO licenciamento (ano, renavam, dataVenc, pago) VALUES (2016, '73736652812', '2007-03-28', 'S');
INSERT INTO licenciamento (ano, renavam, dataVenc, pago) VALUES (2017, '73736652812', '2007-03-28', 'S');
INSERT INTO licenciamento (ano, renavam, dataVenc, pago) VALUES (2018, '73736652812', '2007-03-28', 'S');
INSERT INTO licenciamento (ano, renavam, dataVenc, pago) VALUES (2019, '73736652812', '2007-03-28', 'S');
INSERT INTO licenciamento (ano, renavam, dataVenc, pago) VALUES (1999, '85759082722', '1999-04-30', 'S');
INSERT INTO licenciamento (ano, renavam, dataVenc, pago) VALUES (2000, '85759082722', '1999-04-30', 'S');
INSERT INTO licenciamento (ano, renavam, dataVenc, pago) VALUES (2001, '85759082722', '1999-04-30', 'S');
INSERT INTO licenciamento (ano, renavam, dataVenc, pago) VALUES (2002, '85759082722', '1999-04-30', 'S');
INSERT INTO licenciamento (ano, renavam, dataVenc, pago) VALUES (2003, '85759082722', '1999-04-30', 'S');
INSERT INTO licenciamento (ano, renavam, dataVenc, pago) VALUES (2004, '85759082722', '1999-04-30', 'S');
INSERT INTO licenciamento (ano, renavam, dataVenc, pago) VALUES (2005, '85759082722', '1999-04-30', 'S');
INSERT INTO licenciamento (ano, renavam, dataVenc, pago) VALUES (2006, '85759082722', '1999-04-30', 'S');
INSERT INTO licenciamento (ano, renavam, dataVenc, pago) VALUES (2007, '85759082722', '1999-04-30', 'S');
INSERT INTO licenciamento (ano, renavam, dataVenc, pago) VALUES (2008, '85759082722', '1999-04-30', 'S');
INSERT INTO licenciamento (ano, renavam, dataVenc, pago) VALUES (2009, '85759082722', '1999-04-30', 'S');
INSERT INTO licenciamento (ano, renavam, dataVenc, pago) VALUES (2010, '85759082722', '1999-04-30', 'S');
INSERT INTO licenciamento (ano, renavam, dataVenc, pago) VALUES (2011, '85759082722', '1999-04-30', 'S');
INSERT INTO licenciamento (ano, renavam, dataVenc, pago) VALUES (2012, '85759082722', '1999-04-30', 'S');
INSERT INTO licenciamento (ano, renavam, dataVenc, pago) VALUES (2013, '85759082722', '1999-04-30', 'S');
INSERT INTO licenciamento (ano, renavam, dataVenc, pago) VALUES (2014, '85759082722', '1999-04-30', 'S');
INSERT INTO licenciamento (ano, renavam, dataVenc, pago) VALUES (2015, '85759082722', '1999-04-30', 'S');
INSERT INTO licenciamento (ano, renavam, dataVenc, pago) VALUES (2016, '85759082722', '1999-04-30', 'S');
INSERT INTO licenciamento (ano, renavam, dataVenc, pago) VALUES (2017, '85759082722', '1999-04-30', 'N');
INSERT INTO licenciamento (ano, renavam, dataVenc, pago) VALUES (2003, '89828711196', '2003-11-30', 'S');
INSERT INTO licenciamento (ano, renavam, dataVenc, pago) VALUES (2004, '89828711196', '2003-11-30', 'S');
INSERT INTO licenciamento (ano, renavam, dataVenc, pago) VALUES (2005, '89828711196', '2003-11-30', 'S');
INSERT INTO licenciamento (ano, renavam, dataVenc, pago) VALUES (2006, '89828711196', '2003-11-30', 'N');
INSERT INTO licenciamento (ano, renavam, dataVenc, pago) VALUES (2008, '75678660508', '2008-12-28', 'N');
INSERT INTO licenciamento (ano, renavam, dataVenc, pago) VALUES (2000, '66717543490', '2000-11-30', 'S');
INSERT INTO licenciamento (ano, renavam, dataVenc, pago) VALUES (2001, '66717543490', '2000-11-30', 'S');
INSERT INTO licenciamento (ano, renavam, dataVenc, pago) VALUES (2002, '66717543490', '2000-11-30', 'S');
INSERT INTO licenciamento (ano, renavam, dataVenc, pago) VALUES (2003, '66717543490', '2000-11-30', 'S');
INSERT INTO licenciamento (ano, renavam, dataVenc, pago) VALUES (2004, '66717543490', '2000-11-30', 'S');
INSERT INTO licenciamento (ano, renavam, dataVenc, pago) VALUES (2005, '66717543490', '2000-11-30', 'S');
INSERT INTO licenciamento (ano, renavam, dataVenc, pago) VALUES (2006, '66717543490', '2000-11-30', 'S');
INSERT INTO licenciamento (ano, renavam, dataVenc, pago) VALUES (2007, '66717543490', '2000-11-30', 'S');
INSERT INTO licenciamento (ano, renavam, dataVenc, pago) VALUES (2008, '66717543490', '2000-11-30', 'S');
INSERT INTO licenciamento (ano, renavam, dataVenc, pago) VALUES (2009, '66717543490', '2000-11-30', 'S');
INSERT INTO licenciamento (ano, renavam, dataVenc, pago) VALUES (2010, '66717543490', '2000-11-30', 'S');
INSERT INTO licenciamento (ano, renavam, dataVenc, pago) VALUES (2011, '66717543490', '2000-11-30', 'S');
INSERT INTO licenciamento (ano, renavam, dataVenc, pago) VALUES (2012, '66717543490', '2000-11-30', 'S');
INSERT INTO licenciamento (ano, renavam, dataVenc, pago) VALUES (2013, '66717543490', '2000-11-30', 'S');
INSERT INTO licenciamento (ano, renavam, dataVenc, pago) VALUES (2014, '66717543490', '2000-11-30', 'S');
INSERT INTO licenciamento (ano, renavam, dataVenc, pago) VALUES (2015, '66717543490', '2000-11-30', 'S');
INSERT INTO licenciamento (ano, renavam, dataVenc, pago) VALUES (2016, '66717543490', '2000-11-30', 'S');
INSERT INTO licenciamento (ano, renavam, dataVenc, pago) VALUES (2017, '66717543490', '2000-11-30', 'S');
INSERT INTO licenciamento (ano, renavam, dataVenc, pago) VALUES (2018, '66717543490', '2000-11-30', 'S');
INSERT INTO licenciamento (ano, renavam, dataVenc, pago) VALUES (2019, '66717543490', '2000-11-30', 'S');
INSERT INTO licenciamento (ano, renavam, dataVenc, pago) VALUES (1999, '75738697283', '1999-10-31', 'S');
INSERT INTO licenciamento (ano, renavam, dataVenc, pago) VALUES (2000, '75738697283', '1999-10-31', 'S');
INSERT INTO licenciamento (ano, renavam, dataVenc, pago) VALUES (2001, '75738697283', '1999-10-31', 'S');
INSERT INTO licenciamento (ano, renavam, dataVenc, pago) VALUES (2002, '75738697283', '1999-10-31', 'S');
INSERT INTO licenciamento (ano, renavam, dataVenc, pago) VALUES (2003, '75738697283', '1999-10-31', 'S');
INSERT INTO licenciamento (ano, renavam, dataVenc, pago) VALUES (2004, '75738697283', '1999-10-31', 'S');
INSERT INTO licenciamento (ano, renavam, dataVenc, pago) VALUES (2005, '75738697283', '1999-10-31', 'S');
INSERT INTO licenciamento (ano, renavam, dataVenc, pago) VALUES (2006, '75738697283', '1999-10-31', 'S');
INSERT INTO licenciamento (ano, renavam, dataVenc, pago) VALUES (1994, '87738465190', '1994-11-30', 'S');
INSERT INTO licenciamento (ano, renavam, dataVenc, pago) VALUES (1995, '87738465190', '1994-11-30', 'S');
INSERT INTO licenciamento (ano, renavam, dataVenc, pago) VALUES (1996, '87738465190', '1994-11-30', 'S');
INSERT INTO licenciamento (ano, renavam, dataVenc, pago) VALUES (1997, '87738465190', '1994-11-30', 'S');
INSERT INTO licenciamento (ano, renavam, dataVenc, pago) VALUES (1998, '87738465190', '1994-11-30', 'N');
INSERT INTO licenciamento (ano, renavam, dataVenc, pago) VALUES (2001, '69706918921', '2001-04-30', 'S');
INSERT INTO licenciamento (ano, renavam, dataVenc, pago) VALUES (2002, '69706918921', '2001-04-30', 'S');
INSERT INTO licenciamento (ano, renavam, dataVenc, pago) VALUES (2003, '69706918921', '2001-04-30', 'S');
INSERT INTO licenciamento (ano, renavam, dataVenc, pago) VALUES (2004, '69706918921', '2001-04-30', 'S');
INSERT INTO licenciamento (ano, renavam, dataVenc, pago) VALUES (2005, '69706918921', '2001-04-30', 'S');
INSERT INTO licenciamento (ano, renavam, dataVenc, pago) VALUES (2006, '69706918921', '2001-04-30', 'S');
INSERT INTO licenciamento (ano, renavam, dataVenc, pago) VALUES (2007, '69706918921', '2001-04-30', 'S');
INSERT INTO licenciamento (ano, renavam, dataVenc, pago) VALUES (2008, '69706918921', '2001-04-30', 'S');
INSERT INTO licenciamento (ano, renavam, dataVenc, pago) VALUES (2009, '69706918921', '2001-04-30', 'S');
INSERT INTO licenciamento (ano, renavam, dataVenc, pago) VALUES (2010, '69706918921', '2001-04-30', 'S');
INSERT INTO licenciamento (ano, renavam, dataVenc, pago) VALUES (2011, '69706918921', '2001-04-30', 'S');
INSERT INTO licenciamento (ano, renavam, dataVenc, pago) VALUES (1981, '74848136164', '1981-08-31', 'S');
INSERT INTO licenciamento (ano, renavam, dataVenc, pago) VALUES (1982, '74848136164', '1981-08-31', 'S');
INSERT INTO licenciamento (ano, renavam, dataVenc, pago) VALUES (1983, '74848136164', '1981-08-31', 'S');
INSERT INTO licenciamento (ano, renavam, dataVenc, pago) VALUES (1984, '74848136164', '1981-08-31', 'S');
INSERT INTO licenciamento (ano, renavam, dataVenc, pago) VALUES (1985, '74848136164', '1981-08-31', 'S');
INSERT INTO licenciamento (ano, renavam, dataVenc, pago) VALUES (1986, '74848136164', '1981-08-31', 'S');
INSERT INTO licenciamento (ano, renavam, dataVenc, pago) VALUES (1987, '74848136164', '1981-08-31', 'S');
INSERT INTO licenciamento (ano, renavam, dataVenc, pago) VALUES (1988, '74848136164', '1981-08-31', 'S');
INSERT INTO licenciamento (ano, renavam, dataVenc, pago) VALUES (1989, '74848136164', '1981-08-31', 'S');
INSERT INTO licenciamento (ano, renavam, dataVenc, pago) VALUES (1990, '74848136164', '1981-08-31', 'S');
INSERT INTO licenciamento (ano, renavam, dataVenc, pago) VALUES (1991, '74848136164', '1981-08-31', 'S');
INSERT INTO licenciamento (ano, renavam, dataVenc, pago) VALUES (1992, '74848136164', '1981-08-31', 'N');
INSERT INTO licenciamento (ano, renavam, dataVenc, pago) VALUES (1971, '81857956015', '1971-03-28', 'S');
INSERT INTO licenciamento (ano, renavam, dataVenc, pago) VALUES (1972, '81857956015', '1971-03-28', 'S');
INSERT INTO licenciamento (ano, renavam, dataVenc, pago) VALUES (1973, '81857956015', '1971-03-28', 'S');
INSERT INTO licenciamento (ano, renavam, dataVenc, pago) VALUES (1974, '81857956015', '1971-03-28', 'S');
INSERT INTO licenciamento (ano, renavam, dataVenc, pago) VALUES (1975, '81857956015', '1971-03-28', 'S');
INSERT INTO licenciamento (ano, renavam, dataVenc, pago) VALUES (1976, '81857956015', '1971-03-28', 'S');
INSERT INTO licenciamento (ano, renavam, dataVenc, pago) VALUES (1977, '81857956015', '1971-03-28', 'S');
INSERT INTO licenciamento (ano, renavam, dataVenc, pago) VALUES (1978, '81857956015', '1971-03-28', 'N');
INSERT INTO licenciamento (ano, renavam, dataVenc, pago) VALUES (1999, '68798823223', '1999-04-30', 'S');
INSERT INTO licenciamento (ano, renavam, dataVenc, pago) VALUES (2000, '68798823223', '1999-04-30', 'S');
INSERT INTO licenciamento (ano, renavam, dataVenc, pago) VALUES (2001, '68798823223', '1999-04-30', 'S');
INSERT INTO licenciamento (ano, renavam, dataVenc, pago) VALUES (2002, '68798823223', '1999-04-30', 'S');
INSERT INTO licenciamento (ano, renavam, dataVenc, pago) VALUES (2003, '68798823223', '1999-04-30', 'S');
INSERT INTO licenciamento (ano, renavam, dataVenc, pago) VALUES (2004, '68798823223', '1999-04-30', 'S');
INSERT INTO licenciamento (ano, renavam, dataVenc, pago) VALUES (2005, '68798823223', '1999-04-30', 'S');
INSERT INTO licenciamento (ano, renavam, dataVenc, pago) VALUES (2006, '68798823223', '1999-04-30', 'S');
INSERT INTO licenciamento (ano, renavam, dataVenc, pago) VALUES (2007, '68798823223', '1999-04-30', 'S');
INSERT INTO licenciamento (ano, renavam, dataVenc, pago) VALUES (2008, '68798823223', '1999-04-30', 'S');
INSERT INTO licenciamento (ano, renavam, dataVenc, pago) VALUES (2009, '68798823223', '1999-04-30', 'S');
INSERT INTO licenciamento (ano, renavam, dataVenc, pago) VALUES (2010, '68798823223', '1999-04-30', 'S');
INSERT INTO licenciamento (ano, renavam, dataVenc, pago) VALUES (2011, '68798823223', '1999-04-30', 'S');
INSERT INTO licenciamento (ano, renavam, dataVenc, pago) VALUES (2012, '68798823223', '1999-04-30', 'S');
INSERT INTO licenciamento (ano, renavam, dataVenc, pago) VALUES (2013, '68798823223', '1999-04-30', 'S');
INSERT INTO licenciamento (ano, renavam, dataVenc, pago) VALUES (2014, '68798823223', '1999-04-30', 'S');
INSERT INTO licenciamento (ano, renavam, dataVenc, pago) VALUES (2015, '68798823223', '1999-04-30', 'S');
INSERT INTO licenciamento (ano, renavam, dataVenc, pago) VALUES (2016, '68798823223', '1999-04-30', 'S');
INSERT INTO licenciamento (ano, renavam, dataVenc, pago) VALUES (2017, '68798823223', '1999-04-30', 'S');
INSERT INTO licenciamento (ano, renavam, dataVenc, pago) VALUES (2018, '68798823223', '1999-04-30', 'S');
INSERT INTO licenciamento (ano, renavam, dataVenc, pago) VALUES (2019, '68798823223', '1999-04-30', 'S');
INSERT INTO licenciamento (ano, renavam, dataVenc, pago) VALUES (1974, '84707688753', '1974-07-31', 'N');
INSERT INTO licenciamento (ano, renavam, dataVenc, pago) VALUES (1970, '80668907620', '1970-04-30', 'S');
INSERT INTO licenciamento (ano, renavam, dataVenc, pago) VALUES (1971, '80668907620', '1970-04-30', 'S');
INSERT INTO licenciamento (ano, renavam, dataVenc, pago) VALUES (1972, '80668907620', '1970-04-30', 'S');
INSERT INTO licenciamento (ano, renavam, dataVenc, pago) VALUES (1973, '80668907620', '1970-04-30', 'S');
INSERT INTO licenciamento (ano, renavam, dataVenc, pago) VALUES (1974, '80668907620', '1970-04-30', 'S');
INSERT INTO licenciamento (ano, renavam, dataVenc, pago) VALUES (1975, '80668907620', '1970-04-30', 'S');
INSERT INTO licenciamento (ano, renavam, dataVenc, pago) VALUES (1976, '80668907620', '1970-04-30', 'S');
INSERT INTO licenciamento (ano, renavam, dataVenc, pago) VALUES (1977, '80668907620', '1970-04-30', 'N');
INSERT INTO licenciamento (ano, renavam, dataVenc, pago) VALUES (1997, '67817948172', '1997-09-28', 'S');
INSERT INTO licenciamento (ano, renavam, dataVenc, pago) VALUES (1998, '67817948172', '1997-09-28', 'S');
INSERT INTO licenciamento (ano, renavam, dataVenc, pago) VALUES (1999, '67817948172', '1997-09-28', 'S');
INSERT INTO licenciamento (ano, renavam, dataVenc, pago) VALUES (2000, '67817948172', '1997-09-28', 'S');
INSERT INTO licenciamento (ano, renavam, dataVenc, pago) VALUES (2001, '67817948172', '1997-09-28', 'N');
INSERT INTO licenciamento (ano, renavam, dataVenc, pago) VALUES (2015, '87827445860', '2015-08-31', 'S');
INSERT INTO licenciamento (ano, renavam, dataVenc, pago) VALUES (2016, '87827445860', '2015-08-31', 'S');
INSERT INTO licenciamento (ano, renavam, dataVenc, pago) VALUES (2017, '87827445860', '2015-08-31', 'S');
INSERT INTO licenciamento (ano, renavam, dataVenc, pago) VALUES (2018, '87827445860', '2015-08-31', 'S');
INSERT INTO licenciamento (ano, renavam, dataVenc, pago) VALUES (2019, '87827445860', '2015-08-31', 'S');
INSERT INTO licenciamento (ano, renavam, dataVenc, pago) VALUES (1970, '68886601176', '1970-09-28', 'S');
INSERT INTO licenciamento (ano, renavam, dataVenc, pago) VALUES (1971, '68886601176', '1970-09-28', 'S');
INSERT INTO licenciamento (ano, renavam, dataVenc, pago) VALUES (1972, '68886601176', '1970-09-28', 'S');
INSERT INTO licenciamento (ano, renavam, dataVenc, pago) VALUES (1973, '68886601176', '1970-09-28', 'S');
INSERT INTO licenciamento (ano, renavam, dataVenc, pago) VALUES (1974, '68886601176', '1970-09-28', 'S');
INSERT INTO licenciamento (ano, renavam, dataVenc, pago) VALUES (1975, '68886601176', '1970-09-28', 'S');
INSERT INTO licenciamento (ano, renavam, dataVenc, pago) VALUES (1976, '68886601176', '1970-09-28', 'S');
INSERT INTO licenciamento (ano, renavam, dataVenc, pago) VALUES (1977, '68886601176', '1970-09-28', 'S');
INSERT INTO licenciamento (ano, renavam, dataVenc, pago) VALUES (1978, '68886601176', '1970-09-28', 'S');
INSERT INTO licenciamento (ano, renavam, dataVenc, pago) VALUES (1979, '68886601176', '1970-09-28', 'S');
INSERT INTO licenciamento (ano, renavam, dataVenc, pago) VALUES (1980, '68886601176', '1970-09-28', 'S');
INSERT INTO licenciamento (ano, renavam, dataVenc, pago) VALUES (1981, '68886601176', '1970-09-28', 'S');
INSERT INTO licenciamento (ano, renavam, dataVenc, pago) VALUES (1982, '68886601176', '1970-09-28', 'S');
INSERT INTO licenciamento (ano, renavam, dataVenc, pago) VALUES (1983, '68886601176', '1970-09-28', 'S');
INSERT INTO licenciamento (ano, renavam, dataVenc, pago) VALUES (1984, '68886601176', '1970-09-28', 'S');
INSERT INTO licenciamento (ano, renavam, dataVenc, pago) VALUES (1985, '68886601176', '1970-09-28', 'S');
INSERT INTO licenciamento (ano, renavam, dataVenc, pago) VALUES (1986, '68886601176', '1970-09-28', 'S');
INSERT INTO licenciamento (ano, renavam, dataVenc, pago) VALUES (1987, '68886601176', '1970-09-28', 'S');
INSERT INTO licenciamento (ano, renavam, dataVenc, pago) VALUES (1988, '68886601176', '1970-09-28', 'S');
INSERT INTO licenciamento (ano, renavam, dataVenc, pago) VALUES (1989, '68886601176', '1970-09-28', 'S');
INSERT INTO licenciamento (ano, renavam, dataVenc, pago) VALUES (1970, '74817358459', '1970-07-31', 'S');
INSERT INTO licenciamento (ano, renavam, dataVenc, pago) VALUES (2000, '84886744874', '2000-09-28', 'S');
INSERT INTO licenciamento (ano, renavam, dataVenc, pago) VALUES (2001, '84886744874', '2000-09-28', 'S');
INSERT INTO licenciamento (ano, renavam, dataVenc, pago) VALUES (2002, '84886744874', '2000-09-28', 'S');
INSERT INTO licenciamento (ano, renavam, dataVenc, pago) VALUES (2003, '84886744874', '2000-09-28', 'S');
INSERT INTO licenciamento (ano, renavam, dataVenc, pago) VALUES (2004, '84886744874', '2000-09-28', 'S');
INSERT INTO licenciamento (ano, renavam, dataVenc, pago) VALUES (2005, '84886744874', '2000-09-28', 'S');
INSERT INTO licenciamento (ano, renavam, dataVenc, pago) VALUES (2006, '84886744874', '2000-09-28', 'S');
INSERT INTO licenciamento (ano, renavam, dataVenc, pago) VALUES (2007, '84886744874', '2000-09-28', 'S');
INSERT INTO licenciamento (ano, renavam, dataVenc, pago) VALUES (2008, '84886744874', '2000-09-28', 'S');
INSERT INTO licenciamento (ano, renavam, dataVenc, pago) VALUES (1997, '79757878967', '1997-08-31', 'S');
INSERT INTO licenciamento (ano, renavam, dataVenc, pago) VALUES (1998, '79757878967', '1997-08-31', 'S');
INSERT INTO licenciamento (ano, renavam, dataVenc, pago) VALUES (1999, '79757878967', '1997-08-31', 'S');
INSERT INTO licenciamento (ano, renavam, dataVenc, pago) VALUES (2000, '79757878967', '1997-08-31', 'S');
INSERT INTO licenciamento (ano, renavam, dataVenc, pago) VALUES (2001, '79757878967', '1997-08-31', 'S');
INSERT INTO licenciamento (ano, renavam, dataVenc, pago) VALUES (2002, '79757878967', '1997-08-31', 'N');
INSERT INTO licenciamento (ano, renavam, dataVenc, pago) VALUES (1985, '80908651919', '1985-03-28', 'N');
INSERT INTO licenciamento (ano, renavam, dataVenc, pago) VALUES (1996, '71747999863', '1996-08-31', 'N');
INSERT INTO licenciamento (ano, renavam, dataVenc, pago) VALUES (1981, '77797258017', '1981-03-28', 'S');
INSERT INTO licenciamento (ano, renavam, dataVenc, pago) VALUES (1982, '77797258017', '1981-03-28', 'S');
INSERT INTO licenciamento (ano, renavam, dataVenc, pago) VALUES (1983, '77797258017', '1981-03-28', 'S');
INSERT INTO licenciamento (ano, renavam, dataVenc, pago) VALUES (1984, '77797258017', '1981-03-28', 'S');
INSERT INTO licenciamento (ano, renavam, dataVenc, pago) VALUES (1985, '77797258017', '1981-03-28', 'S');
INSERT INTO licenciamento (ano, renavam, dataVenc, pago) VALUES (1986, '77797258017', '1981-03-28', 'N');
INSERT INTO licenciamento (ano, renavam, dataVenc, pago) VALUES (1972, '65896502095', '1972-11-30', 'S');
INSERT INTO licenciamento (ano, renavam, dataVenc, pago) VALUES (1973, '65896502095', '1972-11-30', 'S');
INSERT INTO licenciamento (ano, renavam, dataVenc, pago) VALUES (1974, '65896502095', '1972-11-30', 'S');
INSERT INTO licenciamento (ano, renavam, dataVenc, pago) VALUES (1975, '65896502095', '1972-11-30', 'S');
INSERT INTO licenciamento (ano, renavam, dataVenc, pago) VALUES (1976, '65896502095', '1972-11-30', 'S');
INSERT INTO licenciamento (ano, renavam, dataVenc, pago) VALUES (1977, '65896502095', '1972-11-30', 'S');
INSERT INTO licenciamento (ano, renavam, dataVenc, pago) VALUES (1978, '65896502095', '1972-11-30', 'S');
INSERT INTO licenciamento (ano, renavam, dataVenc, pago) VALUES (1979, '65896502095', '1972-11-30', 'S');
INSERT INTO licenciamento (ano, renavam, dataVenc, pago) VALUES (1980, '65896502095', '1972-11-30', 'S');
INSERT INTO licenciamento (ano, renavam, dataVenc, pago) VALUES (1981, '65896502095', '1972-11-30', 'S');
INSERT INTO licenciamento (ano, renavam, dataVenc, pago) VALUES (1982, '65896502095', '1972-11-30', 'S');
INSERT INTO licenciamento (ano, renavam, dataVenc, pago) VALUES (1983, '65896502095', '1972-11-30', 'S');
INSERT INTO licenciamento (ano, renavam, dataVenc, pago) VALUES (1984, '65896502095', '1972-11-30', 'S');
INSERT INTO licenciamento (ano, renavam, dataVenc, pago) VALUES (1985, '65896502095', '1972-11-30', 'S');
INSERT INTO licenciamento (ano, renavam, dataVenc, pago) VALUES (1986, '65896502095', '1972-11-30', 'S');
INSERT INTO licenciamento (ano, renavam, dataVenc, pago) VALUES (1987, '65896502095', '1972-11-30', 'S');
INSERT INTO licenciamento (ano, renavam, dataVenc, pago) VALUES (1988, '65896502095', '1972-11-30', 'S');
INSERT INTO licenciamento (ano, renavam, dataVenc, pago) VALUES (1989, '65896502095', '1972-11-30', 'S');
INSERT INTO licenciamento (ano, renavam, dataVenc, pago) VALUES (1990, '65896502095', '1972-11-30', 'S');
INSERT INTO licenciamento (ano, renavam, dataVenc, pago) VALUES (1991, '65896502095', '1972-11-30', 'S');
INSERT INTO licenciamento (ano, renavam, dataVenc, pago) VALUES (1992, '65896502095', '1972-11-30', 'S');
INSERT INTO licenciamento (ano, renavam, dataVenc, pago) VALUES (1993, '65896502095', '1972-11-30', 'S');
INSERT INTO licenciamento (ano, renavam, dataVenc, pago) VALUES (1994, '65896502095', '1972-11-30', 'S');
INSERT INTO licenciamento (ano, renavam, dataVenc, pago) VALUES (1995, '65896502095', '1972-11-30', 'S');
INSERT INTO licenciamento (ano, renavam, dataVenc, pago) VALUES (1996, '65896502095', '1972-11-30', 'S');
INSERT INTO licenciamento (ano, renavam, dataVenc, pago) VALUES (1997, '65896502095', '1972-11-30', 'S');
INSERT INTO licenciamento (ano, renavam, dataVenc, pago) VALUES (1998, '65896502095', '1972-11-30', 'S');
INSERT INTO licenciamento (ano, renavam, dataVenc, pago) VALUES (1999, '65896502095', '1972-11-30', 'S');
INSERT INTO licenciamento (ano, renavam, dataVenc, pago) VALUES (2000, '65896502095', '1972-11-30', 'S');
INSERT INTO licenciamento (ano, renavam, dataVenc, pago) VALUES (2001, '65896502095', '1972-11-30', 'S');
INSERT INTO licenciamento (ano, renavam, dataVenc, pago) VALUES (2002, '65896502095', '1972-11-30', 'S');
INSERT INTO licenciamento (ano, renavam, dataVenc, pago) VALUES (2003, '65896502095', '1972-11-30', 'S');
INSERT INTO licenciamento (ano, renavam, dataVenc, pago) VALUES (2004, '65896502095', '1972-11-30', 'S');
INSERT INTO licenciamento (ano, renavam, dataVenc, pago) VALUES (2005, '65896502095', '1972-11-30', 'S');
INSERT INTO licenciamento (ano, renavam, dataVenc, pago) VALUES (2006, '65896502095', '1972-11-30', 'N');
INSERT INTO licenciamento (ano, renavam, dataVenc, pago) VALUES (1971, '82897595097', '1971-11-30', 'S');
INSERT INTO licenciamento (ano, renavam, dataVenc, pago) VALUES (1972, '82897595097', '1971-11-30', 'S');
INSERT INTO licenciamento (ano, renavam, dataVenc, pago) VALUES (1973, '82897595097', '1971-11-30', 'S');
INSERT INTO licenciamento (ano, renavam, dataVenc, pago) VALUES (1974, '82897595097', '1971-11-30', 'S');
INSERT INTO licenciamento (ano, renavam, dataVenc, pago) VALUES (1975, '82897595097', '1971-11-30', 'S');
INSERT INTO licenciamento (ano, renavam, dataVenc, pago) VALUES (1976, '82897595097', '1971-11-30', 'S');
INSERT INTO licenciamento (ano, renavam, dataVenc, pago) VALUES (1977, '82897595097', '1971-11-30', 'S');
INSERT INTO licenciamento (ano, renavam, dataVenc, pago) VALUES (1978, '82897595097', '1971-11-30', 'S');
INSERT INTO licenciamento (ano, renavam, dataVenc, pago) VALUES (1979, '82897595097', '1971-11-30', 'S');
INSERT INTO licenciamento (ano, renavam, dataVenc, pago) VALUES (1980, '82897595097', '1971-11-30', 'S');
INSERT INTO licenciamento (ano, renavam, dataVenc, pago) VALUES (1981, '82897595097', '1971-11-30', 'S');
INSERT INTO licenciamento (ano, renavam, dataVenc, pago) VALUES (1982, '82897595097', '1971-11-30', 'S');
INSERT INTO licenciamento (ano, renavam, dataVenc, pago) VALUES (1983, '82897595097', '1971-11-30', 'S');
INSERT INTO licenciamento (ano, renavam, dataVenc, pago) VALUES (1984, '82897595097', '1971-11-30', 'S');
INSERT INTO licenciamento (ano, renavam, dataVenc, pago) VALUES (1985, '82897595097', '1971-11-30', 'S');
INSERT INTO licenciamento (ano, renavam, dataVenc, pago) VALUES (1986, '82897595097', '1971-11-30', 'S');
INSERT INTO licenciamento (ano, renavam, dataVenc, pago) VALUES (1987, '82897595097', '1971-11-30', 'S');
INSERT INTO licenciamento (ano, renavam, dataVenc, pago) VALUES (1988, '82897595097', '1971-11-30', 'S');
INSERT INTO licenciamento (ano, renavam, dataVenc, pago) VALUES (1989, '82897595097', '1971-11-30', 'S');
INSERT INTO licenciamento (ano, renavam, dataVenc, pago) VALUES (1990, '82897595097', '1971-11-30', 'S');
INSERT INTO licenciamento (ano, renavam, dataVenc, pago) VALUES (1991, '82897595097', '1971-11-30', 'S');
INSERT INTO licenciamento (ano, renavam, dataVenc, pago) VALUES (1992, '82897595097', '1971-11-30', 'S');
INSERT INTO licenciamento (ano, renavam, dataVenc, pago) VALUES (1993, '82897595097', '1971-11-30', 'S');
INSERT INTO licenciamento (ano, renavam, dataVenc, pago) VALUES (1994, '82897595097', '1971-11-30', 'S');
INSERT INTO licenciamento (ano, renavam, dataVenc, pago) VALUES (1995, '82897595097', '1971-11-30', 'S');
INSERT INTO licenciamento (ano, renavam, dataVenc, pago) VALUES (1996, '82897595097', '1971-11-30', 'S');
INSERT INTO licenciamento (ano, renavam, dataVenc, pago) VALUES (1997, '82897595097', '1971-11-30', 'S');
INSERT INTO licenciamento (ano, renavam, dataVenc, pago) VALUES (1998, '82897595097', '1971-11-30', 'S');
INSERT INTO licenciamento (ano, renavam, dataVenc, pago) VALUES (1999, '82897595097', '1971-11-30', 'N');
INSERT INTO licenciamento (ano, renavam, dataVenc, pago) VALUES (1978, '67846930880', '1978-10-31', 'S');
INSERT INTO licenciamento (ano, renavam, dataVenc, pago) VALUES (1979, '67846930880', '1978-10-31', 'S');
INSERT INTO licenciamento (ano, renavam, dataVenc, pago) VALUES (1980, '67846930880', '1978-10-31', 'S');
INSERT INTO licenciamento (ano, renavam, dataVenc, pago) VALUES (1981, '67846930880', '1978-10-31', 'S');
INSERT INTO licenciamento (ano, renavam, dataVenc, pago) VALUES (1982, '67846930880', '1978-10-31', 'S');
INSERT INTO licenciamento (ano, renavam, dataVenc, pago) VALUES (1983, '67846930880', '1978-10-31', 'S');
INSERT INTO licenciamento (ano, renavam, dataVenc, pago) VALUES (1984, '67846930880', '1978-10-31', 'S');
INSERT INTO licenciamento (ano, renavam, dataVenc, pago) VALUES (1985, '67846930880', '1978-10-31', 'S');
INSERT INTO licenciamento (ano, renavam, dataVenc, pago) VALUES (1986, '67846930880', '1978-10-31', 'N');
INSERT INTO licenciamento (ano, renavam, dataVenc, pago) VALUES (1977, '69898291477', '1977-09-28', 'S');
INSERT INTO licenciamento (ano, renavam, dataVenc, pago) VALUES (1978, '69898291477', '1977-09-28', 'S');
INSERT INTO licenciamento (ano, renavam, dataVenc, pago) VALUES (1979, '69898291477', '1977-09-28', 'S');
INSERT INTO licenciamento (ano, renavam, dataVenc, pago) VALUES (1980, '69898291477', '1977-09-28', 'S');
INSERT INTO licenciamento (ano, renavam, dataVenc, pago) VALUES (1981, '69898291477', '1977-09-28', 'S');
INSERT INTO licenciamento (ano, renavam, dataVenc, pago) VALUES (1982, '69898291477', '1977-09-28', 'N');
INSERT INTO licenciamento (ano, renavam, dataVenc, pago) VALUES (2006, '67677299312', '2006-03-28', 'S');
INSERT INTO licenciamento (ano, renavam, dataVenc, pago) VALUES (2007, '67677299312', '2006-03-28', 'S');
INSERT INTO licenciamento (ano, renavam, dataVenc, pago) VALUES (2008, '67677299312', '2006-03-28', 'S');
INSERT INTO licenciamento (ano, renavam, dataVenc, pago) VALUES (2009, '67677299312', '2006-03-28', 'S');
INSERT INTO licenciamento (ano, renavam, dataVenc, pago) VALUES (2010, '67677299312', '2006-03-28', 'S');
INSERT INTO licenciamento (ano, renavam, dataVenc, pago) VALUES (2011, '67677299312', '2006-03-28', 'S');
INSERT INTO licenciamento (ano, renavam, dataVenc, pago) VALUES (2012, '67677299312', '2006-03-28', 'S');
INSERT INTO licenciamento (ano, renavam, dataVenc, pago) VALUES (2013, '67677299312', '2006-03-28', 'N');
INSERT INTO licenciamento (ano, renavam, dataVenc, pago) VALUES (2001, '73748816270', '2001-09-28', 'S');
INSERT INTO licenciamento (ano, renavam, dataVenc, pago) VALUES (2002, '73748816270', '2001-09-28', 'S');
INSERT INTO licenciamento (ano, renavam, dataVenc, pago) VALUES (2003, '73748816270', '2001-09-28', 'N');
INSERT INTO licenciamento (ano, renavam, dataVenc, pago) VALUES (1975, '75747785289', '1975-10-31', 'S');
INSERT INTO licenciamento (ano, renavam, dataVenc, pago) VALUES (1976, '75747785289', '1975-10-31', 'S');
INSERT INTO licenciamento (ano, renavam, dataVenc, pago) VALUES (1977, '75747785289', '1975-10-31', 'N');
INSERT INTO licenciamento (ano, renavam, dataVenc, pago) VALUES (1976, '83838628845', '1976-06-29', 'S');
INSERT INTO licenciamento (ano, renavam, dataVenc, pago) VALUES (1977, '83838628845', '1976-06-29', 'S');
INSERT INTO licenciamento (ano, renavam, dataVenc, pago) VALUES (1978, '83838628845', '1976-06-29', 'S');
INSERT INTO licenciamento (ano, renavam, dataVenc, pago) VALUES (1979, '83838628845', '1976-06-29', 'S');
INSERT INTO licenciamento (ano, renavam, dataVenc, pago) VALUES (1980, '83838628845', '1976-06-29', 'S');
INSERT INTO licenciamento (ano, renavam, dataVenc, pago) VALUES (1981, '83838628845', '1976-06-29', 'S');
INSERT INTO licenciamento (ano, renavam, dataVenc, pago) VALUES (1982, '83838628845', '1976-06-29', 'S');
INSERT INTO licenciamento (ano, renavam, dataVenc, pago) VALUES (1983, '83838628845', '1976-06-29', 'S');
INSERT INTO licenciamento (ano, renavam, dataVenc, pago) VALUES (1984, '83838628845', '1976-06-29', 'S');
INSERT INTO licenciamento (ano, renavam, dataVenc, pago) VALUES (1985, '83838628845', '1976-06-29', 'S');
INSERT INTO licenciamento (ano, renavam, dataVenc, pago) VALUES (1989, '79799025970', '1989-09-28', 'S');
INSERT INTO licenciamento (ano, renavam, dataVenc, pago) VALUES (1974, '75817114515', '1974-03-28', 'S');
INSERT INTO licenciamento (ano, renavam, dataVenc, pago) VALUES (1975, '75817114515', '1974-03-28', 'S');
INSERT INTO licenciamento (ano, renavam, dataVenc, pago) VALUES (1976, '75817114515', '1974-03-28', 'N');
INSERT INTO licenciamento (ano, renavam, dataVenc, pago) VALUES (1978, '68878384692', '1978-11-30', 'S');
INSERT INTO licenciamento (ano, renavam, dataVenc, pago) VALUES (1979, '68878384692', '1978-11-30', 'S');
INSERT INTO licenciamento (ano, renavam, dataVenc, pago) VALUES (1980, '68878384692', '1978-11-30', 'S');
INSERT INTO licenciamento (ano, renavam, dataVenc, pago) VALUES (1981, '68878384692', '1978-11-30', 'S');
INSERT INTO licenciamento (ano, renavam, dataVenc, pago) VALUES (1982, '68878384692', '1978-11-30', 'S');
INSERT INTO licenciamento (ano, renavam, dataVenc, pago) VALUES (1983, '68878384692', '1978-11-30', 'S');
INSERT INTO licenciamento (ano, renavam, dataVenc, pago) VALUES (1984, '68878384692', '1978-11-30', 'S');
INSERT INTO licenciamento (ano, renavam, dataVenc, pago) VALUES (1985, '68878384692', '1978-11-30', 'S');
INSERT INTO licenciamento (ano, renavam, dataVenc, pago) VALUES (1986, '68878384692', '1978-11-30', 'S');
INSERT INTO licenciamento (ano, renavam, dataVenc, pago) VALUES (1987, '68878384692', '1978-11-30', 'S');
INSERT INTO licenciamento (ano, renavam, dataVenc, pago) VALUES (1988, '68878384692', '1978-11-30', 'S');
INSERT INTO licenciamento (ano, renavam, dataVenc, pago) VALUES (1989, '68878384692', '1978-11-30', 'S');
INSERT INTO licenciamento (ano, renavam, dataVenc, pago) VALUES (1990, '68878384692', '1978-11-30', 'S');
INSERT INTO licenciamento (ano, renavam, dataVenc, pago) VALUES (1991, '68878384692', '1978-11-30', 'S');
INSERT INTO licenciamento (ano, renavam, dataVenc, pago) VALUES (1992, '68878384692', '1978-11-30', 'S');
INSERT INTO licenciamento (ano, renavam, dataVenc, pago) VALUES (1993, '68878384692', '1978-11-30', 'S');
INSERT INTO licenciamento (ano, renavam, dataVenc, pago) VALUES (1994, '68878384692', '1978-11-30', 'S');
INSERT INTO licenciamento (ano, renavam, dataVenc, pago) VALUES (1995, '68878384692', '1978-11-30', 'S');
INSERT INTO licenciamento (ano, renavam, dataVenc, pago) VALUES (1996, '68878384692', '1978-11-30', 'N');
INSERT INTO licenciamento (ano, renavam, dataVenc, pago) VALUES (1993, '77816588994', '1993-11-30', 'N');
INSERT INTO licenciamento (ano, renavam, dataVenc, pago) VALUES (1972, '88787801210', '1972-03-28', 'S');
INSERT INTO licenciamento (ano, renavam, dataVenc, pago) VALUES (1973, '88787801210', '1972-03-28', 'S');
INSERT INTO licenciamento (ano, renavam, dataVenc, pago) VALUES (1974, '88787801210', '1972-03-28', 'S');
INSERT INTO licenciamento (ano, renavam, dataVenc, pago) VALUES (1975, '88787801210', '1972-03-28', 'S');
INSERT INTO licenciamento (ano, renavam, dataVenc, pago) VALUES (1976, '88787801210', '1972-03-28', 'S');
INSERT INTO licenciamento (ano, renavam, dataVenc, pago) VALUES (1977, '88787801210', '1972-03-28', 'S');
INSERT INTO licenciamento (ano, renavam, dataVenc, pago) VALUES (1978, '88787801210', '1972-03-28', 'S');
INSERT INTO licenciamento (ano, renavam, dataVenc, pago) VALUES (1979, '88787801210', '1972-03-28', 'S');
INSERT INTO licenciamento (ano, renavam, dataVenc, pago) VALUES (1980, '88787801210', '1972-03-28', 'S');
INSERT INTO licenciamento (ano, renavam, dataVenc, pago) VALUES (1981, '88787801210', '1972-03-28', 'S');
INSERT INTO licenciamento (ano, renavam, dataVenc, pago) VALUES (1982, '88787801210', '1972-03-28', 'S');
INSERT INTO licenciamento (ano, renavam, dataVenc, pago) VALUES (1983, '88787801210', '1972-03-28', 'S');
INSERT INTO licenciamento (ano, renavam, dataVenc, pago) VALUES (1984, '88787801210', '1972-03-28', 'S');
INSERT INTO licenciamento (ano, renavam, dataVenc, pago) VALUES (1985, '88787801210', '1972-03-28', 'S');
INSERT INTO licenciamento (ano, renavam, dataVenc, pago) VALUES (1986, '88787801210', '1972-03-28', 'S');
INSERT INTO licenciamento (ano, renavam, dataVenc, pago) VALUES (1987, '88787801210', '1972-03-28', 'S');
INSERT INTO licenciamento (ano, renavam, dataVenc, pago) VALUES (1988, '88787801210', '1972-03-28', 'S');
INSERT INTO licenciamento (ano, renavam, dataVenc, pago) VALUES (1989, '88787801210', '1972-03-28', 'S');
INSERT INTO licenciamento (ano, renavam, dataVenc, pago) VALUES (1990, '88787801210', '1972-03-28', 'S');
INSERT INTO licenciamento (ano, renavam, dataVenc, pago) VALUES (1991, '88787801210', '1972-03-28', 'S');
INSERT INTO licenciamento (ano, renavam, dataVenc, pago) VALUES (1992, '88787801210', '1972-03-28', 'S');
INSERT INTO licenciamento (ano, renavam, dataVenc, pago) VALUES (1993, '88787801210', '1972-03-28', 'S');
INSERT INTO licenciamento (ano, renavam, dataVenc, pago) VALUES (1994, '88787801210', '1972-03-28', 'S');
INSERT INTO licenciamento (ano, renavam, dataVenc, pago) VALUES (1995, '88787801210', '1972-03-28', 'S');
INSERT INTO licenciamento (ano, renavam, dataVenc, pago) VALUES (1996, '88787801210', '1972-03-28', 'S');
INSERT INTO licenciamento (ano, renavam, dataVenc, pago) VALUES (1997, '88787801210', '1972-03-28', 'S');
INSERT INTO licenciamento (ano, renavam, dataVenc, pago) VALUES (1998, '88787801210', '1972-03-28', 'S');
INSERT INTO licenciamento (ano, renavam, dataVenc, pago) VALUES (1999, '88787801210', '1972-03-28', 'S');
INSERT INTO licenciamento (ano, renavam, dataVenc, pago) VALUES (2000, '88787801210', '1972-03-28', 'S');
INSERT INTO licenciamento (ano, renavam, dataVenc, pago) VALUES (2001, '88787801210', '1972-03-28', 'S');
INSERT INTO licenciamento (ano, renavam, dataVenc, pago) VALUES (2002, '88787801210', '1972-03-28', 'S');
INSERT INTO licenciamento (ano, renavam, dataVenc, pago) VALUES (2003, '88787801210', '1972-03-28', 'S');
INSERT INTO licenciamento (ano, renavam, dataVenc, pago) VALUES (2004, '88787801210', '1972-03-28', 'S');
INSERT INTO licenciamento (ano, renavam, dataVenc, pago) VALUES (2005, '88787801210', '1972-03-28', 'N');
INSERT INTO licenciamento (ano, renavam, dataVenc, pago) VALUES (2003, '76737702753', '2003-07-31', 'S');
INSERT INTO licenciamento (ano, renavam, dataVenc, pago) VALUES (2004, '76737702753', '2003-07-31', 'S');
INSERT INTO licenciamento (ano, renavam, dataVenc, pago) VALUES (2005, '76737702753', '2003-07-31', 'S');
INSERT INTO licenciamento (ano, renavam, dataVenc, pago) VALUES (2006, '76737702753', '2003-07-31', 'S');
INSERT INTO licenciamento (ano, renavam, dataVenc, pago) VALUES (2007, '76737702753', '2003-07-31', 'N');
INSERT INTO licenciamento (ano, renavam, dataVenc, pago) VALUES (2015, '78858773720', '2015-04-30', 'S');
INSERT INTO licenciamento (ano, renavam, dataVenc, pago) VALUES (2016, '78858773720', '2015-04-30', 'S');
INSERT INTO licenciamento (ano, renavam, dataVenc, pago) VALUES (2017, '78858773720', '2015-04-30', 'S');
INSERT INTO licenciamento (ano, renavam, dataVenc, pago) VALUES (2018, '78858773720', '2015-04-30', 'S');
INSERT INTO licenciamento (ano, renavam, dataVenc, pago) VALUES (2019, '78858773720', '2015-04-30', 'S');
INSERT INTO licenciamento (ano, renavam, dataVenc, pago) VALUES (1971, '87896796715', '1971-03-28', 'S');
INSERT INTO licenciamento (ano, renavam, dataVenc, pago) VALUES (1972, '87896796715', '1971-03-28', 'S');
INSERT INTO licenciamento (ano, renavam, dataVenc, pago) VALUES (1973, '87896796715', '1971-03-28', 'S');
INSERT INTO licenciamento (ano, renavam, dataVenc, pago) VALUES (1974, '87896796715', '1971-03-28', 'S');
INSERT INTO licenciamento (ano, renavam, dataVenc, pago) VALUES (1975, '87896796715', '1971-03-28', 'S');
INSERT INTO licenciamento (ano, renavam, dataVenc, pago) VALUES (1976, '87896796715', '1971-03-28', 'S');
INSERT INTO licenciamento (ano, renavam, dataVenc, pago) VALUES (1977, '87896796715', '1971-03-28', 'S');
INSERT INTO licenciamento (ano, renavam, dataVenc, pago) VALUES (1978, '87896796715', '1971-03-28', 'S');
INSERT INTO licenciamento (ano, renavam, dataVenc, pago) VALUES (1979, '87896796715', '1971-03-28', 'S');
INSERT INTO licenciamento (ano, renavam, dataVenc, pago) VALUES (1980, '87896796715', '1971-03-28', 'S');
INSERT INTO licenciamento (ano, renavam, dataVenc, pago) VALUES (1981, '87896796715', '1971-03-28', 'S');
INSERT INTO licenciamento (ano, renavam, dataVenc, pago) VALUES (1982, '87896796715', '1971-03-28', 'S');
INSERT INTO licenciamento (ano, renavam, dataVenc, pago) VALUES (1983, '87896796715', '1971-03-28', 'S');
INSERT INTO licenciamento (ano, renavam, dataVenc, pago) VALUES (1984, '87896796715', '1971-03-28', 'S');
INSERT INTO licenciamento (ano, renavam, dataVenc, pago) VALUES (1985, '87896796715', '1971-03-28', 'S');
INSERT INTO licenciamento (ano, renavam, dataVenc, pago) VALUES (1986, '87896796715', '1971-03-28', 'S');
INSERT INTO licenciamento (ano, renavam, dataVenc, pago) VALUES (1987, '87896796715', '1971-03-28', 'S');
INSERT INTO licenciamento (ano, renavam, dataVenc, pago) VALUES (1988, '87896796715', '1971-03-28', 'S');
INSERT INTO licenciamento (ano, renavam, dataVenc, pago) VALUES (1989, '87896796715', '1971-03-28', 'S');
INSERT INTO licenciamento (ano, renavam, dataVenc, pago) VALUES (1990, '87896796715', '1971-03-28', 'S');
INSERT INTO licenciamento (ano, renavam, dataVenc, pago) VALUES (1991, '87896796715', '1971-03-28', 'S');
INSERT INTO licenciamento (ano, renavam, dataVenc, pago) VALUES (1992, '87896796715', '1971-03-28', 'S');
INSERT INTO licenciamento (ano, renavam, dataVenc, pago) VALUES (1993, '87896796715', '1971-03-28', 'S');
INSERT INTO licenciamento (ano, renavam, dataVenc, pago) VALUES (1994, '87896796715', '1971-03-28', 'S');
INSERT INTO licenciamento (ano, renavam, dataVenc, pago) VALUES (1995, '87896796715', '1971-03-28', 'S');
INSERT INTO licenciamento (ano, renavam, dataVenc, pago) VALUES (1996, '87896796715', '1971-03-28', 'S');
INSERT INTO licenciamento (ano, renavam, dataVenc, pago) VALUES (1997, '87896796715', '1971-03-28', 'S');
INSERT INTO licenciamento (ano, renavam, dataVenc, pago) VALUES (1998, '87896796715', '1971-03-28', 'S');
INSERT INTO licenciamento (ano, renavam, dataVenc, pago) VALUES (1999, '87896796715', '1971-03-28', 'S');
INSERT INTO licenciamento (ano, renavam, dataVenc, pago) VALUES (2000, '87896796715', '1971-03-28', 'S');
INSERT INTO licenciamento (ano, renavam, dataVenc, pago) VALUES (2001, '87896796715', '1971-03-28', 'S');
INSERT INTO licenciamento (ano, renavam, dataVenc, pago) VALUES (2002, '87896796715', '1971-03-28', 'S');
INSERT INTO licenciamento (ano, renavam, dataVenc, pago) VALUES (2003, '87896796715', '1971-03-28', 'S');
INSERT INTO licenciamento (ano, renavam, dataVenc, pago) VALUES (2004, '87896796715', '1971-03-28', 'S');
INSERT INTO licenciamento (ano, renavam, dataVenc, pago) VALUES (2005, '87896796715', '1971-03-28', 'S');
INSERT INTO licenciamento (ano, renavam, dataVenc, pago) VALUES (2006, '87896796715', '1971-03-28', 'S');
INSERT INTO licenciamento (ano, renavam, dataVenc, pago) VALUES (2007, '87896796715', '1971-03-28', 'S');
INSERT INTO licenciamento (ano, renavam, dataVenc, pago) VALUES (2008, '87896796715', '1971-03-28', 'S');
INSERT INTO licenciamento (ano, renavam, dataVenc, pago) VALUES (2009, '87896796715', '1971-03-28', 'S');
INSERT INTO licenciamento (ano, renavam, dataVenc, pago) VALUES (2010, '87896796715', '1971-03-28', 'S');
INSERT INTO licenciamento (ano, renavam, dataVenc, pago) VALUES (2011, '87896796715', '1971-03-28', 'S');
INSERT INTO licenciamento (ano, renavam, dataVenc, pago) VALUES (2012, '87896796715', '1971-03-28', 'S');
INSERT INTO licenciamento (ano, renavam, dataVenc, pago) VALUES (2013, '87896796715', '1971-03-28', 'S');
INSERT INTO licenciamento (ano, renavam, dataVenc, pago) VALUES (2014, '87896796715', '1971-03-28', 'S');
INSERT INTO licenciamento (ano, renavam, dataVenc, pago) VALUES (2015, '87896796715', '1971-03-28', 'S');
INSERT INTO licenciamento (ano, renavam, dataVenc, pago) VALUES (2016, '87896796715', '1971-03-28', 'S');
INSERT INTO licenciamento (ano, renavam, dataVenc, pago) VALUES (2017, '87896796715', '1971-03-28', 'S');
INSERT INTO licenciamento (ano, renavam, dataVenc, pago) VALUES (2018, '87896796715', '1971-03-28', 'N');
INSERT INTO licenciamento (ano, renavam, dataVenc, pago) VALUES (1998, '76748812326', '1998-04-30', 'S');
INSERT INTO licenciamento (ano, renavam, dataVenc, pago) VALUES (1999, '76748812326', '1998-04-30', 'S');
INSERT INTO licenciamento (ano, renavam, dataVenc, pago) VALUES (2000, '76748812326', '1998-04-30', 'S');
INSERT INTO licenciamento (ano, renavam, dataVenc, pago) VALUES (2001, '76748812326', '1998-04-30', 'S');
INSERT INTO licenciamento (ano, renavam, dataVenc, pago) VALUES (2002, '76748812326', '1998-04-30', 'S');
INSERT INTO licenciamento (ano, renavam, dataVenc, pago) VALUES (2003, '76748812326', '1998-04-30', 'S');
INSERT INTO licenciamento (ano, renavam, dataVenc, pago) VALUES (2004, '76748812326', '1998-04-30', 'S');
INSERT INTO licenciamento (ano, renavam, dataVenc, pago) VALUES (2005, '76748812326', '1998-04-30', 'S');
INSERT INTO licenciamento (ano, renavam, dataVenc, pago) VALUES (2006, '76748812326', '1998-04-30', 'S');
INSERT INTO licenciamento (ano, renavam, dataVenc, pago) VALUES (2007, '76748812326', '1998-04-30', 'S');
INSERT INTO licenciamento (ano, renavam, dataVenc, pago) VALUES (2008, '76748812326', '1998-04-30', 'S');
INSERT INTO licenciamento (ano, renavam, dataVenc, pago) VALUES (2009, '76748812326', '1998-04-30', 'S');
INSERT INTO licenciamento (ano, renavam, dataVenc, pago) VALUES (2010, '76748812326', '1998-04-30', 'S');
INSERT INTO licenciamento (ano, renavam, dataVenc, pago) VALUES (2011, '76748812326', '1998-04-30', 'S');
INSERT INTO licenciamento (ano, renavam, dataVenc, pago) VALUES (2012, '76748812326', '1998-04-30', 'S');
INSERT INTO licenciamento (ano, renavam, dataVenc, pago) VALUES (2013, '76748812326', '1998-04-30', 'N');
INSERT INTO licenciamento (ano, renavam, dataVenc, pago) VALUES (2007, '65657590902', '2007-12-28', 'S');
INSERT INTO licenciamento (ano, renavam, dataVenc, pago) VALUES (2008, '65657590902', '2007-12-28', 'S');
INSERT INTO licenciamento (ano, renavam, dataVenc, pago) VALUES (2009, '65657590902', '2007-12-28', 'S');
INSERT INTO licenciamento (ano, renavam, dataVenc, pago) VALUES (2010, '65657590902', '2007-12-28', 'S');
INSERT INTO licenciamento (ano, renavam, dataVenc, pago) VALUES (2011, '65657590902', '2007-12-28', 'S');
INSERT INTO licenciamento (ano, renavam, dataVenc, pago) VALUES (2012, '65657590902', '2007-12-28', 'S');
INSERT INTO licenciamento (ano, renavam, dataVenc, pago) VALUES (2013, '65657590902', '2007-12-28', 'S');
INSERT INTO licenciamento (ano, renavam, dataVenc, pago) VALUES (2014, '65657590902', '2007-12-28', 'S');
INSERT INTO licenciamento (ano, renavam, dataVenc, pago) VALUES (2015, '65657590902', '2007-12-28', 'S');
INSERT INTO licenciamento (ano, renavam, dataVenc, pago) VALUES (2016, '65657590902', '2007-12-28', 'S');
INSERT INTO licenciamento (ano, renavam, dataVenc, pago) VALUES (2017, '65657590902', '2007-12-28', 'S');
INSERT INTO licenciamento (ano, renavam, dataVenc, pago) VALUES (2018, '65657590902', '2007-12-28', 'S');
INSERT INTO licenciamento (ano, renavam, dataVenc, pago) VALUES (2019, '65657590902', '2007-12-28', 'S');
INSERT INTO licenciamento (ano, renavam, dataVenc, pago) VALUES (1998, '83766859196', '1998-11-30', 'S');
INSERT INTO licenciamento (ano, renavam, dataVenc, pago) VALUES (1999, '83766859196', '1998-11-30', 'S');
INSERT INTO licenciamento (ano, renavam, dataVenc, pago) VALUES (2000, '83766859196', '1998-11-30', 'S');
INSERT INTO licenciamento (ano, renavam, dataVenc, pago) VALUES (2001, '83766859196', '1998-11-30', 'S');
INSERT INTO licenciamento (ano, renavam, dataVenc, pago) VALUES (2002, '83766859196', '1998-11-30', 'S');
INSERT INTO licenciamento (ano, renavam, dataVenc, pago) VALUES (2003, '83766859196', '1998-11-30', 'S');
INSERT INTO licenciamento (ano, renavam, dataVenc, pago) VALUES (2004, '83766859196', '1998-11-30', 'S');
INSERT INTO licenciamento (ano, renavam, dataVenc, pago) VALUES (2005, '83766859196', '1998-11-30', 'S');
INSERT INTO licenciamento (ano, renavam, dataVenc, pago) VALUES (2006, '83766859196', '1998-11-30', 'S');
INSERT INTO licenciamento (ano, renavam, dataVenc, pago) VALUES (2007, '83766859196', '1998-11-30', 'S');
INSERT INTO licenciamento (ano, renavam, dataVenc, pago) VALUES (2008, '83766859196', '1998-11-30', 'S');
INSERT INTO licenciamento (ano, renavam, dataVenc, pago) VALUES (2009, '83766859196', '1998-11-30', 'S');
INSERT INTO licenciamento (ano, renavam, dataVenc, pago) VALUES (2010, '83766859196', '1998-11-30', 'S');
INSERT INTO licenciamento (ano, renavam, dataVenc, pago) VALUES (2011, '83766859196', '1998-11-30', 'S');
INSERT INTO licenciamento (ano, renavam, dataVenc, pago) VALUES (2012, '83766859196', '1998-11-30', 'S');
INSERT INTO licenciamento (ano, renavam, dataVenc, pago) VALUES (2013, '83766859196', '1998-11-30', 'S');
INSERT INTO licenciamento (ano, renavam, dataVenc, pago) VALUES (2014, '83766859196', '1998-11-30', 'S');
INSERT INTO licenciamento (ano, renavam, dataVenc, pago) VALUES (2015, '83766859196', '1998-11-30', 'S');
INSERT INTO licenciamento (ano, renavam, dataVenc, pago) VALUES (2016, '83766859196', '1998-11-30', 'S');
INSERT INTO licenciamento (ano, renavam, dataVenc, pago) VALUES (2017, '83766859196', '1998-11-30', 'S');
INSERT INTO licenciamento (ano, renavam, dataVenc, pago) VALUES (2018, '83766859196', '1998-11-30', 'S');
INSERT INTO licenciamento (ano, renavam, dataVenc, pago) VALUES (2019, '83766859196', '1998-11-30', 'S');
INSERT INTO licenciamento (ano, renavam, dataVenc, pago) VALUES (1995, '86678695129', '1995-04-30', 'S');
INSERT INTO licenciamento (ano, renavam, dataVenc, pago) VALUES (1996, '86678695129', '1995-04-30', 'S');
INSERT INTO licenciamento (ano, renavam, dataVenc, pago) VALUES (1997, '86678695129', '1995-04-30', 'S');
INSERT INTO licenciamento (ano, renavam, dataVenc, pago) VALUES (1998, '86678695129', '1995-04-30', 'S');
INSERT INTO licenciamento (ano, renavam, dataVenc, pago) VALUES (1999, '86678695129', '1995-04-30', 'N');
INSERT INTO licenciamento (ano, renavam, dataVenc, pago) VALUES (1998, '84778568122', '1998-04-30', 'S');
INSERT INTO licenciamento (ano, renavam, dataVenc, pago) VALUES (1999, '84778568122', '1998-04-30', 'S');
INSERT INTO licenciamento (ano, renavam, dataVenc, pago) VALUES (2000, '84778568122', '1998-04-30', 'S');
INSERT INTO licenciamento (ano, renavam, dataVenc, pago) VALUES (2001, '84778568122', '1998-04-30', 'S');
INSERT INTO licenciamento (ano, renavam, dataVenc, pago) VALUES (2002, '84778568122', '1998-04-30', 'N');
INSERT INTO licenciamento (ano, renavam, dataVenc, pago) VALUES (1978, '87756591703', '1978-12-28', 'S');
INSERT INTO licenciamento (ano, renavam, dataVenc, pago) VALUES (1979, '87756591703', '1978-12-28', 'S');
INSERT INTO licenciamento (ano, renavam, dataVenc, pago) VALUES (1980, '87756591703', '1978-12-28', 'S');
INSERT INTO licenciamento (ano, renavam, dataVenc, pago) VALUES (1981, '87756591703', '1978-12-28', 'N');
INSERT INTO licenciamento (ano, renavam, dataVenc, pago) VALUES (2014, '80858385382', '2014-10-31', 'S');
INSERT INTO licenciamento (ano, renavam, dataVenc, pago) VALUES (2015, '80858385382', '2014-10-31', 'S');
INSERT INTO licenciamento (ano, renavam, dataVenc, pago) VALUES (2016, '80858385382', '2014-10-31', 'S');
INSERT INTO licenciamento (ano, renavam, dataVenc, pago) VALUES (2017, '80858385382', '2014-10-31', 'S');
INSERT INTO licenciamento (ano, renavam, dataVenc, pago) VALUES (2018, '80858385382', '2014-10-31', 'S');
INSERT INTO licenciamento (ano, renavam, dataVenc, pago) VALUES (2019, '80858385382', '2014-10-31', 'S');
INSERT INTO licenciamento (ano, renavam, dataVenc, pago) VALUES (1976, '78687309545', '1976-06-29', 'S');
INSERT INTO licenciamento (ano, renavam, dataVenc, pago) VALUES (1977, '78687309545', '1976-06-29', 'S');
INSERT INTO licenciamento (ano, renavam, dataVenc, pago) VALUES (1978, '78687309545', '1976-06-29', 'S');
INSERT INTO licenciamento (ano, renavam, dataVenc, pago) VALUES (1979, '78687309545', '1976-06-29', 'S');
INSERT INTO licenciamento (ano, renavam, dataVenc, pago) VALUES (1980, '78687309545', '1976-06-29', 'S');
INSERT INTO licenciamento (ano, renavam, dataVenc, pago) VALUES (1981, '78687309545', '1976-06-29', 'S');
INSERT INTO licenciamento (ano, renavam, dataVenc, pago) VALUES (1982, '78687309545', '1976-06-29', 'S');
INSERT INTO licenciamento (ano, renavam, dataVenc, pago) VALUES (1983, '78687309545', '1976-06-29', 'S');
INSERT INTO licenciamento (ano, renavam, dataVenc, pago) VALUES (1984, '78687309545', '1976-06-29', 'S');
INSERT INTO licenciamento (ano, renavam, dataVenc, pago) VALUES (1985, '78687309545', '1976-06-29', 'S');
INSERT INTO licenciamento (ano, renavam, dataVenc, pago) VALUES (1986, '78687309545', '1976-06-29', 'S');
INSERT INTO licenciamento (ano, renavam, dataVenc, pago) VALUES (1987, '78687309545', '1976-06-29', 'S');
INSERT INTO licenciamento (ano, renavam, dataVenc, pago) VALUES (1988, '78687309545', '1976-06-29', 'S');
INSERT INTO licenciamento (ano, renavam, dataVenc, pago) VALUES (1989, '78687309545', '1976-06-29', 'N');
INSERT INTO licenciamento (ano, renavam, dataVenc, pago) VALUES (1985, '77738176654', '1985-07-31', 'S');
INSERT INTO licenciamento (ano, renavam, dataVenc, pago) VALUES (1986, '77738176654', '1985-07-31', 'S');
INSERT INTO licenciamento (ano, renavam, dataVenc, pago) VALUES (1987, '77738176654', '1985-07-31', 'S');
INSERT INTO licenciamento (ano, renavam, dataVenc, pago) VALUES (1988, '77738176654', '1985-07-31', 'S');
INSERT INTO licenciamento (ano, renavam, dataVenc, pago) VALUES (1989, '77738176654', '1985-07-31', 'N');
INSERT INTO licenciamento (ano, renavam, dataVenc, pago) VALUES (1986, '75776944217', '1986-03-28', 'S');
INSERT INTO licenciamento (ano, renavam, dataVenc, pago) VALUES (1987, '75776944217', '1986-03-28', 'S');
INSERT INTO licenciamento (ano, renavam, dataVenc, pago) VALUES (1988, '75776944217', '1986-03-28', 'S');
INSERT INTO licenciamento (ano, renavam, dataVenc, pago) VALUES (1982, '73668247369', '1982-08-31', 'S');
INSERT INTO licenciamento (ano, renavam, dataVenc, pago) VALUES (1983, '73668247369', '1982-08-31', 'S');
INSERT INTO licenciamento (ano, renavam, dataVenc, pago) VALUES (1984, '73668247369', '1982-08-31', 'S');
INSERT INTO licenciamento (ano, renavam, dataVenc, pago) VALUES (1985, '73668247369', '1982-08-31', 'S');
INSERT INTO licenciamento (ano, renavam, dataVenc, pago) VALUES (1986, '73668247369', '1982-08-31', 'S');
INSERT INTO licenciamento (ano, renavam, dataVenc, pago) VALUES (1987, '73668247369', '1982-08-31', 'S');
INSERT INTO licenciamento (ano, renavam, dataVenc, pago) VALUES (1988, '73668247369', '1982-08-31', 'S');
INSERT INTO licenciamento (ano, renavam, dataVenc, pago) VALUES (1989, '73668247369', '1982-08-31', 'S');
INSERT INTO licenciamento (ano, renavam, dataVenc, pago) VALUES (1990, '73668247369', '1982-08-31', 'S');
INSERT INTO licenciamento (ano, renavam, dataVenc, pago) VALUES (1991, '73668247369', '1982-08-31', 'S');
INSERT INTO licenciamento (ano, renavam, dataVenc, pago) VALUES (1992, '73668247369', '1982-08-31', 'N');
INSERT INTO licenciamento (ano, renavam, dataVenc, pago) VALUES (2014, '80877483173', '2014-09-28', 'S');
INSERT INTO licenciamento (ano, renavam, dataVenc, pago) VALUES (2015, '80877483173', '2014-09-28', 'S');
INSERT INTO licenciamento (ano, renavam, dataVenc, pago) VALUES (2016, '80877483173', '2014-09-28', 'S');
INSERT INTO licenciamento (ano, renavam, dataVenc, pago) VALUES (2017, '80877483173', '2014-09-28', 'S');
INSERT INTO licenciamento (ano, renavam, dataVenc, pago) VALUES (2018, '80877483173', '2014-09-28', 'S');
INSERT INTO licenciamento (ano, renavam, dataVenc, pago) VALUES (2019, '80877483173', '2014-09-28', 'S');
INSERT INTO licenciamento (ano, renavam, dataVenc, pago) VALUES (1993, '66758564654', '1993-07-31', 'S');
INSERT INTO licenciamento (ano, renavam, dataVenc, pago) VALUES (1994, '66758564654', '1993-07-31', 'S');
INSERT INTO licenciamento (ano, renavam, dataVenc, pago) VALUES (1995, '66758564654', '1993-07-31', 'S');
INSERT INTO licenciamento (ano, renavam, dataVenc, pago) VALUES (1996, '66758564654', '1993-07-31', 'S');
INSERT INTO licenciamento (ano, renavam, dataVenc, pago) VALUES (1997, '66758564654', '1993-07-31', 'S');
INSERT INTO licenciamento (ano, renavam, dataVenc, pago) VALUES (1998, '66758564654', '1993-07-31', 'S');
INSERT INTO licenciamento (ano, renavam, dataVenc, pago) VALUES (1999, '66758564654', '1993-07-31', 'S');
INSERT INTO licenciamento (ano, renavam, dataVenc, pago) VALUES (2000, '66758564654', '1993-07-31', 'S');
INSERT INTO licenciamento (ano, renavam, dataVenc, pago) VALUES (2001, '66758564654', '1993-07-31', 'S');
INSERT INTO licenciamento (ano, renavam, dataVenc, pago) VALUES (2002, '66758564654', '1993-07-31', 'S');
INSERT INTO licenciamento (ano, renavam, dataVenc, pago) VALUES (2003, '66758564654', '1993-07-31', 'S');
INSERT INTO licenciamento (ano, renavam, dataVenc, pago) VALUES (2004, '66758564654', '1993-07-31', 'S');
INSERT INTO licenciamento (ano, renavam, dataVenc, pago) VALUES (2005, '66758564654', '1993-07-31', 'S');
INSERT INTO licenciamento (ano, renavam, dataVenc, pago) VALUES (2006, '66758564654', '1993-07-31', 'S');
INSERT INTO licenciamento (ano, renavam, dataVenc, pago) VALUES (2007, '66758564654', '1993-07-31', 'S');
INSERT INTO licenciamento (ano, renavam, dataVenc, pago) VALUES (2008, '66758564654', '1993-07-31', 'S');
INSERT INTO licenciamento (ano, renavam, dataVenc, pago) VALUES (2009, '66758564654', '1993-07-31', 'S');
INSERT INTO licenciamento (ano, renavam, dataVenc, pago) VALUES (2010, '66758564654', '1993-07-31', 'S');
INSERT INTO licenciamento (ano, renavam, dataVenc, pago) VALUES (2011, '66758564654', '1993-07-31', 'N');
INSERT INTO licenciamento (ano, renavam, dataVenc, pago) VALUES (1981, '80796761491', '1981-11-30', 'S');
INSERT INTO licenciamento (ano, renavam, dataVenc, pago) VALUES (1982, '80796761491', '1981-11-30', 'S');
INSERT INTO licenciamento (ano, renavam, dataVenc, pago) VALUES (1983, '80796761491', '1981-11-30', 'S');
INSERT INTO licenciamento (ano, renavam, dataVenc, pago) VALUES (1984, '80796761491', '1981-11-30', 'S');
INSERT INTO licenciamento (ano, renavam, dataVenc, pago) VALUES (1985, '80796761491', '1981-11-30', 'S');
INSERT INTO licenciamento (ano, renavam, dataVenc, pago) VALUES (1986, '80796761491', '1981-11-30', 'S');
INSERT INTO licenciamento (ano, renavam, dataVenc, pago) VALUES (1987, '80796761491', '1981-11-30', 'S');
INSERT INTO licenciamento (ano, renavam, dataVenc, pago) VALUES (1988, '80796761491', '1981-11-30', 'S');
INSERT INTO licenciamento (ano, renavam, dataVenc, pago) VALUES (1989, '80796761491', '1981-11-30', 'S');
INSERT INTO licenciamento (ano, renavam, dataVenc, pago) VALUES (1990, '80796761491', '1981-11-30', 'S');
INSERT INTO licenciamento (ano, renavam, dataVenc, pago) VALUES (1991, '80796761491', '1981-11-30', 'S');
INSERT INTO licenciamento (ano, renavam, dataVenc, pago) VALUES (1992, '80796761491', '1981-11-30', 'S');
INSERT INTO licenciamento (ano, renavam, dataVenc, pago) VALUES (1993, '80796761491', '1981-11-30', 'N');
INSERT INTO licenciamento (ano, renavam, dataVenc, pago) VALUES (2011, '80737345789', '2011-10-31', 'S');
INSERT INTO licenciamento (ano, renavam, dataVenc, pago) VALUES (2012, '80737345789', '2011-10-31', 'S');
INSERT INTO licenciamento (ano, renavam, dataVenc, pago) VALUES (2013, '80737345789', '2011-10-31', 'S');
INSERT INTO licenciamento (ano, renavam, dataVenc, pago) VALUES (2014, '80737345789', '2011-10-31', 'S');
INSERT INTO licenciamento (ano, renavam, dataVenc, pago) VALUES (2015, '80737345789', '2011-10-31', 'S');
INSERT INTO licenciamento (ano, renavam, dataVenc, pago) VALUES (2016, '80737345789', '2011-10-31', 'S');
INSERT INTO licenciamento (ano, renavam, dataVenc, pago) VALUES (2017, '80737345789', '2011-10-31', 'S');
INSERT INTO licenciamento (ano, renavam, dataVenc, pago) VALUES (2018, '80737345789', '2011-10-31', 'S');
INSERT INTO licenciamento (ano, renavam, dataVenc, pago) VALUES (2019, '80737345789', '2011-10-31', 'S');
INSERT INTO licenciamento (ano, renavam, dataVenc, pago) VALUES (1978, '88888834830', '1978-05-30', 'S');
INSERT INTO licenciamento (ano, renavam, dataVenc, pago) VALUES (1979, '88888834830', '1978-05-30', 'S');
INSERT INTO licenciamento (ano, renavam, dataVenc, pago) VALUES (1980, '88888834830', '1978-05-30', 'S');
INSERT INTO licenciamento (ano, renavam, dataVenc, pago) VALUES (1981, '88888834830', '1978-05-30', 'N');
INSERT INTO licenciamento (ano, renavam, dataVenc, pago) VALUES (1993, '84889027510', '1993-03-28', 'S');
INSERT INTO licenciamento (ano, renavam, dataVenc, pago) VALUES (1994, '84889027510', '1993-03-28', 'S');
INSERT INTO licenciamento (ano, renavam, dataVenc, pago) VALUES (1995, '84889027510', '1993-03-28', 'S');
INSERT INTO licenciamento (ano, renavam, dataVenc, pago) VALUES (1996, '84889027510', '1993-03-28', 'S');
INSERT INTO licenciamento (ano, renavam, dataVenc, pago) VALUES (1997, '84889027510', '1993-03-28', 'S');
INSERT INTO licenciamento (ano, renavam, dataVenc, pago) VALUES (1998, '84889027510', '1993-03-28', 'S');
INSERT INTO licenciamento (ano, renavam, dataVenc, pago) VALUES (1999, '84889027510', '1993-03-28', 'S');
INSERT INTO licenciamento (ano, renavam, dataVenc, pago) VALUES (2000, '84889027510', '1993-03-28', 'S');
INSERT INTO licenciamento (ano, renavam, dataVenc, pago) VALUES (2001, '84889027510', '1993-03-28', 'S');
INSERT INTO licenciamento (ano, renavam, dataVenc, pago) VALUES (2002, '84889027510', '1993-03-28', 'S');
INSERT INTO licenciamento (ano, renavam, dataVenc, pago) VALUES (2003, '84889027510', '1993-03-28', 'S');
INSERT INTO licenciamento (ano, renavam, dataVenc, pago) VALUES (2004, '84889027510', '1993-03-28', 'S');
INSERT INTO licenciamento (ano, renavam, dataVenc, pago) VALUES (2005, '84889027510', '1993-03-28', 'S');
INSERT INTO licenciamento (ano, renavam, dataVenc, pago) VALUES (2006, '84889027510', '1993-03-28', 'S');
INSERT INTO licenciamento (ano, renavam, dataVenc, pago) VALUES (2007, '84889027510', '1993-03-28', 'S');
INSERT INTO licenciamento (ano, renavam, dataVenc, pago) VALUES (2008, '84889027510', '1993-03-28', 'S');
INSERT INTO licenciamento (ano, renavam, dataVenc, pago) VALUES (2009, '84889027510', '1993-03-28', 'S');
INSERT INTO licenciamento (ano, renavam, dataVenc, pago) VALUES (2010, '84889027510', '1993-03-28', 'N');
INSERT INTO licenciamento (ano, renavam, dataVenc, pago) VALUES (1994, '69786503227', '1994-04-30', 'S');
INSERT INTO licenciamento (ano, renavam, dataVenc, pago) VALUES (1995, '69786503227', '1994-04-30', 'S');
INSERT INTO licenciamento (ano, renavam, dataVenc, pago) VALUES (1996, '69786503227', '1994-04-30', 'S');
INSERT INTO licenciamento (ano, renavam, dataVenc, pago) VALUES (1997, '69786503227', '1994-04-30', 'S');
INSERT INTO licenciamento (ano, renavam, dataVenc, pago) VALUES (1998, '69786503227', '1994-04-30', 'S');
INSERT INTO licenciamento (ano, renavam, dataVenc, pago) VALUES (1999, '69786503227', '1994-04-30', 'S');
INSERT INTO licenciamento (ano, renavam, dataVenc, pago) VALUES (2000, '69786503227', '1994-04-30', 'S');
INSERT INTO licenciamento (ano, renavam, dataVenc, pago) VALUES (2001, '69786503227', '1994-04-30', 'S');
INSERT INTO licenciamento (ano, renavam, dataVenc, pago) VALUES (2002, '69786503227', '1994-04-30', 'S');
INSERT INTO licenciamento (ano, renavam, dataVenc, pago) VALUES (2003, '69786503227', '1994-04-30', 'S');
INSERT INTO licenciamento (ano, renavam, dataVenc, pago) VALUES (2004, '69786503227', '1994-04-30', 'S');
INSERT INTO licenciamento (ano, renavam, dataVenc, pago) VALUES (2005, '69786503227', '1994-04-30', 'S');
INSERT INTO licenciamento (ano, renavam, dataVenc, pago) VALUES (2006, '69786503227', '1994-04-30', 'S');
INSERT INTO licenciamento (ano, renavam, dataVenc, pago) VALUES (2007, '69786503227', '1994-04-30', 'S');
INSERT INTO licenciamento (ano, renavam, dataVenc, pago) VALUES (2008, '69786503227', '1994-04-30', 'S');
INSERT INTO licenciamento (ano, renavam, dataVenc, pago) VALUES (2009, '69786503227', '1994-04-30', 'S');
INSERT INTO licenciamento (ano, renavam, dataVenc, pago) VALUES (2010, '69786503227', '1994-04-30', 'S');
INSERT INTO licenciamento (ano, renavam, dataVenc, pago) VALUES (2011, '69786503227', '1994-04-30', 'S');
INSERT INTO licenciamento (ano, renavam, dataVenc, pago) VALUES (2012, '69786503227', '1994-04-30', 'S');
INSERT INTO licenciamento (ano, renavam, dataVenc, pago) VALUES (2013, '69786503227', '1994-04-30', 'S');
INSERT INTO licenciamento (ano, renavam, dataVenc, pago) VALUES (2014, '69786503227', '1994-04-30', 'S');
INSERT INTO licenciamento (ano, renavam, dataVenc, pago) VALUES (2015, '69786503227', '1994-04-30', 'S');
INSERT INTO licenciamento (ano, renavam, dataVenc, pago) VALUES (2016, '69786503227', '1994-04-30', 'S');
INSERT INTO licenciamento (ano, renavam, dataVenc, pago) VALUES (2017, '69786503227', '1994-04-30', 'S');
INSERT INTO licenciamento (ano, renavam, dataVenc, pago) VALUES (2018, '69786503227', '1994-04-30', 'S');
INSERT INTO licenciamento (ano, renavam, dataVenc, pago) VALUES (2019, '69786503227', '1994-04-30', 'S');
INSERT INTO licenciamento (ano, renavam, dataVenc, pago) VALUES (2014, '86886729723', '2014-04-30', 'S');
INSERT INTO licenciamento (ano, renavam, dataVenc, pago) VALUES (2015, '86886729723', '2014-04-30', 'S');
INSERT INTO licenciamento (ano, renavam, dataVenc, pago) VALUES (2016, '86886729723', '2014-04-30', 'S');
INSERT INTO licenciamento (ano, renavam, dataVenc, pago) VALUES (2017, '86886729723', '2014-04-30', 'S');
INSERT INTO licenciamento (ano, renavam, dataVenc, pago) VALUES (2018, '86886729723', '2014-04-30', 'S');
INSERT INTO licenciamento (ano, renavam, dataVenc, pago) VALUES (2019, '86886729723', '2014-04-30', 'S');
INSERT INTO licenciamento (ano, renavam, dataVenc, pago) VALUES (1970, '86736638749', '1970-06-29', 'S');
INSERT INTO licenciamento (ano, renavam, dataVenc, pago) VALUES (1971, '86736638749', '1970-06-29', 'S');
INSERT INTO licenciamento (ano, renavam, dataVenc, pago) VALUES (1972, '86736638749', '1970-06-29', 'S');
INSERT INTO licenciamento (ano, renavam, dataVenc, pago) VALUES (1973, '86736638749', '1970-06-29', 'S');
INSERT INTO licenciamento (ano, renavam, dataVenc, pago) VALUES (1974, '86736638749', '1970-06-29', 'N');
INSERT INTO licenciamento (ano, renavam, dataVenc, pago) VALUES (1989, '83777506265', '1989-08-31', 'S');
INSERT INTO licenciamento (ano, renavam, dataVenc, pago) VALUES (1990, '83777506265', '1989-08-31', 'S');
INSERT INTO licenciamento (ano, renavam, dataVenc, pago) VALUES (2008, '70847818250', '2008-07-31', 'S');
INSERT INTO licenciamento (ano, renavam, dataVenc, pago) VALUES (2009, '70847818250', '2008-07-31', 'S');
INSERT INTO licenciamento (ano, renavam, dataVenc, pago) VALUES (2010, '70847818250', '2008-07-31', 'S');
INSERT INTO licenciamento (ano, renavam, dataVenc, pago) VALUES (2011, '70847818250', '2008-07-31', 'S');
INSERT INTO licenciamento (ano, renavam, dataVenc, pago) VALUES (2012, '70847818250', '2008-07-31', 'S');
INSERT INTO licenciamento (ano, renavam, dataVenc, pago) VALUES (2013, '70847818250', '2008-07-31', 'S');
INSERT INTO licenciamento (ano, renavam, dataVenc, pago) VALUES (2014, '70847818250', '2008-07-31', 'S');
INSERT INTO licenciamento (ano, renavam, dataVenc, pago) VALUES (2015, '70847818250', '2008-07-31', 'S');
INSERT INTO licenciamento (ano, renavam, dataVenc, pago) VALUES (2016, '70847818250', '2008-07-31', 'S');
INSERT INTO licenciamento (ano, renavam, dataVenc, pago) VALUES (2017, '70847818250', '2008-07-31', 'S');
INSERT INTO licenciamento (ano, renavam, dataVenc, pago) VALUES (2018, '70847818250', '2008-07-31', 'S');
INSERT INTO licenciamento (ano, renavam, dataVenc, pago) VALUES (2019, '70847818250', '2008-07-31', 'S');
INSERT INTO licenciamento (ano, renavam, dataVenc, pago) VALUES (1977, '81777601822', '1977-04-30', 'S');
INSERT INTO licenciamento (ano, renavam, dataVenc, pago) VALUES (1978, '81777601822', '1977-04-30', 'S');
INSERT INTO licenciamento (ano, renavam, dataVenc, pago) VALUES (1979, '81777601822', '1977-04-30', 'S');
INSERT INTO licenciamento (ano, renavam, dataVenc, pago) VALUES (1980, '81777601822', '1977-04-30', 'S');
INSERT INTO licenciamento (ano, renavam, dataVenc, pago) VALUES (1981, '81777601822', '1977-04-30', 'S');
INSERT INTO licenciamento (ano, renavam, dataVenc, pago) VALUES (1982, '81777601822', '1977-04-30', 'S');
INSERT INTO licenciamento (ano, renavam, dataVenc, pago) VALUES (1983, '81777601822', '1977-04-30', 'S');
INSERT INTO licenciamento (ano, renavam, dataVenc, pago) VALUES (1984, '81777601822', '1977-04-30', 'S');
INSERT INTO licenciamento (ano, renavam, dataVenc, pago) VALUES (1985, '81777601822', '1977-04-30', 'S');
INSERT INTO licenciamento (ano, renavam, dataVenc, pago) VALUES (1986, '81777601822', '1977-04-30', 'S');
INSERT INTO licenciamento (ano, renavam, dataVenc, pago) VALUES (1987, '81777601822', '1977-04-30', 'S');
INSERT INTO licenciamento (ano, renavam, dataVenc, pago) VALUES (1988, '81777601822', '1977-04-30', 'S');
INSERT INTO licenciamento (ano, renavam, dataVenc, pago) VALUES (1989, '81777601822', '1977-04-30', 'S');
INSERT INTO licenciamento (ano, renavam, dataVenc, pago) VALUES (1990, '81777601822', '1977-04-30', 'S');
INSERT INTO licenciamento (ano, renavam, dataVenc, pago) VALUES (1991, '81777601822', '1977-04-30', 'S');
INSERT INTO licenciamento (ano, renavam, dataVenc, pago) VALUES (1992, '81777601822', '1977-04-30', 'S');
INSERT INTO licenciamento (ano, renavam, dataVenc, pago) VALUES (1993, '81777601822', '1977-04-30', 'S');
INSERT INTO licenciamento (ano, renavam, dataVenc, pago) VALUES (1994, '81777601822', '1977-04-30', 'S');
INSERT INTO licenciamento (ano, renavam, dataVenc, pago) VALUES (1995, '81777601822', '1977-04-30', 'S');
INSERT INTO licenciamento (ano, renavam, dataVenc, pago) VALUES (1996, '81777601822', '1977-04-30', 'S');
INSERT INTO licenciamento (ano, renavam, dataVenc, pago) VALUES (1997, '81777601822', '1977-04-30', 'S');
INSERT INTO licenciamento (ano, renavam, dataVenc, pago) VALUES (1998, '81777601822', '1977-04-30', 'S');
INSERT INTO licenciamento (ano, renavam, dataVenc, pago) VALUES (1999, '81777601822', '1977-04-30', 'S');
INSERT INTO licenciamento (ano, renavam, dataVenc, pago) VALUES (2000, '81777601822', '1977-04-30', 'S');
INSERT INTO licenciamento (ano, renavam, dataVenc, pago) VALUES (2001, '81777601822', '1977-04-30', 'S');
INSERT INTO licenciamento (ano, renavam, dataVenc, pago) VALUES (2002, '81777601822', '1977-04-30', 'S');
INSERT INTO licenciamento (ano, renavam, dataVenc, pago) VALUES (2003, '81777601822', '1977-04-30', 'S');
INSERT INTO licenciamento (ano, renavam, dataVenc, pago) VALUES (2004, '81777601822', '1977-04-30', 'S');
INSERT INTO licenciamento (ano, renavam, dataVenc, pago) VALUES (2005, '81777601822', '1977-04-30', 'S');
INSERT INTO licenciamento (ano, renavam, dataVenc, pago) VALUES (2006, '81777601822', '1977-04-30', 'S');
INSERT INTO licenciamento (ano, renavam, dataVenc, pago) VALUES (2007, '81777601822', '1977-04-30', 'S');
INSERT INTO licenciamento (ano, renavam, dataVenc, pago) VALUES (2008, '81777601822', '1977-04-30', 'S');
INSERT INTO licenciamento (ano, renavam, dataVenc, pago) VALUES (2009, '81777601822', '1977-04-30', 'S');
INSERT INTO licenciamento (ano, renavam, dataVenc, pago) VALUES (2010, '81777601822', '1977-04-30', 'S');
INSERT INTO licenciamento (ano, renavam, dataVenc, pago) VALUES (2011, '81777601822', '1977-04-30', 'S');
INSERT INTO licenciamento (ano, renavam, dataVenc, pago) VALUES (1983, '66828565190', '1983-11-30', 'S');
INSERT INTO licenciamento (ano, renavam, dataVenc, pago) VALUES (1984, '66828565190', '1983-11-30', 'S');
INSERT INTO licenciamento (ano, renavam, dataVenc, pago) VALUES (1985, '66828565190', '1983-11-30', 'N');
INSERT INTO licenciamento (ano, renavam, dataVenc, pago) VALUES (2015, '85777086955', '2015-07-31', 'S');
INSERT INTO licenciamento (ano, renavam, dataVenc, pago) VALUES (2016, '85777086955', '2015-07-31', 'S');
INSERT INTO licenciamento (ano, renavam, dataVenc, pago) VALUES (2017, '85777086955', '2015-07-31', 'S');
INSERT INTO licenciamento (ano, renavam, dataVenc, pago) VALUES (2018, '85777086955', '2015-07-31', 'S');
INSERT INTO licenciamento (ano, renavam, dataVenc, pago) VALUES (2019, '85777086955', '2015-07-31', 'S');
INSERT INTO licenciamento (ano, renavam, dataVenc, pago) VALUES (1995, '65757919280', '1995-10-31', 'S');
INSERT INTO licenciamento (ano, renavam, dataVenc, pago) VALUES (1996, '65757919280', '1995-10-31', 'N');
INSERT INTO licenciamento (ano, renavam, dataVenc, pago) VALUES (2004, '82798882870', '2004-09-28', 'S');
INSERT INTO licenciamento (ano, renavam, dataVenc, pago) VALUES (2005, '82798882870', '2004-09-28', 'S');
INSERT INTO licenciamento (ano, renavam, dataVenc, pago) VALUES (2006, '82798882870', '2004-09-28', 'S');
INSERT INTO licenciamento (ano, renavam, dataVenc, pago) VALUES (2007, '82798882870', '2004-09-28', 'S');
INSERT INTO licenciamento (ano, renavam, dataVenc, pago) VALUES (2008, '82798882870', '2004-09-28', 'S');
INSERT INTO licenciamento (ano, renavam, dataVenc, pago) VALUES (2009, '82798882870', '2004-09-28', 'N');
INSERT INTO licenciamento (ano, renavam, dataVenc, pago) VALUES (2005, '71716858230', '2005-05-30', 'N');
INSERT INTO licenciamento (ano, renavam, dataVenc, pago) VALUES (1988, '69799020645', '1988-06-29', 'S');
INSERT INTO licenciamento (ano, renavam, dataVenc, pago) VALUES (1989, '69799020645', '1988-06-29', 'S');
INSERT INTO licenciamento (ano, renavam, dataVenc, pago) VALUES (1990, '69799020645', '1988-06-29', 'S');
INSERT INTO licenciamento (ano, renavam, dataVenc, pago) VALUES (1991, '69799020645', '1988-06-29', 'S');
INSERT INTO licenciamento (ano, renavam, dataVenc, pago) VALUES (1992, '69799020645', '1988-06-29', 'S');
INSERT INTO licenciamento (ano, renavam, dataVenc, pago) VALUES (1993, '69799020645', '1988-06-29', 'N');
INSERT INTO licenciamento (ano, renavam, dataVenc, pago) VALUES (2016, '68757353834', '2016-05-30', 'S');
INSERT INTO licenciamento (ano, renavam, dataVenc, pago) VALUES (2017, '68757353834', '2016-05-30', 'S');
INSERT INTO licenciamento (ano, renavam, dataVenc, pago) VALUES (2018, '68757353834', '2016-05-30', 'S');
INSERT INTO licenciamento (ano, renavam, dataVenc, pago) VALUES (2019, '68757353834', '2016-05-30', 'S');
INSERT INTO licenciamento (ano, renavam, dataVenc, pago) VALUES (1992, '89867723396', '1992-11-30', 'S');
INSERT INTO licenciamento (ano, renavam, dataVenc, pago) VALUES (1993, '89867723396', '1992-11-30', 'S');
INSERT INTO licenciamento (ano, renavam, dataVenc, pago) VALUES (1994, '89867723396', '1992-11-30', 'S');
INSERT INTO licenciamento (ano, renavam, dataVenc, pago) VALUES (1995, '89867723396', '1992-11-30', 'S');
INSERT INTO licenciamento (ano, renavam, dataVenc, pago) VALUES (1996, '89867723396', '1992-11-30', 'S');
INSERT INTO licenciamento (ano, renavam, dataVenc, pago) VALUES (1997, '89867723396', '1992-11-30', 'S');
INSERT INTO licenciamento (ano, renavam, dataVenc, pago) VALUES (1998, '89867723396', '1992-11-30', 'S');
INSERT INTO licenciamento (ano, renavam, dataVenc, pago) VALUES (1999, '89867723396', '1992-11-30', 'S');
INSERT INTO licenciamento (ano, renavam, dataVenc, pago) VALUES (2000, '89867723396', '1992-11-30', 'S');
INSERT INTO licenciamento (ano, renavam, dataVenc, pago) VALUES (2001, '89867723396', '1992-11-30', 'N');
INSERT INTO licenciamento (ano, renavam, dataVenc, pago) VALUES (1970, '85858940123', '1970-04-30', 'S');
INSERT INTO licenciamento (ano, renavam, dataVenc, pago) VALUES (1971, '85858940123', '1970-04-30', 'S');
INSERT INTO licenciamento (ano, renavam, dataVenc, pago) VALUES (1972, '85858940123', '1970-04-30', 'S');
INSERT INTO licenciamento (ano, renavam, dataVenc, pago) VALUES (1973, '85858940123', '1970-04-30', 'S');
INSERT INTO licenciamento (ano, renavam, dataVenc, pago) VALUES (1974, '85858940123', '1970-04-30', 'S');
INSERT INTO licenciamento (ano, renavam, dataVenc, pago) VALUES (1975, '85858940123', '1970-04-30', 'S');
INSERT INTO licenciamento (ano, renavam, dataVenc, pago) VALUES (1976, '85858940123', '1970-04-30', 'S');
INSERT INTO licenciamento (ano, renavam, dataVenc, pago) VALUES (1977, '85858940123', '1970-04-30', 'S');
INSERT INTO licenciamento (ano, renavam, dataVenc, pago) VALUES (1978, '85858940123', '1970-04-30', 'S');
INSERT INTO licenciamento (ano, renavam, dataVenc, pago) VALUES (1979, '85858940123', '1970-04-30', 'S');
INSERT INTO licenciamento (ano, renavam, dataVenc, pago) VALUES (1980, '85858940123', '1970-04-30', 'N');
INSERT INTO licenciamento (ano, renavam, dataVenc, pago) VALUES (1985, '83738489509', '1985-12-28', 'S');
INSERT INTO licenciamento (ano, renavam, dataVenc, pago) VALUES (2004, '87857883211', '2004-03-28', 'S');
INSERT INTO licenciamento (ano, renavam, dataVenc, pago) VALUES (2005, '87857883211', '2004-03-28', 'S');
INSERT INTO licenciamento (ano, renavam, dataVenc, pago) VALUES (2006, '87857883211', '2004-03-28', 'S');
INSERT INTO licenciamento (ano, renavam, dataVenc, pago) VALUES (2007, '87857883211', '2004-03-28', 'S');
INSERT INTO licenciamento (ano, renavam, dataVenc, pago) VALUES (2008, '87857883211', '2004-03-28', 'S');
INSERT INTO licenciamento (ano, renavam, dataVenc, pago) VALUES (2009, '87857883211', '2004-03-28', 'S');
INSERT INTO licenciamento (ano, renavam, dataVenc, pago) VALUES (2010, '87857883211', '2004-03-28', 'S');
INSERT INTO licenciamento (ano, renavam, dataVenc, pago) VALUES (2011, '87857883211', '2004-03-28', 'S');
INSERT INTO licenciamento (ano, renavam, dataVenc, pago) VALUES (2012, '87857883211', '2004-03-28', 'S');
INSERT INTO licenciamento (ano, renavam, dataVenc, pago) VALUES (2013, '87857883211', '2004-03-28', 'S');
INSERT INTO licenciamento (ano, renavam, dataVenc, pago) VALUES (2014, '87857883211', '2004-03-28', 'S');
INSERT INTO licenciamento (ano, renavam, dataVenc, pago) VALUES (2015, '87857883211', '2004-03-28', 'S');
INSERT INTO licenciamento (ano, renavam, dataVenc, pago) VALUES (2016, '87857883211', '2004-03-28', 'S');
INSERT INTO licenciamento (ano, renavam, dataVenc, pago) VALUES (2017, '87857883211', '2004-03-28', 'S');
INSERT INTO licenciamento (ano, renavam, dataVenc, pago) VALUES (2018, '87857883211', '2004-03-28', 'S');
INSERT INTO licenciamento (ano, renavam, dataVenc, pago) VALUES (2019, '87857883211', '2004-03-28', 'S');
INSERT INTO licenciamento (ano, renavam, dataVenc, pago) VALUES (2011, '76717787664', '2011-08-31', 'S');
INSERT INTO licenciamento (ano, renavam, dataVenc, pago) VALUES (2012, '76717787664', '2011-08-31', 'S');
INSERT INTO licenciamento (ano, renavam, dataVenc, pago) VALUES (2013, '76717787664', '2011-08-31', 'S');
INSERT INTO licenciamento (ano, renavam, dataVenc, pago) VALUES (2014, '76717787664', '2011-08-31', 'S');
INSERT INTO licenciamento (ano, renavam, dataVenc, pago) VALUES (2015, '76717787664', '2011-08-31', 'S');
INSERT INTO licenciamento (ano, renavam, dataVenc, pago) VALUES (2016, '76717787664', '2011-08-31', 'S');
INSERT INTO licenciamento (ano, renavam, dataVenc, pago) VALUES (2017, '76717787664', '2011-08-31', 'S');
INSERT INTO licenciamento (ano, renavam, dataVenc, pago) VALUES (2018, '76717787664', '2011-08-31', 'S');
INSERT INTO licenciamento (ano, renavam, dataVenc, pago) VALUES (2019, '76717787664', '2011-08-31', 'S');
INSERT INTO licenciamento (ano, renavam, dataVenc, pago) VALUES (1992, '87688073110', '1992-03-28', 'S');
INSERT INTO licenciamento (ano, renavam, dataVenc, pago) VALUES (1993, '87688073110', '1992-03-28', 'S');
INSERT INTO licenciamento (ano, renavam, dataVenc, pago) VALUES (1994, '87688073110', '1992-03-28', 'S');
INSERT INTO licenciamento (ano, renavam, dataVenc, pago) VALUES (1995, '87688073110', '1992-03-28', 'S');
INSERT INTO licenciamento (ano, renavam, dataVenc, pago) VALUES (1996, '87688073110', '1992-03-28', 'S');
INSERT INTO licenciamento (ano, renavam, dataVenc, pago) VALUES (1997, '87688073110', '1992-03-28', 'S');
INSERT INTO licenciamento (ano, renavam, dataVenc, pago) VALUES (1998, '87688073110', '1992-03-28', 'S');
INSERT INTO licenciamento (ano, renavam, dataVenc, pago) VALUES (1999, '87688073110', '1992-03-28', 'S');
INSERT INTO licenciamento (ano, renavam, dataVenc, pago) VALUES (2000, '87688073110', '1992-03-28', 'S');
INSERT INTO licenciamento (ano, renavam, dataVenc, pago) VALUES (2001, '87688073110', '1992-03-28', 'S');
INSERT INTO licenciamento (ano, renavam, dataVenc, pago) VALUES (2002, '87688073110', '1992-03-28', 'S');
INSERT INTO licenciamento (ano, renavam, dataVenc, pago) VALUES (2003, '87688073110', '1992-03-28', 'S');
INSERT INTO licenciamento (ano, renavam, dataVenc, pago) VALUES (2004, '87688073110', '1992-03-28', 'N');
INSERT INTO licenciamento (ano, renavam, dataVenc, pago) VALUES (1984, '67776699106', '1984-12-28', 'S');
INSERT INTO licenciamento (ano, renavam, dataVenc, pago) VALUES (1985, '67776699106', '1984-12-28', 'S');
INSERT INTO licenciamento (ano, renavam, dataVenc, pago) VALUES (1986, '67776699106', '1984-12-28', 'N');
INSERT INTO licenciamento (ano, renavam, dataVenc, pago) VALUES (1981, '74797805544', '1981-06-29', 'S');
INSERT INTO licenciamento (ano, renavam, dataVenc, pago) VALUES (1982, '74797805544', '1981-06-29', 'S');
INSERT INTO licenciamento (ano, renavam, dataVenc, pago) VALUES (1983, '74797805544', '1981-06-29', 'S');
INSERT INTO licenciamento (ano, renavam, dataVenc, pago) VALUES (1984, '74797805544', '1981-06-29', 'S');
INSERT INTO licenciamento (ano, renavam, dataVenc, pago) VALUES (1985, '74797805544', '1981-06-29', 'S');
INSERT INTO licenciamento (ano, renavam, dataVenc, pago) VALUES (1986, '74797805544', '1981-06-29', 'S');
INSERT INTO licenciamento (ano, renavam, dataVenc, pago) VALUES (1987, '74797805544', '1981-06-29', 'S');
INSERT INTO licenciamento (ano, renavam, dataVenc, pago) VALUES (1988, '74797805544', '1981-06-29', 'N');
INSERT INTO licenciamento (ano, renavam, dataVenc, pago) VALUES (1990, '74896843754', '1990-07-31', 'S');
INSERT INTO licenciamento (ano, renavam, dataVenc, pago) VALUES (1991, '74896843754', '1990-07-31', 'S');
INSERT INTO licenciamento (ano, renavam, dataVenc, pago) VALUES (1992, '74896843754', '1990-07-31', 'S');
INSERT INTO licenciamento (ano, renavam, dataVenc, pago) VALUES (1993, '74896843754', '1990-07-31', 'S');
INSERT INTO licenciamento (ano, renavam, dataVenc, pago) VALUES (2004, '67778112633', '2004-05-30', 'S');
INSERT INTO licenciamento (ano, renavam, dataVenc, pago) VALUES (2005, '67778112633', '2004-05-30', 'S');
INSERT INTO licenciamento (ano, renavam, dataVenc, pago) VALUES (2006, '67778112633', '2004-05-30', 'S');
INSERT INTO licenciamento (ano, renavam, dataVenc, pago) VALUES (2007, '67778112633', '2004-05-30', 'S');
INSERT INTO licenciamento (ano, renavam, dataVenc, pago) VALUES (2008, '67778112633', '2004-05-30', 'S');
INSERT INTO licenciamento (ano, renavam, dataVenc, pago) VALUES (2009, '67778112633', '2004-05-30', 'N');
INSERT INTO licenciamento (ano, renavam, dataVenc, pago) VALUES (2016, '87658208611', '2016-03-28', 'S');
INSERT INTO licenciamento (ano, renavam, dataVenc, pago) VALUES (2017, '87658208611', '2016-03-28', 'N');
INSERT INTO licenciamento (ano, renavam, dataVenc, pago) VALUES (1994, '69837001843', '1994-06-29', 'S');
INSERT INTO licenciamento (ano, renavam, dataVenc, pago) VALUES (1995, '69837001843', '1994-06-29', 'S');
INSERT INTO licenciamento (ano, renavam, dataVenc, pago) VALUES (1996, '69837001843', '1994-06-29', 'S');
INSERT INTO licenciamento (ano, renavam, dataVenc, pago) VALUES (1997, '69837001843', '1994-06-29', 'S');
INSERT INTO licenciamento (ano, renavam, dataVenc, pago) VALUES (1998, '69837001843', '1994-06-29', 'S');
INSERT INTO licenciamento (ano, renavam, dataVenc, pago) VALUES (1999, '69837001843', '1994-06-29', 'S');
INSERT INTO licenciamento (ano, renavam, dataVenc, pago) VALUES (2000, '69837001843', '1994-06-29', 'S');
INSERT INTO licenciamento (ano, renavam, dataVenc, pago) VALUES (2001, '69837001843', '1994-06-29', 'S');
INSERT INTO licenciamento (ano, renavam, dataVenc, pago) VALUES (2002, '69837001843', '1994-06-29', 'S');
INSERT INTO licenciamento (ano, renavam, dataVenc, pago) VALUES (2003, '69837001843', '1994-06-29', 'S');
INSERT INTO licenciamento (ano, renavam, dataVenc, pago) VALUES (2004, '69837001843', '1994-06-29', 'S');
INSERT INTO licenciamento (ano, renavam, dataVenc, pago) VALUES (2012, '75898114014', '2012-03-28', 'S');
INSERT INTO licenciamento (ano, renavam, dataVenc, pago) VALUES (2013, '75898114014', '2012-03-28', 'S');
INSERT INTO licenciamento (ano, renavam, dataVenc, pago) VALUES (2014, '75898114014', '2012-03-28', 'S');
INSERT INTO licenciamento (ano, renavam, dataVenc, pago) VALUES (2015, '75898114014', '2012-03-28', 'S');
INSERT INTO licenciamento (ano, renavam, dataVenc, pago) VALUES (2016, '75898114014', '2012-03-28', 'S');
INSERT INTO licenciamento (ano, renavam, dataVenc, pago) VALUES (2017, '75898114014', '2012-03-28', 'S');
INSERT INTO licenciamento (ano, renavam, dataVenc, pago) VALUES (2018, '75898114014', '2012-03-28', 'S');
INSERT INTO licenciamento (ano, renavam, dataVenc, pago) VALUES (2019, '75898114014', '2012-03-28', 'S');
INSERT INTO licenciamento (ano, renavam, dataVenc, pago) VALUES (1982, '75777823383', '1982-10-31', 'S');
INSERT INTO licenciamento (ano, renavam, dataVenc, pago) VALUES (1983, '75777823383', '1982-10-31', 'S');
INSERT INTO licenciamento (ano, renavam, dataVenc, pago) VALUES (1984, '75777823383', '1982-10-31', 'S');
INSERT INTO licenciamento (ano, renavam, dataVenc, pago) VALUES (1985, '75777823383', '1982-10-31', 'S');
INSERT INTO licenciamento (ano, renavam, dataVenc, pago) VALUES (1986, '75777823383', '1982-10-31', 'S');
INSERT INTO licenciamento (ano, renavam, dataVenc, pago) VALUES (1987, '75777823383', '1982-10-31', 'S');
INSERT INTO licenciamento (ano, renavam, dataVenc, pago) VALUES (1988, '75777823383', '1982-10-31', 'N');
INSERT INTO licenciamento (ano, renavam, dataVenc, pago) VALUES (2017, '72778307767', '2017-08-31', 'S');
INSERT INTO licenciamento (ano, renavam, dataVenc, pago) VALUES (2018, '72778307767', '2017-08-31', 'S');
INSERT INTO licenciamento (ano, renavam, dataVenc, pago) VALUES (2019, '72778307767', '2017-08-31', 'S');
INSERT INTO licenciamento (ano, renavam, dataVenc, pago) VALUES (1986, '75748157125', '1986-04-30', 'S');
INSERT INTO licenciamento (ano, renavam, dataVenc, pago) VALUES (1987, '75748157125', '1986-04-30', 'S');
INSERT INTO licenciamento (ano, renavam, dataVenc, pago) VALUES (1988, '75748157125', '1986-04-30', 'S');
INSERT INTO licenciamento (ano, renavam, dataVenc, pago) VALUES (1989, '75748157125', '1986-04-30', 'S');
INSERT INTO licenciamento (ano, renavam, dataVenc, pago) VALUES (1990, '75748157125', '1986-04-30', 'S');
INSERT INTO licenciamento (ano, renavam, dataVenc, pago) VALUES (1991, '75748157125', '1986-04-30', 'S');
INSERT INTO licenciamento (ano, renavam, dataVenc, pago) VALUES (1992, '75748157125', '1986-04-30', 'S');
INSERT INTO licenciamento (ano, renavam, dataVenc, pago) VALUES (1993, '75748157125', '1986-04-30', 'S');
INSERT INTO licenciamento (ano, renavam, dataVenc, pago) VALUES (1994, '75748157125', '1986-04-30', 'S');
INSERT INTO licenciamento (ano, renavam, dataVenc, pago) VALUES (1995, '75748157125', '1986-04-30', 'S');
INSERT INTO licenciamento (ano, renavam, dataVenc, pago) VALUES (1974, '79857850657', '1974-07-31', 'S');
INSERT INTO licenciamento (ano, renavam, dataVenc, pago) VALUES (1975, '79857850657', '1974-07-31', 'N');
INSERT INTO licenciamento (ano, renavam, dataVenc, pago) VALUES (1972, '85788195998', '1972-11-30', 'S');
INSERT INTO licenciamento (ano, renavam, dataVenc, pago) VALUES (1973, '85788195998', '1972-11-30', 'S');
INSERT INTO licenciamento (ano, renavam, dataVenc, pago) VALUES (1974, '85788195998', '1972-11-30', 'S');
INSERT INTO licenciamento (ano, renavam, dataVenc, pago) VALUES (1975, '85788195998', '1972-11-30', 'S');
INSERT INTO licenciamento (ano, renavam, dataVenc, pago) VALUES (1976, '85788195998', '1972-11-30', 'S');
INSERT INTO licenciamento (ano, renavam, dataVenc, pago) VALUES (1977, '85788195998', '1972-11-30', 'N');
INSERT INTO licenciamento (ano, renavam, dataVenc, pago) VALUES (1975, '85658071130', '1975-05-30', 'S');
INSERT INTO licenciamento (ano, renavam, dataVenc, pago) VALUES (1976, '85658071130', '1975-05-30', 'S');
INSERT INTO licenciamento (ano, renavam, dataVenc, pago) VALUES (1977, '85658071130', '1975-05-30', 'S');
INSERT INTO licenciamento (ano, renavam, dataVenc, pago) VALUES (1978, '85658071130', '1975-05-30', 'S');
INSERT INTO licenciamento (ano, renavam, dataVenc, pago) VALUES (1979, '85658071130', '1975-05-30', 'S');
INSERT INTO licenciamento (ano, renavam, dataVenc, pago) VALUES (1980, '85658071130', '1975-05-30', 'S');
INSERT INTO licenciamento (ano, renavam, dataVenc, pago) VALUES (1981, '85658071130', '1975-05-30', 'S');
INSERT INTO licenciamento (ano, renavam, dataVenc, pago) VALUES (1982, '85658071130', '1975-05-30', 'S');
INSERT INTO licenciamento (ano, renavam, dataVenc, pago) VALUES (1983, '85658071130', '1975-05-30', 'S');
INSERT INTO licenciamento (ano, renavam, dataVenc, pago) VALUES (1984, '85658071130', '1975-05-30', 'S');
INSERT INTO licenciamento (ano, renavam, dataVenc, pago) VALUES (1985, '85658071130', '1975-05-30', 'S');
INSERT INTO licenciamento (ano, renavam, dataVenc, pago) VALUES (1986, '85658071130', '1975-05-30', 'S');
INSERT INTO licenciamento (ano, renavam, dataVenc, pago) VALUES (1987, '85658071130', '1975-05-30', 'S');
INSERT INTO licenciamento (ano, renavam, dataVenc, pago) VALUES (1988, '85658071130', '1975-05-30', 'S');
INSERT INTO licenciamento (ano, renavam, dataVenc, pago) VALUES (1989, '85658071130', '1975-05-30', 'S');
INSERT INTO licenciamento (ano, renavam, dataVenc, pago) VALUES (1990, '85658071130', '1975-05-30', 'S');
INSERT INTO licenciamento (ano, renavam, dataVenc, pago) VALUES (1991, '85658071130', '1975-05-30', 'S');
INSERT INTO licenciamento (ano, renavam, dataVenc, pago) VALUES (1992, '85658071130', '1975-05-30', 'S');
INSERT INTO licenciamento (ano, renavam, dataVenc, pago) VALUES (1993, '85658071130', '1975-05-30', 'S');
INSERT INTO licenciamento (ano, renavam, dataVenc, pago) VALUES (1994, '85658071130', '1975-05-30', 'S');
INSERT INTO licenciamento (ano, renavam, dataVenc, pago) VALUES (1995, '85658071130', '1975-05-30', 'S');
INSERT INTO licenciamento (ano, renavam, dataVenc, pago) VALUES (1996, '85658071130', '1975-05-30', 'S');
INSERT INTO licenciamento (ano, renavam, dataVenc, pago) VALUES (1997, '85658071130', '1975-05-30', 'S');
INSERT INTO licenciamento (ano, renavam, dataVenc, pago) VALUES (1998, '85658071130', '1975-05-30', 'S');
INSERT INTO licenciamento (ano, renavam, dataVenc, pago) VALUES (1999, '85658071130', '1975-05-30', 'S');
INSERT INTO licenciamento (ano, renavam, dataVenc, pago) VALUES (2000, '85658071130', '1975-05-30', 'S');
INSERT INTO licenciamento (ano, renavam, dataVenc, pago) VALUES (2001, '85658071130', '1975-05-30', 'S');
INSERT INTO licenciamento (ano, renavam, dataVenc, pago) VALUES (2002, '85658071130', '1975-05-30', 'S');
INSERT INTO licenciamento (ano, renavam, dataVenc, pago) VALUES (2003, '85658071130', '1975-05-30', 'S');
INSERT INTO licenciamento (ano, renavam, dataVenc, pago) VALUES (2004, '85658071130', '1975-05-30', 'S');
INSERT INTO licenciamento (ano, renavam, dataVenc, pago) VALUES (2005, '85658071130', '1975-05-30', 'S');
INSERT INTO licenciamento (ano, renavam, dataVenc, pago) VALUES (2006, '85658071130', '1975-05-30', 'N');
INSERT INTO licenciamento (ano, renavam, dataVenc, pago) VALUES (1986, '81697781565', '1986-08-31', 'S');
INSERT INTO licenciamento (ano, renavam, dataVenc, pago) VALUES (1987, '81697781565', '1986-08-31', 'S');
INSERT INTO licenciamento (ano, renavam, dataVenc, pago) VALUES (1988, '81697781565', '1986-08-31', 'S');
INSERT INTO licenciamento (ano, renavam, dataVenc, pago) VALUES (1989, '81697781565', '1986-08-31', 'S');
INSERT INTO licenciamento (ano, renavam, dataVenc, pago) VALUES (1990, '81697781565', '1986-08-31', 'S');
INSERT INTO licenciamento (ano, renavam, dataVenc, pago) VALUES (1991, '81697781565', '1986-08-31', 'S');
INSERT INTO licenciamento (ano, renavam, dataVenc, pago) VALUES (1992, '81697781565', '1986-08-31', 'S');
INSERT INTO licenciamento (ano, renavam, dataVenc, pago) VALUES (2011, '87777141987', '2011-10-31', 'S');
INSERT INTO licenciamento (ano, renavam, dataVenc, pago) VALUES (2012, '87777141987', '2011-10-31', 'S');
INSERT INTO licenciamento (ano, renavam, dataVenc, pago) VALUES (2013, '87777141987', '2011-10-31', 'S');
INSERT INTO licenciamento (ano, renavam, dataVenc, pago) VALUES (2014, '87777141987', '2011-10-31', 'S');
INSERT INTO licenciamento (ano, renavam, dataVenc, pago) VALUES (2013, '79656875202', '2013-12-28', 'S');
INSERT INTO licenciamento (ano, renavam, dataVenc, pago) VALUES (2014, '79656875202', '2013-12-28', 'S');
INSERT INTO licenciamento (ano, renavam, dataVenc, pago) VALUES (2015, '79656875202', '2013-12-28', 'S');
INSERT INTO licenciamento (ano, renavam, dataVenc, pago) VALUES (2016, '79656875202', '2013-12-28', 'S');
INSERT INTO licenciamento (ano, renavam, dataVenc, pago) VALUES (2017, '79656875202', '2013-12-28', 'S');
INSERT INTO licenciamento (ano, renavam, dataVenc, pago) VALUES (2018, '79656875202', '2013-12-28', 'S');
INSERT INTO licenciamento (ano, renavam, dataVenc, pago) VALUES (2019, '79656875202', '2013-12-28', 'S');
INSERT INTO licenciamento (ano, renavam, dataVenc, pago) VALUES (2018, '84756735000', '2018-12-28', 'S');
INSERT INTO licenciamento (ano, renavam, dataVenc, pago) VALUES (2019, '84756735000', '2018-12-28', 'S');
INSERT INTO licenciamento (ano, renavam, dataVenc, pago) VALUES (1974, '73677680134', '1974-05-30', 'S');
INSERT INTO licenciamento (ano, renavam, dataVenc, pago) VALUES (1975, '73677680134', '1974-05-30', 'S');
INSERT INTO licenciamento (ano, renavam, dataVenc, pago) VALUES (1976, '73677680134', '1974-05-30', 'S');
INSERT INTO licenciamento (ano, renavam, dataVenc, pago) VALUES (1977, '73677680134', '1974-05-30', 'S');
INSERT INTO licenciamento (ano, renavam, dataVenc, pago) VALUES (1978, '73677680134', '1974-05-30', 'S');
INSERT INTO licenciamento (ano, renavam, dataVenc, pago) VALUES (1979, '73677680134', '1974-05-30', 'S');
INSERT INTO licenciamento (ano, renavam, dataVenc, pago) VALUES (1980, '73677680134', '1974-05-30', 'S');
INSERT INTO licenciamento (ano, renavam, dataVenc, pago) VALUES (1981, '73677680134', '1974-05-30', 'S');
INSERT INTO licenciamento (ano, renavam, dataVenc, pago) VALUES (1982, '73677680134', '1974-05-30', 'S');
INSERT INTO licenciamento (ano, renavam, dataVenc, pago) VALUES (1983, '73677680134', '1974-05-30', 'S');
INSERT INTO licenciamento (ano, renavam, dataVenc, pago) VALUES (1984, '73677680134', '1974-05-30', 'S');
INSERT INTO licenciamento (ano, renavam, dataVenc, pago) VALUES (1985, '73677680134', '1974-05-30', 'S');
INSERT INTO licenciamento (ano, renavam, dataVenc, pago) VALUES (1986, '73677680134', '1974-05-30', 'S');
INSERT INTO licenciamento (ano, renavam, dataVenc, pago) VALUES (1987, '73677680134', '1974-05-30', 'S');
INSERT INTO licenciamento (ano, renavam, dataVenc, pago) VALUES (1988, '73677680134', '1974-05-30', 'S');
INSERT INTO licenciamento (ano, renavam, dataVenc, pago) VALUES (1989, '73677680134', '1974-05-30', 'S');
INSERT INTO licenciamento (ano, renavam, dataVenc, pago) VALUES (1990, '73677680134', '1974-05-30', 'S');
INSERT INTO licenciamento (ano, renavam, dataVenc, pago) VALUES (1991, '73677680134', '1974-05-30', 'S');
INSERT INTO licenciamento (ano, renavam, dataVenc, pago) VALUES (1992, '73677680134', '1974-05-30', 'S');
INSERT INTO licenciamento (ano, renavam, dataVenc, pago) VALUES (1993, '73677680134', '1974-05-30', 'N');
INSERT INTO licenciamento (ano, renavam, dataVenc, pago) VALUES (1972, '81668993452', '1972-07-31', 'S');
INSERT INTO licenciamento (ano, renavam, dataVenc, pago) VALUES (1973, '81668993452', '1972-07-31', 'S');
INSERT INTO licenciamento (ano, renavam, dataVenc, pago) VALUES (1974, '81668993452', '1972-07-31', 'S');
INSERT INTO licenciamento (ano, renavam, dataVenc, pago) VALUES (1975, '81668993452', '1972-07-31', 'N');
INSERT INTO licenciamento (ano, renavam, dataVenc, pago) VALUES (1983, '77688563820', '1983-04-30', 'S');
INSERT INTO licenciamento (ano, renavam, dataVenc, pago) VALUES (1984, '77688563820', '1983-04-30', 'S');
INSERT INTO licenciamento (ano, renavam, dataVenc, pago) VALUES (1985, '77688563820', '1983-04-30', 'S');
INSERT INTO licenciamento (ano, renavam, dataVenc, pago) VALUES (1986, '77688563820', '1983-04-30', 'S');
INSERT INTO licenciamento (ano, renavam, dataVenc, pago) VALUES (1987, '77688563820', '1983-04-30', 'N');
INSERT INTO licenciamento (ano, renavam, dataVenc, pago) VALUES (1994, '73758350355', '1994-07-31', 'S');
INSERT INTO licenciamento (ano, renavam, dataVenc, pago) VALUES (1995, '73758350355', '1994-07-31', 'N');
INSERT INTO licenciamento (ano, renavam, dataVenc, pago) VALUES (1977, '74668786527', '1977-04-30', 'S');
INSERT INTO licenciamento (ano, renavam, dataVenc, pago) VALUES (1978, '74668786527', '1977-04-30', 'S');
INSERT INTO licenciamento (ano, renavam, dataVenc, pago) VALUES (1979, '74668786527', '1977-04-30', 'S');
INSERT INTO licenciamento (ano, renavam, dataVenc, pago) VALUES (1980, '74668786527', '1977-04-30', 'N');
INSERT INTO licenciamento (ano, renavam, dataVenc, pago) VALUES (2015, '85838208770', '2015-09-28', 'S');
INSERT INTO licenciamento (ano, renavam, dataVenc, pago) VALUES (2016, '85838208770', '2015-09-28', 'S');
INSERT INTO licenciamento (ano, renavam, dataVenc, pago) VALUES (2017, '85838208770', '2015-09-28', 'S');
INSERT INTO licenciamento (ano, renavam, dataVenc, pago) VALUES (2018, '85838208770', '2015-09-28', 'S');
INSERT INTO licenciamento (ano, renavam, dataVenc, pago) VALUES (2019, '85838208770', '2015-09-28', 'S');
INSERT INTO licenciamento (ano, renavam, dataVenc, pago) VALUES (2002, '73816772130', '2002-05-30', 'S');
INSERT INTO licenciamento (ano, renavam, dataVenc, pago) VALUES (2003, '73816772130', '2002-05-30', 'S');
INSERT INTO licenciamento (ano, renavam, dataVenc, pago) VALUES (2004, '73816772130', '2002-05-30', 'S');
INSERT INTO licenciamento (ano, renavam, dataVenc, pago) VALUES (2005, '73816772130', '2002-05-30', 'S');
INSERT INTO licenciamento (ano, renavam, dataVenc, pago) VALUES (2006, '73816772130', '2002-05-30', 'S');
INSERT INTO licenciamento (ano, renavam, dataVenc, pago) VALUES (2007, '73816772130', '2002-05-30', 'S');
INSERT INTO licenciamento (ano, renavam, dataVenc, pago) VALUES (2008, '73816772130', '2002-05-30', 'S');
INSERT INTO licenciamento (ano, renavam, dataVenc, pago) VALUES (2009, '73816772130', '2002-05-30', 'S');
INSERT INTO licenciamento (ano, renavam, dataVenc, pago) VALUES (2010, '73816772130', '2002-05-30', 'S');
INSERT INTO licenciamento (ano, renavam, dataVenc, pago) VALUES (2011, '73816772130', '2002-05-30', 'S');
INSERT INTO licenciamento (ano, renavam, dataVenc, pago) VALUES (2012, '73816772130', '2002-05-30', 'S');
INSERT INTO licenciamento (ano, renavam, dataVenc, pago) VALUES (2013, '73816772130', '2002-05-30', 'S');
INSERT INTO licenciamento (ano, renavam, dataVenc, pago) VALUES (2014, '73816772130', '2002-05-30', 'N');
INSERT INTO licenciamento (ano, renavam, dataVenc, pago) VALUES (1985, '76846841134', '1985-05-30', 'S');
INSERT INTO licenciamento (ano, renavam, dataVenc, pago) VALUES (1986, '76846841134', '1985-05-30', 'S');
INSERT INTO licenciamento (ano, renavam, dataVenc, pago) VALUES (1987, '76846841134', '1985-05-30', 'S');
INSERT INTO licenciamento (ano, renavam, dataVenc, pago) VALUES (1988, '76846841134', '1985-05-30', 'S');
INSERT INTO licenciamento (ano, renavam, dataVenc, pago) VALUES (1975, '80848683151', '1975-07-31', 'S');
INSERT INTO licenciamento (ano, renavam, dataVenc, pago) VALUES (1976, '80848683151', '1975-07-31', 'S');
INSERT INTO licenciamento (ano, renavam, dataVenc, pago) VALUES (1977, '80848683151', '1975-07-31', 'S');
INSERT INTO licenciamento (ano, renavam, dataVenc, pago) VALUES (1978, '80848683151', '1975-07-31', 'S');
INSERT INTO licenciamento (ano, renavam, dataVenc, pago) VALUES (1979, '80848683151', '1975-07-31', 'S');
INSERT INTO licenciamento (ano, renavam, dataVenc, pago) VALUES (1980, '80848683151', '1975-07-31', 'S');
INSERT INTO licenciamento (ano, renavam, dataVenc, pago) VALUES (1981, '80848683151', '1975-07-31', 'S');
INSERT INTO licenciamento (ano, renavam, dataVenc, pago) VALUES (1982, '80848683151', '1975-07-31', 'N');
INSERT INTO licenciamento (ano, renavam, dataVenc, pago) VALUES (1991, '71856751730', '1991-05-30', 'S');
INSERT INTO licenciamento (ano, renavam, dataVenc, pago) VALUES (1992, '71856751730', '1991-05-30', 'S');
INSERT INTO licenciamento (ano, renavam, dataVenc, pago) VALUES (1993, '71856751730', '1991-05-30', 'S');
INSERT INTO licenciamento (ano, renavam, dataVenc, pago) VALUES (1994, '71856751730', '1991-05-30', 'S');
INSERT INTO licenciamento (ano, renavam, dataVenc, pago) VALUES (1995, '71856751730', '1991-05-30', 'S');
INSERT INTO licenciamento (ano, renavam, dataVenc, pago) VALUES (1996, '71856751730', '1991-05-30', 'S');
INSERT INTO licenciamento (ano, renavam, dataVenc, pago) VALUES (1997, '71856751730', '1991-05-30', 'S');
INSERT INTO licenciamento (ano, renavam, dataVenc, pago) VALUES (1998, '71856751730', '1991-05-30', 'S');
INSERT INTO licenciamento (ano, renavam, dataVenc, pago) VALUES (1999, '71856751730', '1991-05-30', 'S');
INSERT INTO licenciamento (ano, renavam, dataVenc, pago) VALUES (2000, '71856751730', '1991-05-30', 'N');
INSERT INTO licenciamento (ano, renavam, dataVenc, pago) VALUES (1977, '87808477388', '1977-10-31', 'S');
INSERT INTO licenciamento (ano, renavam, dataVenc, pago) VALUES (1978, '87808477388', '1977-10-31', 'S');
INSERT INTO licenciamento (ano, renavam, dataVenc, pago) VALUES (1979, '87808477388', '1977-10-31', 'S');
INSERT INTO licenciamento (ano, renavam, dataVenc, pago) VALUES (1980, '87808477388', '1977-10-31', 'S');
INSERT INTO licenciamento (ano, renavam, dataVenc, pago) VALUES (1981, '87808477388', '1977-10-31', 'S');
INSERT INTO licenciamento (ano, renavam, dataVenc, pago) VALUES (1982, '87808477388', '1977-10-31', 'S');
INSERT INTO licenciamento (ano, renavam, dataVenc, pago) VALUES (1983, '87808477388', '1977-10-31', 'S');
INSERT INTO licenciamento (ano, renavam, dataVenc, pago) VALUES (1984, '87808477388', '1977-10-31', 'S');
INSERT INTO licenciamento (ano, renavam, dataVenc, pago) VALUES (1985, '87808477388', '1977-10-31', 'S');
INSERT INTO licenciamento (ano, renavam, dataVenc, pago) VALUES (1986, '87808477388', '1977-10-31', 'S');
INSERT INTO licenciamento (ano, renavam, dataVenc, pago) VALUES (1987, '87808477388', '1977-10-31', 'S');
INSERT INTO licenciamento (ano, renavam, dataVenc, pago) VALUES (1988, '87808477388', '1977-10-31', 'S');
INSERT INTO licenciamento (ano, renavam, dataVenc, pago) VALUES (1989, '87808477388', '1977-10-31', 'S');
INSERT INTO licenciamento (ano, renavam, dataVenc, pago) VALUES (1990, '87808477388', '1977-10-31', 'S');
INSERT INTO licenciamento (ano, renavam, dataVenc, pago) VALUES (1991, '87808477388', '1977-10-31', 'S');
INSERT INTO licenciamento (ano, renavam, dataVenc, pago) VALUES (1992, '87808477388', '1977-10-31', 'S');
INSERT INTO licenciamento (ano, renavam, dataVenc, pago) VALUES (1993, '87808477388', '1977-10-31', 'S');
INSERT INTO licenciamento (ano, renavam, dataVenc, pago) VALUES (1994, '87808477388', '1977-10-31', 'S');
INSERT INTO licenciamento (ano, renavam, dataVenc, pago) VALUES (1995, '87808477388', '1977-10-31', 'S');
INSERT INTO licenciamento (ano, renavam, dataVenc, pago) VALUES (1996, '87808477388', '1977-10-31', 'S');
INSERT INTO licenciamento (ano, renavam, dataVenc, pago) VALUES (1997, '87808477388', '1977-10-31', 'S');
INSERT INTO licenciamento (ano, renavam, dataVenc, pago) VALUES (1998, '87808477388', '1977-10-31', 'S');
INSERT INTO licenciamento (ano, renavam, dataVenc, pago) VALUES (1999, '87808477388', '1977-10-31', 'S');
INSERT INTO licenciamento (ano, renavam, dataVenc, pago) VALUES (2000, '87808477388', '1977-10-31', 'S');
INSERT INTO licenciamento (ano, renavam, dataVenc, pago) VALUES (2001, '87808477388', '1977-10-31', 'S');
INSERT INTO licenciamento (ano, renavam, dataVenc, pago) VALUES (2002, '87808477388', '1977-10-31', 'S');
INSERT INTO licenciamento (ano, renavam, dataVenc, pago) VALUES (2003, '87808477388', '1977-10-31', 'S');
INSERT INTO licenciamento (ano, renavam, dataVenc, pago) VALUES (2004, '87808477388', '1977-10-31', 'S');
INSERT INTO licenciamento (ano, renavam, dataVenc, pago) VALUES (2005, '87808477388', '1977-10-31', 'S');
INSERT INTO licenciamento (ano, renavam, dataVenc, pago) VALUES (2006, '87808477388', '1977-10-31', 'S');
INSERT INTO licenciamento (ano, renavam, dataVenc, pago) VALUES (2007, '87808477388', '1977-10-31', 'S');
INSERT INTO licenciamento (ano, renavam, dataVenc, pago) VALUES (2008, '87808477388', '1977-10-31', 'S');
INSERT INTO licenciamento (ano, renavam, dataVenc, pago) VALUES (2009, '87808477388', '1977-10-31', 'S');
INSERT INTO licenciamento (ano, renavam, dataVenc, pago) VALUES (2010, '87808477388', '1977-10-31', 'S');
INSERT INTO licenciamento (ano, renavam, dataVenc, pago) VALUES (2011, '87808477388', '1977-10-31', 'S');
INSERT INTO licenciamento (ano, renavam, dataVenc, pago) VALUES (2012, '87808477388', '1977-10-31', 'S');
INSERT INTO licenciamento (ano, renavam, dataVenc, pago) VALUES (2013, '87808477388', '1977-10-31', 'S');
INSERT INTO licenciamento (ano, renavam, dataVenc, pago) VALUES (2014, '87808477388', '1977-10-31', 'S');
INSERT INTO licenciamento (ano, renavam, dataVenc, pago) VALUES (2015, '87808477388', '1977-10-31', 'S');
INSERT INTO licenciamento (ano, renavam, dataVenc, pago) VALUES (2016, '87808477388', '1977-10-31', 'S');
INSERT INTO licenciamento (ano, renavam, dataVenc, pago) VALUES (2017, '87808477388', '1977-10-31', 'S');
INSERT INTO licenciamento (ano, renavam, dataVenc, pago) VALUES (2018, '87808477388', '1977-10-31', 'S');
INSERT INTO licenciamento (ano, renavam, dataVenc, pago) VALUES (2019, '87808477388', '1977-10-31', 'S');
INSERT INTO licenciamento (ano, renavam, dataVenc, pago) VALUES (2000, '69817353558', '2000-07-31', 'S');
INSERT INTO licenciamento (ano, renavam, dataVenc, pago) VALUES (2001, '69817353558', '2000-07-31', 'S');
INSERT INTO licenciamento (ano, renavam, dataVenc, pago) VALUES (2002, '69817353558', '2000-07-31', 'S');
INSERT INTO licenciamento (ano, renavam, dataVenc, pago) VALUES (2003, '69817353558', '2000-07-31', 'S');
INSERT INTO licenciamento (ano, renavam, dataVenc, pago) VALUES (2004, '69817353558', '2000-07-31', 'S');
INSERT INTO licenciamento (ano, renavam, dataVenc, pago) VALUES (1984, '74738535692', '1984-11-30', 'S');
INSERT INTO licenciamento (ano, renavam, dataVenc, pago) VALUES (1985, '74738535692', '1984-11-30', 'N');
INSERT INTO licenciamento (ano, renavam, dataVenc, pago) VALUES (1998, '79707261583', '1998-10-31', 'S');
INSERT INTO licenciamento (ano, renavam, dataVenc, pago) VALUES (1999, '79707261583', '1998-10-31', 'S');
INSERT INTO licenciamento (ano, renavam, dataVenc, pago) VALUES (2000, '79707261583', '1998-10-31', 'S');
INSERT INTO licenciamento (ano, renavam, dataVenc, pago) VALUES (2001, '79707261583', '1998-10-31', 'S');
INSERT INTO licenciamento (ano, renavam, dataVenc, pago) VALUES (2002, '79707261583', '1998-10-31', 'S');
INSERT INTO licenciamento (ano, renavam, dataVenc, pago) VALUES (2003, '79707261583', '1998-10-31', 'S');
INSERT INTO licenciamento (ano, renavam, dataVenc, pago) VALUES (2004, '79707261583', '1998-10-31', 'S');
INSERT INTO licenciamento (ano, renavam, dataVenc, pago) VALUES (2005, '79707261583', '1998-10-31', 'S');
INSERT INTO licenciamento (ano, renavam, dataVenc, pago) VALUES (2006, '79707261583', '1998-10-31', 'S');
INSERT INTO licenciamento (ano, renavam, dataVenc, pago) VALUES (2007, '79707261583', '1998-10-31', 'S');
INSERT INTO licenciamento (ano, renavam, dataVenc, pago) VALUES (2008, '79707261583', '1998-10-31', 'S');
INSERT INTO licenciamento (ano, renavam, dataVenc, pago) VALUES (2009, '79707261583', '1998-10-31', 'S');
INSERT INTO licenciamento (ano, renavam, dataVenc, pago) VALUES (2010, '79707261583', '1998-10-31', 'S');
INSERT INTO licenciamento (ano, renavam, dataVenc, pago) VALUES (2011, '79707261583', '1998-10-31', 'S');
INSERT INTO licenciamento (ano, renavam, dataVenc, pago) VALUES (2012, '79707261583', '1998-10-31', 'S');
INSERT INTO licenciamento (ano, renavam, dataVenc, pago) VALUES (2013, '79707261583', '1998-10-31', 'S');
INSERT INTO licenciamento (ano, renavam, dataVenc, pago) VALUES (2014, '79707261583', '1998-10-31', 'S');
INSERT INTO licenciamento (ano, renavam, dataVenc, pago) VALUES (2015, '79707261583', '1998-10-31', 'S');
INSERT INTO licenciamento (ano, renavam, dataVenc, pago) VALUES (2016, '79707261583', '1998-10-31', 'S');
INSERT INTO licenciamento (ano, renavam, dataVenc, pago) VALUES (2017, '79707261583', '1998-10-31', 'S');
INSERT INTO licenciamento (ano, renavam, dataVenc, pago) VALUES (2018, '79707261583', '1998-10-31', 'S');
INSERT INTO licenciamento (ano, renavam, dataVenc, pago) VALUES (2019, '79707261583', '1998-10-31', 'S');
INSERT INTO licenciamento (ano, renavam, dataVenc, pago) VALUES (1985, '70778124640', '1985-06-29', 'S');
INSERT INTO licenciamento (ano, renavam, dataVenc, pago) VALUES (1986, '70778124640', '1985-06-29', 'S');
INSERT INTO licenciamento (ano, renavam, dataVenc, pago) VALUES (1987, '70778124640', '1985-06-29', 'S');
INSERT INTO licenciamento (ano, renavam, dataVenc, pago) VALUES (1988, '70778124640', '1985-06-29', 'S');
INSERT INTO licenciamento (ano, renavam, dataVenc, pago) VALUES (1989, '70778124640', '1985-06-29', 'S');
INSERT INTO licenciamento (ano, renavam, dataVenc, pago) VALUES (1990, '89787736017', '1990-03-28', 'S');
INSERT INTO licenciamento (ano, renavam, dataVenc, pago) VALUES (1991, '89787736017', '1990-03-28', 'S');
INSERT INTO licenciamento (ano, renavam, dataVenc, pago) VALUES (2016, '72877206713', '2016-03-28', 'S');
INSERT INTO licenciamento (ano, renavam, dataVenc, pago) VALUES (2017, '72877206713', '2016-03-28', 'S');
INSERT INTO licenciamento (ano, renavam, dataVenc, pago) VALUES (2018, '72877206713', '2016-03-28', 'S');
INSERT INTO licenciamento (ano, renavam, dataVenc, pago) VALUES (2019, '72877206713', '2016-03-28', 'S');
INSERT INTO licenciamento (ano, renavam, dataVenc, pago) VALUES (1980, '75807205658', '1980-07-31', 'S');
INSERT INTO licenciamento (ano, renavam, dataVenc, pago) VALUES (1981, '75807205658', '1980-07-31', 'N');
INSERT INTO licenciamento (ano, renavam, dataVenc, pago) VALUES (1980, '65817650622', '1980-04-30', 'S');
INSERT INTO licenciamento (ano, renavam, dataVenc, pago) VALUES (1981, '65817650622', '1980-04-30', 'S');
INSERT INTO licenciamento (ano, renavam, dataVenc, pago) VALUES (1982, '65817650622', '1980-04-30', 'S');
INSERT INTO licenciamento (ano, renavam, dataVenc, pago) VALUES (1983, '65817650622', '1980-04-30', 'S');
INSERT INTO licenciamento (ano, renavam, dataVenc, pago) VALUES (1984, '65817650622', '1980-04-30', 'S');
INSERT INTO licenciamento (ano, renavam, dataVenc, pago) VALUES (1985, '65817650622', '1980-04-30', 'S');
INSERT INTO licenciamento (ano, renavam, dataVenc, pago) VALUES (1986, '65817650622', '1980-04-30', 'S');
INSERT INTO licenciamento (ano, renavam, dataVenc, pago) VALUES (1987, '65817650622', '1980-04-30', 'S');
INSERT INTO licenciamento (ano, renavam, dataVenc, pago) VALUES (1988, '65817650622', '1980-04-30', 'S');
INSERT INTO licenciamento (ano, renavam, dataVenc, pago) VALUES (1989, '65817650622', '1980-04-30', 'S');
INSERT INTO licenciamento (ano, renavam, dataVenc, pago) VALUES (1990, '65817650622', '1980-04-30', 'S');
INSERT INTO licenciamento (ano, renavam, dataVenc, pago) VALUES (1991, '65817650622', '1980-04-30', 'N');
INSERT INTO licenciamento (ano, renavam, dataVenc, pago) VALUES (1983, '85776602488', '1983-10-31', 'S');
INSERT INTO licenciamento (ano, renavam, dataVenc, pago) VALUES (1984, '85776602488', '1983-10-31', 'N');
INSERT INTO licenciamento (ano, renavam, dataVenc, pago) VALUES (1986, '68708366162', '1986-08-31', 'S');
INSERT INTO licenciamento (ano, renavam, dataVenc, pago) VALUES (1987, '68708366162', '1986-08-31', 'S');
INSERT INTO licenciamento (ano, renavam, dataVenc, pago) VALUES (1988, '68708366162', '1986-08-31', 'S');
INSERT INTO licenciamento (ano, renavam, dataVenc, pago) VALUES (1989, '68708366162', '1986-08-31', 'S');
INSERT INTO licenciamento (ano, renavam, dataVenc, pago) VALUES (1990, '68708366162', '1986-08-31', 'S');
INSERT INTO licenciamento (ano, renavam, dataVenc, pago) VALUES (1991, '68708366162', '1986-08-31', 'S');
INSERT INTO licenciamento (ano, renavam, dataVenc, pago) VALUES (1992, '68708366162', '1986-08-31', 'N');
INSERT INTO licenciamento (ano, renavam, dataVenc, pago) VALUES (1987, '71727646051', '1987-07-31', 'S');
INSERT INTO licenciamento (ano, renavam, dataVenc, pago) VALUES (1988, '71727646051', '1987-07-31', 'S');
INSERT INTO licenciamento (ano, renavam, dataVenc, pago) VALUES (1989, '71727646051', '1987-07-31', 'N');
INSERT INTO licenciamento (ano, renavam, dataVenc, pago) VALUES (1977, '90678481526', '1977-04-30', 'S');
INSERT INTO licenciamento (ano, renavam, dataVenc, pago) VALUES (1978, '90678481526', '1977-04-30', 'S');
INSERT INTO licenciamento (ano, renavam, dataVenc, pago) VALUES (1979, '90678481526', '1977-04-30', 'S');
INSERT INTO licenciamento (ano, renavam, dataVenc, pago) VALUES (1980, '90678481526', '1977-04-30', 'S');
INSERT INTO licenciamento (ano, renavam, dataVenc, pago) VALUES (1981, '90678481526', '1977-04-30', 'S');
INSERT INTO licenciamento (ano, renavam, dataVenc, pago) VALUES (1982, '90678481526', '1977-04-30', 'S');
INSERT INTO licenciamento (ano, renavam, dataVenc, pago) VALUES (1983, '90678481526', '1977-04-30', 'S');
INSERT INTO licenciamento (ano, renavam, dataVenc, pago) VALUES (1984, '90678481526', '1977-04-30', 'S');
INSERT INTO licenciamento (ano, renavam, dataVenc, pago) VALUES (1985, '90678481526', '1977-04-30', 'S');
INSERT INTO licenciamento (ano, renavam, dataVenc, pago) VALUES (1986, '90678481526', '1977-04-30', 'S');
INSERT INTO licenciamento (ano, renavam, dataVenc, pago) VALUES (1987, '90678481526', '1977-04-30', 'S');
INSERT INTO licenciamento (ano, renavam, dataVenc, pago) VALUES (1988, '90678481526', '1977-04-30', 'S');
INSERT INTO licenciamento (ano, renavam, dataVenc, pago) VALUES (1989, '90678481526', '1977-04-30', 'S');
INSERT INTO licenciamento (ano, renavam, dataVenc, pago) VALUES (1990, '90678481526', '1977-04-30', 'S');
INSERT INTO licenciamento (ano, renavam, dataVenc, pago) VALUES (1991, '90678481526', '1977-04-30', 'S');
INSERT INTO licenciamento (ano, renavam, dataVenc, pago) VALUES (2014, '80657241197', '2014-11-30', 'S');
INSERT INTO licenciamento (ano, renavam, dataVenc, pago) VALUES (2015, '80657241197', '2014-11-30', 'S');
INSERT INTO licenciamento (ano, renavam, dataVenc, pago) VALUES (2016, '80657241197', '2014-11-30', 'S');
INSERT INTO licenciamento (ano, renavam, dataVenc, pago) VALUES (2017, '80657241197', '2014-11-30', 'S');
INSERT INTO licenciamento (ano, renavam, dataVenc, pago) VALUES (2018, '80657241197', '2014-11-30', 'S');
INSERT INTO licenciamento (ano, renavam, dataVenc, pago) VALUES (2019, '80657241197', '2014-11-30', 'S');
INSERT INTO licenciamento (ano, renavam, dataVenc, pago) VALUES (1989, '65877518780', '1989-10-31', 'S');
INSERT INTO licenciamento (ano, renavam, dataVenc, pago) VALUES (1990, '65877518780', '1989-10-31', 'S');
INSERT INTO licenciamento (ano, renavam, dataVenc, pago) VALUES (1991, '65877518780', '1989-10-31', 'N');
INSERT INTO licenciamento (ano, renavam, dataVenc, pago) VALUES (1998, '84888415266', '1998-08-31', 'S');
INSERT INTO licenciamento (ano, renavam, dataVenc, pago) VALUES (1999, '84888415266', '1998-08-31', 'S');
INSERT INTO licenciamento (ano, renavam, dataVenc, pago) VALUES (2000, '84888415266', '1998-08-31', 'N');
INSERT INTO licenciamento (ano, renavam, dataVenc, pago) VALUES (1970, '70747635219', '1970-03-28', 'S');
INSERT INTO licenciamento (ano, renavam, dataVenc, pago) VALUES (1971, '70747635219', '1970-03-28', 'S');
INSERT INTO licenciamento (ano, renavam, dataVenc, pago) VALUES (1972, '70747635219', '1970-03-28', 'N');
INSERT INTO licenciamento (ano, renavam, dataVenc, pago) VALUES (1990, '79807818563', '1990-08-31', 'S');
INSERT INTO licenciamento (ano, renavam, dataVenc, pago) VALUES (1991, '79807818563', '1990-08-31', 'S');
INSERT INTO licenciamento (ano, renavam, dataVenc, pago) VALUES (1992, '79807818563', '1990-08-31', 'S');
INSERT INTO licenciamento (ano, renavam, dataVenc, pago) VALUES (1993, '79807818563', '1990-08-31', 'S');
INSERT INTO licenciamento (ano, renavam, dataVenc, pago) VALUES (1994, '79807818563', '1990-08-31', 'S');
INSERT INTO licenciamento (ano, renavam, dataVenc, pago) VALUES (1995, '79807818563', '1990-08-31', 'S');
INSERT INTO licenciamento (ano, renavam, dataVenc, pago) VALUES (1996, '79807818563', '1990-08-31', 'N');
INSERT INTO licenciamento (ano, renavam, dataVenc, pago) VALUES (1981, '66688165659', '1981-07-31', 'S');
INSERT INTO licenciamento (ano, renavam, dataVenc, pago) VALUES (1982, '66688165659', '1981-07-31', 'S');
INSERT INTO licenciamento (ano, renavam, dataVenc, pago) VALUES (1983, '66688165659', '1981-07-31', 'S');
INSERT INTO licenciamento (ano, renavam, dataVenc, pago) VALUES (1984, '66688165659', '1981-07-31', 'S');
INSERT INTO licenciamento (ano, renavam, dataVenc, pago) VALUES (1985, '66688165659', '1981-07-31', 'S');
INSERT INTO licenciamento (ano, renavam, dataVenc, pago) VALUES (1986, '66688165659', '1981-07-31', 'S');
INSERT INTO licenciamento (ano, renavam, dataVenc, pago) VALUES (1987, '66688165659', '1981-07-31', 'S');
INSERT INTO licenciamento (ano, renavam, dataVenc, pago) VALUES (1988, '66688165659', '1981-07-31', 'N');
INSERT INTO licenciamento (ano, renavam, dataVenc, pago) VALUES (1997, '86886886608', '1997-12-28', 'S');
INSERT INTO licenciamento (ano, renavam, dataVenc, pago) VALUES (1998, '86886886608', '1997-12-28', 'S');
INSERT INTO licenciamento (ano, renavam, dataVenc, pago) VALUES (1999, '86886886608', '1997-12-28', 'S');
INSERT INTO licenciamento (ano, renavam, dataVenc, pago) VALUES (2010, '82827040363', '2010-08-31', 'S');
INSERT INTO licenciamento (ano, renavam, dataVenc, pago) VALUES (2011, '82827040363', '2010-08-31', 'S');
INSERT INTO licenciamento (ano, renavam, dataVenc, pago) VALUES (2012, '82827040363', '2010-08-31', 'S');
INSERT INTO licenciamento (ano, renavam, dataVenc, pago) VALUES (2013, '82827040363', '2010-08-31', 'S');
INSERT INTO licenciamento (ano, renavam, dataVenc, pago) VALUES (2014, '82827040363', '2010-08-31', 'S');
INSERT INTO licenciamento (ano, renavam, dataVenc, pago) VALUES (2015, '82827040363', '2010-08-31', 'S');
INSERT INTO licenciamento (ano, renavam, dataVenc, pago) VALUES (2019, '85738477426', '2019-04-30', 'S');
INSERT INTO licenciamento (ano, renavam, dataVenc, pago) VALUES (1987, '90706536792', '1987-11-30', 'S');
INSERT INTO licenciamento (ano, renavam, dataVenc, pago) VALUES (1988, '90706536792', '1987-11-30', 'S');
INSERT INTO licenciamento (ano, renavam, dataVenc, pago) VALUES (1989, '90706536792', '1987-11-30', 'S');
INSERT INTO licenciamento (ano, renavam, dataVenc, pago) VALUES (1990, '90706536792', '1987-11-30', 'S');
INSERT INTO licenciamento (ano, renavam, dataVenc, pago) VALUES (1991, '90706536792', '1987-11-30', 'S');
INSERT INTO licenciamento (ano, renavam, dataVenc, pago) VALUES (1992, '90706536792', '1987-11-30', 'S');
INSERT INTO licenciamento (ano, renavam, dataVenc, pago) VALUES (1993, '90706536792', '1987-11-30', 'S');
INSERT INTO licenciamento (ano, renavam, dataVenc, pago) VALUES (1994, '90706536792', '1987-11-30', 'S');
INSERT INTO licenciamento (ano, renavam, dataVenc, pago) VALUES (1995, '90706536792', '1987-11-30', 'S');
INSERT INTO licenciamento (ano, renavam, dataVenc, pago) VALUES (1996, '90706536792', '1987-11-30', 'S');
INSERT INTO licenciamento (ano, renavam, dataVenc, pago) VALUES (1997, '90706536792', '1987-11-30', 'S');
INSERT INTO licenciamento (ano, renavam, dataVenc, pago) VALUES (1998, '90706536792', '1987-11-30', 'S');
INSERT INTO licenciamento (ano, renavam, dataVenc, pago) VALUES (1999, '90706536792', '1987-11-30', 'S');
INSERT INTO licenciamento (ano, renavam, dataVenc, pago) VALUES (2000, '90706536792', '1987-11-30', 'S');
INSERT INTO licenciamento (ano, renavam, dataVenc, pago) VALUES (2001, '90706536792', '1987-11-30', 'S');
INSERT INTO licenciamento (ano, renavam, dataVenc, pago) VALUES (2002, '90706536792', '1987-11-30', 'S');
INSERT INTO licenciamento (ano, renavam, dataVenc, pago) VALUES (2003, '90706536792', '1987-11-30', 'S');
INSERT INTO licenciamento (ano, renavam, dataVenc, pago) VALUES (2004, '90706536792', '1987-11-30', 'S');
INSERT INTO licenciamento (ano, renavam, dataVenc, pago) VALUES (2005, '90706536792', '1987-11-30', 'S');
INSERT INTO licenciamento (ano, renavam, dataVenc, pago) VALUES (2006, '90706536792', '1987-11-30', 'S');
INSERT INTO licenciamento (ano, renavam, dataVenc, pago) VALUES (2007, '90706536792', '1987-11-30', 'S');
INSERT INTO licenciamento (ano, renavam, dataVenc, pago) VALUES (2008, '90706536792', '1987-11-30', 'S');
INSERT INTO licenciamento (ano, renavam, dataVenc, pago) VALUES (2009, '90706536792', '1987-11-30', 'S');
INSERT INTO licenciamento (ano, renavam, dataVenc, pago) VALUES (2010, '90706536792', '1987-11-30', 'S');
INSERT INTO licenciamento (ano, renavam, dataVenc, pago) VALUES (2011, '90706536792', '1987-11-30', 'S');
INSERT INTO licenciamento (ano, renavam, dataVenc, pago) VALUES (2012, '90706536792', '1987-11-30', 'S');
INSERT INTO licenciamento (ano, renavam, dataVenc, pago) VALUES (2013, '90706536792', '1987-11-30', 'S');
INSERT INTO licenciamento (ano, renavam, dataVenc, pago) VALUES (2014, '90706536792', '1987-11-30', 'S');
INSERT INTO licenciamento (ano, renavam, dataVenc, pago) VALUES (2015, '90706536792', '1987-11-30', 'S');
INSERT INTO licenciamento (ano, renavam, dataVenc, pago) VALUES (2016, '90706536792', '1987-11-30', 'S');
INSERT INTO licenciamento (ano, renavam, dataVenc, pago) VALUES (2017, '90706536792', '1987-11-30', 'S');
INSERT INTO licenciamento (ano, renavam, dataVenc, pago) VALUES (2018, '90706536792', '1987-11-30', 'S');
INSERT INTO licenciamento (ano, renavam, dataVenc, pago) VALUES (2002, '80867454367', '2002-08-31', 'S');
INSERT INTO licenciamento (ano, renavam, dataVenc, pago) VALUES (2003, '80867454367', '2002-08-31', 'S');
INSERT INTO licenciamento (ano, renavam, dataVenc, pago) VALUES (2004, '80867454367', '2002-08-31', 'S');
INSERT INTO licenciamento (ano, renavam, dataVenc, pago) VALUES (2005, '80867454367', '2002-08-31', 'S');
INSERT INTO licenciamento (ano, renavam, dataVenc, pago) VALUES (2006, '80867454367', '2002-08-31', 'S');
INSERT INTO licenciamento (ano, renavam, dataVenc, pago) VALUES (2007, '80867454367', '2002-08-31', 'S');
INSERT INTO licenciamento (ano, renavam, dataVenc, pago) VALUES (2008, '80867454367', '2002-08-31', 'S');
INSERT INTO licenciamento (ano, renavam, dataVenc, pago) VALUES (2009, '80867454367', '2002-08-31', 'S');
INSERT INTO licenciamento (ano, renavam, dataVenc, pago) VALUES (2010, '80867454367', '2002-08-31', 'N');
INSERT INTO licenciamento (ano, renavam, dataVenc, pago) VALUES (1981, '71857831665', '1981-08-31', 'S');
INSERT INTO licenciamento (ano, renavam, dataVenc, pago) VALUES (1982, '71857831665', '1981-08-31', 'S');
INSERT INTO licenciamento (ano, renavam, dataVenc, pago) VALUES (1983, '71857831665', '1981-08-31', 'S');
INSERT INTO licenciamento (ano, renavam, dataVenc, pago) VALUES (1984, '71857831665', '1981-08-31', 'S');
INSERT INTO licenciamento (ano, renavam, dataVenc, pago) VALUES (1985, '71857831665', '1981-08-31', 'S');
INSERT INTO licenciamento (ano, renavam, dataVenc, pago) VALUES (1986, '71857831665', '1981-08-31', 'S');
INSERT INTO licenciamento (ano, renavam, dataVenc, pago) VALUES (1987, '71857831665', '1981-08-31', 'S');
INSERT INTO licenciamento (ano, renavam, dataVenc, pago) VALUES (1988, '71857831665', '1981-08-31', 'S');
INSERT INTO licenciamento (ano, renavam, dataVenc, pago) VALUES (1989, '71857831665', '1981-08-31', 'S');
INSERT INTO licenciamento (ano, renavam, dataVenc, pago) VALUES (1990, '71857831665', '1981-08-31', 'S');
INSERT INTO licenciamento (ano, renavam, dataVenc, pago) VALUES (1991, '71857831665', '1981-08-31', 'S');
INSERT INTO licenciamento (ano, renavam, dataVenc, pago) VALUES (1992, '71857831665', '1981-08-31', 'S');
INSERT INTO licenciamento (ano, renavam, dataVenc, pago) VALUES (1993, '71857831665', '1981-08-31', 'S');
INSERT INTO licenciamento (ano, renavam, dataVenc, pago) VALUES (1994, '71857831665', '1981-08-31', 'S');
INSERT INTO licenciamento (ano, renavam, dataVenc, pago) VALUES (1995, '71857831665', '1981-08-31', 'S');
INSERT INTO licenciamento (ano, renavam, dataVenc, pago) VALUES (1996, '71857831665', '1981-08-31', 'S');
INSERT INTO licenciamento (ano, renavam, dataVenc, pago) VALUES (1997, '71857831665', '1981-08-31', 'S');
INSERT INTO licenciamento (ano, renavam, dataVenc, pago) VALUES (1998, '71857831665', '1981-08-31', 'S');
INSERT INTO licenciamento (ano, renavam, dataVenc, pago) VALUES (1999, '71857831665', '1981-08-31', 'S');
INSERT INTO licenciamento (ano, renavam, dataVenc, pago) VALUES (2000, '71857831665', '1981-08-31', 'S');
INSERT INTO licenciamento (ano, renavam, dataVenc, pago) VALUES (2001, '71857831665', '1981-08-31', 'S');
INSERT INTO licenciamento (ano, renavam, dataVenc, pago) VALUES (2002, '71857831665', '1981-08-31', 'S');
INSERT INTO licenciamento (ano, renavam, dataVenc, pago) VALUES (2003, '71857831665', '1981-08-31', 'S');
INSERT INTO licenciamento (ano, renavam, dataVenc, pago) VALUES (2004, '71857831665', '1981-08-31', 'S');
INSERT INTO licenciamento (ano, renavam, dataVenc, pago) VALUES (2005, '71857831665', '1981-08-31', 'S');
INSERT INTO licenciamento (ano, renavam, dataVenc, pago) VALUES (2006, '71857831665', '1981-08-31', 'S');
INSERT INTO licenciamento (ano, renavam, dataVenc, pago) VALUES (2007, '71857831665', '1981-08-31', 'S');
INSERT INTO licenciamento (ano, renavam, dataVenc, pago) VALUES (2008, '71857831665', '1981-08-31', 'S');
INSERT INTO licenciamento (ano, renavam, dataVenc, pago) VALUES (2009, '71857831665', '1981-08-31', 'S');
INSERT INTO licenciamento (ano, renavam, dataVenc, pago) VALUES (2010, '71857831665', '1981-08-31', 'S');
INSERT INTO licenciamento (ano, renavam, dataVenc, pago) VALUES (2011, '71857831665', '1981-08-31', 'S');
INSERT INTO licenciamento (ano, renavam, dataVenc, pago) VALUES (2012, '71857831665', '1981-08-31', 'S');
INSERT INTO licenciamento (ano, renavam, dataVenc, pago) VALUES (2013, '71857831665', '1981-08-31', 'S');
INSERT INTO licenciamento (ano, renavam, dataVenc, pago) VALUES (2014, '71857831665', '1981-08-31', 'S');
INSERT INTO licenciamento (ano, renavam, dataVenc, pago) VALUES (2015, '71857831665', '1981-08-31', 'S');
INSERT INTO licenciamento (ano, renavam, dataVenc, pago) VALUES (2016, '71857831665', '1981-08-31', 'S');
INSERT INTO licenciamento (ano, renavam, dataVenc, pago) VALUES (2017, '71857831665', '1981-08-31', 'S');
INSERT INTO licenciamento (ano, renavam, dataVenc, pago) VALUES (2018, '71857831665', '1981-08-31', 'S');
INSERT INTO licenciamento (ano, renavam, dataVenc, pago) VALUES (2019, '71857831665', '1981-08-31', 'S');
INSERT INTO licenciamento (ano, renavam, dataVenc, pago) VALUES (2008, '67817616005', '2008-12-28', 'S');
INSERT INTO licenciamento (ano, renavam, dataVenc, pago) VALUES (2009, '67817616005', '2008-12-28', 'S');
INSERT INTO licenciamento (ano, renavam, dataVenc, pago) VALUES (2010, '67817616005', '2008-12-28', 'S');
INSERT INTO licenciamento (ano, renavam, dataVenc, pago) VALUES (2011, '67817616005', '2008-12-28', 'S');
INSERT INTO licenciamento (ano, renavam, dataVenc, pago) VALUES (2012, '67817616005', '2008-12-28', 'S');
INSERT INTO licenciamento (ano, renavam, dataVenc, pago) VALUES (2013, '67817616005', '2008-12-28', 'S');
INSERT INTO licenciamento (ano, renavam, dataVenc, pago) VALUES (2014, '67817616005', '2008-12-28', 'S');
INSERT INTO licenciamento (ano, renavam, dataVenc, pago) VALUES (2015, '67817616005', '2008-12-28', 'S');
INSERT INTO licenciamento (ano, renavam, dataVenc, pago) VALUES (2016, '67817616005', '2008-12-28', 'S');
INSERT INTO licenciamento (ano, renavam, dataVenc, pago) VALUES (2017, '67817616005', '2008-12-28', 'S');
INSERT INTO licenciamento (ano, renavam, dataVenc, pago) VALUES (2018, '67817616005', '2008-12-28', 'S');
INSERT INTO licenciamento (ano, renavam, dataVenc, pago) VALUES (2019, '67817616005', '2008-12-28', 'S');
INSERT INTO licenciamento (ano, renavam, dataVenc, pago) VALUES (2014, '79757963816', '2014-03-28', 'S');
INSERT INTO licenciamento (ano, renavam, dataVenc, pago) VALUES (2015, '79757963816', '2014-03-28', 'S');
INSERT INTO licenciamento (ano, renavam, dataVenc, pago) VALUES (2016, '79757963816', '2014-03-28', 'S');
INSERT INTO licenciamento (ano, renavam, dataVenc, pago) VALUES (2017, '79757963816', '2014-03-28', 'S');
INSERT INTO licenciamento (ano, renavam, dataVenc, pago) VALUES (2018, '79757963816', '2014-03-28', 'S');
INSERT INTO licenciamento (ano, renavam, dataVenc, pago) VALUES (2019, '79757963816', '2014-03-28', 'N');
INSERT INTO licenciamento (ano, renavam, dataVenc, pago) VALUES (2001, '77867210425', '2001-04-30', 'S');
INSERT INTO licenciamento (ano, renavam, dataVenc, pago) VALUES (2002, '77867210425', '2001-04-30', 'S');
INSERT INTO licenciamento (ano, renavam, dataVenc, pago) VALUES (1981, '70837635498', '1981-11-30', 'S');
INSERT INTO licenciamento (ano, renavam, dataVenc, pago) VALUES (1982, '70837635498', '1981-11-30', 'S');
INSERT INTO licenciamento (ano, renavam, dataVenc, pago) VALUES (1983, '70837635498', '1981-11-30', 'S');
INSERT INTO licenciamento (ano, renavam, dataVenc, pago) VALUES (1984, '70837635498', '1981-11-30', 'S');
INSERT INTO licenciamento (ano, renavam, dataVenc, pago) VALUES (1985, '70837635498', '1981-11-30', 'S');
INSERT INTO licenciamento (ano, renavam, dataVenc, pago) VALUES (1986, '70837635498', '1981-11-30', 'S');
INSERT INTO licenciamento (ano, renavam, dataVenc, pago) VALUES (1987, '70837635498', '1981-11-30', 'S');
INSERT INTO licenciamento (ano, renavam, dataVenc, pago) VALUES (1988, '70837635498', '1981-11-30', 'S');
INSERT INTO licenciamento (ano, renavam, dataVenc, pago) VALUES (1989, '70837635498', '1981-11-30', 'S');
INSERT INTO licenciamento (ano, renavam, dataVenc, pago) VALUES (1990, '70837635498', '1981-11-30', 'S');
INSERT INTO licenciamento (ano, renavam, dataVenc, pago) VALUES (1991, '70837635498', '1981-11-30', 'S');
INSERT INTO licenciamento (ano, renavam, dataVenc, pago) VALUES (1992, '70837635498', '1981-11-30', 'S');
INSERT INTO licenciamento (ano, renavam, dataVenc, pago) VALUES (1993, '70837635498', '1981-11-30', 'S');
INSERT INTO licenciamento (ano, renavam, dataVenc, pago) VALUES (1994, '70837635498', '1981-11-30', 'S');
INSERT INTO licenciamento (ano, renavam, dataVenc, pago) VALUES (1995, '70837635498', '1981-11-30', 'S');
INSERT INTO licenciamento (ano, renavam, dataVenc, pago) VALUES (1996, '70837635498', '1981-11-30', 'S');
INSERT INTO licenciamento (ano, renavam, dataVenc, pago) VALUES (1997, '70837635498', '1981-11-30', 'S');
INSERT INTO licenciamento (ano, renavam, dataVenc, pago) VALUES (1998, '70837635498', '1981-11-30', 'S');
INSERT INTO licenciamento (ano, renavam, dataVenc, pago) VALUES (1999, '70837635498', '1981-11-30', 'S');
INSERT INTO licenciamento (ano, renavam, dataVenc, pago) VALUES (2000, '70837635498', '1981-11-30', 'S');
INSERT INTO licenciamento (ano, renavam, dataVenc, pago) VALUES (2001, '70837635498', '1981-11-30', 'N');
INSERT INTO licenciamento (ano, renavam, dataVenc, pago) VALUES (1984, '67807894045', '1984-06-29', 'N');
INSERT INTO licenciamento (ano, renavam, dataVenc, pago) VALUES (1985, '72678164859', '1985-07-31', 'S');
INSERT INTO licenciamento (ano, renavam, dataVenc, pago) VALUES (1986, '72678164859', '1985-07-31', 'S');
INSERT INTO licenciamento (ano, renavam, dataVenc, pago) VALUES (1987, '72678164859', '1985-07-31', 'N');
INSERT INTO licenciamento (ano, renavam, dataVenc, pago) VALUES (2012, '71796794706', '2012-12-28', 'S');
INSERT INTO licenciamento (ano, renavam, dataVenc, pago) VALUES (2013, '71796794706', '2012-12-28', 'S');
INSERT INTO licenciamento (ano, renavam, dataVenc, pago) VALUES (2014, '71796794706', '2012-12-28', 'S');
INSERT INTO licenciamento (ano, renavam, dataVenc, pago) VALUES (2015, '71796794706', '2012-12-28', 'S');
INSERT INTO licenciamento (ano, renavam, dataVenc, pago) VALUES (2016, '71796794706', '2012-12-28', 'S');
INSERT INTO licenciamento (ano, renavam, dataVenc, pago) VALUES (2017, '71796794706', '2012-12-28', 'S');
INSERT INTO licenciamento (ano, renavam, dataVenc, pago) VALUES (2018, '71796794706', '2012-12-28', 'S');
INSERT INTO licenciamento (ano, renavam, dataVenc, pago) VALUES (1995, '70898470448', '1995-06-29', 'S');
INSERT INTO licenciamento (ano, renavam, dataVenc, pago) VALUES (1996, '70898470448', '1995-06-29', 'S');
INSERT INTO licenciamento (ano, renavam, dataVenc, pago) VALUES (1997, '70898470448', '1995-06-29', 'S');
INSERT INTO licenciamento (ano, renavam, dataVenc, pago) VALUES (1998, '70898470448', '1995-06-29', 'S');
INSERT INTO licenciamento (ano, renavam, dataVenc, pago) VALUES (1999, '70898470448', '1995-06-29', 'S');
INSERT INTO licenciamento (ano, renavam, dataVenc, pago) VALUES (2000, '70898470448', '1995-06-29', 'S');
INSERT INTO licenciamento (ano, renavam, dataVenc, pago) VALUES (2001, '70898470448', '1995-06-29', 'S');
INSERT INTO licenciamento (ano, renavam, dataVenc, pago) VALUES (2002, '70898470448', '1995-06-29', 'S');
INSERT INTO licenciamento (ano, renavam, dataVenc, pago) VALUES (2003, '70898470448', '1995-06-29', 'S');
INSERT INTO licenciamento (ano, renavam, dataVenc, pago) VALUES (2004, '70898470448', '1995-06-29', 'S');
INSERT INTO licenciamento (ano, renavam, dataVenc, pago) VALUES (2005, '70898470448', '1995-06-29', 'S');
INSERT INTO licenciamento (ano, renavam, dataVenc, pago) VALUES (2006, '70898470448', '1995-06-29', 'N');
INSERT INTO licenciamento (ano, renavam, dataVenc, pago) VALUES (1990, '87867135714', '1990-03-28', 'S');
INSERT INTO licenciamento (ano, renavam, dataVenc, pago) VALUES (1991, '87867135714', '1990-03-28', 'S');
INSERT INTO licenciamento (ano, renavam, dataVenc, pago) VALUES (1992, '87867135714', '1990-03-28', 'S');
INSERT INTO licenciamento (ano, renavam, dataVenc, pago) VALUES (1993, '87867135714', '1990-03-28', 'S');
INSERT INTO licenciamento (ano, renavam, dataVenc, pago) VALUES (1994, '87867135714', '1990-03-28', 'S');
INSERT INTO licenciamento (ano, renavam, dataVenc, pago) VALUES (1995, '87867135714', '1990-03-28', 'S');
INSERT INTO licenciamento (ano, renavam, dataVenc, pago) VALUES (1996, '87867135714', '1990-03-28', 'S');
INSERT INTO licenciamento (ano, renavam, dataVenc, pago) VALUES (1997, '87867135714', '1990-03-28', 'S');
INSERT INTO licenciamento (ano, renavam, dataVenc, pago) VALUES (1998, '87867135714', '1990-03-28', 'N');
INSERT INTO licenciamento (ano, renavam, dataVenc, pago) VALUES (2017, '70797861140', '2017-06-29', 'S');
INSERT INTO licenciamento (ano, renavam, dataVenc, pago) VALUES (2018, '70797861140', '2017-06-29', 'S');
INSERT INTO licenciamento (ano, renavam, dataVenc, pago) VALUES (2019, '70797861140', '2017-06-29', 'S');
INSERT INTO licenciamento (ano, renavam, dataVenc, pago) VALUES (2002, '87897463841', '2002-06-29', 'S');
INSERT INTO licenciamento (ano, renavam, dataVenc, pago) VALUES (2003, '87897463841', '2002-06-29', 'S');
INSERT INTO licenciamento (ano, renavam, dataVenc, pago) VALUES (2004, '87897463841', '2002-06-29', 'S');
INSERT INTO licenciamento (ano, renavam, dataVenc, pago) VALUES (2005, '87897463841', '2002-06-29', 'S');
INSERT INTO licenciamento (ano, renavam, dataVenc, pago) VALUES (2006, '87897463841', '2002-06-29', 'N');
INSERT INTO licenciamento (ano, renavam, dataVenc, pago) VALUES (1982, '84797464809', '1982-12-28', 'S');
INSERT INTO licenciamento (ano, renavam, dataVenc, pago) VALUES (1983, '84797464809', '1982-12-28', 'S');
INSERT INTO licenciamento (ano, renavam, dataVenc, pago) VALUES (1984, '84797464809', '1982-12-28', 'S');
INSERT INTO licenciamento (ano, renavam, dataVenc, pago) VALUES (1985, '84797464809', '1982-12-28', 'S');
INSERT INTO licenciamento (ano, renavam, dataVenc, pago) VALUES (1986, '84797464809', '1982-12-28', 'S');
INSERT INTO licenciamento (ano, renavam, dataVenc, pago) VALUES (1987, '84797464809', '1982-12-28', 'S');
INSERT INTO licenciamento (ano, renavam, dataVenc, pago) VALUES (1988, '84797464809', '1982-12-28', 'S');
INSERT INTO licenciamento (ano, renavam, dataVenc, pago) VALUES (1989, '84797464809', '1982-12-28', 'S');
INSERT INTO licenciamento (ano, renavam, dataVenc, pago) VALUES (1990, '84797464809', '1982-12-28', 'S');
INSERT INTO licenciamento (ano, renavam, dataVenc, pago) VALUES (1991, '84797464809', '1982-12-28', 'S');
INSERT INTO licenciamento (ano, renavam, dataVenc, pago) VALUES (1992, '84797464809', '1982-12-28', 'S');
INSERT INTO licenciamento (ano, renavam, dataVenc, pago) VALUES (1993, '84797464809', '1982-12-28', 'S');
INSERT INTO licenciamento (ano, renavam, dataVenc, pago) VALUES (1994, '84797464809', '1982-12-28', 'S');
INSERT INTO licenciamento (ano, renavam, dataVenc, pago) VALUES (1995, '84797464809', '1982-12-28', 'S');
INSERT INTO licenciamento (ano, renavam, dataVenc, pago) VALUES (1996, '84797464809', '1982-12-28', 'S');
INSERT INTO licenciamento (ano, renavam, dataVenc, pago) VALUES (1997, '84797464809', '1982-12-28', 'S');
INSERT INTO licenciamento (ano, renavam, dataVenc, pago) VALUES (1998, '84797464809', '1982-12-28', 'S');
INSERT INTO licenciamento (ano, renavam, dataVenc, pago) VALUES (1999, '84797464809', '1982-12-28', 'S');
INSERT INTO licenciamento (ano, renavam, dataVenc, pago) VALUES (2000, '84797464809', '1982-12-28', 'S');
INSERT INTO licenciamento (ano, renavam, dataVenc, pago) VALUES (2001, '84797464809', '1982-12-28', 'S');
INSERT INTO licenciamento (ano, renavam, dataVenc, pago) VALUES (2002, '84797464809', '1982-12-28', 'S');
INSERT INTO licenciamento (ano, renavam, dataVenc, pago) VALUES (2003, '84797464809', '1982-12-28', 'S');
INSERT INTO licenciamento (ano, renavam, dataVenc, pago) VALUES (2004, '84797464809', '1982-12-28', 'S');
INSERT INTO licenciamento (ano, renavam, dataVenc, pago) VALUES (2005, '84797464809', '1982-12-28', 'S');
INSERT INTO licenciamento (ano, renavam, dataVenc, pago) VALUES (2006, '84797464809', '1982-12-28', 'S');
INSERT INTO licenciamento (ano, renavam, dataVenc, pago) VALUES (2007, '84797464809', '1982-12-28', 'N');
INSERT INTO licenciamento (ano, renavam, dataVenc, pago) VALUES (2017, '89818195675', '2017-09-28', 'S');
INSERT INTO licenciamento (ano, renavam, dataVenc, pago) VALUES (2018, '89818195675', '2017-09-28', 'S');
INSERT INTO licenciamento (ano, renavam, dataVenc, pago) VALUES (2019, '89818195675', '2017-09-28', 'S');
INSERT INTO licenciamento (ano, renavam, dataVenc, pago) VALUES (1998, '90656841643', '1998-06-29', 'S');
INSERT INTO licenciamento (ano, renavam, dataVenc, pago) VALUES (1999, '90656841643', '1998-06-29', 'S');
INSERT INTO licenciamento (ano, renavam, dataVenc, pago) VALUES (2000, '90656841643', '1998-06-29', 'S');
INSERT INTO licenciamento (ano, renavam, dataVenc, pago) VALUES (2001, '90656841643', '1998-06-29', 'S');
INSERT INTO licenciamento (ano, renavam, dataVenc, pago) VALUES (2002, '90656841643', '1998-06-29', 'S');
INSERT INTO licenciamento (ano, renavam, dataVenc, pago) VALUES (2003, '90656841643', '1998-06-29', 'S');
INSERT INTO licenciamento (ano, renavam, dataVenc, pago) VALUES (2004, '90656841643', '1998-06-29', 'S');
INSERT INTO licenciamento (ano, renavam, dataVenc, pago) VALUES (2005, '90656841643', '1998-06-29', 'S');
INSERT INTO licenciamento (ano, renavam, dataVenc, pago) VALUES (2006, '90656841643', '1998-06-29', 'S');
INSERT INTO licenciamento (ano, renavam, dataVenc, pago) VALUES (2007, '90656841643', '1998-06-29', 'S');
INSERT INTO licenciamento (ano, renavam, dataVenc, pago) VALUES (2008, '90656841643', '1998-06-29', 'S');
INSERT INTO licenciamento (ano, renavam, dataVenc, pago) VALUES (2009, '90656841643', '1998-06-29', 'S');
INSERT INTO licenciamento (ano, renavam, dataVenc, pago) VALUES (2010, '90656841643', '1998-06-29', 'S');
INSERT INTO licenciamento (ano, renavam, dataVenc, pago) VALUES (2011, '90656841643', '1998-06-29', 'S');
INSERT INTO licenciamento (ano, renavam, dataVenc, pago) VALUES (2012, '90656841643', '1998-06-29', 'S');
INSERT INTO licenciamento (ano, renavam, dataVenc, pago) VALUES (2013, '90656841643', '1998-06-29', 'S');
INSERT INTO licenciamento (ano, renavam, dataVenc, pago) VALUES (2014, '90656841643', '1998-06-29', 'S');
INSERT INTO licenciamento (ano, renavam, dataVenc, pago) VALUES (2015, '90656841643', '1998-06-29', 'S');
INSERT INTO licenciamento (ano, renavam, dataVenc, pago) VALUES (2016, '90656841643', '1998-06-29', 'S');
INSERT INTO licenciamento (ano, renavam, dataVenc, pago) VALUES (2017, '90656841643', '1998-06-29', 'S');
INSERT INTO licenciamento (ano, renavam, dataVenc, pago) VALUES (2018, '90656841643', '1998-06-29', 'S');
INSERT INTO licenciamento (ano, renavam, dataVenc, pago) VALUES (2019, '90656841643', '1998-06-29', 'S');
INSERT INTO licenciamento (ano, renavam, dataVenc, pago) VALUES (1998, '89697431853', '1998-07-31', 'S');
INSERT INTO licenciamento (ano, renavam, dataVenc, pago) VALUES (1999, '89697431853', '1998-07-31', 'S');
INSERT INTO licenciamento (ano, renavam, dataVenc, pago) VALUES (2000, '89697431853', '1998-07-31', 'S');
INSERT INTO licenciamento (ano, renavam, dataVenc, pago) VALUES (2001, '89697431853', '1998-07-31', 'S');
INSERT INTO licenciamento (ano, renavam, dataVenc, pago) VALUES (2002, '89697431853', '1998-07-31', 'S');
INSERT INTO licenciamento (ano, renavam, dataVenc, pago) VALUES (2003, '89697431853', '1998-07-31', 'S');
INSERT INTO licenciamento (ano, renavam, dataVenc, pago) VALUES (2004, '89697431853', '1998-07-31', 'S');
INSERT INTO licenciamento (ano, renavam, dataVenc, pago) VALUES (2005, '89697431853', '1998-07-31', 'S');
INSERT INTO licenciamento (ano, renavam, dataVenc, pago) VALUES (2006, '89697431853', '1998-07-31', 'S');
INSERT INTO licenciamento (ano, renavam, dataVenc, pago) VALUES (2007, '89697431853', '1998-07-31', 'S');
INSERT INTO licenciamento (ano, renavam, dataVenc, pago) VALUES (2008, '89697431853', '1998-07-31', 'S');
INSERT INTO licenciamento (ano, renavam, dataVenc, pago) VALUES (2009, '89697431853', '1998-07-31', 'S');
INSERT INTO licenciamento (ano, renavam, dataVenc, pago) VALUES (2010, '89697431853', '1998-07-31', 'S');
INSERT INTO licenciamento (ano, renavam, dataVenc, pago) VALUES (2011, '89697431853', '1998-07-31', 'S');
INSERT INTO licenciamento (ano, renavam, dataVenc, pago) VALUES (2012, '89697431853', '1998-07-31', 'S');
INSERT INTO licenciamento (ano, renavam, dataVenc, pago) VALUES (2013, '89697431853', '1998-07-31', 'S');
INSERT INTO licenciamento (ano, renavam, dataVenc, pago) VALUES (2014, '89697431853', '1998-07-31', 'S');
INSERT INTO licenciamento (ano, renavam, dataVenc, pago) VALUES (2015, '89697431853', '1998-07-31', 'S');
INSERT INTO licenciamento (ano, renavam, dataVenc, pago) VALUES (2016, '89697431853', '1998-07-31', 'S');
INSERT INTO licenciamento (ano, renavam, dataVenc, pago) VALUES (2017, '89697431853', '1998-07-31', 'S');
INSERT INTO licenciamento (ano, renavam, dataVenc, pago) VALUES (2018, '89697431853', '1998-07-31', 'S');
INSERT INTO licenciamento (ano, renavam, dataVenc, pago) VALUES (2019, '89697431853', '1998-07-31', 'S');
INSERT INTO licenciamento (ano, renavam, dataVenc, pago) VALUES (1982, '78907852951', '1982-07-31', 'S');
INSERT INTO licenciamento (ano, renavam, dataVenc, pago) VALUES (1983, '78907852951', '1982-07-31', 'S');
INSERT INTO licenciamento (ano, renavam, dataVenc, pago) VALUES (1984, '78907852951', '1982-07-31', 'S');
INSERT INTO licenciamento (ano, renavam, dataVenc, pago) VALUES (1985, '78907852951', '1982-07-31', 'N');
INSERT INTO licenciamento (ano, renavam, dataVenc, pago) VALUES (1975, '65787072170', '1975-09-28', 'S');
INSERT INTO licenciamento (ano, renavam, dataVenc, pago) VALUES (1976, '65787072170', '1975-09-28', 'S');
INSERT INTO licenciamento (ano, renavam, dataVenc, pago) VALUES (1977, '65787072170', '1975-09-28', 'S');
INSERT INTO licenciamento (ano, renavam, dataVenc, pago) VALUES (1978, '65787072170', '1975-09-28', 'S');
INSERT INTO licenciamento (ano, renavam, dataVenc, pago) VALUES (1979, '65787072170', '1975-09-28', 'S');
INSERT INTO licenciamento (ano, renavam, dataVenc, pago) VALUES (1980, '65787072170', '1975-09-28', 'S');
INSERT INTO licenciamento (ano, renavam, dataVenc, pago) VALUES (1981, '65787072170', '1975-09-28', 'S');
INSERT INTO licenciamento (ano, renavam, dataVenc, pago) VALUES (1982, '65787072170', '1975-09-28', 'S');
INSERT INTO licenciamento (ano, renavam, dataVenc, pago) VALUES (1983, '65787072170', '1975-09-28', 'S');
INSERT INTO licenciamento (ano, renavam, dataVenc, pago) VALUES (1984, '65787072170', '1975-09-28', 'S');
INSERT INTO licenciamento (ano, renavam, dataVenc, pago) VALUES (1985, '65787072170', '1975-09-28', 'S');
INSERT INTO licenciamento (ano, renavam, dataVenc, pago) VALUES (1986, '65787072170', '1975-09-28', 'S');
INSERT INTO licenciamento (ano, renavam, dataVenc, pago) VALUES (1987, '65787072170', '1975-09-28', 'S');
INSERT INTO licenciamento (ano, renavam, dataVenc, pago) VALUES (1988, '65787072170', '1975-09-28', 'S');
INSERT INTO licenciamento (ano, renavam, dataVenc, pago) VALUES (1989, '65787072170', '1975-09-28', 'S');
INSERT INTO licenciamento (ano, renavam, dataVenc, pago) VALUES (1990, '65787072170', '1975-09-28', 'S');
INSERT INTO licenciamento (ano, renavam, dataVenc, pago) VALUES (1991, '65787072170', '1975-09-28', 'S');
INSERT INTO licenciamento (ano, renavam, dataVenc, pago) VALUES (1992, '65787072170', '1975-09-28', 'S');
INSERT INTO licenciamento (ano, renavam, dataVenc, pago) VALUES (1993, '65787072170', '1975-09-28', 'S');
INSERT INTO licenciamento (ano, renavam, dataVenc, pago) VALUES (1994, '65787072170', '1975-09-28', 'S');
INSERT INTO licenciamento (ano, renavam, dataVenc, pago) VALUES (1995, '65787072170', '1975-09-28', 'S');
INSERT INTO licenciamento (ano, renavam, dataVenc, pago) VALUES (1996, '65787072170', '1975-09-28', 'S');
INSERT INTO licenciamento (ano, renavam, dataVenc, pago) VALUES (1997, '65787072170', '1975-09-28', 'S');
INSERT INTO licenciamento (ano, renavam, dataVenc, pago) VALUES (1998, '65787072170', '1975-09-28', 'N');
INSERT INTO licenciamento (ano, renavam, dataVenc, pago) VALUES (2016, '76838887872', '2016-09-28', 'N');
INSERT INTO licenciamento (ano, renavam, dataVenc, pago) VALUES (1973, '86827243933', '1973-05-30', 'S');
INSERT INTO licenciamento (ano, renavam, dataVenc, pago) VALUES (1974, '86827243933', '1973-05-30', 'S');
INSERT INTO licenciamento (ano, renavam, dataVenc, pago) VALUES (1975, '86827243933', '1973-05-30', 'S');
INSERT INTO licenciamento (ano, renavam, dataVenc, pago) VALUES (1976, '86827243933', '1973-05-30', 'S');
INSERT INTO licenciamento (ano, renavam, dataVenc, pago) VALUES (1977, '86827243933', '1973-05-30', 'S');
INSERT INTO licenciamento (ano, renavam, dataVenc, pago) VALUES (1978, '86827243933', '1973-05-30', 'S');
INSERT INTO licenciamento (ano, renavam, dataVenc, pago) VALUES (1979, '86827243933', '1973-05-30', 'S');
INSERT INTO licenciamento (ano, renavam, dataVenc, pago) VALUES (1980, '86827243933', '1973-05-30', 'S');
INSERT INTO licenciamento (ano, renavam, dataVenc, pago) VALUES (2013, '70787633470', '2013-09-28', 'S');
INSERT INTO licenciamento (ano, renavam, dataVenc, pago) VALUES (2014, '70787633470', '2013-09-28', 'S');
INSERT INTO licenciamento (ano, renavam, dataVenc, pago) VALUES (2015, '70787633470', '2013-09-28', 'S');
INSERT INTO licenciamento (ano, renavam, dataVenc, pago) VALUES (2016, '70787633470', '2013-09-28', 'S');
INSERT INTO licenciamento (ano, renavam, dataVenc, pago) VALUES (2017, '70787633470', '2013-09-28', 'S');
INSERT INTO licenciamento (ano, renavam, dataVenc, pago) VALUES (2018, '70787633470', '2013-09-28', 'S');
INSERT INTO licenciamento (ano, renavam, dataVenc, pago) VALUES (2019, '70787633470', '2013-09-28', 'S');
INSERT INTO licenciamento (ano, renavam, dataVenc, pago) VALUES (2000, '75797915488', '2000-10-31', 'S');
INSERT INTO licenciamento (ano, renavam, dataVenc, pago) VALUES (2001, '75797915488', '2000-10-31', 'S');
INSERT INTO licenciamento (ano, renavam, dataVenc, pago) VALUES (2002, '75797915488', '2000-10-31', 'S');
INSERT INTO licenciamento (ano, renavam, dataVenc, pago) VALUES (2003, '75797915488', '2000-10-31', 'S');
INSERT INTO licenciamento (ano, renavam, dataVenc, pago) VALUES (2004, '75797915488', '2000-10-31', 'S');
INSERT INTO licenciamento (ano, renavam, dataVenc, pago) VALUES (2005, '75797915488', '2000-10-31', 'S');
INSERT INTO licenciamento (ano, renavam, dataVenc, pago) VALUES (2006, '75797915488', '2000-10-31', 'S');
INSERT INTO licenciamento (ano, renavam, dataVenc, pago) VALUES (2007, '75797915488', '2000-10-31', 'S');
INSERT INTO licenciamento (ano, renavam, dataVenc, pago) VALUES (2008, '75797915488', '2000-10-31', 'S');
INSERT INTO licenciamento (ano, renavam, dataVenc, pago) VALUES (2009, '75797915488', '2000-10-31', 'S');
INSERT INTO licenciamento (ano, renavam, dataVenc, pago) VALUES (2010, '75797915488', '2000-10-31', 'S');
INSERT INTO licenciamento (ano, renavam, dataVenc, pago) VALUES (2011, '75797915488', '2000-10-31', 'S');
INSERT INTO licenciamento (ano, renavam, dataVenc, pago) VALUES (2012, '75797915488', '2000-10-31', 'S');
INSERT INTO licenciamento (ano, renavam, dataVenc, pago) VALUES (2013, '75797915488', '2000-10-31', 'S');
INSERT INTO licenciamento (ano, renavam, dataVenc, pago) VALUES (2014, '75797915488', '2000-10-31', 'S');
INSERT INTO licenciamento (ano, renavam, dataVenc, pago) VALUES (2015, '75797915488', '2000-10-31', 'S');
INSERT INTO licenciamento (ano, renavam, dataVenc, pago) VALUES (2016, '75797915488', '2000-10-31', 'S');
INSERT INTO licenciamento (ano, renavam, dataVenc, pago) VALUES (2017, '75797915488', '2000-10-31', 'S');
INSERT INTO licenciamento (ano, renavam, dataVenc, pago) VALUES (2018, '75797915488', '2000-10-31', 'S');
INSERT INTO licenciamento (ano, renavam, dataVenc, pago) VALUES (2019, '75797915488', '2000-10-31', 'N');
INSERT INTO licenciamento (ano, renavam, dataVenc, pago) VALUES (2012, '80667476812', '2012-03-28', 'S');
INSERT INTO licenciamento (ano, renavam, dataVenc, pago) VALUES (2013, '80667476812', '2012-03-28', 'S');
INSERT INTO licenciamento (ano, renavam, dataVenc, pago) VALUES (2014, '80667476812', '2012-03-28', 'S');
INSERT INTO licenciamento (ano, renavam, dataVenc, pago) VALUES (2015, '80667476812', '2012-03-28', 'S');
INSERT INTO licenciamento (ano, renavam, dataVenc, pago) VALUES (2016, '80667476812', '2012-03-28', 'S');
INSERT INTO licenciamento (ano, renavam, dataVenc, pago) VALUES (2017, '80667476812', '2012-03-28', 'S');
INSERT INTO licenciamento (ano, renavam, dataVenc, pago) VALUES (2018, '80667476812', '2012-03-28', 'S');
INSERT INTO licenciamento (ano, renavam, dataVenc, pago) VALUES (2019, '80667476812', '2012-03-28', 'S');
INSERT INTO licenciamento (ano, renavam, dataVenc, pago) VALUES (2001, '65848698996', '2001-11-30', 'N');
INSERT INTO licenciamento (ano, renavam, dataVenc, pago) VALUES (1973, '76677340362', '1973-08-31', 'S');
INSERT INTO licenciamento (ano, renavam, dataVenc, pago) VALUES (1974, '76677340362', '1973-08-31', 'S');
INSERT INTO licenciamento (ano, renavam, dataVenc, pago) VALUES (1975, '76677340362', '1973-08-31', 'N');
INSERT INTO licenciamento (ano, renavam, dataVenc, pago) VALUES (1996, '68908081935', '1996-05-30', 'S');
INSERT INTO licenciamento (ano, renavam, dataVenc, pago) VALUES (1997, '68908081935', '1996-05-30', 'S');
INSERT INTO licenciamento (ano, renavam, dataVenc, pago) VALUES (1998, '68908081935', '1996-05-30', 'S');
INSERT INTO licenciamento (ano, renavam, dataVenc, pago) VALUES (1999, '68908081935', '1996-05-30', 'S');
INSERT INTO licenciamento (ano, renavam, dataVenc, pago) VALUES (2000, '68908081935', '1996-05-30', 'S');
INSERT INTO licenciamento (ano, renavam, dataVenc, pago) VALUES (2001, '68908081935', '1996-05-30', 'S');
INSERT INTO licenciamento (ano, renavam, dataVenc, pago) VALUES (2002, '68908081935', '1996-05-30', 'S');
INSERT INTO licenciamento (ano, renavam, dataVenc, pago) VALUES (2003, '68908081935', '1996-05-30', 'S');
INSERT INTO licenciamento (ano, renavam, dataVenc, pago) VALUES (2004, '68908081935', '1996-05-30', 'S');
INSERT INTO licenciamento (ano, renavam, dataVenc, pago) VALUES (2005, '68908081935', '1996-05-30', 'S');
INSERT INTO licenciamento (ano, renavam, dataVenc, pago) VALUES (2006, '68908081935', '1996-05-30', 'S');
INSERT INTO licenciamento (ano, renavam, dataVenc, pago) VALUES (2007, '68908081935', '1996-05-30', 'S');
INSERT INTO licenciamento (ano, renavam, dataVenc, pago) VALUES (2008, '68908081935', '1996-05-30', 'S');
INSERT INTO licenciamento (ano, renavam, dataVenc, pago) VALUES (2009, '68908081935', '1996-05-30', 'S');
INSERT INTO licenciamento (ano, renavam, dataVenc, pago) VALUES (2010, '68908081935', '1996-05-30', 'S');
INSERT INTO licenciamento (ano, renavam, dataVenc, pago) VALUES (2011, '68908081935', '1996-05-30', 'S');
INSERT INTO licenciamento (ano, renavam, dataVenc, pago) VALUES (2012, '68908081935', '1996-05-30', 'S');
INSERT INTO licenciamento (ano, renavam, dataVenc, pago) VALUES (2013, '68908081935', '1996-05-30', 'S');
INSERT INTO licenciamento (ano, renavam, dataVenc, pago) VALUES (2014, '68908081935', '1996-05-30', 'S');
INSERT INTO licenciamento (ano, renavam, dataVenc, pago) VALUES (2015, '68908081935', '1996-05-30', 'S');
INSERT INTO licenciamento (ano, renavam, dataVenc, pago) VALUES (2016, '68908081935', '1996-05-30', 'S');
INSERT INTO licenciamento (ano, renavam, dataVenc, pago) VALUES (2017, '68908081935', '1996-05-30', 'S');
INSERT INTO licenciamento (ano, renavam, dataVenc, pago) VALUES (2018, '68908081935', '1996-05-30', 'N');
INSERT INTO licenciamento (ano, renavam, dataVenc, pago) VALUES (2003, '73897586498', '2003-11-30', 'S');
INSERT INTO licenciamento (ano, renavam, dataVenc, pago) VALUES (2004, '73897586498', '2003-11-30', 'S');
INSERT INTO licenciamento (ano, renavam, dataVenc, pago) VALUES (2005, '73897586498', '2003-11-30', 'S');
INSERT INTO licenciamento (ano, renavam, dataVenc, pago) VALUES (2006, '73897586498', '2003-11-30', 'S');
INSERT INTO licenciamento (ano, renavam, dataVenc, pago) VALUES (2007, '73897586498', '2003-11-30', 'S');
INSERT INTO licenciamento (ano, renavam, dataVenc, pago) VALUES (2008, '73897586498', '2003-11-30', 'S');
INSERT INTO licenciamento (ano, renavam, dataVenc, pago) VALUES (2009, '73897586498', '2003-11-30', 'S');
INSERT INTO licenciamento (ano, renavam, dataVenc, pago) VALUES (2010, '73897586498', '2003-11-30', 'S');
INSERT INTO licenciamento (ano, renavam, dataVenc, pago) VALUES (2011, '73897586498', '2003-11-30', 'N');
INSERT INTO licenciamento (ano, renavam, dataVenc, pago) VALUES (1974, '87817354919', '1974-03-28', 'S');
INSERT INTO licenciamento (ano, renavam, dataVenc, pago) VALUES (1975, '87817354919', '1974-03-28', 'S');
INSERT INTO licenciamento (ano, renavam, dataVenc, pago) VALUES (1976, '87817354919', '1974-03-28', 'S');
INSERT INTO licenciamento (ano, renavam, dataVenc, pago) VALUES (1977, '87817354919', '1974-03-28', 'S');
INSERT INTO licenciamento (ano, renavam, dataVenc, pago) VALUES (1978, '87817354919', '1974-03-28', 'S');
INSERT INTO licenciamento (ano, renavam, dataVenc, pago) VALUES (1979, '87817354919', '1974-03-28', 'S');
INSERT INTO licenciamento (ano, renavam, dataVenc, pago) VALUES (1980, '87817354919', '1974-03-28', 'S');
INSERT INTO licenciamento (ano, renavam, dataVenc, pago) VALUES (1981, '87817354919', '1974-03-28', 'S');
INSERT INTO licenciamento (ano, renavam, dataVenc, pago) VALUES (1982, '87817354919', '1974-03-28', 'S');
INSERT INTO licenciamento (ano, renavam, dataVenc, pago) VALUES (1983, '87817354919', '1974-03-28', 'S');
INSERT INTO licenciamento (ano, renavam, dataVenc, pago) VALUES (1984, '87817354919', '1974-03-28', 'S');
INSERT INTO licenciamento (ano, renavam, dataVenc, pago) VALUES (1985, '87817354919', '1974-03-28', 'S');
INSERT INTO licenciamento (ano, renavam, dataVenc, pago) VALUES (1986, '87817354919', '1974-03-28', 'S');
INSERT INTO licenciamento (ano, renavam, dataVenc, pago) VALUES (1987, '87817354919', '1974-03-28', 'S');
INSERT INTO licenciamento (ano, renavam, dataVenc, pago) VALUES (1988, '87817354919', '1974-03-28', 'S');
INSERT INTO licenciamento (ano, renavam, dataVenc, pago) VALUES (1989, '87817354919', '1974-03-28', 'S');
INSERT INTO licenciamento (ano, renavam, dataVenc, pago) VALUES (1990, '87817354919', '1974-03-28', 'S');
INSERT INTO licenciamento (ano, renavam, dataVenc, pago) VALUES (1991, '87817354919', '1974-03-28', 'S');
INSERT INTO licenciamento (ano, renavam, dataVenc, pago) VALUES (1992, '87817354919', '1974-03-28', 'S');
INSERT INTO licenciamento (ano, renavam, dataVenc, pago) VALUES (1993, '87817354919', '1974-03-28', 'S');
INSERT INTO licenciamento (ano, renavam, dataVenc, pago) VALUES (1994, '87817354919', '1974-03-28', 'S');
INSERT INTO licenciamento (ano, renavam, dataVenc, pago) VALUES (1995, '87817354919', '1974-03-28', 'S');
INSERT INTO licenciamento (ano, renavam, dataVenc, pago) VALUES (1996, '87817354919', '1974-03-28', 'S');
INSERT INTO licenciamento (ano, renavam, dataVenc, pago) VALUES (1997, '87817354919', '1974-03-28', 'S');
INSERT INTO licenciamento (ano, renavam, dataVenc, pago) VALUES (1998, '87817354919', '1974-03-28', 'S');
INSERT INTO licenciamento (ano, renavam, dataVenc, pago) VALUES (1999, '87817354919', '1974-03-28', 'S');
INSERT INTO licenciamento (ano, renavam, dataVenc, pago) VALUES (2000, '87817354919', '1974-03-28', 'S');
INSERT INTO licenciamento (ano, renavam, dataVenc, pago) VALUES (2001, '87817354919', '1974-03-28', 'S');
INSERT INTO licenciamento (ano, renavam, dataVenc, pago) VALUES (2002, '87817354919', '1974-03-28', 'S');
INSERT INTO licenciamento (ano, renavam, dataVenc, pago) VALUES (2003, '87817354919', '1974-03-28', 'S');
INSERT INTO licenciamento (ano, renavam, dataVenc, pago) VALUES (2004, '87817354919', '1974-03-28', 'S');
INSERT INTO licenciamento (ano, renavam, dataVenc, pago) VALUES (2005, '87817354919', '1974-03-28', 'S');
INSERT INTO licenciamento (ano, renavam, dataVenc, pago) VALUES (2006, '87817354919', '1974-03-28', 'S');
INSERT INTO licenciamento (ano, renavam, dataVenc, pago) VALUES (2007, '87817354919', '1974-03-28', 'S');
INSERT INTO licenciamento (ano, renavam, dataVenc, pago) VALUES (2008, '87817354919', '1974-03-28', 'S');
INSERT INTO licenciamento (ano, renavam, dataVenc, pago) VALUES (2009, '87817354919', '1974-03-28', 'S');
INSERT INTO licenciamento (ano, renavam, dataVenc, pago) VALUES (2010, '87817354919', '1974-03-28', 'N');
INSERT INTO licenciamento (ano, renavam, dataVenc, pago) VALUES (1983, '68757905713', '1983-03-28', 'S');
INSERT INTO licenciamento (ano, renavam, dataVenc, pago) VALUES (1984, '68757905713', '1983-03-28', 'S');
INSERT INTO licenciamento (ano, renavam, dataVenc, pago) VALUES (1985, '68757905713', '1983-03-28', 'S');
INSERT INTO licenciamento (ano, renavam, dataVenc, pago) VALUES (1986, '68757905713', '1983-03-28', 'S');
INSERT INTO licenciamento (ano, renavam, dataVenc, pago) VALUES (1987, '68757905713', '1983-03-28', 'S');
INSERT INTO licenciamento (ano, renavam, dataVenc, pago) VALUES (1988, '68757905713', '1983-03-28', 'S');
INSERT INTO licenciamento (ano, renavam, dataVenc, pago) VALUES (1989, '68757905713', '1983-03-28', 'S');
INSERT INTO licenciamento (ano, renavam, dataVenc, pago) VALUES (1990, '68757905713', '1983-03-28', 'S');
INSERT INTO licenciamento (ano, renavam, dataVenc, pago) VALUES (1991, '68757905713', '1983-03-28', 'S');
INSERT INTO licenciamento (ano, renavam, dataVenc, pago) VALUES (1992, '68757905713', '1983-03-28', 'S');
INSERT INTO licenciamento (ano, renavam, dataVenc, pago) VALUES (1993, '68757905713', '1983-03-28', 'S');
INSERT INTO licenciamento (ano, renavam, dataVenc, pago) VALUES (1994, '68757905713', '1983-03-28', 'S');
INSERT INTO licenciamento (ano, renavam, dataVenc, pago) VALUES (1995, '68757905713', '1983-03-28', 'S');
INSERT INTO licenciamento (ano, renavam, dataVenc, pago) VALUES (1996, '68757905713', '1983-03-28', 'S');
INSERT INTO licenciamento (ano, renavam, dataVenc, pago) VALUES (1997, '68757905713', '1983-03-28', 'N');
INSERT INTO licenciamento (ano, renavam, dataVenc, pago) VALUES (1998, '69658444759', '1998-07-31', 'N');
INSERT INTO licenciamento (ano, renavam, dataVenc, pago) VALUES (2010, '90807857845', '2010-06-29', 'S');
INSERT INTO licenciamento (ano, renavam, dataVenc, pago) VALUES (2011, '90807857845', '2010-06-29', 'S');
INSERT INTO licenciamento (ano, renavam, dataVenc, pago) VALUES (2012, '90807857845', '2010-06-29', 'S');
INSERT INTO licenciamento (ano, renavam, dataVenc, pago) VALUES (2013, '90807857845', '2010-06-29', 'S');
INSERT INTO licenciamento (ano, renavam, dataVenc, pago) VALUES (2014, '90807857845', '2010-06-29', 'S');
INSERT INTO licenciamento (ano, renavam, dataVenc, pago) VALUES (2015, '90807857845', '2010-06-29', 'S');
INSERT INTO licenciamento (ano, renavam, dataVenc, pago) VALUES (2016, '90807857845', '2010-06-29', 'S');
INSERT INTO licenciamento (ano, renavam, dataVenc, pago) VALUES (2017, '90807857845', '2010-06-29', 'S');
INSERT INTO licenciamento (ano, renavam, dataVenc, pago) VALUES (1975, '90756813757', '1975-07-31', 'S');
INSERT INTO licenciamento (ano, renavam, dataVenc, pago) VALUES (1976, '90756813757', '1975-07-31', 'S');
INSERT INTO licenciamento (ano, renavam, dataVenc, pago) VALUES (1977, '90756813757', '1975-07-31', 'S');
INSERT INTO licenciamento (ano, renavam, dataVenc, pago) VALUES (1978, '90756813757', '1975-07-31', 'S');
INSERT INTO licenciamento (ano, renavam, dataVenc, pago) VALUES (1979, '90756813757', '1975-07-31', 'S');
INSERT INTO licenciamento (ano, renavam, dataVenc, pago) VALUES (1980, '90756813757', '1975-07-31', 'S');
INSERT INTO licenciamento (ano, renavam, dataVenc, pago) VALUES (1981, '90756813757', '1975-07-31', 'S');
INSERT INTO licenciamento (ano, renavam, dataVenc, pago) VALUES (1982, '90756813757', '1975-07-31', 'S');
INSERT INTO licenciamento (ano, renavam, dataVenc, pago) VALUES (1983, '90756813757', '1975-07-31', 'S');
INSERT INTO licenciamento (ano, renavam, dataVenc, pago) VALUES (1984, '90756813757', '1975-07-31', 'S');
INSERT INTO licenciamento (ano, renavam, dataVenc, pago) VALUES (1985, '90756813757', '1975-07-31', 'S');
INSERT INTO licenciamento (ano, renavam, dataVenc, pago) VALUES (1986, '90756813757', '1975-07-31', 'N');
INSERT INTO licenciamento (ano, renavam, dataVenc, pago) VALUES (1996, '88677911002', '1996-12-28', 'S');
INSERT INTO licenciamento (ano, renavam, dataVenc, pago) VALUES (1997, '88677911002', '1996-12-28', 'S');
INSERT INTO licenciamento (ano, renavam, dataVenc, pago) VALUES (1998, '88677911002', '1996-12-28', 'S');
INSERT INTO licenciamento (ano, renavam, dataVenc, pago) VALUES (1999, '88677911002', '1996-12-28', 'S');
INSERT INTO licenciamento (ano, renavam, dataVenc, pago) VALUES (2000, '88677911002', '1996-12-28', 'S');
INSERT INTO licenciamento (ano, renavam, dataVenc, pago) VALUES (2001, '88677911002', '1996-12-28', 'S');
INSERT INTO licenciamento (ano, renavam, dataVenc, pago) VALUES (2002, '88677911002', '1996-12-28', 'S');
INSERT INTO licenciamento (ano, renavam, dataVenc, pago) VALUES (2003, '88677911002', '1996-12-28', 'S');
INSERT INTO licenciamento (ano, renavam, dataVenc, pago) VALUES (2004, '88677911002', '1996-12-28', 'S');
INSERT INTO licenciamento (ano, renavam, dataVenc, pago) VALUES (2005, '88677911002', '1996-12-28', 'S');
INSERT INTO licenciamento (ano, renavam, dataVenc, pago) VALUES (2006, '88677911002', '1996-12-28', 'S');
INSERT INTO licenciamento (ano, renavam, dataVenc, pago) VALUES (2007, '88677911002', '1996-12-28', 'S');
INSERT INTO licenciamento (ano, renavam, dataVenc, pago) VALUES (2008, '88677911002', '1996-12-28', 'S');
INSERT INTO licenciamento (ano, renavam, dataVenc, pago) VALUES (2009, '88677911002', '1996-12-28', 'S');
INSERT INTO licenciamento (ano, renavam, dataVenc, pago) VALUES (2010, '88677911002', '1996-12-28', 'N');
INSERT INTO licenciamento (ano, renavam, dataVenc, pago) VALUES (2019, '79747826140', '2019-06-29', 'S');
INSERT INTO licenciamento (ano, renavam, dataVenc, pago) VALUES (2007, '86667305677', '2007-09-28', 'S');
INSERT INTO licenciamento (ano, renavam, dataVenc, pago) VALUES (2008, '86667305677', '2007-09-28', 'S');
INSERT INTO licenciamento (ano, renavam, dataVenc, pago) VALUES (2009, '86667305677', '2007-09-28', 'S');
INSERT INTO licenciamento (ano, renavam, dataVenc, pago) VALUES (2010, '86667305677', '2007-09-28', 'S');
INSERT INTO licenciamento (ano, renavam, dataVenc, pago) VALUES (2011, '86667305677', '2007-09-28', 'N');
INSERT INTO licenciamento (ano, renavam, dataVenc, pago) VALUES (2014, '73746815137', '2014-05-30', 'S');
INSERT INTO licenciamento (ano, renavam, dataVenc, pago) VALUES (2015, '73746815137', '2014-05-30', 'S');
INSERT INTO licenciamento (ano, renavam, dataVenc, pago) VALUES (2016, '73746815137', '2014-05-30', 'S');
INSERT INTO licenciamento (ano, renavam, dataVenc, pago) VALUES (2017, '73746815137', '2014-05-30', 'S');
INSERT INTO licenciamento (ano, renavam, dataVenc, pago) VALUES (2018, '73746815137', '2014-05-30', 'S');
INSERT INTO licenciamento (ano, renavam, dataVenc, pago) VALUES (2019, '73746815137', '2014-05-30', 'S');
INSERT INTO licenciamento (ano, renavam, dataVenc, pago) VALUES (2014, '74687568297', '2014-11-30', 'S');
INSERT INTO licenciamento (ano, renavam, dataVenc, pago) VALUES (2015, '74687568297', '2014-11-30', 'S');
INSERT INTO licenciamento (ano, renavam, dataVenc, pago) VALUES (2016, '74687568297', '2014-11-30', 'S');
INSERT INTO licenciamento (ano, renavam, dataVenc, pago) VALUES (2017, '74687568297', '2014-11-30', 'S');
INSERT INTO licenciamento (ano, renavam, dataVenc, pago) VALUES (2018, '74687568297', '2014-11-30', 'N');
INSERT INTO licenciamento (ano, renavam, dataVenc, pago) VALUES (1977, '73858103260', '1977-08-31', 'S');
INSERT INTO licenciamento (ano, renavam, dataVenc, pago) VALUES (1978, '73858103260', '1977-08-31', 'S');
INSERT INTO licenciamento (ano, renavam, dataVenc, pago) VALUES (1979, '73858103260', '1977-08-31', 'S');
INSERT INTO licenciamento (ano, renavam, dataVenc, pago) VALUES (1980, '73858103260', '1977-08-31', 'S');
INSERT INTO licenciamento (ano, renavam, dataVenc, pago) VALUES (1981, '73858103260', '1977-08-31', 'S');
INSERT INTO licenciamento (ano, renavam, dataVenc, pago) VALUES (1982, '73858103260', '1977-08-31', 'S');
INSERT INTO licenciamento (ano, renavam, dataVenc, pago) VALUES (1983, '73858103260', '1977-08-31', 'S');
INSERT INTO licenciamento (ano, renavam, dataVenc, pago) VALUES (1984, '73858103260', '1977-08-31', 'S');
INSERT INTO licenciamento (ano, renavam, dataVenc, pago) VALUES (1985, '73858103260', '1977-08-31', 'S');
INSERT INTO licenciamento (ano, renavam, dataVenc, pago) VALUES (1986, '73858103260', '1977-08-31', 'S');
INSERT INTO licenciamento (ano, renavam, dataVenc, pago) VALUES (1987, '73858103260', '1977-08-31', 'S');
INSERT INTO licenciamento (ano, renavam, dataVenc, pago) VALUES (1988, '73858103260', '1977-08-31', 'S');
INSERT INTO licenciamento (ano, renavam, dataVenc, pago) VALUES (1989, '73858103260', '1977-08-31', 'S');
INSERT INTO licenciamento (ano, renavam, dataVenc, pago) VALUES (1990, '73858103260', '1977-08-31', 'S');
INSERT INTO licenciamento (ano, renavam, dataVenc, pago) VALUES (1991, '73858103260', '1977-08-31', 'N');
INSERT INTO licenciamento (ano, renavam, dataVenc, pago) VALUES (2013, '83757296583', '2013-10-31', 'S');
INSERT INTO licenciamento (ano, renavam, dataVenc, pago) VALUES (2014, '83757296583', '2013-10-31', 'N');
INSERT INTO licenciamento (ano, renavam, dataVenc, pago) VALUES (1977, '71678446074', '1977-09-28', 'S');
INSERT INTO licenciamento (ano, renavam, dataVenc, pago) VALUES (1978, '71678446074', '1977-09-28', 'S');
INSERT INTO licenciamento (ano, renavam, dataVenc, pago) VALUES (1979, '71678446074', '1977-09-28', 'S');
INSERT INTO licenciamento (ano, renavam, dataVenc, pago) VALUES (1980, '71678446074', '1977-09-28', 'S');
INSERT INTO licenciamento (ano, renavam, dataVenc, pago) VALUES (1981, '71678446074', '1977-09-28', 'S');
INSERT INTO licenciamento (ano, renavam, dataVenc, pago) VALUES (1982, '71678446074', '1977-09-28', 'S');
INSERT INTO licenciamento (ano, renavam, dataVenc, pago) VALUES (1983, '71678446074', '1977-09-28', 'S');
INSERT INTO licenciamento (ano, renavam, dataVenc, pago) VALUES (1984, '71678446074', '1977-09-28', 'S');
INSERT INTO licenciamento (ano, renavam, dataVenc, pago) VALUES (1985, '71678446074', '1977-09-28', 'S');
INSERT INTO licenciamento (ano, renavam, dataVenc, pago) VALUES (1986, '71678446074', '1977-09-28', 'S');
INSERT INTO licenciamento (ano, renavam, dataVenc, pago) VALUES (1987, '71678446074', '1977-09-28', 'S');
INSERT INTO licenciamento (ano, renavam, dataVenc, pago) VALUES (1988, '71678446074', '1977-09-28', 'N');
INSERT INTO licenciamento (ano, renavam, dataVenc, pago) VALUES (2004, '70778421806', '2004-12-28', 'S');
INSERT INTO licenciamento (ano, renavam, dataVenc, pago) VALUES (2005, '70778421806', '2004-12-28', 'S');
INSERT INTO licenciamento (ano, renavam, dataVenc, pago) VALUES (2006, '70778421806', '2004-12-28', 'S');
INSERT INTO licenciamento (ano, renavam, dataVenc, pago) VALUES (2007, '70778421806', '2004-12-28', 'S');
INSERT INTO licenciamento (ano, renavam, dataVenc, pago) VALUES (2008, '70778421806', '2004-12-28', 'S');
INSERT INTO licenciamento (ano, renavam, dataVenc, pago) VALUES (2009, '70778421806', '2004-12-28', 'S');
INSERT INTO licenciamento (ano, renavam, dataVenc, pago) VALUES (2010, '70778421806', '2004-12-28', 'S');
INSERT INTO licenciamento (ano, renavam, dataVenc, pago) VALUES (2011, '70778421806', '2004-12-28', 'N');
INSERT INTO licenciamento (ano, renavam, dataVenc, pago) VALUES (1975, '70697408974', '1975-09-28', 'S');
INSERT INTO licenciamento (ano, renavam, dataVenc, pago) VALUES (1976, '70697408974', '1975-09-28', 'S');
INSERT INTO licenciamento (ano, renavam, dataVenc, pago) VALUES (1977, '70697408974', '1975-09-28', 'S');
INSERT INTO licenciamento (ano, renavam, dataVenc, pago) VALUES (1978, '70697408974', '1975-09-28', 'N');
INSERT INTO licenciamento (ano, renavam, dataVenc, pago) VALUES (2006, '76748067329', '2006-04-30', 'S');
INSERT INTO licenciamento (ano, renavam, dataVenc, pago) VALUES (2007, '76748067329', '2006-04-30', 'N');
INSERT INTO licenciamento (ano, renavam, dataVenc, pago) VALUES (1990, '71858193050', '1990-07-31', 'S');
INSERT INTO licenciamento (ano, renavam, dataVenc, pago) VALUES (1991, '71858193050', '1990-07-31', 'S');
INSERT INTO licenciamento (ano, renavam, dataVenc, pago) VALUES (1992, '71858193050', '1990-07-31', 'S');
INSERT INTO licenciamento (ano, renavam, dataVenc, pago) VALUES (1993, '71858193050', '1990-07-31', 'S');
INSERT INTO licenciamento (ano, renavam, dataVenc, pago) VALUES (1994, '71858193050', '1990-07-31', 'S');
INSERT INTO licenciamento (ano, renavam, dataVenc, pago) VALUES (1995, '71858193050', '1990-07-31', 'S');
INSERT INTO licenciamento (ano, renavam, dataVenc, pago) VALUES (1996, '71858193050', '1990-07-31', 'S');
INSERT INTO licenciamento (ano, renavam, dataVenc, pago) VALUES (1997, '71858193050', '1990-07-31', 'S');
INSERT INTO licenciamento (ano, renavam, dataVenc, pago) VALUES (1998, '71858193050', '1990-07-31', 'S');
INSERT INTO licenciamento (ano, renavam, dataVenc, pago) VALUES (1999, '71858193050', '1990-07-31', 'S');
INSERT INTO licenciamento (ano, renavam, dataVenc, pago) VALUES (2000, '71858193050', '1990-07-31', 'S');
INSERT INTO licenciamento (ano, renavam, dataVenc, pago) VALUES (2001, '71858193050', '1990-07-31', 'S');
INSERT INTO licenciamento (ano, renavam, dataVenc, pago) VALUES (2002, '71858193050', '1990-07-31', 'S');
INSERT INTO licenciamento (ano, renavam, dataVenc, pago) VALUES (2003, '71858193050', '1990-07-31', 'S');
INSERT INTO licenciamento (ano, renavam, dataVenc, pago) VALUES (2004, '71858193050', '1990-07-31', 'S');
INSERT INTO licenciamento (ano, renavam, dataVenc, pago) VALUES (2005, '71858193050', '1990-07-31', 'S');
INSERT INTO licenciamento (ano, renavam, dataVenc, pago) VALUES (2006, '71858193050', '1990-07-31', 'S');
INSERT INTO licenciamento (ano, renavam, dataVenc, pago) VALUES (2007, '71858193050', '1990-07-31', 'S');
INSERT INTO licenciamento (ano, renavam, dataVenc, pago) VALUES (2008, '71858193050', '1990-07-31', 'N');
INSERT INTO licenciamento (ano, renavam, dataVenc, pago) VALUES (1983, '87796771540', '1983-06-29', 'S');
INSERT INTO licenciamento (ano, renavam, dataVenc, pago) VALUES (1984, '87796771540', '1983-06-29', 'S');
INSERT INTO licenciamento (ano, renavam, dataVenc, pago) VALUES (1985, '87796771540', '1983-06-29', 'S');
INSERT INTO licenciamento (ano, renavam, dataVenc, pago) VALUES (1986, '87796771540', '1983-06-29', 'S');
INSERT INTO licenciamento (ano, renavam, dataVenc, pago) VALUES (1987, '87796771540', '1983-06-29', 'S');
INSERT INTO licenciamento (ano, renavam, dataVenc, pago) VALUES (1988, '87796771540', '1983-06-29', 'S');
INSERT INTO licenciamento (ano, renavam, dataVenc, pago) VALUES (1989, '87796771540', '1983-06-29', 'S');
INSERT INTO licenciamento (ano, renavam, dataVenc, pago) VALUES (1990, '87796771540', '1983-06-29', 'S');
INSERT INTO licenciamento (ano, renavam, dataVenc, pago) VALUES (2010, '85688001407', '2010-12-28', 'S');
INSERT INTO licenciamento (ano, renavam, dataVenc, pago) VALUES (2011, '85688001407', '2010-12-28', 'S');
INSERT INTO licenciamento (ano, renavam, dataVenc, pago) VALUES (2012, '85688001407', '2010-12-28', 'S');
INSERT INTO licenciamento (ano, renavam, dataVenc, pago) VALUES (2013, '85688001407', '2010-12-28', 'S');
INSERT INTO licenciamento (ano, renavam, dataVenc, pago) VALUES (2014, '85688001407', '2010-12-28', 'N');
INSERT INTO licenciamento (ano, renavam, dataVenc, pago) VALUES (2000, '88848889707', '2000-12-28', 'S');
INSERT INTO licenciamento (ano, renavam, dataVenc, pago) VALUES (2001, '88848889707', '2000-12-28', 'S');
INSERT INTO licenciamento (ano, renavam, dataVenc, pago) VALUES (2002, '88848889707', '2000-12-28', 'S');
INSERT INTO licenciamento (ano, renavam, dataVenc, pago) VALUES (2003, '88848889707', '2000-12-28', 'S');
INSERT INTO licenciamento (ano, renavam, dataVenc, pago) VALUES (2004, '88848889707', '2000-12-28', 'S');
INSERT INTO licenciamento (ano, renavam, dataVenc, pago) VALUES (2005, '88848889707', '2000-12-28', 'N');
INSERT INTO licenciamento (ano, renavam, dataVenc, pago) VALUES (1973, '89877844307', '1973-12-28', 'S');
INSERT INTO licenciamento (ano, renavam, dataVenc, pago) VALUES (1974, '89877844307', '1973-12-28', 'S');
INSERT INTO licenciamento (ano, renavam, dataVenc, pago) VALUES (1975, '89877844307', '1973-12-28', 'S');
INSERT INTO licenciamento (ano, renavam, dataVenc, pago) VALUES (1976, '89877844307', '1973-12-28', 'S');
INSERT INTO licenciamento (ano, renavam, dataVenc, pago) VALUES (1977, '89877844307', '1973-12-28', 'S');
INSERT INTO licenciamento (ano, renavam, dataVenc, pago) VALUES (1978, '89877844307', '1973-12-28', 'S');
INSERT INTO licenciamento (ano, renavam, dataVenc, pago) VALUES (1979, '89877844307', '1973-12-28', 'S');
INSERT INTO licenciamento (ano, renavam, dataVenc, pago) VALUES (1980, '89877844307', '1973-12-28', 'N');
INSERT INTO licenciamento (ano, renavam, dataVenc, pago) VALUES (1982, '86868682338', '1982-05-30', 'S');
INSERT INTO licenciamento (ano, renavam, dataVenc, pago) VALUES (1983, '86868682338', '1982-05-30', 'S');
INSERT INTO licenciamento (ano, renavam, dataVenc, pago) VALUES (1984, '86868682338', '1982-05-30', 'S');
INSERT INTO licenciamento (ano, renavam, dataVenc, pago) VALUES (1985, '86868682338', '1982-05-30', 'S');
INSERT INTO licenciamento (ano, renavam, dataVenc, pago) VALUES (1986, '86868682338', '1982-05-30', 'S');
INSERT INTO licenciamento (ano, renavam, dataVenc, pago) VALUES (1987, '86868682338', '1982-05-30', 'S');
INSERT INTO licenciamento (ano, renavam, dataVenc, pago) VALUES (1988, '86868682338', '1982-05-30', 'S');
INSERT INTO licenciamento (ano, renavam, dataVenc, pago) VALUES (1989, '86868682338', '1982-05-30', 'S');
INSERT INTO licenciamento (ano, renavam, dataVenc, pago) VALUES (1990, '86868682338', '1982-05-30', 'S');
INSERT INTO licenciamento (ano, renavam, dataVenc, pago) VALUES (1991, '86868682338', '1982-05-30', 'S');
INSERT INTO licenciamento (ano, renavam, dataVenc, pago) VALUES (1992, '86868682338', '1982-05-30', 'S');
INSERT INTO licenciamento (ano, renavam, dataVenc, pago) VALUES (1993, '86868682338', '1982-05-30', 'S');
INSERT INTO licenciamento (ano, renavam, dataVenc, pago) VALUES (1994, '86868682338', '1982-05-30', 'S');
INSERT INTO licenciamento (ano, renavam, dataVenc, pago) VALUES (1995, '86868682338', '1982-05-30', 'S');
INSERT INTO licenciamento (ano, renavam, dataVenc, pago) VALUES (1996, '86868682338', '1982-05-30', 'S');
INSERT INTO licenciamento (ano, renavam, dataVenc, pago) VALUES (1997, '86868682338', '1982-05-30', 'S');
INSERT INTO licenciamento (ano, renavam, dataVenc, pago) VALUES (1998, '86868682338', '1982-05-30', 'S');
INSERT INTO licenciamento (ano, renavam, dataVenc, pago) VALUES (1999, '86868682338', '1982-05-30', 'S');
INSERT INTO licenciamento (ano, renavam, dataVenc, pago) VALUES (2000, '86868682338', '1982-05-30', 'S');
INSERT INTO licenciamento (ano, renavam, dataVenc, pago) VALUES (2001, '86868682338', '1982-05-30', 'N');
INSERT INTO licenciamento (ano, renavam, dataVenc, pago) VALUES (2016, '89688750887', '2016-10-31', 'S');
INSERT INTO licenciamento (ano, renavam, dataVenc, pago) VALUES (2017, '89688750887', '2016-10-31', 'S');
INSERT INTO licenciamento (ano, renavam, dataVenc, pago) VALUES (2018, '89688750887', '2016-10-31', 'S');
INSERT INTO licenciamento (ano, renavam, dataVenc, pago) VALUES (2019, '89688750887', '2016-10-31', 'S');
INSERT INTO licenciamento (ano, renavam, dataVenc, pago) VALUES (1990, '74858989720', '1990-04-30', 'S');
INSERT INTO licenciamento (ano, renavam, dataVenc, pago) VALUES (1991, '74858989720', '1990-04-30', 'S');
INSERT INTO licenciamento (ano, renavam, dataVenc, pago) VALUES (1992, '74858989720', '1990-04-30', 'S');
INSERT INTO licenciamento (ano, renavam, dataVenc, pago) VALUES (1993, '74858989720', '1990-04-30', 'S');
INSERT INTO licenciamento (ano, renavam, dataVenc, pago) VALUES (1994, '74858989720', '1990-04-30', 'S');
INSERT INTO licenciamento (ano, renavam, dataVenc, pago) VALUES (1995, '74858989720', '1990-04-30', 'S');
INSERT INTO licenciamento (ano, renavam, dataVenc, pago) VALUES (1996, '74858989720', '1990-04-30', 'S');
INSERT INTO licenciamento (ano, renavam, dataVenc, pago) VALUES (1997, '74858989720', '1990-04-30', 'S');
INSERT INTO licenciamento (ano, renavam, dataVenc, pago) VALUES (1998, '74858989720', '1990-04-30', 'S');
INSERT INTO licenciamento (ano, renavam, dataVenc, pago) VALUES (1999, '74858989720', '1990-04-30', 'S');
INSERT INTO licenciamento (ano, renavam, dataVenc, pago) VALUES (2000, '74858989720', '1990-04-30', 'S');
INSERT INTO licenciamento (ano, renavam, dataVenc, pago) VALUES (2001, '74858989720', '1990-04-30', 'S');
INSERT INTO licenciamento (ano, renavam, dataVenc, pago) VALUES (2002, '74858989720', '1990-04-30', 'S');
INSERT INTO licenciamento (ano, renavam, dataVenc, pago) VALUES (2003, '74858989720', '1990-04-30', 'S');
INSERT INTO licenciamento (ano, renavam, dataVenc, pago) VALUES (2004, '74858989720', '1990-04-30', 'S');
INSERT INTO licenciamento (ano, renavam, dataVenc, pago) VALUES (2005, '74858989720', '1990-04-30', 'S');
INSERT INTO licenciamento (ano, renavam, dataVenc, pago) VALUES (2006, '74858989720', '1990-04-30', 'S');
INSERT INTO licenciamento (ano, renavam, dataVenc, pago) VALUES (2007, '74858989720', '1990-04-30', 'S');
INSERT INTO licenciamento (ano, renavam, dataVenc, pago) VALUES (2008, '74858989720', '1990-04-30', 'S');
INSERT INTO licenciamento (ano, renavam, dataVenc, pago) VALUES (2009, '74858989720', '1990-04-30', 'S');
INSERT INTO licenciamento (ano, renavam, dataVenc, pago) VALUES (2010, '74858989720', '1990-04-30', 'N');
INSERT INTO licenciamento (ano, renavam, dataVenc, pago) VALUES (1973, '76888863390', '1973-11-30', 'S');
INSERT INTO licenciamento (ano, renavam, dataVenc, pago) VALUES (1974, '76888863390', '1973-11-30', 'S');
INSERT INTO licenciamento (ano, renavam, dataVenc, pago) VALUES (1975, '76888863390', '1973-11-30', 'S');
INSERT INTO licenciamento (ano, renavam, dataVenc, pago) VALUES (1976, '76888863390', '1973-11-30', 'S');
INSERT INTO licenciamento (ano, renavam, dataVenc, pago) VALUES (1977, '76888863390', '1973-11-30', 'S');
INSERT INTO licenciamento (ano, renavam, dataVenc, pago) VALUES (1978, '76888863390', '1973-11-30', 'S');
INSERT INTO licenciamento (ano, renavam, dataVenc, pago) VALUES (1979, '76888863390', '1973-11-30', 'S');
INSERT INTO licenciamento (ano, renavam, dataVenc, pago) VALUES (1980, '76888863390', '1973-11-30', 'S');
INSERT INTO licenciamento (ano, renavam, dataVenc, pago) VALUES (1981, '76888863390', '1973-11-30', 'S');
INSERT INTO licenciamento (ano, renavam, dataVenc, pago) VALUES (1982, '76888863390', '1973-11-30', 'S');
INSERT INTO licenciamento (ano, renavam, dataVenc, pago) VALUES (1983, '76888863390', '1973-11-30', 'S');
INSERT INTO licenciamento (ano, renavam, dataVenc, pago) VALUES (1984, '76888863390', '1973-11-30', 'S');
INSERT INTO licenciamento (ano, renavam, dataVenc, pago) VALUES (1985, '76888863390', '1973-11-30', 'S');
INSERT INTO licenciamento (ano, renavam, dataVenc, pago) VALUES (1986, '76888863390', '1973-11-30', 'S');
INSERT INTO licenciamento (ano, renavam, dataVenc, pago) VALUES (1987, '76888863390', '1973-11-30', 'S');
INSERT INTO licenciamento (ano, renavam, dataVenc, pago) VALUES (1988, '76888863390', '1973-11-30', 'S');
INSERT INTO licenciamento (ano, renavam, dataVenc, pago) VALUES (1989, '76888863390', '1973-11-30', 'S');
INSERT INTO licenciamento (ano, renavam, dataVenc, pago) VALUES (1990, '76888863390', '1973-11-30', 'S');
INSERT INTO licenciamento (ano, renavam, dataVenc, pago) VALUES (1991, '76888863390', '1973-11-30', 'S');
INSERT INTO licenciamento (ano, renavam, dataVenc, pago) VALUES (1992, '76888863390', '1973-11-30', 'S');
INSERT INTO licenciamento (ano, renavam, dataVenc, pago) VALUES (1993, '76888863390', '1973-11-30', 'N');
INSERT INTO licenciamento (ano, renavam, dataVenc, pago) VALUES (2009, '73887206382', '2009-10-31', 'S');
INSERT INTO licenciamento (ano, renavam, dataVenc, pago) VALUES (2010, '73887206382', '2009-10-31', 'S');
INSERT INTO licenciamento (ano, renavam, dataVenc, pago) VALUES (2011, '73887206382', '2009-10-31', 'S');
INSERT INTO licenciamento (ano, renavam, dataVenc, pago) VALUES (2012, '73887206382', '2009-10-31', 'S');
INSERT INTO licenciamento (ano, renavam, dataVenc, pago) VALUES (2013, '73887206382', '2009-10-31', 'S');
INSERT INTO licenciamento (ano, renavam, dataVenc, pago) VALUES (2014, '73887206382', '2009-10-31', 'S');
INSERT INTO licenciamento (ano, renavam, dataVenc, pago) VALUES (2015, '73887206382', '2009-10-31', 'S');
INSERT INTO licenciamento (ano, renavam, dataVenc, pago) VALUES (2016, '73887206382', '2009-10-31', 'S');
INSERT INTO licenciamento (ano, renavam, dataVenc, pago) VALUES (2017, '73887206382', '2009-10-31', 'S');
INSERT INTO licenciamento (ano, renavam, dataVenc, pago) VALUES (2018, '73887206382', '2009-10-31', 'S');
INSERT INTO licenciamento (ano, renavam, dataVenc, pago) VALUES (2019, '73887206382', '2009-10-31', 'S');
INSERT INTO licenciamento (ano, renavam, dataVenc, pago) VALUES (1996, '73677440290', '1996-11-30', 'S');
INSERT INTO licenciamento (ano, renavam, dataVenc, pago) VALUES (1997, '73677440290', '1996-11-30', 'N');
INSERT INTO licenciamento (ano, renavam, dataVenc, pago) VALUES (1998, '84857077091', '1998-11-30', 'S');
INSERT INTO licenciamento (ano, renavam, dataVenc, pago) VALUES (1999, '84857077091', '1998-11-30', 'S');
INSERT INTO licenciamento (ano, renavam, dataVenc, pago) VALUES (2000, '84857077091', '1998-11-30', 'S');
INSERT INTO licenciamento (ano, renavam, dataVenc, pago) VALUES (2001, '84857077091', '1998-11-30', 'S');
INSERT INTO licenciamento (ano, renavam, dataVenc, pago) VALUES (2002, '84857077091', '1998-11-30', 'S');
INSERT INTO licenciamento (ano, renavam, dataVenc, pago) VALUES (2003, '84857077091', '1998-11-30', 'S');
INSERT INTO licenciamento (ano, renavam, dataVenc, pago) VALUES (2004, '84857077091', '1998-11-30', 'S');
INSERT INTO licenciamento (ano, renavam, dataVenc, pago) VALUES (2005, '84857077091', '1998-11-30', 'S');
INSERT INTO licenciamento (ano, renavam, dataVenc, pago) VALUES (2006, '84857077091', '1998-11-30', 'S');
INSERT INTO licenciamento (ano, renavam, dataVenc, pago) VALUES (2007, '84857077091', '1998-11-30', 'S');
INSERT INTO licenciamento (ano, renavam, dataVenc, pago) VALUES (2008, '84857077091', '1998-11-30', 'S');
INSERT INTO licenciamento (ano, renavam, dataVenc, pago) VALUES (2009, '84857077091', '1998-11-30', 'S');
INSERT INTO licenciamento (ano, renavam, dataVenc, pago) VALUES (2010, '84857077091', '1998-11-30', 'S');
INSERT INTO licenciamento (ano, renavam, dataVenc, pago) VALUES (2011, '84857077091', '1998-11-30', 'S');
INSERT INTO licenciamento (ano, renavam, dataVenc, pago) VALUES (2012, '84857077091', '1998-11-30', 'S');
INSERT INTO licenciamento (ano, renavam, dataVenc, pago) VALUES (2013, '84857077091', '1998-11-30', 'S');
INSERT INTO licenciamento (ano, renavam, dataVenc, pago) VALUES (2014, '84857077091', '1998-11-30', 'S');
INSERT INTO licenciamento (ano, renavam, dataVenc, pago) VALUES (2015, '84857077091', '1998-11-30', 'S');
INSERT INTO licenciamento (ano, renavam, dataVenc, pago) VALUES (2016, '84857077091', '1998-11-30', 'N');
INSERT INTO licenciamento (ano, renavam, dataVenc, pago) VALUES (1983, '65878540665', '1983-08-31', 'S');
INSERT INTO licenciamento (ano, renavam, dataVenc, pago) VALUES (1984, '65878540665', '1983-08-31', 'S');
INSERT INTO licenciamento (ano, renavam, dataVenc, pago) VALUES (1985, '65878540665', '1983-08-31', 'S');
INSERT INTO licenciamento (ano, renavam, dataVenc, pago) VALUES (1986, '65878540665', '1983-08-31', 'S');
INSERT INTO licenciamento (ano, renavam, dataVenc, pago) VALUES (1987, '65878540665', '1983-08-31', 'S');
INSERT INTO licenciamento (ano, renavam, dataVenc, pago) VALUES (1988, '65878540665', '1983-08-31', 'S');
INSERT INTO licenciamento (ano, renavam, dataVenc, pago) VALUES (1989, '65878540665', '1983-08-31', 'S');
INSERT INTO licenciamento (ano, renavam, dataVenc, pago) VALUES (1990, '65878540665', '1983-08-31', 'S');
INSERT INTO licenciamento (ano, renavam, dataVenc, pago) VALUES (1991, '65878540665', '1983-08-31', 'S');
INSERT INTO licenciamento (ano, renavam, dataVenc, pago) VALUES (1992, '65878540665', '1983-08-31', 'S');
INSERT INTO licenciamento (ano, renavam, dataVenc, pago) VALUES (1993, '65878540665', '1983-08-31', 'N');
INSERT INTO licenciamento (ano, renavam, dataVenc, pago) VALUES (1986, '70676758917', '1986-03-28', 'S');
INSERT INTO licenciamento (ano, renavam, dataVenc, pago) VALUES (1987, '70676758917', '1986-03-28', 'S');
INSERT INTO licenciamento (ano, renavam, dataVenc, pago) VALUES (1988, '70676758917', '1986-03-28', 'S');
INSERT INTO licenciamento (ano, renavam, dataVenc, pago) VALUES (2011, '82697031165', '2011-08-31', 'S');
INSERT INTO licenciamento (ano, renavam, dataVenc, pago) VALUES (2012, '82697031165', '2011-08-31', 'S');
INSERT INTO licenciamento (ano, renavam, dataVenc, pago) VALUES (2013, '82697031165', '2011-08-31', 'S');
INSERT INTO licenciamento (ano, renavam, dataVenc, pago) VALUES (2014, '82697031165', '2011-08-31', 'S');
INSERT INTO licenciamento (ano, renavam, dataVenc, pago) VALUES (2015, '82697031165', '2011-08-31', 'S');
INSERT INTO licenciamento (ano, renavam, dataVenc, pago) VALUES (2016, '82697031165', '2011-08-31', 'S');
INSERT INTO licenciamento (ano, renavam, dataVenc, pago) VALUES (2017, '82697031165', '2011-08-31', 'S');
INSERT INTO licenciamento (ano, renavam, dataVenc, pago) VALUES (2018, '82697031165', '2011-08-31', 'S');
INSERT INTO licenciamento (ano, renavam, dataVenc, pago) VALUES (2019, '82697031165', '2011-08-31', 'S');
INSERT INTO licenciamento (ano, renavam, dataVenc, pago) VALUES (1988, '69838736006', '1988-12-28', 'S');
INSERT INTO licenciamento (ano, renavam, dataVenc, pago) VALUES (1989, '69838736006', '1988-12-28', 'S');
INSERT INTO licenciamento (ano, renavam, dataVenc, pago) VALUES (1990, '69838736006', '1988-12-28', 'S');
INSERT INTO licenciamento (ano, renavam, dataVenc, pago) VALUES (1991, '69838736006', '1988-12-28', 'S');
INSERT INTO licenciamento (ano, renavam, dataVenc, pago) VALUES (1992, '69838736006', '1988-12-28', 'S');
INSERT INTO licenciamento (ano, renavam, dataVenc, pago) VALUES (1993, '69838736006', '1988-12-28', 'S');
INSERT INTO licenciamento (ano, renavam, dataVenc, pago) VALUES (1994, '69838736006', '1988-12-28', 'S');
INSERT INTO licenciamento (ano, renavam, dataVenc, pago) VALUES (1995, '69838736006', '1988-12-28', 'S');
INSERT INTO licenciamento (ano, renavam, dataVenc, pago) VALUES (1996, '69838736006', '1988-12-28', 'S');
INSERT INTO licenciamento (ano, renavam, dataVenc, pago) VALUES (1997, '69838736006', '1988-12-28', 'S');
INSERT INTO licenciamento (ano, renavam, dataVenc, pago) VALUES (1998, '69838736006', '1988-12-28', 'S');
INSERT INTO licenciamento (ano, renavam, dataVenc, pago) VALUES (1999, '69838736006', '1988-12-28', 'S');
INSERT INTO licenciamento (ano, renavam, dataVenc, pago) VALUES (2000, '69838736006', '1988-12-28', 'S');
INSERT INTO licenciamento (ano, renavam, dataVenc, pago) VALUES (2001, '69838736006', '1988-12-28', 'S');
INSERT INTO licenciamento (ano, renavam, dataVenc, pago) VALUES (2002, '69838736006', '1988-12-28', 'S');
INSERT INTO licenciamento (ano, renavam, dataVenc, pago) VALUES (2003, '69838736006', '1988-12-28', 'S');
INSERT INTO licenciamento (ano, renavam, dataVenc, pago) VALUES (2004, '69838736006', '1988-12-28', 'S');
INSERT INTO licenciamento (ano, renavam, dataVenc, pago) VALUES (2005, '69838736006', '1988-12-28', 'S');
INSERT INTO licenciamento (ano, renavam, dataVenc, pago) VALUES (2006, '69838736006', '1988-12-28', 'S');
INSERT INTO licenciamento (ano, renavam, dataVenc, pago) VALUES (2007, '69838736006', '1988-12-28', 'S');
INSERT INTO licenciamento (ano, renavam, dataVenc, pago) VALUES (2008, '69838736006', '1988-12-28', 'S');
INSERT INTO licenciamento (ano, renavam, dataVenc, pago) VALUES (2009, '69838736006', '1988-12-28', 'S');
INSERT INTO licenciamento (ano, renavam, dataVenc, pago) VALUES (2010, '69838736006', '1988-12-28', 'S');
INSERT INTO licenciamento (ano, renavam, dataVenc, pago) VALUES (2011, '69838736006', '1988-12-28', 'N');
INSERT INTO licenciamento (ano, renavam, dataVenc, pago) VALUES (1971, '81678466196', '1971-11-30', 'S');
INSERT INTO licenciamento (ano, renavam, dataVenc, pago) VALUES (1972, '81678466196', '1971-11-30', 'S');
INSERT INTO licenciamento (ano, renavam, dataVenc, pago) VALUES (1973, '81678466196', '1971-11-30', 'S');
INSERT INTO licenciamento (ano, renavam, dataVenc, pago) VALUES (1974, '81678466196', '1971-11-30', 'S');
INSERT INTO licenciamento (ano, renavam, dataVenc, pago) VALUES (1975, '81678466196', '1971-11-30', 'S');
INSERT INTO licenciamento (ano, renavam, dataVenc, pago) VALUES (1976, '81678466196', '1971-11-30', 'S');
INSERT INTO licenciamento (ano, renavam, dataVenc, pago) VALUES (1977, '81678466196', '1971-11-30', 'S');
INSERT INTO licenciamento (ano, renavam, dataVenc, pago) VALUES (1978, '81678466196', '1971-11-30', 'S');
INSERT INTO licenciamento (ano, renavam, dataVenc, pago) VALUES (1979, '81678466196', '1971-11-30', 'S');
INSERT INTO licenciamento (ano, renavam, dataVenc, pago) VALUES (1980, '81678466196', '1971-11-30', 'S');
INSERT INTO licenciamento (ano, renavam, dataVenc, pago) VALUES (1981, '81678466196', '1971-11-30', 'S');
INSERT INTO licenciamento (ano, renavam, dataVenc, pago) VALUES (1982, '81678466196', '1971-11-30', 'S');
INSERT INTO licenciamento (ano, renavam, dataVenc, pago) VALUES (1983, '81678466196', '1971-11-30', 'S');
INSERT INTO licenciamento (ano, renavam, dataVenc, pago) VALUES (1984, '81678466196', '1971-11-30', 'S');
INSERT INTO licenciamento (ano, renavam, dataVenc, pago) VALUES (1985, '81678466196', '1971-11-30', 'S');
INSERT INTO licenciamento (ano, renavam, dataVenc, pago) VALUES (1986, '81678466196', '1971-11-30', 'S');
INSERT INTO licenciamento (ano, renavam, dataVenc, pago) VALUES (1987, '81678466196', '1971-11-30', 'S');
INSERT INTO licenciamento (ano, renavam, dataVenc, pago) VALUES (1988, '81678466196', '1971-11-30', 'S');
INSERT INTO licenciamento (ano, renavam, dataVenc, pago) VALUES (1989, '81678466196', '1971-11-30', 'S');
INSERT INTO licenciamento (ano, renavam, dataVenc, pago) VALUES (1990, '81678466196', '1971-11-30', 'S');
INSERT INTO licenciamento (ano, renavam, dataVenc, pago) VALUES (1991, '81678466196', '1971-11-30', 'S');
INSERT INTO licenciamento (ano, renavam, dataVenc, pago) VALUES (1992, '81678466196', '1971-11-30', 'S');
INSERT INTO licenciamento (ano, renavam, dataVenc, pago) VALUES (1993, '81678466196', '1971-11-30', 'S');
INSERT INTO licenciamento (ano, renavam, dataVenc, pago) VALUES (1994, '81678466196', '1971-11-30', 'S');
INSERT INTO licenciamento (ano, renavam, dataVenc, pago) VALUES (1995, '81678466196', '1971-11-30', 'S');
INSERT INTO licenciamento (ano, renavam, dataVenc, pago) VALUES (1996, '81678466196', '1971-11-30', 'S');
INSERT INTO licenciamento (ano, renavam, dataVenc, pago) VALUES (1997, '81678466196', '1971-11-30', 'S');
INSERT INTO licenciamento (ano, renavam, dataVenc, pago) VALUES (1998, '81678466196', '1971-11-30', 'S');
INSERT INTO licenciamento (ano, renavam, dataVenc, pago) VALUES (1999, '81678466196', '1971-11-30', 'S');
INSERT INTO licenciamento (ano, renavam, dataVenc, pago) VALUES (2000, '81678466196', '1971-11-30', 'N');
INSERT INTO licenciamento (ano, renavam, dataVenc, pago) VALUES (2007, '80858829353', '2007-07-31', 'S');
INSERT INTO licenciamento (ano, renavam, dataVenc, pago) VALUES (2008, '80858829353', '2007-07-31', 'S');
INSERT INTO licenciamento (ano, renavam, dataVenc, pago) VALUES (2009, '80858829353', '2007-07-31', 'S');
INSERT INTO licenciamento (ano, renavam, dataVenc, pago) VALUES (2010, '80858829353', '2007-07-31', 'S');
INSERT INTO licenciamento (ano, renavam, dataVenc, pago) VALUES (2011, '80858829353', '2007-07-31', 'S');
INSERT INTO licenciamento (ano, renavam, dataVenc, pago) VALUES (2012, '80858829353', '2007-07-31', 'S');
INSERT INTO licenciamento (ano, renavam, dataVenc, pago) VALUES (2013, '80858829353', '2007-07-31', 'S');
INSERT INTO licenciamento (ano, renavam, dataVenc, pago) VALUES (2014, '80858829353', '2007-07-31', 'N');
INSERT INTO licenciamento (ano, renavam, dataVenc, pago) VALUES (1970, '81827999336', '1970-05-30', 'S');
INSERT INTO licenciamento (ano, renavam, dataVenc, pago) VALUES (1971, '81827999336', '1970-05-30', 'S');
INSERT INTO licenciamento (ano, renavam, dataVenc, pago) VALUES (1972, '81827999336', '1970-05-30', 'S');
INSERT INTO licenciamento (ano, renavam, dataVenc, pago) VALUES (1973, '81827999336', '1970-05-30', 'S');
INSERT INTO licenciamento (ano, renavam, dataVenc, pago) VALUES (1974, '81827999336', '1970-05-30', 'S');
INSERT INTO licenciamento (ano, renavam, dataVenc, pago) VALUES (1975, '81827999336', '1970-05-30', 'S');
INSERT INTO licenciamento (ano, renavam, dataVenc, pago) VALUES (1976, '81827999336', '1970-05-30', 'S');
INSERT INTO licenciamento (ano, renavam, dataVenc, pago) VALUES (1977, '81827999336', '1970-05-30', 'S');
INSERT INTO licenciamento (ano, renavam, dataVenc, pago) VALUES (1978, '81827999336', '1970-05-30', 'S');
INSERT INTO licenciamento (ano, renavam, dataVenc, pago) VALUES (1979, '81827999336', '1970-05-30', 'S');
INSERT INTO licenciamento (ano, renavam, dataVenc, pago) VALUES (1980, '81827999336', '1970-05-30', 'S');
INSERT INTO licenciamento (ano, renavam, dataVenc, pago) VALUES (1981, '81827999336', '1970-05-30', 'S');
INSERT INTO licenciamento (ano, renavam, dataVenc, pago) VALUES (1982, '81827999336', '1970-05-30', 'S');
INSERT INTO licenciamento (ano, renavam, dataVenc, pago) VALUES (1983, '81827999336', '1970-05-30', 'S');
INSERT INTO licenciamento (ano, renavam, dataVenc, pago) VALUES (1984, '81827999336', '1970-05-30', 'S');
INSERT INTO licenciamento (ano, renavam, dataVenc, pago) VALUES (1985, '81827999336', '1970-05-30', 'N');
INSERT INTO licenciamento (ano, renavam, dataVenc, pago) VALUES (2018, '89858323330', '2018-05-30', 'S');
INSERT INTO licenciamento (ano, renavam, dataVenc, pago) VALUES (2019, '89858323330', '2018-05-30', 'N');
INSERT INTO licenciamento (ano, renavam, dataVenc, pago) VALUES (1996, '81767298272', '1996-09-28', 'S');
INSERT INTO licenciamento (ano, renavam, dataVenc, pago) VALUES (1997, '81767298272', '1996-09-28', 'S');
INSERT INTO licenciamento (ano, renavam, dataVenc, pago) VALUES (1996, '66727510544', '1996-06-29', 'S');
INSERT INTO licenciamento (ano, renavam, dataVenc, pago) VALUES (1997, '66727510544', '1996-06-29', 'S');
INSERT INTO licenciamento (ano, renavam, dataVenc, pago) VALUES (1998, '66727510544', '1996-06-29', 'S');
INSERT INTO licenciamento (ano, renavam, dataVenc, pago) VALUES (1999, '66727510544', '1996-06-29', 'S');
INSERT INTO licenciamento (ano, renavam, dataVenc, pago) VALUES (2000, '66727510544', '1996-06-29', 'S');
INSERT INTO licenciamento (ano, renavam, dataVenc, pago) VALUES (2001, '66727510544', '1996-06-29', 'S');
INSERT INTO licenciamento (ano, renavam, dataVenc, pago) VALUES (2002, '66727510544', '1996-06-29', 'S');
INSERT INTO licenciamento (ano, renavam, dataVenc, pago) VALUES (2003, '66727510544', '1996-06-29', 'S');
INSERT INTO licenciamento (ano, renavam, dataVenc, pago) VALUES (2004, '66727510544', '1996-06-29', 'S');
INSERT INTO licenciamento (ano, renavam, dataVenc, pago) VALUES (2005, '66727510544', '1996-06-29', 'S');
INSERT INTO licenciamento (ano, renavam, dataVenc, pago) VALUES (2006, '66727510544', '1996-06-29', 'S');
INSERT INTO licenciamento (ano, renavam, dataVenc, pago) VALUES (2007, '66727510544', '1996-06-29', 'S');
INSERT INTO licenciamento (ano, renavam, dataVenc, pago) VALUES (2008, '66727510544', '1996-06-29', 'S');
INSERT INTO licenciamento (ano, renavam, dataVenc, pago) VALUES (2009, '66727510544', '1996-06-29', 'S');
INSERT INTO licenciamento (ano, renavam, dataVenc, pago) VALUES (2010, '66727510544', '1996-06-29', 'S');
INSERT INTO licenciamento (ano, renavam, dataVenc, pago) VALUES (2011, '66727510544', '1996-06-29', 'S');
INSERT INTO licenciamento (ano, renavam, dataVenc, pago) VALUES (2012, '66727510544', '1996-06-29', 'S');
INSERT INTO licenciamento (ano, renavam, dataVenc, pago) VALUES (2013, '66727510544', '1996-06-29', 'S');
INSERT INTO licenciamento (ano, renavam, dataVenc, pago) VALUES (2014, '66727510544', '1996-06-29', 'S');
INSERT INTO licenciamento (ano, renavam, dataVenc, pago) VALUES (2015, '66727510544', '1996-06-29', 'S');
INSERT INTO licenciamento (ano, renavam, dataVenc, pago) VALUES (2016, '66727510544', '1996-06-29', 'S');
INSERT INTO licenciamento (ano, renavam, dataVenc, pago) VALUES (2017, '66727510544', '1996-06-29', 'S');
INSERT INTO licenciamento (ano, renavam, dataVenc, pago) VALUES (2018, '66727510544', '1996-06-29', 'S');
INSERT INTO licenciamento (ano, renavam, dataVenc, pago) VALUES (2019, '66727510544', '1996-06-29', 'S');
INSERT INTO licenciamento (ano, renavam, dataVenc, pago) VALUES (1985, '71677361083', '1985-10-31', 'S');
INSERT INTO licenciamento (ano, renavam, dataVenc, pago) VALUES (1986, '71677361083', '1985-10-31', 'S');
INSERT INTO licenciamento (ano, renavam, dataVenc, pago) VALUES (1987, '71677361083', '1985-10-31', 'S');
INSERT INTO licenciamento (ano, renavam, dataVenc, pago) VALUES (1988, '71677361083', '1985-10-31', 'S');
INSERT INTO licenciamento (ano, renavam, dataVenc, pago) VALUES (1989, '71677361083', '1985-10-31', 'S');
INSERT INTO licenciamento (ano, renavam, dataVenc, pago) VALUES (1990, '71677361083', '1985-10-31', 'S');
INSERT INTO licenciamento (ano, renavam, dataVenc, pago) VALUES (1991, '71677361083', '1985-10-31', 'S');
INSERT INTO licenciamento (ano, renavam, dataVenc, pago) VALUES (1992, '71677361083', '1985-10-31', 'N');
INSERT INTO licenciamento (ano, renavam, dataVenc, pago) VALUES (2006, '71736784623', '2006-04-30', 'S');
INSERT INTO licenciamento (ano, renavam, dataVenc, pago) VALUES (2007, '71736784623', '2006-04-30', 'S');
INSERT INTO licenciamento (ano, renavam, dataVenc, pago) VALUES (2008, '71736784623', '2006-04-30', 'S');
INSERT INTO licenciamento (ano, renavam, dataVenc, pago) VALUES (2009, '71736784623', '2006-04-30', 'S');
INSERT INTO licenciamento (ano, renavam, dataVenc, pago) VALUES (2010, '71736784623', '2006-04-30', 'S');
INSERT INTO licenciamento (ano, renavam, dataVenc, pago) VALUES (2011, '71736784623', '2006-04-30', 'S');
INSERT INTO licenciamento (ano, renavam, dataVenc, pago) VALUES (2012, '71736784623', '2006-04-30', 'S');
INSERT INTO licenciamento (ano, renavam, dataVenc, pago) VALUES (2013, '71736784623', '2006-04-30', 'S');
INSERT INTO licenciamento (ano, renavam, dataVenc, pago) VALUES (2014, '71736784623', '2006-04-30', 'S');
INSERT INTO licenciamento (ano, renavam, dataVenc, pago) VALUES (2015, '71736784623', '2006-04-30', 'S');
INSERT INTO licenciamento (ano, renavam, dataVenc, pago) VALUES (2016, '71736784623', '2006-04-30', 'S');
INSERT INTO licenciamento (ano, renavam, dataVenc, pago) VALUES (2017, '71736784623', '2006-04-30', 'S');
INSERT INTO licenciamento (ano, renavam, dataVenc, pago) VALUES (2018, '71736784623', '2006-04-30', 'S');
INSERT INTO licenciamento (ano, renavam, dataVenc, pago) VALUES (2019, '71736784623', '2006-04-30', 'N');
INSERT INTO licenciamento (ano, renavam, dataVenc, pago) VALUES (1979, '79826898682', '1979-10-31', 'S');
INSERT INTO licenciamento (ano, renavam, dataVenc, pago) VALUES (1980, '79826898682', '1979-10-31', 'S');
INSERT INTO licenciamento (ano, renavam, dataVenc, pago) VALUES (1981, '79826898682', '1979-10-31', 'S');
INSERT INTO licenciamento (ano, renavam, dataVenc, pago) VALUES (1982, '79826898682', '1979-10-31', 'S');
INSERT INTO licenciamento (ano, renavam, dataVenc, pago) VALUES (1983, '79826898682', '1979-10-31', 'N');
INSERT INTO licenciamento (ano, renavam, dataVenc, pago) VALUES (1983, '74778332083', '1983-10-31', 'S');
INSERT INTO licenciamento (ano, renavam, dataVenc, pago) VALUES (1984, '74778332083', '1983-10-31', 'S');
INSERT INTO licenciamento (ano, renavam, dataVenc, pago) VALUES (1985, '74778332083', '1983-10-31', 'S');
INSERT INTO licenciamento (ano, renavam, dataVenc, pago) VALUES (1986, '74778332083', '1983-10-31', 'S');
INSERT INTO licenciamento (ano, renavam, dataVenc, pago) VALUES (1987, '74778332083', '1983-10-31', 'S');
INSERT INTO licenciamento (ano, renavam, dataVenc, pago) VALUES (1988, '74778332083', '1983-10-31', 'S');
INSERT INTO licenciamento (ano, renavam, dataVenc, pago) VALUES (1989, '74778332083', '1983-10-31', 'S');
INSERT INTO licenciamento (ano, renavam, dataVenc, pago) VALUES (1990, '74778332083', '1983-10-31', 'S');
INSERT INTO licenciamento (ano, renavam, dataVenc, pago) VALUES (1991, '74778332083', '1983-10-31', 'S');
INSERT INTO licenciamento (ano, renavam, dataVenc, pago) VALUES (1992, '74778332083', '1983-10-31', 'S');
INSERT INTO licenciamento (ano, renavam, dataVenc, pago) VALUES (1993, '74778332083', '1983-10-31', 'S');
INSERT INTO licenciamento (ano, renavam, dataVenc, pago) VALUES (1994, '74778332083', '1983-10-31', 'S');
INSERT INTO licenciamento (ano, renavam, dataVenc, pago) VALUES (1995, '74778332083', '1983-10-31', 'N');
INSERT INTO licenciamento (ano, renavam, dataVenc, pago) VALUES (1981, '82737453405', '1981-12-28', 'S');
INSERT INTO licenciamento (ano, renavam, dataVenc, pago) VALUES (1982, '82737453405', '1981-12-28', 'S');
INSERT INTO licenciamento (ano, renavam, dataVenc, pago) VALUES (1983, '82737453405', '1981-12-28', 'S');
INSERT INTO licenciamento (ano, renavam, dataVenc, pago) VALUES (1984, '82737453405', '1981-12-28', 'S');
INSERT INTO licenciamento (ano, renavam, dataVenc, pago) VALUES (1985, '82737453405', '1981-12-28', 'S');
INSERT INTO licenciamento (ano, renavam, dataVenc, pago) VALUES (1986, '82737453405', '1981-12-28', 'S');
INSERT INTO licenciamento (ano, renavam, dataVenc, pago) VALUES (1987, '82737453405', '1981-12-28', 'S');
INSERT INTO licenciamento (ano, renavam, dataVenc, pago) VALUES (1988, '82737453405', '1981-12-28', 'S');
INSERT INTO licenciamento (ano, renavam, dataVenc, pago) VALUES (1989, '82737453405', '1981-12-28', 'S');
INSERT INTO licenciamento (ano, renavam, dataVenc, pago) VALUES (1990, '82737453405', '1981-12-28', 'N');
INSERT INTO licenciamento (ano, renavam, dataVenc, pago) VALUES (1988, '67707209634', '1988-05-30', 'S');
INSERT INTO licenciamento (ano, renavam, dataVenc, pago) VALUES (1989, '67707209634', '1988-05-30', 'S');
INSERT INTO licenciamento (ano, renavam, dataVenc, pago) VALUES (1990, '67707209634', '1988-05-30', 'S');
INSERT INTO licenciamento (ano, renavam, dataVenc, pago) VALUES (1991, '67707209634', '1988-05-30', 'S');
INSERT INTO licenciamento (ano, renavam, dataVenc, pago) VALUES (1992, '67707209634', '1988-05-30', 'S');
INSERT INTO licenciamento (ano, renavam, dataVenc, pago) VALUES (1993, '67707209634', '1988-05-30', 'S');
INSERT INTO licenciamento (ano, renavam, dataVenc, pago) VALUES (1994, '67707209634', '1988-05-30', 'S');
INSERT INTO licenciamento (ano, renavam, dataVenc, pago) VALUES (1995, '67707209634', '1988-05-30', 'S');
INSERT INTO licenciamento (ano, renavam, dataVenc, pago) VALUES (1996, '67707209634', '1988-05-30', 'S');
INSERT INTO licenciamento (ano, renavam, dataVenc, pago) VALUES (1997, '67707209634', '1988-05-30', 'S');
INSERT INTO licenciamento (ano, renavam, dataVenc, pago) VALUES (1998, '67707209634', '1988-05-30', 'S');
INSERT INTO licenciamento (ano, renavam, dataVenc, pago) VALUES (1999, '67707209634', '1988-05-30', 'S');
INSERT INTO licenciamento (ano, renavam, dataVenc, pago) VALUES (2000, '67707209634', '1988-05-30', 'S');
INSERT INTO licenciamento (ano, renavam, dataVenc, pago) VALUES (2001, '67707209634', '1988-05-30', 'S');
INSERT INTO licenciamento (ano, renavam, dataVenc, pago) VALUES (2002, '67707209634', '1988-05-30', 'S');
INSERT INTO licenciamento (ano, renavam, dataVenc, pago) VALUES (2003, '67707209634', '1988-05-30', 'S');
INSERT INTO licenciamento (ano, renavam, dataVenc, pago) VALUES (2004, '67707209634', '1988-05-30', 'S');
INSERT INTO licenciamento (ano, renavam, dataVenc, pago) VALUES (2005, '67707209634', '1988-05-30', 'S');
INSERT INTO licenciamento (ano, renavam, dataVenc, pago) VALUES (2006, '67707209634', '1988-05-30', 'S');
INSERT INTO licenciamento (ano, renavam, dataVenc, pago) VALUES (2007, '67707209634', '1988-05-30', 'S');
INSERT INTO licenciamento (ano, renavam, dataVenc, pago) VALUES (2008, '67707209634', '1988-05-30', 'N');
INSERT INTO licenciamento (ano, renavam, dataVenc, pago) VALUES (1998, '80666574381', '1998-10-31', 'N');
INSERT INTO licenciamento (ano, renavam, dataVenc, pago) VALUES (1988, '83728252980', '1988-10-31', 'S');
INSERT INTO licenciamento (ano, renavam, dataVenc, pago) VALUES (1989, '83728252980', '1988-10-31', 'S');
INSERT INTO licenciamento (ano, renavam, dataVenc, pago) VALUES (1990, '83728252980', '1988-10-31', 'S');
INSERT INTO licenciamento (ano, renavam, dataVenc, pago) VALUES (1991, '83728252980', '1988-10-31', 'S');
INSERT INTO licenciamento (ano, renavam, dataVenc, pago) VALUES (1992, '83728252980', '1988-10-31', 'N');
INSERT INTO licenciamento (ano, renavam, dataVenc, pago) VALUES (2014, '89848687720', '2014-04-30', 'S');
INSERT INTO licenciamento (ano, renavam, dataVenc, pago) VALUES (2015, '89848687720', '2014-04-30', 'S');
INSERT INTO licenciamento (ano, renavam, dataVenc, pago) VALUES (2016, '89848687720', '2014-04-30', 'N');
INSERT INTO licenciamento (ano, renavam, dataVenc, pago) VALUES (2001, '69656764667', '2001-08-31', 'S');
INSERT INTO licenciamento (ano, renavam, dataVenc, pago) VALUES (2002, '69656764667', '2001-08-31', 'S');
INSERT INTO licenciamento (ano, renavam, dataVenc, pago) VALUES (2003, '69656764667', '2001-08-31', 'S');
INSERT INTO licenciamento (ano, renavam, dataVenc, pago) VALUES (2004, '69656764667', '2001-08-31', 'S');
INSERT INTO licenciamento (ano, renavam, dataVenc, pago) VALUES (2005, '69656764667', '2001-08-31', 'S');
INSERT INTO licenciamento (ano, renavam, dataVenc, pago) VALUES (2006, '69656764667', '2001-08-31', 'S');
INSERT INTO licenciamento (ano, renavam, dataVenc, pago) VALUES (2007, '69656764667', '2001-08-31', 'S');
INSERT INTO licenciamento (ano, renavam, dataVenc, pago) VALUES (2008, '69656764667', '2001-08-31', 'S');
INSERT INTO licenciamento (ano, renavam, dataVenc, pago) VALUES (2009, '69656764667', '2001-08-31', 'S');
INSERT INTO licenciamento (ano, renavam, dataVenc, pago) VALUES (2010, '69656764667', '2001-08-31', 'S');
INSERT INTO licenciamento (ano, renavam, dataVenc, pago) VALUES (2011, '69656764667', '2001-08-31', 'S');
INSERT INTO licenciamento (ano, renavam, dataVenc, pago) VALUES (2012, '69656764667', '2001-08-31', 'S');
INSERT INTO licenciamento (ano, renavam, dataVenc, pago) VALUES (2013, '69656764667', '2001-08-31', 'S');
INSERT INTO licenciamento (ano, renavam, dataVenc, pago) VALUES (2014, '69656764667', '2001-08-31', 'S');
INSERT INTO licenciamento (ano, renavam, dataVenc, pago) VALUES (2015, '69656764667', '2001-08-31', 'S');
INSERT INTO licenciamento (ano, renavam, dataVenc, pago) VALUES (2016, '69656764667', '2001-08-31', 'S');
INSERT INTO licenciamento (ano, renavam, dataVenc, pago) VALUES (2017, '69656764667', '2001-08-31', 'S');
INSERT INTO licenciamento (ano, renavam, dataVenc, pago) VALUES (2018, '69656764667', '2001-08-31', 'S');
INSERT INTO licenciamento (ano, renavam, dataVenc, pago) VALUES (2019, '69656764667', '2001-08-31', 'S');
INSERT INTO licenciamento (ano, renavam, dataVenc, pago) VALUES (2011, '81898781210', '2011-03-28', 'S');
INSERT INTO licenciamento (ano, renavam, dataVenc, pago) VALUES (2012, '81898781210', '2011-03-28', 'S');
INSERT INTO licenciamento (ano, renavam, dataVenc, pago) VALUES (2013, '81898781210', '2011-03-28', 'S');
INSERT INTO licenciamento (ano, renavam, dataVenc, pago) VALUES (2014, '81898781210', '2011-03-28', 'S');
INSERT INTO licenciamento (ano, renavam, dataVenc, pago) VALUES (2015, '81898781210', '2011-03-28', 'S');
INSERT INTO licenciamento (ano, renavam, dataVenc, pago) VALUES (2016, '81898781210', '2011-03-28', 'S');
INSERT INTO licenciamento (ano, renavam, dataVenc, pago) VALUES (2017, '81898781210', '2011-03-28', 'S');
INSERT INTO licenciamento (ano, renavam, dataVenc, pago) VALUES (2018, '81898781210', '2011-03-28', 'S');
INSERT INTO licenciamento (ano, renavam, dataVenc, pago) VALUES (2019, '81898781210', '2011-03-28', 'N');
INSERT INTO licenciamento (ano, renavam, dataVenc, pago) VALUES (2004, '65858176623', '2004-04-30', 'S');
INSERT INTO licenciamento (ano, renavam, dataVenc, pago) VALUES (2005, '65858176623', '2004-04-30', 'S');
INSERT INTO licenciamento (ano, renavam, dataVenc, pago) VALUES (2006, '65858176623', '2004-04-30', 'S');
INSERT INTO licenciamento (ano, renavam, dataVenc, pago) VALUES (2003, '84688926550', '2003-07-31', 'S');
INSERT INTO licenciamento (ano, renavam, dataVenc, pago) VALUES (2004, '84688926550', '2003-07-31', 'S');
INSERT INTO licenciamento (ano, renavam, dataVenc, pago) VALUES (2005, '84688926550', '2003-07-31', 'S');
INSERT INTO licenciamento (ano, renavam, dataVenc, pago) VALUES (2006, '84688926550', '2003-07-31', 'S');
INSERT INTO licenciamento (ano, renavam, dataVenc, pago) VALUES (2007, '84688926550', '2003-07-31', 'S');
INSERT INTO licenciamento (ano, renavam, dataVenc, pago) VALUES (2008, '84688926550', '2003-07-31', 'S');
INSERT INTO licenciamento (ano, renavam, dataVenc, pago) VALUES (2009, '84688926550', '2003-07-31', 'S');
INSERT INTO licenciamento (ano, renavam, dataVenc, pago) VALUES (2010, '84688926550', '2003-07-31', 'S');
INSERT INTO licenciamento (ano, renavam, dataVenc, pago) VALUES (2011, '84688926550', '2003-07-31', 'S');
INSERT INTO licenciamento (ano, renavam, dataVenc, pago) VALUES (2012, '84688926550', '2003-07-31', 'S');
INSERT INTO licenciamento (ano, renavam, dataVenc, pago) VALUES (2013, '84688926550', '2003-07-31', 'S');
INSERT INTO licenciamento (ano, renavam, dataVenc, pago) VALUES (2014, '84688926550', '2003-07-31', 'S');
INSERT INTO licenciamento (ano, renavam, dataVenc, pago) VALUES (2015, '84688926550', '2003-07-31', 'S');
INSERT INTO licenciamento (ano, renavam, dataVenc, pago) VALUES (2016, '84688926550', '2003-07-31', 'S');
INSERT INTO licenciamento (ano, renavam, dataVenc, pago) VALUES (2017, '84688926550', '2003-07-31', 'N');
INSERT INTO licenciamento (ano, renavam, dataVenc, pago) VALUES (1980, '83868592865', '1980-08-31', 'S');
INSERT INTO licenciamento (ano, renavam, dataVenc, pago) VALUES (1981, '83868592865', '1980-08-31', 'S');
INSERT INTO licenciamento (ano, renavam, dataVenc, pago) VALUES (1982, '83868592865', '1980-08-31', 'S');
INSERT INTO licenciamento (ano, renavam, dataVenc, pago) VALUES (1983, '83868592865', '1980-08-31', 'S');
INSERT INTO licenciamento (ano, renavam, dataVenc, pago) VALUES (1984, '83868592865', '1980-08-31', 'S');
INSERT INTO licenciamento (ano, renavam, dataVenc, pago) VALUES (1985, '83868592865', '1980-08-31', 'S');
INSERT INTO licenciamento (ano, renavam, dataVenc, pago) VALUES (1986, '83868592865', '1980-08-31', 'S');
INSERT INTO licenciamento (ano, renavam, dataVenc, pago) VALUES (1987, '83868592865', '1980-08-31', 'S');
INSERT INTO licenciamento (ano, renavam, dataVenc, pago) VALUES (1988, '83868592865', '1980-08-31', 'S');
INSERT INTO licenciamento (ano, renavam, dataVenc, pago) VALUES (1989, '83868592865', '1980-08-31', 'S');
INSERT INTO licenciamento (ano, renavam, dataVenc, pago) VALUES (1990, '83868592865', '1980-08-31', 'S');
INSERT INTO licenciamento (ano, renavam, dataVenc, pago) VALUES (1991, '83868592865', '1980-08-31', 'S');
INSERT INTO licenciamento (ano, renavam, dataVenc, pago) VALUES (1992, '83868592865', '1980-08-31', 'S');
INSERT INTO licenciamento (ano, renavam, dataVenc, pago) VALUES (1993, '83868592865', '1980-08-31', 'S');
INSERT INTO licenciamento (ano, renavam, dataVenc, pago) VALUES (1994, '83868592865', '1980-08-31', 'S');
INSERT INTO licenciamento (ano, renavam, dataVenc, pago) VALUES (1995, '83868592865', '1980-08-31', 'S');
INSERT INTO licenciamento (ano, renavam, dataVenc, pago) VALUES (1996, '83868592865', '1980-08-31', 'S');
INSERT INTO licenciamento (ano, renavam, dataVenc, pago) VALUES (1997, '83868592865', '1980-08-31', 'N');
INSERT INTO licenciamento (ano, renavam, dataVenc, pago) VALUES (2003, '85738404291', '2003-11-30', 'S');
INSERT INTO licenciamento (ano, renavam, dataVenc, pago) VALUES (2004, '85738404291', '2003-11-30', 'S');
INSERT INTO licenciamento (ano, renavam, dataVenc, pago) VALUES (2005, '85738404291', '2003-11-30', 'S');
INSERT INTO licenciamento (ano, renavam, dataVenc, pago) VALUES (2006, '85738404291', '2003-11-30', 'S');
INSERT INTO licenciamento (ano, renavam, dataVenc, pago) VALUES (2007, '85738404291', '2003-11-30', 'S');
INSERT INTO licenciamento (ano, renavam, dataVenc, pago) VALUES (1993, '65818057038', '1993-05-30', 'S');
INSERT INTO licenciamento (ano, renavam, dataVenc, pago) VALUES (1994, '65818057038', '1993-05-30', 'S');
INSERT INTO licenciamento (ano, renavam, dataVenc, pago) VALUES (1995, '65818057038', '1993-05-30', 'S');
INSERT INTO licenciamento (ano, renavam, dataVenc, pago) VALUES (1996, '65818057038', '1993-05-30', 'S');
INSERT INTO licenciamento (ano, renavam, dataVenc, pago) VALUES (1997, '65818057038', '1993-05-30', 'S');
INSERT INTO licenciamento (ano, renavam, dataVenc, pago) VALUES (1998, '65818057038', '1993-05-30', 'S');
INSERT INTO licenciamento (ano, renavam, dataVenc, pago) VALUES (1999, '65818057038', '1993-05-30', 'S');
INSERT INTO licenciamento (ano, renavam, dataVenc, pago) VALUES (2000, '65818057038', '1993-05-30', 'S');
INSERT INTO licenciamento (ano, renavam, dataVenc, pago) VALUES (2001, '65818057038', '1993-05-30', 'S');
INSERT INTO licenciamento (ano, renavam, dataVenc, pago) VALUES (2002, '65818057038', '1993-05-30', 'S');
INSERT INTO licenciamento (ano, renavam, dataVenc, pago) VALUES (2003, '65818057038', '1993-05-30', 'S');
INSERT INTO licenciamento (ano, renavam, dataVenc, pago) VALUES (2004, '65818057038', '1993-05-30', 'N');
INSERT INTO licenciamento (ano, renavam, dataVenc, pago) VALUES (1991, '76877516766', '1991-08-31', 'S');
INSERT INTO licenciamento (ano, renavam, dataVenc, pago) VALUES (1992, '76877516766', '1991-08-31', 'S');
INSERT INTO licenciamento (ano, renavam, dataVenc, pago) VALUES (1993, '76877516766', '1991-08-31', 'S');
INSERT INTO licenciamento (ano, renavam, dataVenc, pago) VALUES (1994, '76877516766', '1991-08-31', 'S');
INSERT INTO licenciamento (ano, renavam, dataVenc, pago) VALUES (1995, '76877516766', '1991-08-31', 'S');
INSERT INTO licenciamento (ano, renavam, dataVenc, pago) VALUES (1996, '76877516766', '1991-08-31', 'S');
INSERT INTO licenciamento (ano, renavam, dataVenc, pago) VALUES (1997, '76877516766', '1991-08-31', 'S');
INSERT INTO licenciamento (ano, renavam, dataVenc, pago) VALUES (1998, '76877516766', '1991-08-31', 'S');
INSERT INTO licenciamento (ano, renavam, dataVenc, pago) VALUES (1999, '76877516766', '1991-08-31', 'S');
INSERT INTO licenciamento (ano, renavam, dataVenc, pago) VALUES (2000, '76877516766', '1991-08-31', 'S');
INSERT INTO licenciamento (ano, renavam, dataVenc, pago) VALUES (2001, '76877516766', '1991-08-31', 'S');
INSERT INTO licenciamento (ano, renavam, dataVenc, pago) VALUES (2002, '76877516766', '1991-08-31', 'S');
INSERT INTO licenciamento (ano, renavam, dataVenc, pago) VALUES (1988, '90877308999', '1988-11-30', 'S');
INSERT INTO licenciamento (ano, renavam, dataVenc, pago) VALUES (1989, '90877308999', '1988-11-30', 'S');
INSERT INTO licenciamento (ano, renavam, dataVenc, pago) VALUES (1990, '90877308999', '1988-11-30', 'S');
INSERT INTO licenciamento (ano, renavam, dataVenc, pago) VALUES (1991, '90877308999', '1988-11-30', 'S');
INSERT INTO licenciamento (ano, renavam, dataVenc, pago) VALUES (1992, '90877308999', '1988-11-30', 'N');
INSERT INTO licenciamento (ano, renavam, dataVenc, pago) VALUES (1979, '73828502094', '1979-11-30', 'N');
INSERT INTO licenciamento (ano, renavam, dataVenc, pago) VALUES (1989, '75748392639', '1989-05-30', 'S');
INSERT INTO licenciamento (ano, renavam, dataVenc, pago) VALUES (1990, '75748392639', '1989-05-30', 'S');
INSERT INTO licenciamento (ano, renavam, dataVenc, pago) VALUES (1991, '75748392639', '1989-05-30', 'S');
INSERT INTO licenciamento (ano, renavam, dataVenc, pago) VALUES (1992, '75748392639', '1989-05-30', 'S');
INSERT INTO licenciamento (ano, renavam, dataVenc, pago) VALUES (1993, '75748392639', '1989-05-30', 'N');
INSERT INTO licenciamento (ano, renavam, dataVenc, pago) VALUES (1975, '77806612809', '1975-12-28', 'S');
INSERT INTO licenciamento (ano, renavam, dataVenc, pago) VALUES (1976, '77806612809', '1975-12-28', 'S');
INSERT INTO licenciamento (ano, renavam, dataVenc, pago) VALUES (1977, '77806612809', '1975-12-28', 'S');
INSERT INTO licenciamento (ano, renavam, dataVenc, pago) VALUES (1978, '77806612809', '1975-12-28', 'S');
INSERT INTO licenciamento (ano, renavam, dataVenc, pago) VALUES (1979, '77806612809', '1975-12-28', 'N');
INSERT INTO licenciamento (ano, renavam, dataVenc, pago) VALUES (2017, '72766760682', '2017-10-31', 'S');
INSERT INTO licenciamento (ano, renavam, dataVenc, pago) VALUES (2018, '72766760682', '2017-10-31', 'S');
INSERT INTO licenciamento (ano, renavam, dataVenc, pago) VALUES (2019, '72766760682', '2017-10-31', 'S');
INSERT INTO licenciamento (ano, renavam, dataVenc, pago) VALUES (1971, '80756987170', '1971-09-28', 'S');
INSERT INTO licenciamento (ano, renavam, dataVenc, pago) VALUES (1972, '80756987170', '1971-09-28', 'S');
INSERT INTO licenciamento (ano, renavam, dataVenc, pago) VALUES (1973, '80756987170', '1971-09-28', 'S');
INSERT INTO licenciamento (ano, renavam, dataVenc, pago) VALUES (1974, '80756987170', '1971-09-28', 'S');
INSERT INTO licenciamento (ano, renavam, dataVenc, pago) VALUES (1975, '80756987170', '1971-09-28', 'S');
INSERT INTO licenciamento (ano, renavam, dataVenc, pago) VALUES (1976, '80756987170', '1971-09-28', 'S');
INSERT INTO licenciamento (ano, renavam, dataVenc, pago) VALUES (1977, '80756987170', '1971-09-28', 'S');
INSERT INTO licenciamento (ano, renavam, dataVenc, pago) VALUES (1978, '80756987170', '1971-09-28', 'N');
INSERT INTO licenciamento (ano, renavam, dataVenc, pago) VALUES (1970, '76847819590', '1970-11-30', 'S');
INSERT INTO licenciamento (ano, renavam, dataVenc, pago) VALUES (1971, '76847819590', '1970-11-30', 'S');
INSERT INTO licenciamento (ano, renavam, dataVenc, pago) VALUES (1972, '76847819590', '1970-11-30', 'S');
INSERT INTO licenciamento (ano, renavam, dataVenc, pago) VALUES (1973, '76847819590', '1970-11-30', 'S');
INSERT INTO licenciamento (ano, renavam, dataVenc, pago) VALUES (1974, '76847819590', '1970-11-30', 'S');
INSERT INTO licenciamento (ano, renavam, dataVenc, pago) VALUES (1975, '76847819590', '1970-11-30', 'S');
INSERT INTO licenciamento (ano, renavam, dataVenc, pago) VALUES (1976, '76847819590', '1970-11-30', 'N');
INSERT INTO licenciamento (ano, renavam, dataVenc, pago) VALUES (2001, '73758343219', '2001-03-28', 'S');
INSERT INTO licenciamento (ano, renavam, dataVenc, pago) VALUES (2002, '73758343219', '2001-03-28', 'S');
INSERT INTO licenciamento (ano, renavam, dataVenc, pago) VALUES (2003, '73758343219', '2001-03-28', 'S');
INSERT INTO licenciamento (ano, renavam, dataVenc, pago) VALUES (2004, '73758343219', '2001-03-28', 'S');
INSERT INTO licenciamento (ano, renavam, dataVenc, pago) VALUES (2005, '73758343219', '2001-03-28', 'S');
INSERT INTO licenciamento (ano, renavam, dataVenc, pago) VALUES (2006, '73758343219', '2001-03-28', 'S');
INSERT INTO licenciamento (ano, renavam, dataVenc, pago) VALUES (2007, '73758343219', '2001-03-28', 'S');
INSERT INTO licenciamento (ano, renavam, dataVenc, pago) VALUES (2008, '73758343219', '2001-03-28', 'S');
INSERT INTO licenciamento (ano, renavam, dataVenc, pago) VALUES (2009, '73758343219', '2001-03-28', 'S');
INSERT INTO licenciamento (ano, renavam, dataVenc, pago) VALUES (2010, '73758343219', '2001-03-28', 'S');
INSERT INTO licenciamento (ano, renavam, dataVenc, pago) VALUES (2011, '73758343219', '2001-03-28', 'S');
INSERT INTO licenciamento (ano, renavam, dataVenc, pago) VALUES (2012, '73758343219', '2001-03-28', 'N');
INSERT INTO licenciamento (ano, renavam, dataVenc, pago) VALUES (2007, '80787890055', '2007-07-31', 'S');
INSERT INTO licenciamento (ano, renavam, dataVenc, pago) VALUES (2008, '80787890055', '2007-07-31', 'S');
INSERT INTO licenciamento (ano, renavam, dataVenc, pago) VALUES (2006, '85698297252', '2006-07-31', 'S');
INSERT INTO licenciamento (ano, renavam, dataVenc, pago) VALUES (2007, '85698297252', '2006-07-31', 'S');
INSERT INTO licenciamento (ano, renavam, dataVenc, pago) VALUES (2008, '85698297252', '2006-07-31', 'N');
INSERT INTO licenciamento (ano, renavam, dataVenc, pago) VALUES (1970, '80727592252', '1970-07-31', 'S');
INSERT INTO licenciamento (ano, renavam, dataVenc, pago) VALUES (1986, '74767126703', '1986-12-28', 'S');
INSERT INTO licenciamento (ano, renavam, dataVenc, pago) VALUES (1987, '74767126703', '1986-12-28', 'S');
INSERT INTO licenciamento (ano, renavam, dataVenc, pago) VALUES (1988, '74767126703', '1986-12-28', 'S');
INSERT INTO licenciamento (ano, renavam, dataVenc, pago) VALUES (1989, '74767126703', '1986-12-28', 'N');
INSERT INTO licenciamento (ano, renavam, dataVenc, pago) VALUES (1989, '68787859574', '1989-09-28', 'S');
INSERT INTO licenciamento (ano, renavam, dataVenc, pago) VALUES (1990, '68787859574', '1989-09-28', 'S');
INSERT INTO licenciamento (ano, renavam, dataVenc, pago) VALUES (1991, '68787859574', '1989-09-28', 'S');
INSERT INTO licenciamento (ano, renavam, dataVenc, pago) VALUES (1992, '68787859574', '1989-09-28', 'S');
INSERT INTO licenciamento (ano, renavam, dataVenc, pago) VALUES (1993, '68787859574', '1989-09-28', 'S');
INSERT INTO licenciamento (ano, renavam, dataVenc, pago) VALUES (1994, '68787859574', '1989-09-28', 'S');
INSERT INTO licenciamento (ano, renavam, dataVenc, pago) VALUES (1995, '68787859574', '1989-09-28', 'S');
INSERT INTO licenciamento (ano, renavam, dataVenc, pago) VALUES (1995, '80898693630', '1995-05-30', 'S');
INSERT INTO licenciamento (ano, renavam, dataVenc, pago) VALUES (1996, '80898693630', '1995-05-30', 'S');
INSERT INTO licenciamento (ano, renavam, dataVenc, pago) VALUES (1997, '80898693630', '1995-05-30', 'N');
INSERT INTO licenciamento (ano, renavam, dataVenc, pago) VALUES (1982, '85847376728', '1982-04-30', 'S');
INSERT INTO licenciamento (ano, renavam, dataVenc, pago) VALUES (1983, '85847376728', '1982-04-30', 'S');
INSERT INTO licenciamento (ano, renavam, dataVenc, pago) VALUES (1984, '85847376728', '1982-04-30', 'S');
INSERT INTO licenciamento (ano, renavam, dataVenc, pago) VALUES (1985, '85847376728', '1982-04-30', 'S');
INSERT INTO licenciamento (ano, renavam, dataVenc, pago) VALUES (1986, '85847376728', '1982-04-30', 'S');
INSERT INTO licenciamento (ano, renavam, dataVenc, pago) VALUES (1987, '85847376728', '1982-04-30', 'S');
INSERT INTO licenciamento (ano, renavam, dataVenc, pago) VALUES (1988, '85847376728', '1982-04-30', 'S');
INSERT INTO licenciamento (ano, renavam, dataVenc, pago) VALUES (1989, '85847376728', '1982-04-30', 'S');
INSERT INTO licenciamento (ano, renavam, dataVenc, pago) VALUES (1990, '85847376728', '1982-04-30', 'S');
INSERT INTO licenciamento (ano, renavam, dataVenc, pago) VALUES (1991, '85847376728', '1982-04-30', 'S');
INSERT INTO licenciamento (ano, renavam, dataVenc, pago) VALUES (1992, '85847376728', '1982-04-30', 'S');
INSERT INTO licenciamento (ano, renavam, dataVenc, pago) VALUES (1993, '85847376728', '1982-04-30', 'S');
INSERT INTO licenciamento (ano, renavam, dataVenc, pago) VALUES (1994, '85847376728', '1982-04-30', 'S');
INSERT INTO licenciamento (ano, renavam, dataVenc, pago) VALUES (1995, '85847376728', '1982-04-30', 'S');
INSERT INTO licenciamento (ano, renavam, dataVenc, pago) VALUES (1996, '85847376728', '1982-04-30', 'N');
INSERT INTO licenciamento (ano, renavam, dataVenc, pago) VALUES (2010, '68898116839', '2010-05-30', 'S');
INSERT INTO licenciamento (ano, renavam, dataVenc, pago) VALUES (2011, '68898116839', '2010-05-30', 'N');
INSERT INTO licenciamento (ano, renavam, dataVenc, pago) VALUES (1972, '72678976578', '1972-09-28', 'S');
INSERT INTO licenciamento (ano, renavam, dataVenc, pago) VALUES (1973, '72678976578', '1972-09-28', 'S');
INSERT INTO licenciamento (ano, renavam, dataVenc, pago) VALUES (1974, '72678976578', '1972-09-28', 'S');
INSERT INTO licenciamento (ano, renavam, dataVenc, pago) VALUES (1975, '72678976578', '1972-09-28', 'S');
INSERT INTO licenciamento (ano, renavam, dataVenc, pago) VALUES (1976, '72678976578', '1972-09-28', 'S');
INSERT INTO licenciamento (ano, renavam, dataVenc, pago) VALUES (1977, '72678976578', '1972-09-28', 'S');
INSERT INTO licenciamento (ano, renavam, dataVenc, pago) VALUES (1978, '72678976578', '1972-09-28', 'S');
INSERT INTO licenciamento (ano, renavam, dataVenc, pago) VALUES (1979, '72678976578', '1972-09-28', 'S');
INSERT INTO licenciamento (ano, renavam, dataVenc, pago) VALUES (1980, '72678976578', '1972-09-28', 'S');
INSERT INTO licenciamento (ano, renavam, dataVenc, pago) VALUES (1981, '72678976578', '1972-09-28', 'S');
INSERT INTO licenciamento (ano, renavam, dataVenc, pago) VALUES (1982, '72678976578', '1972-09-28', 'S');
INSERT INTO licenciamento (ano, renavam, dataVenc, pago) VALUES (1983, '72678976578', '1972-09-28', 'S');
INSERT INTO licenciamento (ano, renavam, dataVenc, pago) VALUES (1984, '72678976578', '1972-09-28', 'S');
INSERT INTO licenciamento (ano, renavam, dataVenc, pago) VALUES (1985, '72678976578', '1972-09-28', 'S');
INSERT INTO licenciamento (ano, renavam, dataVenc, pago) VALUES (1986, '72678976578', '1972-09-28', 'N');
INSERT INTO licenciamento (ano, renavam, dataVenc, pago) VALUES (2009, '90847068590', '2009-11-30', 'S');
INSERT INTO licenciamento (ano, renavam, dataVenc, pago) VALUES (2010, '90847068590', '2009-11-30', 'N');
INSERT INTO licenciamento (ano, renavam, dataVenc, pago) VALUES (1982, '70697751954', '1982-07-31', 'S');
INSERT INTO licenciamento (ano, renavam, dataVenc, pago) VALUES (1983, '70697751954', '1982-07-31', 'S');
INSERT INTO licenciamento (ano, renavam, dataVenc, pago) VALUES (1984, '70697751954', '1982-07-31', 'S');
INSERT INTO licenciamento (ano, renavam, dataVenc, pago) VALUES (1985, '70697751954', '1982-07-31', 'S');
INSERT INTO licenciamento (ano, renavam, dataVenc, pago) VALUES (1986, '70697751954', '1982-07-31', 'S');
INSERT INTO licenciamento (ano, renavam, dataVenc, pago) VALUES (1987, '70697751954', '1982-07-31', 'S');
INSERT INTO licenciamento (ano, renavam, dataVenc, pago) VALUES (1988, '70697751954', '1982-07-31', 'N');
INSERT INTO licenciamento (ano, renavam, dataVenc, pago) VALUES (1985, '90907303302', '1985-12-28', 'S');
INSERT INTO licenciamento (ano, renavam, dataVenc, pago) VALUES (1986, '90907303302', '1985-12-28', 'S');
INSERT INTO licenciamento (ano, renavam, dataVenc, pago) VALUES (2015, '86767860460', '2015-08-31', 'S');
INSERT INTO licenciamento (ano, renavam, dataVenc, pago) VALUES (2016, '86767860460', '2015-08-31', 'S');
INSERT INTO licenciamento (ano, renavam, dataVenc, pago) VALUES (2017, '86767860460', '2015-08-31', 'S');
INSERT INTO licenciamento (ano, renavam, dataVenc, pago) VALUES (2018, '86767860460', '2015-08-31', 'S');
INSERT INTO licenciamento (ano, renavam, dataVenc, pago) VALUES (2019, '86767860460', '2015-08-31', 'S');
INSERT INTO licenciamento (ano, renavam, dataVenc, pago) VALUES (1983, '73907219964', '1983-08-31', 'S');
INSERT INTO licenciamento (ano, renavam, dataVenc, pago) VALUES (1984, '73907219964', '1983-08-31', 'S');
INSERT INTO licenciamento (ano, renavam, dataVenc, pago) VALUES (1985, '73907219964', '1983-08-31', 'S');
INSERT INTO licenciamento (ano, renavam, dataVenc, pago) VALUES (1986, '73907219964', '1983-08-31', 'S');
INSERT INTO licenciamento (ano, renavam, dataVenc, pago) VALUES (1987, '73907219964', '1983-08-31', 'S');
INSERT INTO licenciamento (ano, renavam, dataVenc, pago) VALUES (1988, '73907219964', '1983-08-31', 'S');
INSERT INTO licenciamento (ano, renavam, dataVenc, pago) VALUES (1989, '73907219964', '1983-08-31', 'S');
INSERT INTO licenciamento (ano, renavam, dataVenc, pago) VALUES (1990, '73907219964', '1983-08-31', 'N');
INSERT INTO licenciamento (ano, renavam, dataVenc, pago) VALUES (1986, '66827114900', '1986-12-28', 'S');
INSERT INTO licenciamento (ano, renavam, dataVenc, pago) VALUES (1987, '66827114900', '1986-12-28', 'S');
INSERT INTO licenciamento (ano, renavam, dataVenc, pago) VALUES (1988, '66827114900', '1986-12-28', 'S');
INSERT INTO licenciamento (ano, renavam, dataVenc, pago) VALUES (1989, '66827114900', '1986-12-28', 'S');
INSERT INTO licenciamento (ano, renavam, dataVenc, pago) VALUES (1990, '66827114900', '1986-12-28', 'S');
INSERT INTO licenciamento (ano, renavam, dataVenc, pago) VALUES (1991, '66827114900', '1986-12-28', 'S');
INSERT INTO licenciamento (ano, renavam, dataVenc, pago) VALUES (1992, '66827114900', '1986-12-28', 'S');
INSERT INTO licenciamento (ano, renavam, dataVenc, pago) VALUES (1993, '66827114900', '1986-12-28', 'S');
INSERT INTO licenciamento (ano, renavam, dataVenc, pago) VALUES (1994, '66827114900', '1986-12-28', 'S');
INSERT INTO licenciamento (ano, renavam, dataVenc, pago) VALUES (1995, '66827114900', '1986-12-28', 'S');
INSERT INTO licenciamento (ano, renavam, dataVenc, pago) VALUES (1996, '66827114900', '1986-12-28', 'S');
INSERT INTO licenciamento (ano, renavam, dataVenc, pago) VALUES (1997, '66827114900', '1986-12-28', 'S');
INSERT INTO licenciamento (ano, renavam, dataVenc, pago) VALUES (1998, '66827114900', '1986-12-28', 'S');
INSERT INTO licenciamento (ano, renavam, dataVenc, pago) VALUES (1999, '66827114900', '1986-12-28', 'S');
INSERT INTO licenciamento (ano, renavam, dataVenc, pago) VALUES (2000, '66827114900', '1986-12-28', 'S');
INSERT INTO licenciamento (ano, renavam, dataVenc, pago) VALUES (2001, '66827114900', '1986-12-28', 'S');
INSERT INTO licenciamento (ano, renavam, dataVenc, pago) VALUES (2002, '66827114900', '1986-12-28', 'S');
INSERT INTO licenciamento (ano, renavam, dataVenc, pago) VALUES (2003, '66827114900', '1986-12-28', 'N');
INSERT INTO licenciamento (ano, renavam, dataVenc, pago) VALUES (2004, '78738773707', '2004-12-28', 'S');
INSERT INTO licenciamento (ano, renavam, dataVenc, pago) VALUES (2005, '78738773707', '2004-12-28', 'S');
INSERT INTO licenciamento (ano, renavam, dataVenc, pago) VALUES (2006, '78738773707', '2004-12-28', 'S');
INSERT INTO licenciamento (ano, renavam, dataVenc, pago) VALUES (2007, '78738773707', '2004-12-28', 'S');
INSERT INTO licenciamento (ano, renavam, dataVenc, pago) VALUES (2008, '78738773707', '2004-12-28', 'S');
INSERT INTO licenciamento (ano, renavam, dataVenc, pago) VALUES (2009, '78738773707', '2004-12-28', 'S');
INSERT INTO licenciamento (ano, renavam, dataVenc, pago) VALUES (2010, '78738773707', '2004-12-28', 'S');
INSERT INTO licenciamento (ano, renavam, dataVenc, pago) VALUES (2011, '78738773707', '2004-12-28', 'S');
INSERT INTO licenciamento (ano, renavam, dataVenc, pago) VALUES (2012, '78738773707', '2004-12-28', 'S');
INSERT INTO licenciamento (ano, renavam, dataVenc, pago) VALUES (2013, '78738773707', '2004-12-28', 'N');
INSERT INTO licenciamento (ano, renavam, dataVenc, pago) VALUES (2001, '68897343602', '2001-12-28', 'S');
INSERT INTO licenciamento (ano, renavam, dataVenc, pago) VALUES (2002, '68897343602', '2001-12-28', 'S');
INSERT INTO licenciamento (ano, renavam, dataVenc, pago) VALUES (2003, '68897343602', '2001-12-28', 'S');
INSERT INTO licenciamento (ano, renavam, dataVenc, pago) VALUES (2004, '68897343602', '2001-12-28', 'S');
INSERT INTO licenciamento (ano, renavam, dataVenc, pago) VALUES (2005, '68897343602', '2001-12-28', 'S');
INSERT INTO licenciamento (ano, renavam, dataVenc, pago) VALUES (2006, '68897343602', '2001-12-28', 'S');
INSERT INTO licenciamento (ano, renavam, dataVenc, pago) VALUES (2007, '68897343602', '2001-12-28', 'S');
INSERT INTO licenciamento (ano, renavam, dataVenc, pago) VALUES (2008, '68897343602', '2001-12-28', 'S');
INSERT INTO licenciamento (ano, renavam, dataVenc, pago) VALUES (2009, '68897343602', '2001-12-28', 'S');
INSERT INTO licenciamento (ano, renavam, dataVenc, pago) VALUES (2010, '68897343602', '2001-12-28', 'S');
INSERT INTO licenciamento (ano, renavam, dataVenc, pago) VALUES (2011, '68897343602', '2001-12-28', 'S');
INSERT INTO licenciamento (ano, renavam, dataVenc, pago) VALUES (2012, '68897343602', '2001-12-28', 'S');
INSERT INTO licenciamento (ano, renavam, dataVenc, pago) VALUES (1999, '75858257760', '1999-08-31', 'S');
INSERT INTO licenciamento (ano, renavam, dataVenc, pago) VALUES (2000, '75858257760', '1999-08-31', 'S');
INSERT INTO licenciamento (ano, renavam, dataVenc, pago) VALUES (2001, '75858257760', '1999-08-31', 'S');
INSERT INTO licenciamento (ano, renavam, dataVenc, pago) VALUES (2002, '75858257760', '1999-08-31', 'S');
INSERT INTO licenciamento (ano, renavam, dataVenc, pago) VALUES (2003, '75858257760', '1999-08-31', 'N');
INSERT INTO licenciamento (ano, renavam, dataVenc, pago) VALUES (1970, '89677335301', '1970-12-28', 'S');
INSERT INTO licenciamento (ano, renavam, dataVenc, pago) VALUES (1971, '89677335301', '1970-12-28', 'S');
INSERT INTO licenciamento (ano, renavam, dataVenc, pago) VALUES (1972, '89677335301', '1970-12-28', 'S');
INSERT INTO licenciamento (ano, renavam, dataVenc, pago) VALUES (1973, '89677335301', '1970-12-28', 'S');
INSERT INTO licenciamento (ano, renavam, dataVenc, pago) VALUES (1974, '89677335301', '1970-12-28', 'S');
INSERT INTO licenciamento (ano, renavam, dataVenc, pago) VALUES (1975, '89677335301', '1970-12-28', 'N');
INSERT INTO licenciamento (ano, renavam, dataVenc, pago) VALUES (1986, '84808804988', '1986-10-31', 'S');
INSERT INTO licenciamento (ano, renavam, dataVenc, pago) VALUES (1987, '84808804988', '1986-10-31', 'S');
INSERT INTO licenciamento (ano, renavam, dataVenc, pago) VALUES (1988, '84808804988', '1986-10-31', 'N');
INSERT INTO licenciamento (ano, renavam, dataVenc, pago) VALUES (1976, '74876656819', '1976-03-28', 'S');
INSERT INTO licenciamento (ano, renavam, dataVenc, pago) VALUES (1977, '74876656819', '1976-03-28', 'S');
INSERT INTO licenciamento (ano, renavam, dataVenc, pago) VALUES (1978, '74876656819', '1976-03-28', 'S');
INSERT INTO licenciamento (ano, renavam, dataVenc, pago) VALUES (1979, '74876656819', '1976-03-28', 'S');
INSERT INTO licenciamento (ano, renavam, dataVenc, pago) VALUES (1980, '74876656819', '1976-03-28', 'S');
INSERT INTO licenciamento (ano, renavam, dataVenc, pago) VALUES (1981, '74876656819', '1976-03-28', 'S');
INSERT INTO licenciamento (ano, renavam, dataVenc, pago) VALUES (1982, '74876656819', '1976-03-28', 'S');
INSERT INTO licenciamento (ano, renavam, dataVenc, pago) VALUES (1983, '74876656819', '1976-03-28', 'S');
INSERT INTO licenciamento (ano, renavam, dataVenc, pago) VALUES (1984, '74876656819', '1976-03-28', 'S');
INSERT INTO licenciamento (ano, renavam, dataVenc, pago) VALUES (1985, '74876656819', '1976-03-28', 'S');
INSERT INTO licenciamento (ano, renavam, dataVenc, pago) VALUES (1986, '74876656819', '1976-03-28', 'S');
INSERT INTO licenciamento (ano, renavam, dataVenc, pago) VALUES (1987, '74876656819', '1976-03-28', 'S');
INSERT INTO licenciamento (ano, renavam, dataVenc, pago) VALUES (1988, '74876656819', '1976-03-28', 'S');
INSERT INTO licenciamento (ano, renavam, dataVenc, pago) VALUES (1989, '74876656819', '1976-03-28', 'S');
INSERT INTO licenciamento (ano, renavam, dataVenc, pago) VALUES (1990, '74876656819', '1976-03-28', 'S');
INSERT INTO licenciamento (ano, renavam, dataVenc, pago) VALUES (1991, '74876656819', '1976-03-28', 'S');
INSERT INTO licenciamento (ano, renavam, dataVenc, pago) VALUES (1992, '74876656819', '1976-03-28', 'S');
INSERT INTO licenciamento (ano, renavam, dataVenc, pago) VALUES (1993, '74876656819', '1976-03-28', 'S');
INSERT INTO licenciamento (ano, renavam, dataVenc, pago) VALUES (1994, '74876656819', '1976-03-28', 'S');
INSERT INTO licenciamento (ano, renavam, dataVenc, pago) VALUES (1995, '74876656819', '1976-03-28', 'S');
INSERT INTO licenciamento (ano, renavam, dataVenc, pago) VALUES (1996, '74876656819', '1976-03-28', 'S');
INSERT INTO licenciamento (ano, renavam, dataVenc, pago) VALUES (1997, '74876656819', '1976-03-28', 'S');
INSERT INTO licenciamento (ano, renavam, dataVenc, pago) VALUES (1998, '74876656819', '1976-03-28', 'S');
INSERT INTO licenciamento (ano, renavam, dataVenc, pago) VALUES (1999, '74876656819', '1976-03-28', 'S');
INSERT INTO licenciamento (ano, renavam, dataVenc, pago) VALUES (2000, '74876656819', '1976-03-28', 'S');
INSERT INTO licenciamento (ano, renavam, dataVenc, pago) VALUES (2001, '74876656819', '1976-03-28', 'S');
INSERT INTO licenciamento (ano, renavam, dataVenc, pago) VALUES (2002, '74876656819', '1976-03-28', 'S');
INSERT INTO licenciamento (ano, renavam, dataVenc, pago) VALUES (2003, '74876656819', '1976-03-28', 'S');
INSERT INTO licenciamento (ano, renavam, dataVenc, pago) VALUES (2004, '74876656819', '1976-03-28', 'S');
INSERT INTO licenciamento (ano, renavam, dataVenc, pago) VALUES (2005, '74876656819', '1976-03-28', 'S');
INSERT INTO licenciamento (ano, renavam, dataVenc, pago) VALUES (2006, '74876656819', '1976-03-28', 'N');
INSERT INTO licenciamento (ano, renavam, dataVenc, pago) VALUES (2002, '73807546220', '2002-04-30', 'S');
INSERT INTO licenciamento (ano, renavam, dataVenc, pago) VALUES (2003, '73807546220', '2002-04-30', 'S');
INSERT INTO licenciamento (ano, renavam, dataVenc, pago) VALUES (2004, '73807546220', '2002-04-30', 'S');
INSERT INTO licenciamento (ano, renavam, dataVenc, pago) VALUES (2005, '73807546220', '2002-04-30', 'S');
INSERT INTO licenciamento (ano, renavam, dataVenc, pago) VALUES (2006, '73807546220', '2002-04-30', 'S');
INSERT INTO licenciamento (ano, renavam, dataVenc, pago) VALUES (2007, '73807546220', '2002-04-30', 'S');
INSERT INTO licenciamento (ano, renavam, dataVenc, pago) VALUES (2008, '73807546220', '2002-04-30', 'S');
INSERT INTO licenciamento (ano, renavam, dataVenc, pago) VALUES (2009, '73807546220', '2002-04-30', 'S');
INSERT INTO licenciamento (ano, renavam, dataVenc, pago) VALUES (2010, '73807546220', '2002-04-30', 'S');
INSERT INTO licenciamento (ano, renavam, dataVenc, pago) VALUES (2011, '73807546220', '2002-04-30', 'S');
INSERT INTO licenciamento (ano, renavam, dataVenc, pago) VALUES (2012, '73807546220', '2002-04-30', 'S');
INSERT INTO licenciamento (ano, renavam, dataVenc, pago) VALUES (2013, '73807546220', '2002-04-30', 'S');
INSERT INTO licenciamento (ano, renavam, dataVenc, pago) VALUES (2014, '73807546220', '2002-04-30', 'S');
INSERT INTO licenciamento (ano, renavam, dataVenc, pago) VALUES (2015, '73807546220', '2002-04-30', 'S');
INSERT INTO licenciamento (ano, renavam, dataVenc, pago) VALUES (2016, '73807546220', '2002-04-30', 'S');
INSERT INTO licenciamento (ano, renavam, dataVenc, pago) VALUES (2017, '73807546220', '2002-04-30', 'S');
INSERT INTO licenciamento (ano, renavam, dataVenc, pago) VALUES (2018, '73807546220', '2002-04-30', 'S');
INSERT INTO licenciamento (ano, renavam, dataVenc, pago) VALUES (2019, '73807546220', '2002-04-30', 'S');
INSERT INTO licenciamento (ano, renavam, dataVenc, pago) VALUES (2007, '84656727595', '2007-11-30', 'S');
INSERT INTO licenciamento (ano, renavam, dataVenc, pago) VALUES (2008, '84656727595', '2007-11-30', 'S');
INSERT INTO licenciamento (ano, renavam, dataVenc, pago) VALUES (2009, '84656727595', '2007-11-30', 'S');
INSERT INTO licenciamento (ano, renavam, dataVenc, pago) VALUES (2010, '84656727595', '2007-11-30', 'S');
INSERT INTO licenciamento (ano, renavam, dataVenc, pago) VALUES (2011, '84656727595', '2007-11-30', 'S');
INSERT INTO licenciamento (ano, renavam, dataVenc, pago) VALUES (2012, '84656727595', '2007-11-30', 'S');
INSERT INTO licenciamento (ano, renavam, dataVenc, pago) VALUES (2013, '84656727595', '2007-11-30', 'S');
INSERT INTO licenciamento (ano, renavam, dataVenc, pago) VALUES (2014, '84656727595', '2007-11-30', 'S');
INSERT INTO licenciamento (ano, renavam, dataVenc, pago) VALUES (2015, '84656727595', '2007-11-30', 'S');
INSERT INTO licenciamento (ano, renavam, dataVenc, pago) VALUES (2016, '84656727595', '2007-11-30', 'S');
INSERT INTO licenciamento (ano, renavam, dataVenc, pago) VALUES (2017, '84656727595', '2007-11-30', 'S');
INSERT INTO licenciamento (ano, renavam, dataVenc, pago) VALUES (2018, '84656727595', '2007-11-30', 'S');
INSERT INTO licenciamento (ano, renavam, dataVenc, pago) VALUES (2019, '84656727595', '2007-11-30', 'S');
INSERT INTO licenciamento (ano, renavam, dataVenc, pago) VALUES (1994, '83888999898', '1994-11-30', 'S');
INSERT INTO licenciamento (ano, renavam, dataVenc, pago) VALUES (1995, '83888999898', '1994-11-30', 'S');
INSERT INTO licenciamento (ano, renavam, dataVenc, pago) VALUES (1996, '83888999898', '1994-11-30', 'S');
INSERT INTO licenciamento (ano, renavam, dataVenc, pago) VALUES (1997, '83888999898', '1994-11-30', 'S');
INSERT INTO licenciamento (ano, renavam, dataVenc, pago) VALUES (1998, '83888999898', '1994-11-30', 'S');
INSERT INTO licenciamento (ano, renavam, dataVenc, pago) VALUES (1999, '83888999898', '1994-11-30', 'S');
INSERT INTO licenciamento (ano, renavam, dataVenc, pago) VALUES (2000, '83888999898', '1994-11-30', 'S');
INSERT INTO licenciamento (ano, renavam, dataVenc, pago) VALUES (2001, '83888999898', '1994-11-30', 'S');
INSERT INTO licenciamento (ano, renavam, dataVenc, pago) VALUES (2002, '83888999898', '1994-11-30', 'S');
INSERT INTO licenciamento (ano, renavam, dataVenc, pago) VALUES (2003, '83888999898', '1994-11-30', 'S');
INSERT INTO licenciamento (ano, renavam, dataVenc, pago) VALUES (2004, '83888999898', '1994-11-30', 'S');
INSERT INTO licenciamento (ano, renavam, dataVenc, pago) VALUES (2005, '83888999898', '1994-11-30', 'S');
INSERT INTO licenciamento (ano, renavam, dataVenc, pago) VALUES (2006, '83888999898', '1994-11-30', 'N');
INSERT INTO licenciamento (ano, renavam, dataVenc, pago) VALUES (2005, '67677750138', '2005-05-30', 'S');
INSERT INTO licenciamento (ano, renavam, dataVenc, pago) VALUES (2006, '67677750138', '2005-05-30', 'S');
INSERT INTO licenciamento (ano, renavam, dataVenc, pago) VALUES (2007, '67677750138', '2005-05-30', 'S');
INSERT INTO licenciamento (ano, renavam, dataVenc, pago) VALUES (2008, '67677750138', '2005-05-30', 'S');
INSERT INTO licenciamento (ano, renavam, dataVenc, pago) VALUES (2009, '67677750138', '2005-05-30', 'S');
INSERT INTO licenciamento (ano, renavam, dataVenc, pago) VALUES (2010, '67677750138', '2005-05-30', 'S');
INSERT INTO licenciamento (ano, renavam, dataVenc, pago) VALUES (2011, '67677750138', '2005-05-30', 'S');
INSERT INTO licenciamento (ano, renavam, dataVenc, pago) VALUES (2012, '67677750138', '2005-05-30', 'S');
INSERT INTO licenciamento (ano, renavam, dataVenc, pago) VALUES (2013, '67677750138', '2005-05-30', 'S');
INSERT INTO licenciamento (ano, renavam, dataVenc, pago) VALUES (2014, '67677750138', '2005-05-30', 'S');
INSERT INTO licenciamento (ano, renavam, dataVenc, pago) VALUES (2015, '67677750138', '2005-05-30', 'S');
INSERT INTO licenciamento (ano, renavam, dataVenc, pago) VALUES (2016, '67677750138', '2005-05-30', 'S');
INSERT INTO licenciamento (ano, renavam, dataVenc, pago) VALUES (2017, '67677750138', '2005-05-30', 'S');
INSERT INTO licenciamento (ano, renavam, dataVenc, pago) VALUES (2018, '67677750138', '2005-05-30', 'S');
INSERT INTO licenciamento (ano, renavam, dataVenc, pago) VALUES (2019, '67677750138', '2005-05-30', 'S');
INSERT INTO licenciamento (ano, renavam, dataVenc, pago) VALUES (2006, '90797449057', '2006-07-31', 'S');
INSERT INTO licenciamento (ano, renavam, dataVenc, pago) VALUES (2007, '90797449057', '2006-07-31', 'S');
INSERT INTO licenciamento (ano, renavam, dataVenc, pago) VALUES (2008, '90797449057', '2006-07-31', 'S');
INSERT INTO licenciamento (ano, renavam, dataVenc, pago) VALUES (2009, '90797449057', '2006-07-31', 'S');
INSERT INTO licenciamento (ano, renavam, dataVenc, pago) VALUES (2010, '90797449057', '2006-07-31', 'S');
INSERT INTO licenciamento (ano, renavam, dataVenc, pago) VALUES (2011, '90797449057', '2006-07-31', 'S');
INSERT INTO licenciamento (ano, renavam, dataVenc, pago) VALUES (2012, '90797449057', '2006-07-31', 'S');
INSERT INTO licenciamento (ano, renavam, dataVenc, pago) VALUES (2013, '90797449057', '2006-07-31', 'S');
INSERT INTO licenciamento (ano, renavam, dataVenc, pago) VALUES (2014, '90797449057', '2006-07-31', 'S');
INSERT INTO licenciamento (ano, renavam, dataVenc, pago) VALUES (2015, '90797449057', '2006-07-31', 'N');
INSERT INTO licenciamento (ano, renavam, dataVenc, pago) VALUES (1976, '88708619049', '1976-06-29', 'S');
INSERT INTO licenciamento (ano, renavam, dataVenc, pago) VALUES (1977, '88708619049', '1976-06-29', 'S');
INSERT INTO licenciamento (ano, renavam, dataVenc, pago) VALUES (1978, '88708619049', '1976-06-29', 'S');
INSERT INTO licenciamento (ano, renavam, dataVenc, pago) VALUES (1979, '88708619049', '1976-06-29', 'S');
INSERT INTO licenciamento (ano, renavam, dataVenc, pago) VALUES (1980, '88708619049', '1976-06-29', 'S');
INSERT INTO licenciamento (ano, renavam, dataVenc, pago) VALUES (1981, '88708619049', '1976-06-29', 'S');
INSERT INTO licenciamento (ano, renavam, dataVenc, pago) VALUES (1982, '88708619049', '1976-06-29', 'S');
INSERT INTO licenciamento (ano, renavam, dataVenc, pago) VALUES (1983, '88708619049', '1976-06-29', 'S');
INSERT INTO licenciamento (ano, renavam, dataVenc, pago) VALUES (1984, '88708619049', '1976-06-29', 'S');
INSERT INTO licenciamento (ano, renavam, dataVenc, pago) VALUES (1985, '88708619049', '1976-06-29', 'S');
INSERT INTO licenciamento (ano, renavam, dataVenc, pago) VALUES (1986, '88708619049', '1976-06-29', 'S');
INSERT INTO licenciamento (ano, renavam, dataVenc, pago) VALUES (1987, '88708619049', '1976-06-29', 'S');
INSERT INTO licenciamento (ano, renavam, dataVenc, pago) VALUES (1988, '88708619049', '1976-06-29', 'S');
INSERT INTO licenciamento (ano, renavam, dataVenc, pago) VALUES (1989, '88708619049', '1976-06-29', 'S');
INSERT INTO licenciamento (ano, renavam, dataVenc, pago) VALUES (1990, '88708619049', '1976-06-29', 'S');
INSERT INTO licenciamento (ano, renavam, dataVenc, pago) VALUES (1991, '88708619049', '1976-06-29', 'S');
INSERT INTO licenciamento (ano, renavam, dataVenc, pago) VALUES (1992, '88708619049', '1976-06-29', 'S');
INSERT INTO licenciamento (ano, renavam, dataVenc, pago) VALUES (2012, '66678260802', '2012-12-28', 'S');
INSERT INTO licenciamento (ano, renavam, dataVenc, pago) VALUES (2013, '66678260802', '2012-12-28', 'S');
INSERT INTO licenciamento (ano, renavam, dataVenc, pago) VALUES (2014, '66678260802', '2012-12-28', 'S');
INSERT INTO licenciamento (ano, renavam, dataVenc, pago) VALUES (2015, '66678260802', '2012-12-28', 'S');
INSERT INTO licenciamento (ano, renavam, dataVenc, pago) VALUES (2016, '66678260802', '2012-12-28', 'S');
INSERT INTO licenciamento (ano, renavam, dataVenc, pago) VALUES (2017, '66678260802', '2012-12-28', 'S');
INSERT INTO licenciamento (ano, renavam, dataVenc, pago) VALUES (2018, '66678260802', '2012-12-28', 'S');
INSERT INTO licenciamento (ano, renavam, dataVenc, pago) VALUES (2019, '66678260802', '2012-12-28', 'S');
INSERT INTO licenciamento (ano, renavam, dataVenc, pago) VALUES (1987, '83666836402', '1987-12-28', 'S');
INSERT INTO licenciamento (ano, renavam, dataVenc, pago) VALUES (1988, '83666836402', '1987-12-28', 'S');
INSERT INTO licenciamento (ano, renavam, dataVenc, pago) VALUES (1989, '83666836402', '1987-12-28', 'S');
INSERT INTO licenciamento (ano, renavam, dataVenc, pago) VALUES (1990, '83666836402', '1987-12-28', 'S');
INSERT INTO licenciamento (ano, renavam, dataVenc, pago) VALUES (1991, '83666836402', '1987-12-28', 'S');
INSERT INTO licenciamento (ano, renavam, dataVenc, pago) VALUES (1992, '83666836402', '1987-12-28', 'S');
INSERT INTO licenciamento (ano, renavam, dataVenc, pago) VALUES (1993, '83666836402', '1987-12-28', 'S');
INSERT INTO licenciamento (ano, renavam, dataVenc, pago) VALUES (1994, '83666836402', '1987-12-28', 'S');
INSERT INTO licenciamento (ano, renavam, dataVenc, pago) VALUES (1995, '83666836402', '1987-12-28', 'S');
INSERT INTO licenciamento (ano, renavam, dataVenc, pago) VALUES (1996, '83666836402', '1987-12-28', 'S');
INSERT INTO licenciamento (ano, renavam, dataVenc, pago) VALUES (1997, '83666836402', '1987-12-28', 'S');
INSERT INTO licenciamento (ano, renavam, dataVenc, pago) VALUES (1998, '83666836402', '1987-12-28', 'S');
INSERT INTO licenciamento (ano, renavam, dataVenc, pago) VALUES (1999, '83666836402', '1987-12-28', 'S');
INSERT INTO licenciamento (ano, renavam, dataVenc, pago) VALUES (2000, '83666836402', '1987-12-28', 'S');
INSERT INTO licenciamento (ano, renavam, dataVenc, pago) VALUES (2001, '83666836402', '1987-12-28', 'S');
INSERT INTO licenciamento (ano, renavam, dataVenc, pago) VALUES (2002, '83666836402', '1987-12-28', 'S');
INSERT INTO licenciamento (ano, renavam, dataVenc, pago) VALUES (2003, '83666836402', '1987-12-28', 'S');
INSERT INTO licenciamento (ano, renavam, dataVenc, pago) VALUES (2004, '83666836402', '1987-12-28', 'S');
INSERT INTO licenciamento (ano, renavam, dataVenc, pago) VALUES (2005, '83666836402', '1987-12-28', 'S');
INSERT INTO licenciamento (ano, renavam, dataVenc, pago) VALUES (2006, '83666836402', '1987-12-28', 'S');
INSERT INTO licenciamento (ano, renavam, dataVenc, pago) VALUES (2007, '83666836402', '1987-12-28', 'S');
INSERT INTO licenciamento (ano, renavam, dataVenc, pago) VALUES (2008, '83666836402', '1987-12-28', 'S');
INSERT INTO licenciamento (ano, renavam, dataVenc, pago) VALUES (2009, '83666836402', '1987-12-28', 'S');
INSERT INTO licenciamento (ano, renavam, dataVenc, pago) VALUES (2010, '83666836402', '1987-12-28', 'S');
INSERT INTO licenciamento (ano, renavam, dataVenc, pago) VALUES (2011, '83666836402', '1987-12-28', 'S');
INSERT INTO licenciamento (ano, renavam, dataVenc, pago) VALUES (2012, '83666836402', '1987-12-28', 'S');
INSERT INTO licenciamento (ano, renavam, dataVenc, pago) VALUES (2013, '83666836402', '1987-12-28', 'S');
INSERT INTO licenciamento (ano, renavam, dataVenc, pago) VALUES (2014, '83666836402', '1987-12-28', 'S');
INSERT INTO licenciamento (ano, renavam, dataVenc, pago) VALUES (2015, '83666836402', '1987-12-28', 'S');
INSERT INTO licenciamento (ano, renavam, dataVenc, pago) VALUES (2016, '83666836402', '1987-12-28', 'S');
INSERT INTO licenciamento (ano, renavam, dataVenc, pago) VALUES (2017, '83666836402', '1987-12-28', 'S');
INSERT INTO licenciamento (ano, renavam, dataVenc, pago) VALUES (2018, '83666836402', '1987-12-28', 'S');
INSERT INTO licenciamento (ano, renavam, dataVenc, pago) VALUES (2019, '83666836402', '1987-12-28', 'S');
INSERT INTO licenciamento (ano, renavam, dataVenc, pago) VALUES (1970, '77857317006', '1970-12-28', 'S');
INSERT INTO licenciamento (ano, renavam, dataVenc, pago) VALUES (1971, '77857317006', '1970-12-28', 'S');
INSERT INTO licenciamento (ano, renavam, dataVenc, pago) VALUES (1972, '77857317006', '1970-12-28', 'S');
INSERT INTO licenciamento (ano, renavam, dataVenc, pago) VALUES (1973, '77857317006', '1970-12-28', 'S');
INSERT INTO licenciamento (ano, renavam, dataVenc, pago) VALUES (1974, '77857317006', '1970-12-28', 'S');
INSERT INTO licenciamento (ano, renavam, dataVenc, pago) VALUES (1975, '77857317006', '1970-12-28', 'S');
INSERT INTO licenciamento (ano, renavam, dataVenc, pago) VALUES (1976, '77857317006', '1970-12-28', 'S');
INSERT INTO licenciamento (ano, renavam, dataVenc, pago) VALUES (1977, '77857317006', '1970-12-28', 'S');
INSERT INTO licenciamento (ano, renavam, dataVenc, pago) VALUES (1978, '77857317006', '1970-12-28', 'S');
INSERT INTO licenciamento (ano, renavam, dataVenc, pago) VALUES (1979, '77857317006', '1970-12-28', 'S');
INSERT INTO licenciamento (ano, renavam, dataVenc, pago) VALUES (1980, '77857317006', '1970-12-28', 'S');
INSERT INTO licenciamento (ano, renavam, dataVenc, pago) VALUES (1981, '77857317006', '1970-12-28', 'S');
INSERT INTO licenciamento (ano, renavam, dataVenc, pago) VALUES (1982, '77857317006', '1970-12-28', 'S');
INSERT INTO licenciamento (ano, renavam, dataVenc, pago) VALUES (1983, '77857317006', '1970-12-28', 'S');
INSERT INTO licenciamento (ano, renavam, dataVenc, pago) VALUES (1984, '77857317006', '1970-12-28', 'S');
INSERT INTO licenciamento (ano, renavam, dataVenc, pago) VALUES (1985, '77857317006', '1970-12-28', 'S');
INSERT INTO licenciamento (ano, renavam, dataVenc, pago) VALUES (1986, '77857317006', '1970-12-28', 'S');
INSERT INTO licenciamento (ano, renavam, dataVenc, pago) VALUES (1987, '77857317006', '1970-12-28', 'S');
INSERT INTO licenciamento (ano, renavam, dataVenc, pago) VALUES (1988, '77857317006', '1970-12-28', 'S');
INSERT INTO licenciamento (ano, renavam, dataVenc, pago) VALUES (1989, '77857317006', '1970-12-28', 'S');
INSERT INTO licenciamento (ano, renavam, dataVenc, pago) VALUES (1990, '77857317006', '1970-12-28', 'S');
INSERT INTO licenciamento (ano, renavam, dataVenc, pago) VALUES (1991, '77857317006', '1970-12-28', 'S');
INSERT INTO licenciamento (ano, renavam, dataVenc, pago) VALUES (1992, '77857317006', '1970-12-28', 'S');
INSERT INTO licenciamento (ano, renavam, dataVenc, pago) VALUES (1993, '77857317006', '1970-12-28', 'S');
INSERT INTO licenciamento (ano, renavam, dataVenc, pago) VALUES (1994, '77857317006', '1970-12-28', 'S');
INSERT INTO licenciamento (ano, renavam, dataVenc, pago) VALUES (1995, '77857317006', '1970-12-28', 'S');
INSERT INTO licenciamento (ano, renavam, dataVenc, pago) VALUES (1996, '77857317006', '1970-12-28', 'S');
INSERT INTO licenciamento (ano, renavam, dataVenc, pago) VALUES (1997, '77857317006', '1970-12-28', 'S');
INSERT INTO licenciamento (ano, renavam, dataVenc, pago) VALUES (1998, '77857317006', '1970-12-28', 'S');
INSERT INTO licenciamento (ano, renavam, dataVenc, pago) VALUES (1999, '77857317006', '1970-12-28', 'S');
INSERT INTO licenciamento (ano, renavam, dataVenc, pago) VALUES (2000, '77857317006', '1970-12-28', 'S');
INSERT INTO licenciamento (ano, renavam, dataVenc, pago) VALUES (2001, '77857317006', '1970-12-28', 'S');
INSERT INTO licenciamento (ano, renavam, dataVenc, pago) VALUES (2002, '77857317006', '1970-12-28', 'S');
INSERT INTO licenciamento (ano, renavam, dataVenc, pago) VALUES (2003, '77857317006', '1970-12-28', 'S');
INSERT INTO licenciamento (ano, renavam, dataVenc, pago) VALUES (2004, '77857317006', '1970-12-28', 'S');
INSERT INTO licenciamento (ano, renavam, dataVenc, pago) VALUES (2005, '77857317006', '1970-12-28', 'S');
INSERT INTO licenciamento (ano, renavam, dataVenc, pago) VALUES (2006, '77857317006', '1970-12-28', 'S');
INSERT INTO licenciamento (ano, renavam, dataVenc, pago) VALUES (2007, '77857317006', '1970-12-28', 'S');
INSERT INTO licenciamento (ano, renavam, dataVenc, pago) VALUES (2008, '77857317006', '1970-12-28', 'S');
INSERT INTO licenciamento (ano, renavam, dataVenc, pago) VALUES (2009, '77857317006', '1970-12-28', 'S');
INSERT INTO licenciamento (ano, renavam, dataVenc, pago) VALUES (2010, '77857317006', '1970-12-28', 'N');
INSERT INTO licenciamento (ano, renavam, dataVenc, pago) VALUES (2000, '83788325658', '2000-07-31', 'S');
INSERT INTO licenciamento (ano, renavam, dataVenc, pago) VALUES (2001, '83788325658', '2000-07-31', 'S');
INSERT INTO licenciamento (ano, renavam, dataVenc, pago) VALUES (2002, '83788325658', '2000-07-31', 'S');
INSERT INTO licenciamento (ano, renavam, dataVenc, pago) VALUES (2003, '83788325658', '2000-07-31', 'S');
INSERT INTO licenciamento (ano, renavam, dataVenc, pago) VALUES (2004, '83788325658', '2000-07-31', 'S');
INSERT INTO licenciamento (ano, renavam, dataVenc, pago) VALUES (2005, '83788325658', '2000-07-31', 'S');
INSERT INTO licenciamento (ano, renavam, dataVenc, pago) VALUES (1995, '67858132932', '1995-05-30', 'S');
INSERT INTO licenciamento (ano, renavam, dataVenc, pago) VALUES (1996, '67858132932', '1995-05-30', 'S');
INSERT INTO licenciamento (ano, renavam, dataVenc, pago) VALUES (1997, '67858132932', '1995-05-30', 'S');
INSERT INTO licenciamento (ano, renavam, dataVenc, pago) VALUES (1998, '67858132932', '1995-05-30', 'S');
INSERT INTO licenciamento (ano, renavam, dataVenc, pago) VALUES (1999, '67858132932', '1995-05-30', 'S');
INSERT INTO licenciamento (ano, renavam, dataVenc, pago) VALUES (2000, '67858132932', '1995-05-30', 'S');
INSERT INTO licenciamento (ano, renavam, dataVenc, pago) VALUES (2001, '67858132932', '1995-05-30', 'S');
INSERT INTO licenciamento (ano, renavam, dataVenc, pago) VALUES (2002, '67858132932', '1995-05-30', 'S');
INSERT INTO licenciamento (ano, renavam, dataVenc, pago) VALUES (2003, '67858132932', '1995-05-30', 'S');
INSERT INTO licenciamento (ano, renavam, dataVenc, pago) VALUES (2004, '67858132932', '1995-05-30', 'S');
INSERT INTO licenciamento (ano, renavam, dataVenc, pago) VALUES (2005, '67858132932', '1995-05-30', 'S');
INSERT INTO licenciamento (ano, renavam, dataVenc, pago) VALUES (2006, '67858132932', '1995-05-30', 'S');
INSERT INTO licenciamento (ano, renavam, dataVenc, pago) VALUES (2007, '67858132932', '1995-05-30', 'S');
INSERT INTO licenciamento (ano, renavam, dataVenc, pago) VALUES (2008, '67858132932', '1995-05-30', 'S');
INSERT INTO licenciamento (ano, renavam, dataVenc, pago) VALUES (2009, '67858132932', '1995-05-30', 'S');
INSERT INTO licenciamento (ano, renavam, dataVenc, pago) VALUES (2010, '67858132932', '1995-05-30', 'S');
INSERT INTO licenciamento (ano, renavam, dataVenc, pago) VALUES (2011, '67858132932', '1995-05-30', 'S');
INSERT INTO licenciamento (ano, renavam, dataVenc, pago) VALUES (2012, '67858132932', '1995-05-30', 'S');
INSERT INTO licenciamento (ano, renavam, dataVenc, pago) VALUES (2013, '67858132932', '1995-05-30', 'S');
INSERT INTO licenciamento (ano, renavam, dataVenc, pago) VALUES (2014, '67858132932', '1995-05-30', 'S');
INSERT INTO licenciamento (ano, renavam, dataVenc, pago) VALUES (2015, '67858132932', '1995-05-30', 'S');
INSERT INTO licenciamento (ano, renavam, dataVenc, pago) VALUES (2016, '67858132932', '1995-05-30', 'S');
INSERT INTO licenciamento (ano, renavam, dataVenc, pago) VALUES (2017, '67858132932', '1995-05-30', 'N');
INSERT INTO licenciamento (ano, renavam, dataVenc, pago) VALUES (2002, '74688698143', '2002-06-29', 'S');
INSERT INTO licenciamento (ano, renavam, dataVenc, pago) VALUES (2003, '74688698143', '2002-06-29', 'S');
INSERT INTO licenciamento (ano, renavam, dataVenc, pago) VALUES (2004, '74688698143', '2002-06-29', 'S');
INSERT INTO licenciamento (ano, renavam, dataVenc, pago) VALUES (2005, '74688698143', '2002-06-29', 'S');
INSERT INTO licenciamento (ano, renavam, dataVenc, pago) VALUES (2006, '74688698143', '2002-06-29', 'S');
INSERT INTO licenciamento (ano, renavam, dataVenc, pago) VALUES (2007, '74688698143', '2002-06-29', 'S');
INSERT INTO licenciamento (ano, renavam, dataVenc, pago) VALUES (2008, '74688698143', '2002-06-29', 'S');
INSERT INTO licenciamento (ano, renavam, dataVenc, pago) VALUES (2009, '74688698143', '2002-06-29', 'S');
INSERT INTO licenciamento (ano, renavam, dataVenc, pago) VALUES (2010, '74688698143', '2002-06-29', 'S');
INSERT INTO licenciamento (ano, renavam, dataVenc, pago) VALUES (2011, '74688698143', '2002-06-29', 'S');
INSERT INTO licenciamento (ano, renavam, dataVenc, pago) VALUES (2012, '74688698143', '2002-06-29', 'S');
INSERT INTO licenciamento (ano, renavam, dataVenc, pago) VALUES (2013, '74688698143', '2002-06-29', 'S');
INSERT INTO licenciamento (ano, renavam, dataVenc, pago) VALUES (2014, '74688698143', '2002-06-29', 'S');
INSERT INTO licenciamento (ano, renavam, dataVenc, pago) VALUES (2015, '74688698143', '2002-06-29', 'S');
INSERT INTO licenciamento (ano, renavam, dataVenc, pago) VALUES (2016, '74688698143', '2002-06-29', 'S');
INSERT INTO licenciamento (ano, renavam, dataVenc, pago) VALUES (2017, '74688698143', '2002-06-29', 'S');
INSERT INTO licenciamento (ano, renavam, dataVenc, pago) VALUES (2018, '74688698143', '2002-06-29', 'S');
INSERT INTO licenciamento (ano, renavam, dataVenc, pago) VALUES (2019, '74688698143', '2002-06-29', 'S');
INSERT INTO licenciamento (ano, renavam, dataVenc, pago) VALUES (1994, '83738309519', '1994-03-28', 'S');
INSERT INTO licenciamento (ano, renavam, dataVenc, pago) VALUES (1995, '83738309519', '1994-03-28', 'S');
INSERT INTO licenciamento (ano, renavam, dataVenc, pago) VALUES (1996, '83738309519', '1994-03-28', 'S');
INSERT INTO licenciamento (ano, renavam, dataVenc, pago) VALUES (1997, '83738309519', '1994-03-28', 'S');
INSERT INTO licenciamento (ano, renavam, dataVenc, pago) VALUES (1998, '83738309519', '1994-03-28', 'S');
INSERT INTO licenciamento (ano, renavam, dataVenc, pago) VALUES (1999, '83738309519', '1994-03-28', 'S');
INSERT INTO licenciamento (ano, renavam, dataVenc, pago) VALUES (2000, '83738309519', '1994-03-28', 'S');
INSERT INTO licenciamento (ano, renavam, dataVenc, pago) VALUES (2001, '83738309519', '1994-03-28', 'S');
INSERT INTO licenciamento (ano, renavam, dataVenc, pago) VALUES (2002, '83738309519', '1994-03-28', 'S');
INSERT INTO licenciamento (ano, renavam, dataVenc, pago) VALUES (2003, '83738309519', '1994-03-28', 'S');
INSERT INTO licenciamento (ano, renavam, dataVenc, pago) VALUES (2004, '83738309519', '1994-03-28', 'S');
INSERT INTO licenciamento (ano, renavam, dataVenc, pago) VALUES (2005, '83738309519', '1994-03-28', 'S');
INSERT INTO licenciamento (ano, renavam, dataVenc, pago) VALUES (2006, '83738309519', '1994-03-28', 'S');
INSERT INTO licenciamento (ano, renavam, dataVenc, pago) VALUES (2007, '83738309519', '1994-03-28', 'S');
INSERT INTO licenciamento (ano, renavam, dataVenc, pago) VALUES (2008, '83738309519', '1994-03-28', 'S');
INSERT INTO licenciamento (ano, renavam, dataVenc, pago) VALUES (2009, '83738309519', '1994-03-28', 'S');
INSERT INTO licenciamento (ano, renavam, dataVenc, pago) VALUES (2010, '83738309519', '1994-03-28', 'S');
INSERT INTO licenciamento (ano, renavam, dataVenc, pago) VALUES (2011, '83738309519', '1994-03-28', 'S');
INSERT INTO licenciamento (ano, renavam, dataVenc, pago) VALUES (2012, '83738309519', '1994-03-28', 'S');
INSERT INTO licenciamento (ano, renavam, dataVenc, pago) VALUES (2013, '83738309519', '1994-03-28', 'S');
INSERT INTO licenciamento (ano, renavam, dataVenc, pago) VALUES (2014, '83738309519', '1994-03-28', 'S');
INSERT INTO licenciamento (ano, renavam, dataVenc, pago) VALUES (2015, '83738309519', '1994-03-28', 'S');
INSERT INTO licenciamento (ano, renavam, dataVenc, pago) VALUES (2016, '83738309519', '1994-03-28', 'S');
INSERT INTO licenciamento (ano, renavam, dataVenc, pago) VALUES (2017, '83738309519', '1994-03-28', 'S');
INSERT INTO licenciamento (ano, renavam, dataVenc, pago) VALUES (2018, '83738309519', '1994-03-28', 'S');
INSERT INTO licenciamento (ano, renavam, dataVenc, pago) VALUES (2019, '83738309519', '1994-03-28', 'S');
INSERT INTO licenciamento (ano, renavam, dataVenc, pago) VALUES (1986, '80687722916', '1986-03-28', 'S');
INSERT INTO licenciamento (ano, renavam, dataVenc, pago) VALUES (1987, '80687722916', '1986-03-28', 'S');
INSERT INTO licenciamento (ano, renavam, dataVenc, pago) VALUES (1988, '80687722916', '1986-03-28', 'S');
INSERT INTO licenciamento (ano, renavam, dataVenc, pago) VALUES (1989, '80687722916', '1986-03-28', 'S');
INSERT INTO licenciamento (ano, renavam, dataVenc, pago) VALUES (1990, '80687722916', '1986-03-28', 'S');
INSERT INTO licenciamento (ano, renavam, dataVenc, pago) VALUES (1991, '80687722916', '1986-03-28', 'S');
INSERT INTO licenciamento (ano, renavam, dataVenc, pago) VALUES (1992, '80687722916', '1986-03-28', 'S');
INSERT INTO licenciamento (ano, renavam, dataVenc, pago) VALUES (1993, '80687722916', '1986-03-28', 'S');
INSERT INTO licenciamento (ano, renavam, dataVenc, pago) VALUES (1994, '80687722916', '1986-03-28', 'S');
INSERT INTO licenciamento (ano, renavam, dataVenc, pago) VALUES (1995, '80687722916', '1986-03-28', 'S');
INSERT INTO licenciamento (ano, renavam, dataVenc, pago) VALUES (1996, '80687722916', '1986-03-28', 'S');
INSERT INTO licenciamento (ano, renavam, dataVenc, pago) VALUES (1997, '80687722916', '1986-03-28', 'S');
INSERT INTO licenciamento (ano, renavam, dataVenc, pago) VALUES (1998, '80687722916', '1986-03-28', 'S');
INSERT INTO licenciamento (ano, renavam, dataVenc, pago) VALUES (1999, '80687722916', '1986-03-28', 'S');
INSERT INTO licenciamento (ano, renavam, dataVenc, pago) VALUES (2000, '80687722916', '1986-03-28', 'S');
INSERT INTO licenciamento (ano, renavam, dataVenc, pago) VALUES (2001, '80687722916', '1986-03-28', 'S');
INSERT INTO licenciamento (ano, renavam, dataVenc, pago) VALUES (2002, '80687722916', '1986-03-28', 'S');
INSERT INTO licenciamento (ano, renavam, dataVenc, pago) VALUES (2003, '80687722916', '1986-03-28', 'N');
INSERT INTO licenciamento (ano, renavam, dataVenc, pago) VALUES (1997, '74897048958', '1997-07-31', 'S');
INSERT INTO licenciamento (ano, renavam, dataVenc, pago) VALUES (1998, '74897048958', '1997-07-31', 'S');
INSERT INTO licenciamento (ano, renavam, dataVenc, pago) VALUES (1999, '74897048958', '1997-07-31', 'S');
INSERT INTO licenciamento (ano, renavam, dataVenc, pago) VALUES (2000, '74897048958', '1997-07-31', 'S');
INSERT INTO licenciamento (ano, renavam, dataVenc, pago) VALUES (2001, '74897048958', '1997-07-31', 'S');
INSERT INTO licenciamento (ano, renavam, dataVenc, pago) VALUES (2002, '74897048958', '1997-07-31', 'S');
INSERT INTO licenciamento (ano, renavam, dataVenc, pago) VALUES (2003, '74897048958', '1997-07-31', 'S');
INSERT INTO licenciamento (ano, renavam, dataVenc, pago) VALUES (2004, '74897048958', '1997-07-31', 'S');
INSERT INTO licenciamento (ano, renavam, dataVenc, pago) VALUES (2005, '74897048958', '1997-07-31', 'S');
INSERT INTO licenciamento (ano, renavam, dataVenc, pago) VALUES (2006, '74897048958', '1997-07-31', 'S');
INSERT INTO licenciamento (ano, renavam, dataVenc, pago) VALUES (2007, '74897048958', '1997-07-31', 'S');
INSERT INTO licenciamento (ano, renavam, dataVenc, pago) VALUES (2008, '74897048958', '1997-07-31', 'S');
INSERT INTO licenciamento (ano, renavam, dataVenc, pago) VALUES (1978, '84687026041', '1978-06-29', 'S');
INSERT INTO licenciamento (ano, renavam, dataVenc, pago) VALUES (1979, '84687026041', '1978-06-29', 'S');
INSERT INTO licenciamento (ano, renavam, dataVenc, pago) VALUES (1980, '84687026041', '1978-06-29', 'S');
INSERT INTO licenciamento (ano, renavam, dataVenc, pago) VALUES (1981, '84687026041', '1978-06-29', 'S');
INSERT INTO licenciamento (ano, renavam, dataVenc, pago) VALUES (1982, '84687026041', '1978-06-29', 'S');
INSERT INTO licenciamento (ano, renavam, dataVenc, pago) VALUES (1983, '84687026041', '1978-06-29', 'S');
INSERT INTO licenciamento (ano, renavam, dataVenc, pago) VALUES (1984, '84687026041', '1978-06-29', 'S');
INSERT INTO licenciamento (ano, renavam, dataVenc, pago) VALUES (1985, '84687026041', '1978-06-29', 'S');
INSERT INTO licenciamento (ano, renavam, dataVenc, pago) VALUES (1986, '84687026041', '1978-06-29', 'S');
INSERT INTO licenciamento (ano, renavam, dataVenc, pago) VALUES (1987, '84687026041', '1978-06-29', 'S');
INSERT INTO licenciamento (ano, renavam, dataVenc, pago) VALUES (1988, '84687026041', '1978-06-29', 'S');
INSERT INTO licenciamento (ano, renavam, dataVenc, pago) VALUES (1989, '84687026041', '1978-06-29', 'S');
INSERT INTO licenciamento (ano, renavam, dataVenc, pago) VALUES (1990, '84687026041', '1978-06-29', 'N');
INSERT INTO licenciamento (ano, renavam, dataVenc, pago) VALUES (2012, '76819095036', '2012-05-30', 'S');
INSERT INTO licenciamento (ano, renavam, dataVenc, pago) VALUES (2015, '82729088612', '2015-03-28', 'S');
INSERT INTO licenciamento (ano, renavam, dataVenc, pago) VALUES (2016, '82729088612', '2015-03-28', 'S');
INSERT INTO licenciamento (ano, renavam, dataVenc, pago) VALUES (2017, '82729088612', '2015-03-28', 'S');
INSERT INTO licenciamento (ano, renavam, dataVenc, pago) VALUES (2018, '82729088612', '2015-03-28', 'S');
INSERT INTO licenciamento (ano, renavam, dataVenc, pago) VALUES (2019, '82729088612', '2015-03-28', 'S');
INSERT INTO licenciamento (ano, renavam, dataVenc, pago) VALUES (1984, '71676681122', '1984-04-30', 'S');
INSERT INTO licenciamento (ano, renavam, dataVenc, pago) VALUES (1985, '71676681122', '1984-04-30', 'S');
INSERT INTO licenciamento (ano, renavam, dataVenc, pago) VALUES (1986, '71676681122', '1984-04-30', 'S');
INSERT INTO licenciamento (ano, renavam, dataVenc, pago) VALUES (1987, '71676681122', '1984-04-30', 'S');
INSERT INTO licenciamento (ano, renavam, dataVenc, pago) VALUES (1988, '71676681122', '1984-04-30', 'S');
INSERT INTO licenciamento (ano, renavam, dataVenc, pago) VALUES (1989, '71676681122', '1984-04-30', 'S');
INSERT INTO licenciamento (ano, renavam, dataVenc, pago) VALUES (1990, '71676681122', '1984-04-30', 'S');
INSERT INTO licenciamento (ano, renavam, dataVenc, pago) VALUES (1991, '71676681122', '1984-04-30', 'S');
INSERT INTO licenciamento (ano, renavam, dataVenc, pago) VALUES (1992, '71676681122', '1984-04-30', 'S');
INSERT INTO licenciamento (ano, renavam, dataVenc, pago) VALUES (1993, '71676681122', '1984-04-30', 'S');
INSERT INTO licenciamento (ano, renavam, dataVenc, pago) VALUES (1994, '71676681122', '1984-04-30', 'S');
INSERT INTO licenciamento (ano, renavam, dataVenc, pago) VALUES (1995, '71676681122', '1984-04-30', 'S');
INSERT INTO licenciamento (ano, renavam, dataVenc, pago) VALUES (1996, '71676681122', '1984-04-30', 'S');
INSERT INTO licenciamento (ano, renavam, dataVenc, pago) VALUES (1997, '71676681122', '1984-04-30', 'S');
INSERT INTO licenciamento (ano, renavam, dataVenc, pago) VALUES (1998, '71676681122', '1984-04-30', 'S');
INSERT INTO licenciamento (ano, renavam, dataVenc, pago) VALUES (1999, '71676681122', '1984-04-30', 'S');
INSERT INTO licenciamento (ano, renavam, dataVenc, pago) VALUES (2000, '71676681122', '1984-04-30', 'S');
INSERT INTO licenciamento (ano, renavam, dataVenc, pago) VALUES (2001, '71676681122', '1984-04-30', 'S');
INSERT INTO licenciamento (ano, renavam, dataVenc, pago) VALUES (2012, '89767634260', '2012-08-31', 'S');
INSERT INTO licenciamento (ano, renavam, dataVenc, pago) VALUES (2013, '89767634260', '2012-08-31', 'S');
INSERT INTO licenciamento (ano, renavam, dataVenc, pago) VALUES (2014, '89767634260', '2012-08-31', 'S');
INSERT INTO licenciamento (ano, renavam, dataVenc, pago) VALUES (2015, '89767634260', '2012-08-31', 'S');
INSERT INTO licenciamento (ano, renavam, dataVenc, pago) VALUES (2016, '89767634260', '2012-08-31', 'S');
INSERT INTO licenciamento (ano, renavam, dataVenc, pago) VALUES (2017, '89767634260', '2012-08-31', 'S');
INSERT INTO licenciamento (ano, renavam, dataVenc, pago) VALUES (2018, '89767634260', '2012-08-31', 'S');
INSERT INTO licenciamento (ano, renavam, dataVenc, pago) VALUES (2019, '89767634260', '2012-08-31', 'S');
INSERT INTO licenciamento (ano, renavam, dataVenc, pago) VALUES (2007, '76767955668', '2007-08-31', 'S');
INSERT INTO licenciamento (ano, renavam, dataVenc, pago) VALUES (2008, '76767955668', '2007-08-31', 'N');
INSERT INTO licenciamento (ano, renavam, dataVenc, pago) VALUES (1993, '75778180265', '1993-08-31', 'S');
INSERT INTO licenciamento (ano, renavam, dataVenc, pago) VALUES (1994, '75778180265', '1993-08-31', 'S');
INSERT INTO licenciamento (ano, renavam, dataVenc, pago) VALUES (1995, '75778180265', '1993-08-31', 'S');
INSERT INTO licenciamento (ano, renavam, dataVenc, pago) VALUES (1996, '75778180265', '1993-08-31', 'S');
INSERT INTO licenciamento (ano, renavam, dataVenc, pago) VALUES (1997, '75778180265', '1993-08-31', 'S');
INSERT INTO licenciamento (ano, renavam, dataVenc, pago) VALUES (1998, '75778180265', '1993-08-31', 'S');
INSERT INTO licenciamento (ano, renavam, dataVenc, pago) VALUES (1999, '75778180265', '1993-08-31', 'S');
INSERT INTO licenciamento (ano, renavam, dataVenc, pago) VALUES (2000, '75778180265', '1993-08-31', 'S');
INSERT INTO licenciamento (ano, renavam, dataVenc, pago) VALUES (2001, '75778180265', '1993-08-31', 'S');
INSERT INTO licenciamento (ano, renavam, dataVenc, pago) VALUES (2002, '75778180265', '1993-08-31', 'S');
INSERT INTO licenciamento (ano, renavam, dataVenc, pago) VALUES (2003, '75778180265', '1993-08-31', 'S');
INSERT INTO licenciamento (ano, renavam, dataVenc, pago) VALUES (2004, '75778180265', '1993-08-31', 'S');
INSERT INTO licenciamento (ano, renavam, dataVenc, pago) VALUES (2005, '75778180265', '1993-08-31', 'S');
INSERT INTO licenciamento (ano, renavam, dataVenc, pago) VALUES (2006, '75778180265', '1993-08-31', 'S');
INSERT INTO licenciamento (ano, renavam, dataVenc, pago) VALUES (2007, '75778180265', '1993-08-31', 'S');
INSERT INTO licenciamento (ano, renavam, dataVenc, pago) VALUES (2008, '75778180265', '1993-08-31', 'S');
INSERT INTO licenciamento (ano, renavam, dataVenc, pago) VALUES (2009, '75778180265', '1993-08-31', 'S');
INSERT INTO licenciamento (ano, renavam, dataVenc, pago) VALUES (2010, '75778180265', '1993-08-31', 'S');
INSERT INTO licenciamento (ano, renavam, dataVenc, pago) VALUES (2011, '75778180265', '1993-08-31', 'S');
INSERT INTO licenciamento (ano, renavam, dataVenc, pago) VALUES (2012, '75778180265', '1993-08-31', 'S');
INSERT INTO licenciamento (ano, renavam, dataVenc, pago) VALUES (2013, '75778180265', '1993-08-31', 'S');
INSERT INTO licenciamento (ano, renavam, dataVenc, pago) VALUES (2014, '75778180265', '1993-08-31', 'S');
INSERT INTO licenciamento (ano, renavam, dataVenc, pago) VALUES (2015, '75778180265', '1993-08-31', 'S');
INSERT INTO licenciamento (ano, renavam, dataVenc, pago) VALUES (2016, '75778180265', '1993-08-31', 'S');
INSERT INTO licenciamento (ano, renavam, dataVenc, pago) VALUES (2017, '75778180265', '1993-08-31', 'S');
INSERT INTO licenciamento (ano, renavam, dataVenc, pago) VALUES (2018, '75778180265', '1993-08-31', 'S');
INSERT INTO licenciamento (ano, renavam, dataVenc, pago) VALUES (2019, '75778180265', '1993-08-31', 'S');
INSERT INTO licenciamento (ano, renavam, dataVenc, pago) VALUES (2000, '76688803814', '2000-03-28', 'S');
INSERT INTO licenciamento (ano, renavam, dataVenc, pago) VALUES (2001, '76688803814', '2000-03-28', 'S');
INSERT INTO licenciamento (ano, renavam, dataVenc, pago) VALUES (2002, '76688803814', '2000-03-28', 'S');
INSERT INTO licenciamento (ano, renavam, dataVenc, pago) VALUES (2003, '76688803814', '2000-03-28', 'S');
INSERT INTO licenciamento (ano, renavam, dataVenc, pago) VALUES (1985, '85788228276', '1985-09-28', 'S');
INSERT INTO licenciamento (ano, renavam, dataVenc, pago) VALUES (1986, '85788228276', '1985-09-28', 'S');
INSERT INTO licenciamento (ano, renavam, dataVenc, pago) VALUES (1987, '85788228276', '1985-09-28', 'S');
INSERT INTO licenciamento (ano, renavam, dataVenc, pago) VALUES (1988, '85788228276', '1985-09-28', 'S');
INSERT INTO licenciamento (ano, renavam, dataVenc, pago) VALUES (1989, '85788228276', '1985-09-28', 'S');
INSERT INTO licenciamento (ano, renavam, dataVenc, pago) VALUES (1990, '85788228276', '1985-09-28', 'S');
INSERT INTO licenciamento (ano, renavam, dataVenc, pago) VALUES (1991, '85788228276', '1985-09-28', 'N');
INSERT INTO licenciamento (ano, renavam, dataVenc, pago) VALUES (1978, '88698466695', '1978-11-30', 'S');
INSERT INTO licenciamento (ano, renavam, dataVenc, pago) VALUES (1979, '88698466695', '1978-11-30', 'S');
INSERT INTO licenciamento (ano, renavam, dataVenc, pago) VALUES (1980, '88698466695', '1978-11-30', 'S');
INSERT INTO licenciamento (ano, renavam, dataVenc, pago) VALUES (1981, '88698466695', '1978-11-30', 'S');
INSERT INTO licenciamento (ano, renavam, dataVenc, pago) VALUES (1982, '88698466695', '1978-11-30', 'S');
INSERT INTO licenciamento (ano, renavam, dataVenc, pago) VALUES (1983, '88698466695', '1978-11-30', 'S');
INSERT INTO licenciamento (ano, renavam, dataVenc, pago) VALUES (1984, '88698466695', '1978-11-30', 'S');
INSERT INTO licenciamento (ano, renavam, dataVenc, pago) VALUES (1985, '88698466695', '1978-11-30', 'S');
INSERT INTO licenciamento (ano, renavam, dataVenc, pago) VALUES (1986, '88698466695', '1978-11-30', 'S');
INSERT INTO licenciamento (ano, renavam, dataVenc, pago) VALUES (1987, '88698466695', '1978-11-30', 'S');
INSERT INTO licenciamento (ano, renavam, dataVenc, pago) VALUES (1988, '88698466695', '1978-11-30', 'S');
INSERT INTO licenciamento (ano, renavam, dataVenc, pago) VALUES (1989, '88698466695', '1978-11-30', 'S');
INSERT INTO licenciamento (ano, renavam, dataVenc, pago) VALUES (1990, '88698466695', '1978-11-30', 'S');
INSERT INTO licenciamento (ano, renavam, dataVenc, pago) VALUES (1991, '88698466695', '1978-11-30', 'S');
INSERT INTO licenciamento (ano, renavam, dataVenc, pago) VALUES (1992, '88698466695', '1978-11-30', 'S');
INSERT INTO licenciamento (ano, renavam, dataVenc, pago) VALUES (1993, '88698466695', '1978-11-30', 'N');
INSERT INTO licenciamento (ano, renavam, dataVenc, pago) VALUES (2003, '66708572181', '2003-10-31', 'S');
INSERT INTO licenciamento (ano, renavam, dataVenc, pago) VALUES (2004, '66708572181', '2003-10-31', 'S');
INSERT INTO licenciamento (ano, renavam, dataVenc, pago) VALUES (2005, '66708572181', '2003-10-31', 'S');
INSERT INTO licenciamento (ano, renavam, dataVenc, pago) VALUES (2006, '66708572181', '2003-10-31', 'S');
INSERT INTO licenciamento (ano, renavam, dataVenc, pago) VALUES (2007, '66708572181', '2003-10-31', 'N');
INSERT INTO licenciamento (ano, renavam, dataVenc, pago) VALUES (2005, '70778326730', '2005-05-30', 'S');
INSERT INTO licenciamento (ano, renavam, dataVenc, pago) VALUES (2006, '70778326730', '2005-05-30', 'S');
INSERT INTO licenciamento (ano, renavam, dataVenc, pago) VALUES (2007, '70778326730', '2005-05-30', 'S');
INSERT INTO licenciamento (ano, renavam, dataVenc, pago) VALUES (2008, '70778326730', '2005-05-30', 'S');
INSERT INTO licenciamento (ano, renavam, dataVenc, pago) VALUES (2009, '70778326730', '2005-05-30', 'S');
INSERT INTO licenciamento (ano, renavam, dataVenc, pago) VALUES (2010, '70778326730', '2005-05-30', 'S');
INSERT INTO licenciamento (ano, renavam, dataVenc, pago) VALUES (2011, '70778326730', '2005-05-30', 'S');
INSERT INTO licenciamento (ano, renavam, dataVenc, pago) VALUES (2012, '70778326730', '2005-05-30', 'S');
INSERT INTO licenciamento (ano, renavam, dataVenc, pago) VALUES (2013, '70778326730', '2005-05-30', 'S');
INSERT INTO licenciamento (ano, renavam, dataVenc, pago) VALUES (2014, '70778326730', '2005-05-30', 'S');
INSERT INTO licenciamento (ano, renavam, dataVenc, pago) VALUES (2015, '70778326730', '2005-05-30', 'S');
INSERT INTO licenciamento (ano, renavam, dataVenc, pago) VALUES (2016, '70778326730', '2005-05-30', 'S');
INSERT INTO licenciamento (ano, renavam, dataVenc, pago) VALUES (2017, '70778326730', '2005-05-30', 'S');
INSERT INTO licenciamento (ano, renavam, dataVenc, pago) VALUES (2018, '70778326730', '2005-05-30', 'S');
INSERT INTO licenciamento (ano, renavam, dataVenc, pago) VALUES (2019, '70778326730', '2005-05-30', 'S');
INSERT INTO licenciamento (ano, renavam, dataVenc, pago) VALUES (2006, '76656572132', '2006-05-30', 'N');
INSERT INTO licenciamento (ano, renavam, dataVenc, pago) VALUES (1979, '87857920800', '1979-12-28', 'S');
INSERT INTO licenciamento (ano, renavam, dataVenc, pago) VALUES (1980, '87857920800', '1979-12-28', 'S');
INSERT INTO licenciamento (ano, renavam, dataVenc, pago) VALUES (1981, '87857920800', '1979-12-28', 'S');
INSERT INTO licenciamento (ano, renavam, dataVenc, pago) VALUES (1982, '87857920800', '1979-12-28', 'N');
INSERT INTO licenciamento (ano, renavam, dataVenc, pago) VALUES (1970, '85909050154', '1970-07-31', 'S');
INSERT INTO licenciamento (ano, renavam, dataVenc, pago) VALUES (1971, '85909050154', '1970-07-31', 'S');
INSERT INTO licenciamento (ano, renavam, dataVenc, pago) VALUES (1972, '85909050154', '1970-07-31', 'N');
INSERT INTO licenciamento (ano, renavam, dataVenc, pago) VALUES (1977, '65746574074', '1977-09-28', 'S');
INSERT INTO licenciamento (ano, renavam, dataVenc, pago) VALUES (1978, '65746574074', '1977-09-28', 'S');
INSERT INTO licenciamento (ano, renavam, dataVenc, pago) VALUES (1979, '65746574074', '1977-09-28', 'S');
INSERT INTO licenciamento (ano, renavam, dataVenc, pago) VALUES (1980, '65746574074', '1977-09-28', 'S');
INSERT INTO licenciamento (ano, renavam, dataVenc, pago) VALUES (1981, '65746574074', '1977-09-28', 'S');
INSERT INTO licenciamento (ano, renavam, dataVenc, pago) VALUES (1982, '65746574074', '1977-09-28', 'S');
INSERT INTO licenciamento (ano, renavam, dataVenc, pago) VALUES (1983, '65746574074', '1977-09-28', 'S');
INSERT INTO licenciamento (ano, renavam, dataVenc, pago) VALUES (1984, '65746574074', '1977-09-28', 'S');
INSERT INTO licenciamento (ano, renavam, dataVenc, pago) VALUES (1985, '65746574074', '1977-09-28', 'S');
INSERT INTO licenciamento (ano, renavam, dataVenc, pago) VALUES (1986, '65746574074', '1977-09-28', 'S');
INSERT INTO licenciamento (ano, renavam, dataVenc, pago) VALUES (1987, '65746574074', '1977-09-28', 'S');
INSERT INTO licenciamento (ano, renavam, dataVenc, pago) VALUES (1988, '65746574074', '1977-09-28', 'N');
INSERT INTO licenciamento (ano, renavam, dataVenc, pago) VALUES (2010, '86676657122', '2010-04-30', 'S');
INSERT INTO licenciamento (ano, renavam, dataVenc, pago) VALUES (2011, '86676657122', '2010-04-30', 'S');
INSERT INTO licenciamento (ano, renavam, dataVenc, pago) VALUES (2012, '86676657122', '2010-04-30', 'S');
INSERT INTO licenciamento (ano, renavam, dataVenc, pago) VALUES (2013, '86676657122', '2010-04-30', 'S');
INSERT INTO licenciamento (ano, renavam, dataVenc, pago) VALUES (2014, '86676657122', '2010-04-30', 'S');
INSERT INTO licenciamento (ano, renavam, dataVenc, pago) VALUES (2015, '86676657122', '2010-04-30', 'S');
INSERT INTO licenciamento (ano, renavam, dataVenc, pago) VALUES (2016, '86676657122', '2010-04-30', 'S');
INSERT INTO licenciamento (ano, renavam, dataVenc, pago) VALUES (2017, '86676657122', '2010-04-30', 'S');
INSERT INTO licenciamento (ano, renavam, dataVenc, pago) VALUES (2018, '86676657122', '2010-04-30', 'S');
INSERT INTO licenciamento (ano, renavam, dataVenc, pago) VALUES (2019, '86676657122', '2010-04-30', 'S');
INSERT INTO licenciamento (ano, renavam, dataVenc, pago) VALUES (2004, '70877125695', '2004-11-30', 'S');
INSERT INTO licenciamento (ano, renavam, dataVenc, pago) VALUES (2005, '70877125695', '2004-11-30', 'S');
INSERT INTO licenciamento (ano, renavam, dataVenc, pago) VALUES (2006, '70877125695', '2004-11-30', 'S');
INSERT INTO licenciamento (ano, renavam, dataVenc, pago) VALUES (2007, '70877125695', '2004-11-30', 'S');
INSERT INTO licenciamento (ano, renavam, dataVenc, pago) VALUES (2008, '70877125695', '2004-11-30', 'S');
INSERT INTO licenciamento (ano, renavam, dataVenc, pago) VALUES (1989, '81678000162', '1989-08-31', 'S');
INSERT INTO licenciamento (ano, renavam, dataVenc, pago) VALUES (1990, '81678000162', '1989-08-31', 'S');
INSERT INTO licenciamento (ano, renavam, dataVenc, pago) VALUES (1991, '81678000162', '1989-08-31', 'S');
INSERT INTO licenciamento (ano, renavam, dataVenc, pago) VALUES (1992, '81678000162', '1989-08-31', 'S');
INSERT INTO licenciamento (ano, renavam, dataVenc, pago) VALUES (1993, '81678000162', '1989-08-31', 'S');
INSERT INTO licenciamento (ano, renavam, dataVenc, pago) VALUES (1994, '81678000162', '1989-08-31', 'S');
INSERT INTO licenciamento (ano, renavam, dataVenc, pago) VALUES (1995, '81678000162', '1989-08-31', 'S');
INSERT INTO licenciamento (ano, renavam, dataVenc, pago) VALUES (1996, '81678000162', '1989-08-31', 'S');
INSERT INTO licenciamento (ano, renavam, dataVenc, pago) VALUES (1997, '81678000162', '1989-08-31', 'S');
INSERT INTO licenciamento (ano, renavam, dataVenc, pago) VALUES (1998, '81678000162', '1989-08-31', 'S');
INSERT INTO licenciamento (ano, renavam, dataVenc, pago) VALUES (1999, '81678000162', '1989-08-31', 'S');
INSERT INTO licenciamento (ano, renavam, dataVenc, pago) VALUES (2000, '81678000162', '1989-08-31', 'S');
INSERT INTO licenciamento (ano, renavam, dataVenc, pago) VALUES (2001, '81678000162', '1989-08-31', 'S');
INSERT INTO licenciamento (ano, renavam, dataVenc, pago) VALUES (2002, '81678000162', '1989-08-31', 'S');
INSERT INTO licenciamento (ano, renavam, dataVenc, pago) VALUES (2003, '81678000162', '1989-08-31', 'S');
INSERT INTO licenciamento (ano, renavam, dataVenc, pago) VALUES (2004, '81678000162', '1989-08-31', 'S');
INSERT INTO licenciamento (ano, renavam, dataVenc, pago) VALUES (2005, '81678000162', '1989-08-31', 'S');
INSERT INTO licenciamento (ano, renavam, dataVenc, pago) VALUES (2006, '81678000162', '1989-08-31', 'S');
INSERT INTO licenciamento (ano, renavam, dataVenc, pago) VALUES (2007, '81678000162', '1989-08-31', 'S');
INSERT INTO licenciamento (ano, renavam, dataVenc, pago) VALUES (2008, '81678000162', '1989-08-31', 'S');
INSERT INTO licenciamento (ano, renavam, dataVenc, pago) VALUES (2009, '81678000162', '1989-08-31', 'S');
INSERT INTO licenciamento (ano, renavam, dataVenc, pago) VALUES (2010, '81678000162', '1989-08-31', 'S');
INSERT INTO licenciamento (ano, renavam, dataVenc, pago) VALUES (2011, '81678000162', '1989-08-31', 'S');
INSERT INTO licenciamento (ano, renavam, dataVenc, pago) VALUES (2012, '81678000162', '1989-08-31', 'S');
INSERT INTO licenciamento (ano, renavam, dataVenc, pago) VALUES (2013, '81678000162', '1989-08-31', 'S');
INSERT INTO licenciamento (ano, renavam, dataVenc, pago) VALUES (2014, '81678000162', '1989-08-31', 'S');
INSERT INTO licenciamento (ano, renavam, dataVenc, pago) VALUES (2015, '81678000162', '1989-08-31', 'S');
INSERT INTO licenciamento (ano, renavam, dataVenc, pago) VALUES (2016, '81678000162', '1989-08-31', 'S');
INSERT INTO licenciamento (ano, renavam, dataVenc, pago) VALUES (2017, '81678000162', '1989-08-31', 'S');
INSERT INTO licenciamento (ano, renavam, dataVenc, pago) VALUES (2018, '81678000162', '1989-08-31', 'S');
INSERT INTO licenciamento (ano, renavam, dataVenc, pago) VALUES (2019, '81678000162', '1989-08-31', 'S');
INSERT INTO licenciamento (ano, renavam, dataVenc, pago) VALUES (2002, '78847283875', '2002-09-28', 'S');
INSERT INTO licenciamento (ano, renavam, dataVenc, pago) VALUES (2003, '78847283875', '2002-09-28', 'S');
INSERT INTO licenciamento (ano, renavam, dataVenc, pago) VALUES (2004, '78847283875', '2002-09-28', 'S');
INSERT INTO licenciamento (ano, renavam, dataVenc, pago) VALUES (2005, '78847283875', '2002-09-28', 'N');
INSERT INTO licenciamento (ano, renavam, dataVenc, pago) VALUES (2008, '67687395349', '2008-06-29', 'S');
INSERT INTO licenciamento (ano, renavam, dataVenc, pago) VALUES (2009, '67687395349', '2008-06-29', 'S');
INSERT INTO licenciamento (ano, renavam, dataVenc, pago) VALUES (2010, '67687395349', '2008-06-29', 'S');
INSERT INTO licenciamento (ano, renavam, dataVenc, pago) VALUES (2011, '67687395349', '2008-06-29', 'S');
INSERT INTO licenciamento (ano, renavam, dataVenc, pago) VALUES (2012, '67687395349', '2008-06-29', 'S');
INSERT INTO licenciamento (ano, renavam, dataVenc, pago) VALUES (2013, '67687395349', '2008-06-29', 'N');
INSERT INTO licenciamento (ano, renavam, dataVenc, pago) VALUES (2004, '87736909791', '2004-11-30', 'S');
INSERT INTO licenciamento (ano, renavam, dataVenc, pago) VALUES (2005, '87736909791', '2004-11-30', 'S');
INSERT INTO licenciamento (ano, renavam, dataVenc, pago) VALUES (2006, '87736909791', '2004-11-30', 'S');
INSERT INTO licenciamento (ano, renavam, dataVenc, pago) VALUES (2007, '87736909791', '2004-11-30', 'S');
INSERT INTO licenciamento (ano, renavam, dataVenc, pago) VALUES (2008, '87736909791', '2004-11-30', 'S');
INSERT INTO licenciamento (ano, renavam, dataVenc, pago) VALUES (2009, '87736909791', '2004-11-30', 'S');
INSERT INTO licenciamento (ano, renavam, dataVenc, pago) VALUES (2010, '87736909791', '2004-11-30', 'S');
INSERT INTO licenciamento (ano, renavam, dataVenc, pago) VALUES (2011, '87736909791', '2004-11-30', 'N');
INSERT INTO licenciamento (ano, renavam, dataVenc, pago) VALUES (1975, '90887724553', '1975-07-31', 'S');
INSERT INTO licenciamento (ano, renavam, dataVenc, pago) VALUES (1976, '90887724553', '1975-07-31', 'S');
INSERT INTO licenciamento (ano, renavam, dataVenc, pago) VALUES (1977, '90887724553', '1975-07-31', 'S');
INSERT INTO licenciamento (ano, renavam, dataVenc, pago) VALUES (1978, '90887724553', '1975-07-31', 'S');
INSERT INTO licenciamento (ano, renavam, dataVenc, pago) VALUES (1979, '90887724553', '1975-07-31', 'S');
INSERT INTO licenciamento (ano, renavam, dataVenc, pago) VALUES (1980, '90887724553', '1975-07-31', 'S');
INSERT INTO licenciamento (ano, renavam, dataVenc, pago) VALUES (1981, '90887724553', '1975-07-31', 'S');
INSERT INTO licenciamento (ano, renavam, dataVenc, pago) VALUES (1982, '90887724553', '1975-07-31', 'S');
INSERT INTO licenciamento (ano, renavam, dataVenc, pago) VALUES (1983, '90887724553', '1975-07-31', 'S');
INSERT INTO licenciamento (ano, renavam, dataVenc, pago) VALUES (1984, '90887724553', '1975-07-31', 'S');
INSERT INTO licenciamento (ano, renavam, dataVenc, pago) VALUES (1985, '90887724553', '1975-07-31', 'S');
INSERT INTO licenciamento (ano, renavam, dataVenc, pago) VALUES (1986, '90887724553', '1975-07-31', 'S');
INSERT INTO licenciamento (ano, renavam, dataVenc, pago) VALUES (1987, '90887724553', '1975-07-31', 'S');
INSERT INTO licenciamento (ano, renavam, dataVenc, pago) VALUES (1988, '90887724553', '1975-07-31', 'S');
INSERT INTO licenciamento (ano, renavam, dataVenc, pago) VALUES (1989, '90887724553', '1975-07-31', 'S');
INSERT INTO licenciamento (ano, renavam, dataVenc, pago) VALUES (1990, '90887724553', '1975-07-31', 'S');
INSERT INTO licenciamento (ano, renavam, dataVenc, pago) VALUES (1991, '90887724553', '1975-07-31', 'S');
INSERT INTO licenciamento (ano, renavam, dataVenc, pago) VALUES (1992, '90887724553', '1975-07-31', 'S');
INSERT INTO licenciamento (ano, renavam, dataVenc, pago) VALUES (1993, '90887724553', '1975-07-31', 'S');
INSERT INTO licenciamento (ano, renavam, dataVenc, pago) VALUES (1971, '74886836070', '1971-09-28', 'S');
INSERT INTO licenciamento (ano, renavam, dataVenc, pago) VALUES (1972, '74886836070', '1971-09-28', 'S');
INSERT INTO licenciamento (ano, renavam, dataVenc, pago) VALUES (1973, '74886836070', '1971-09-28', 'S');
INSERT INTO licenciamento (ano, renavam, dataVenc, pago) VALUES (1974, '74886836070', '1971-09-28', 'S');
INSERT INTO licenciamento (ano, renavam, dataVenc, pago) VALUES (1975, '74886836070', '1971-09-28', 'S');
INSERT INTO licenciamento (ano, renavam, dataVenc, pago) VALUES (1976, '74886836070', '1971-09-28', 'S');
INSERT INTO licenciamento (ano, renavam, dataVenc, pago) VALUES (1977, '74886836070', '1971-09-28', 'S');
INSERT INTO licenciamento (ano, renavam, dataVenc, pago) VALUES (1978, '74886836070', '1971-09-28', 'S');
INSERT INTO licenciamento (ano, renavam, dataVenc, pago) VALUES (1979, '74886836070', '1971-09-28', 'S');
INSERT INTO licenciamento (ano, renavam, dataVenc, pago) VALUES (1980, '74886836070', '1971-09-28', 'S');
INSERT INTO licenciamento (ano, renavam, dataVenc, pago) VALUES (1981, '74886836070', '1971-09-28', 'S');
INSERT INTO licenciamento (ano, renavam, dataVenc, pago) VALUES (1982, '74886836070', '1971-09-28', 'S');
INSERT INTO licenciamento (ano, renavam, dataVenc, pago) VALUES (1983, '74886836070', '1971-09-28', 'S');
INSERT INTO licenciamento (ano, renavam, dataVenc, pago) VALUES (1984, '74886836070', '1971-09-28', 'S');
INSERT INTO licenciamento (ano, renavam, dataVenc, pago) VALUES (1985, '74886836070', '1971-09-28', 'S');
INSERT INTO licenciamento (ano, renavam, dataVenc, pago) VALUES (1986, '74886836070', '1971-09-28', 'S');
INSERT INTO licenciamento (ano, renavam, dataVenc, pago) VALUES (1987, '74886836070', '1971-09-28', 'S');
INSERT INTO licenciamento (ano, renavam, dataVenc, pago) VALUES (1988, '74886836070', '1971-09-28', 'S');
INSERT INTO licenciamento (ano, renavam, dataVenc, pago) VALUES (1989, '74886836070', '1971-09-28', 'S');
INSERT INTO licenciamento (ano, renavam, dataVenc, pago) VALUES (1990, '74886836070', '1971-09-28', 'S');
INSERT INTO licenciamento (ano, renavam, dataVenc, pago) VALUES (1991, '74886836070', '1971-09-28', 'S');
INSERT INTO licenciamento (ano, renavam, dataVenc, pago) VALUES (1992, '74886836070', '1971-09-28', 'S');
INSERT INTO licenciamento (ano, renavam, dataVenc, pago) VALUES (1993, '74886836070', '1971-09-28', 'S');
INSERT INTO licenciamento (ano, renavam, dataVenc, pago) VALUES (1994, '74886836070', '1971-09-28', 'S');
INSERT INTO licenciamento (ano, renavam, dataVenc, pago) VALUES (1995, '74886836070', '1971-09-28', 'S');
INSERT INTO licenciamento (ano, renavam, dataVenc, pago) VALUES (1996, '74886836070', '1971-09-28', 'S');
INSERT INTO licenciamento (ano, renavam, dataVenc, pago) VALUES (1997, '74886836070', '1971-09-28', 'S');
INSERT INTO licenciamento (ano, renavam, dataVenc, pago) VALUES (1998, '74886836070', '1971-09-28', 'S');
INSERT INTO licenciamento (ano, renavam, dataVenc, pago) VALUES (1999, '74886836070', '1971-09-28', 'S');
INSERT INTO licenciamento (ano, renavam, dataVenc, pago) VALUES (2000, '74886836070', '1971-09-28', 'S');
INSERT INTO licenciamento (ano, renavam, dataVenc, pago) VALUES (2001, '74886836070', '1971-09-28', 'S');
INSERT INTO licenciamento (ano, renavam, dataVenc, pago) VALUES (2002, '74886836070', '1971-09-28', 'N');
INSERT INTO licenciamento (ano, renavam, dataVenc, pago) VALUES (2011, '81748773734', '2011-05-30', 'S');
INSERT INTO licenciamento (ano, renavam, dataVenc, pago) VALUES (2012, '81748773734', '2011-05-30', 'S');
INSERT INTO licenciamento (ano, renavam, dataVenc, pago) VALUES (2013, '81748773734', '2011-05-30', 'S');
INSERT INTO licenciamento (ano, renavam, dataVenc, pago) VALUES (2014, '81748773734', '2011-05-30', 'S');
INSERT INTO licenciamento (ano, renavam, dataVenc, pago) VALUES (2015, '81748773734', '2011-05-30', 'S');
INSERT INTO licenciamento (ano, renavam, dataVenc, pago) VALUES (2016, '81748773734', '2011-05-30', 'S');
INSERT INTO licenciamento (ano, renavam, dataVenc, pago) VALUES (2017, '81748773734', '2011-05-30', 'S');
INSERT INTO licenciamento (ano, renavam, dataVenc, pago) VALUES (2018, '81748773734', '2011-05-30', 'S');
INSERT INTO licenciamento (ano, renavam, dataVenc, pago) VALUES (2019, '81748773734', '2011-05-30', 'S');
INSERT INTO licenciamento (ano, renavam, dataVenc, pago) VALUES (1998, '86748394408', '1998-12-28', 'S');
INSERT INTO licenciamento (ano, renavam, dataVenc, pago) VALUES (1999, '86748394408', '1998-12-28', 'S');
INSERT INTO licenciamento (ano, renavam, dataVenc, pago) VALUES (2000, '86748394408', '1998-12-28', 'S');
INSERT INTO licenciamento (ano, renavam, dataVenc, pago) VALUES (2001, '86748394408', '1998-12-28', 'S');
INSERT INTO licenciamento (ano, renavam, dataVenc, pago) VALUES (2002, '86748394408', '1998-12-28', 'S');
INSERT INTO licenciamento (ano, renavam, dataVenc, pago) VALUES (2003, '86748394408', '1998-12-28', 'S');
INSERT INTO licenciamento (ano, renavam, dataVenc, pago) VALUES (2004, '86748394408', '1998-12-28', 'S');
INSERT INTO licenciamento (ano, renavam, dataVenc, pago) VALUES (2005, '86748394408', '1998-12-28', 'S');
INSERT INTO licenciamento (ano, renavam, dataVenc, pago) VALUES (2006, '86748394408', '1998-12-28', 'S');
INSERT INTO licenciamento (ano, renavam, dataVenc, pago) VALUES (2007, '86748394408', '1998-12-28', 'S');
INSERT INTO licenciamento (ano, renavam, dataVenc, pago) VALUES (2008, '86748394408', '1998-12-28', 'S');
INSERT INTO licenciamento (ano, renavam, dataVenc, pago) VALUES (2009, '86748394408', '1998-12-28', 'S');
INSERT INTO licenciamento (ano, renavam, dataVenc, pago) VALUES (2010, '86748394408', '1998-12-28', 'N');
INSERT INTO licenciamento (ano, renavam, dataVenc, pago) VALUES (2011, '84798202689', '2011-10-31', 'S');
INSERT INTO licenciamento (ano, renavam, dataVenc, pago) VALUES (2010, '68738676780', '2010-10-31', 'S');
INSERT INTO licenciamento (ano, renavam, dataVenc, pago) VALUES (2011, '68738676780', '2010-10-31', 'S');
INSERT INTO licenciamento (ano, renavam, dataVenc, pago) VALUES (2012, '68738676780', '2010-10-31', 'S');
INSERT INTO licenciamento (ano, renavam, dataVenc, pago) VALUES (2013, '68738676780', '2010-10-31', 'S');
INSERT INTO licenciamento (ano, renavam, dataVenc, pago) VALUES (2014, '68738676780', '2010-10-31', 'S');
INSERT INTO licenciamento (ano, renavam, dataVenc, pago) VALUES (2015, '68738676780', '2010-10-31', 'S');
INSERT INTO licenciamento (ano, renavam, dataVenc, pago) VALUES (2016, '68738676780', '2010-10-31', 'S');
INSERT INTO licenciamento (ano, renavam, dataVenc, pago) VALUES (2017, '68738676780', '2010-10-31', 'S');
INSERT INTO licenciamento (ano, renavam, dataVenc, pago) VALUES (2018, '68738676780', '2010-10-31', 'S');
INSERT INTO licenciamento (ano, renavam, dataVenc, pago) VALUES (2019, '68738676780', '2010-10-31', 'S');
INSERT INTO licenciamento (ano, renavam, dataVenc, pago) VALUES (1993, '66807678239', '1993-05-30', 'S');
INSERT INTO licenciamento (ano, renavam, dataVenc, pago) VALUES (1994, '66807678239', '1993-05-30', 'S');
INSERT INTO licenciamento (ano, renavam, dataVenc, pago) VALUES (1995, '66807678239', '1993-05-30', 'S');
INSERT INTO licenciamento (ano, renavam, dataVenc, pago) VALUES (1996, '66807678239', '1993-05-30', 'N');
INSERT INTO licenciamento (ano, renavam, dataVenc, pago) VALUES (1985, '82828136275', '1985-09-28', 'S');
INSERT INTO licenciamento (ano, renavam, dataVenc, pago) VALUES (1986, '82828136275', '1985-09-28', 'S');
INSERT INTO licenciamento (ano, renavam, dataVenc, pago) VALUES (1987, '82828136275', '1985-09-28', 'S');
INSERT INTO licenciamento (ano, renavam, dataVenc, pago) VALUES (1988, '82828136275', '1985-09-28', 'S');
INSERT INTO licenciamento (ano, renavam, dataVenc, pago) VALUES (1989, '82828136275', '1985-09-28', 'S');
INSERT INTO licenciamento (ano, renavam, dataVenc, pago) VALUES (1990, '82828136275', '1985-09-28', 'S');
INSERT INTO licenciamento (ano, renavam, dataVenc, pago) VALUES (1991, '82828136275', '1985-09-28', 'S');
INSERT INTO licenciamento (ano, renavam, dataVenc, pago) VALUES (1992, '82828136275', '1985-09-28', 'S');
INSERT INTO licenciamento (ano, renavam, dataVenc, pago) VALUES (1993, '82828136275', '1985-09-28', 'S');
INSERT INTO licenciamento (ano, renavam, dataVenc, pago) VALUES (1994, '82828136275', '1985-09-28', 'S');
INSERT INTO licenciamento (ano, renavam, dataVenc, pago) VALUES (1995, '82828136275', '1985-09-28', 'S');
INSERT INTO licenciamento (ano, renavam, dataVenc, pago) VALUES (1996, '82828136275', '1985-09-28', 'S');
INSERT INTO licenciamento (ano, renavam, dataVenc, pago) VALUES (1997, '82828136275', '1985-09-28', 'S');
INSERT INTO licenciamento (ano, renavam, dataVenc, pago) VALUES (1998, '82828136275', '1985-09-28', 'N');
INSERT INTO licenciamento (ano, renavam, dataVenc, pago) VALUES (1975, '70768389799', '1975-11-30', 'S');
INSERT INTO licenciamento (ano, renavam, dataVenc, pago) VALUES (1976, '70768389799', '1975-11-30', 'S');
INSERT INTO licenciamento (ano, renavam, dataVenc, pago) VALUES (1977, '70768389799', '1975-11-30', 'S');
INSERT INTO licenciamento (ano, renavam, dataVenc, pago) VALUES (1978, '70768389799', '1975-11-30', 'S');
INSERT INTO licenciamento (ano, renavam, dataVenc, pago) VALUES (1979, '70768389799', '1975-11-30', 'S');
INSERT INTO licenciamento (ano, renavam, dataVenc, pago) VALUES (1980, '70768389799', '1975-11-30', 'S');
INSERT INTO licenciamento (ano, renavam, dataVenc, pago) VALUES (1981, '70768389799', '1975-11-30', 'S');
INSERT INTO licenciamento (ano, renavam, dataVenc, pago) VALUES (1982, '70768389799', '1975-11-30', 'S');
INSERT INTO licenciamento (ano, renavam, dataVenc, pago) VALUES (1983, '70768389799', '1975-11-30', 'S');
INSERT INTO licenciamento (ano, renavam, dataVenc, pago) VALUES (1984, '70768389799', '1975-11-30', 'S');
INSERT INTO licenciamento (ano, renavam, dataVenc, pago) VALUES (1985, '70768389799', '1975-11-30', 'N');
INSERT INTO licenciamento (ano, renavam, dataVenc, pago) VALUES (1971, '82688230398', '1971-11-30', 'S');
INSERT INTO licenciamento (ano, renavam, dataVenc, pago) VALUES (1972, '82688230398', '1971-11-30', 'S');
INSERT INTO licenciamento (ano, renavam, dataVenc, pago) VALUES (1973, '82688230398', '1971-11-30', 'S');
INSERT INTO licenciamento (ano, renavam, dataVenc, pago) VALUES (1974, '82688230398', '1971-11-30', 'S');
INSERT INTO licenciamento (ano, renavam, dataVenc, pago) VALUES (1975, '82688230398', '1971-11-30', 'S');
INSERT INTO licenciamento (ano, renavam, dataVenc, pago) VALUES (1976, '82688230398', '1971-11-30', 'S');
INSERT INTO licenciamento (ano, renavam, dataVenc, pago) VALUES (1977, '82688230398', '1971-11-30', 'S');
INSERT INTO licenciamento (ano, renavam, dataVenc, pago) VALUES (1978, '82688230398', '1971-11-30', 'S');
INSERT INTO licenciamento (ano, renavam, dataVenc, pago) VALUES (1979, '82688230398', '1971-11-30', 'S');
INSERT INTO licenciamento (ano, renavam, dataVenc, pago) VALUES (1980, '82688230398', '1971-11-30', 'S');
INSERT INTO licenciamento (ano, renavam, dataVenc, pago) VALUES (1981, '82688230398', '1971-11-30', 'S');
INSERT INTO licenciamento (ano, renavam, dataVenc, pago) VALUES (1982, '82688230398', '1971-11-30', 'S');
INSERT INTO licenciamento (ano, renavam, dataVenc, pago) VALUES (1983, '82688230398', '1971-11-30', 'S');
INSERT INTO licenciamento (ano, renavam, dataVenc, pago) VALUES (1984, '82688230398', '1971-11-30', 'S');
INSERT INTO licenciamento (ano, renavam, dataVenc, pago) VALUES (1985, '82688230398', '1971-11-30', 'S');
INSERT INTO licenciamento (ano, renavam, dataVenc, pago) VALUES (1986, '82688230398', '1971-11-30', 'S');
INSERT INTO licenciamento (ano, renavam, dataVenc, pago) VALUES (1987, '82688230398', '1971-11-30', 'S');
INSERT INTO licenciamento (ano, renavam, dataVenc, pago) VALUES (1988, '82688230398', '1971-11-30', 'S');
INSERT INTO licenciamento (ano, renavam, dataVenc, pago) VALUES (1989, '82688230398', '1971-11-30', 'S');
INSERT INTO licenciamento (ano, renavam, dataVenc, pago) VALUES (1990, '82688230398', '1971-11-30', 'S');
INSERT INTO licenciamento (ano, renavam, dataVenc, pago) VALUES (1991, '82688230398', '1971-11-30', 'N');
INSERT INTO licenciamento (ano, renavam, dataVenc, pago) VALUES (1976, '72667365866', '1976-08-31', 'N');
INSERT INTO licenciamento (ano, renavam, dataVenc, pago) VALUES (1992, '77778507139', '1992-05-30', 'S');
INSERT INTO licenciamento (ano, renavam, dataVenc, pago) VALUES (1993, '77778507139', '1992-05-30', 'S');
INSERT INTO licenciamento (ano, renavam, dataVenc, pago) VALUES (1994, '77778507139', '1992-05-30', 'S');
INSERT INTO licenciamento (ano, renavam, dataVenc, pago) VALUES (1995, '77778507139', '1992-05-30', 'S');
INSERT INTO licenciamento (ano, renavam, dataVenc, pago) VALUES (1996, '77778507139', '1992-05-30', 'S');
INSERT INTO licenciamento (ano, renavam, dataVenc, pago) VALUES (1997, '77778507139', '1992-05-30', 'S');
INSERT INTO licenciamento (ano, renavam, dataVenc, pago) VALUES (1998, '77778507139', '1992-05-30', 'S');
INSERT INTO licenciamento (ano, renavam, dataVenc, pago) VALUES (1999, '77778507139', '1992-05-30', 'S');
INSERT INTO licenciamento (ano, renavam, dataVenc, pago) VALUES (2000, '77778507139', '1992-05-30', 'S');
INSERT INTO licenciamento (ano, renavam, dataVenc, pago) VALUES (2001, '77778507139', '1992-05-30', 'S');
INSERT INTO licenciamento (ano, renavam, dataVenc, pago) VALUES (2002, '77778507139', '1992-05-30', 'S');
INSERT INTO licenciamento (ano, renavam, dataVenc, pago) VALUES (2003, '77778507139', '1992-05-30', 'S');
INSERT INTO licenciamento (ano, renavam, dataVenc, pago) VALUES (2016, '84906744890', '2016-11-30', 'S');
INSERT INTO licenciamento (ano, renavam, dataVenc, pago) VALUES (2017, '84906744890', '2016-11-30', 'S');
INSERT INTO licenciamento (ano, renavam, dataVenc, pago) VALUES (2018, '84906744890', '2016-11-30', 'S');
INSERT INTO licenciamento (ano, renavam, dataVenc, pago) VALUES (2019, '84906744890', '2016-11-30', 'S');
INSERT INTO licenciamento (ano, renavam, dataVenc, pago) VALUES (1983, '82866865670', '1983-09-28', 'S');
INSERT INTO licenciamento (ano, renavam, dataVenc, pago) VALUES (1984, '82866865670', '1983-09-28', 'S');
INSERT INTO licenciamento (ano, renavam, dataVenc, pago) VALUES (1985, '82866865670', '1983-09-28', 'S');
INSERT INTO licenciamento (ano, renavam, dataVenc, pago) VALUES (1986, '82866865670', '1983-09-28', 'S');
INSERT INTO licenciamento (ano, renavam, dataVenc, pago) VALUES (1987, '82866865670', '1983-09-28', 'N');
INSERT INTO licenciamento (ano, renavam, dataVenc, pago) VALUES (2008, '83656705828', '2008-04-30', 'S');
INSERT INTO licenciamento (ano, renavam, dataVenc, pago) VALUES (2009, '83656705828', '2008-04-30', 'S');
INSERT INTO licenciamento (ano, renavam, dataVenc, pago) VALUES (2010, '83656705828', '2008-04-30', 'S');
INSERT INTO licenciamento (ano, renavam, dataVenc, pago) VALUES (2011, '83656705828', '2008-04-30', 'S');
INSERT INTO licenciamento (ano, renavam, dataVenc, pago) VALUES (2012, '83656705828', '2008-04-30', 'S');
INSERT INTO licenciamento (ano, renavam, dataVenc, pago) VALUES (2013, '83656705828', '2008-04-30', 'S');
INSERT INTO licenciamento (ano, renavam, dataVenc, pago) VALUES (2014, '83656705828', '2008-04-30', 'S');
INSERT INTO licenciamento (ano, renavam, dataVenc, pago) VALUES (2015, '83656705828', '2008-04-30', 'S');
INSERT INTO licenciamento (ano, renavam, dataVenc, pago) VALUES (2016, '83656705828', '2008-04-30', 'S');
INSERT INTO licenciamento (ano, renavam, dataVenc, pago) VALUES (2017, '83656705828', '2008-04-30', 'N');
INSERT INTO licenciamento (ano, renavam, dataVenc, pago) VALUES (1996, '81726529032', '1996-05-30', 'S');
INSERT INTO licenciamento (ano, renavam, dataVenc, pago) VALUES (1997, '81726529032', '1996-05-30', 'S');
INSERT INTO licenciamento (ano, renavam, dataVenc, pago) VALUES (1998, '81726529032', '1996-05-30', 'S');
INSERT INTO licenciamento (ano, renavam, dataVenc, pago) VALUES (1999, '81726529032', '1996-05-30', 'S');
INSERT INTO licenciamento (ano, renavam, dataVenc, pago) VALUES (2000, '81726529032', '1996-05-30', 'N');
INSERT INTO licenciamento (ano, renavam, dataVenc, pago) VALUES (1978, '86726870134', '1978-05-30', 'S');
INSERT INTO licenciamento (ano, renavam, dataVenc, pago) VALUES (1993, '79737534227', '1993-04-30', 'S');
INSERT INTO licenciamento (ano, renavam, dataVenc, pago) VALUES (1994, '79737534227', '1993-04-30', 'S');
INSERT INTO licenciamento (ano, renavam, dataVenc, pago) VALUES (1995, '79737534227', '1993-04-30', 'S');
INSERT INTO licenciamento (ano, renavam, dataVenc, pago) VALUES (1996, '79737534227', '1993-04-30', 'S');
INSERT INTO licenciamento (ano, renavam, dataVenc, pago) VALUES (1997, '79737534227', '1993-04-30', 'N');
INSERT INTO licenciamento (ano, renavam, dataVenc, pago) VALUES (2013, '80697804478', '2013-09-28', 'S');
INSERT INTO licenciamento (ano, renavam, dataVenc, pago) VALUES (2014, '80697804478', '2013-09-28', 'S');
INSERT INTO licenciamento (ano, renavam, dataVenc, pago) VALUES (2015, '80697804478', '2013-09-28', 'S');
INSERT INTO licenciamento (ano, renavam, dataVenc, pago) VALUES (2016, '80697804478', '2013-09-28', 'S');
INSERT INTO licenciamento (ano, renavam, dataVenc, pago) VALUES (2017, '80697804478', '2013-09-28', 'S');
INSERT INTO licenciamento (ano, renavam, dataVenc, pago) VALUES (2018, '80697804478', '2013-09-28', 'S');
INSERT INTO licenciamento (ano, renavam, dataVenc, pago) VALUES (2019, '80697804478', '2013-09-28', 'S');
INSERT INTO licenciamento (ano, renavam, dataVenc, pago) VALUES (2007, '87658256381', '2007-10-31', 'S');
INSERT INTO licenciamento (ano, renavam, dataVenc, pago) VALUES (2008, '87658256381', '2007-10-31', 'S');
INSERT INTO licenciamento (ano, renavam, dataVenc, pago) VALUES (2009, '87658256381', '2007-10-31', 'S');
INSERT INTO licenciamento (ano, renavam, dataVenc, pago) VALUES (2010, '87658256381', '2007-10-31', 'N');
INSERT INTO licenciamento (ano, renavam, dataVenc, pago) VALUES (1983, '80876984322', '1983-04-30', 'S');
INSERT INTO licenciamento (ano, renavam, dataVenc, pago) VALUES (1984, '80876984322', '1983-04-30', 'N');
INSERT INTO licenciamento (ano, renavam, dataVenc, pago) VALUES (1988, '73668821510', '1988-03-28', 'S');
INSERT INTO licenciamento (ano, renavam, dataVenc, pago) VALUES (1989, '73668821510', '1988-03-28', 'S');
INSERT INTO licenciamento (ano, renavam, dataVenc, pago) VALUES (1990, '73668821510', '1988-03-28', 'S');
INSERT INTO licenciamento (ano, renavam, dataVenc, pago) VALUES (1991, '73668821510', '1988-03-28', 'S');
INSERT INTO licenciamento (ano, renavam, dataVenc, pago) VALUES (1992, '73668821510', '1988-03-28', 'S');
INSERT INTO licenciamento (ano, renavam, dataVenc, pago) VALUES (1993, '73668821510', '1988-03-28', 'S');
INSERT INTO licenciamento (ano, renavam, dataVenc, pago) VALUES (1994, '73668821510', '1988-03-28', 'S');
INSERT INTO licenciamento (ano, renavam, dataVenc, pago) VALUES (1995, '73668821510', '1988-03-28', 'N');
INSERT INTO licenciamento (ano, renavam, dataVenc, pago) VALUES (2011, '85726763500', '2011-12-28', 'S');
INSERT INTO licenciamento (ano, renavam, dataVenc, pago) VALUES (2012, '85726763500', '2011-12-28', 'S');
INSERT INTO licenciamento (ano, renavam, dataVenc, pago) VALUES (2013, '85726763500', '2011-12-28', 'S');
INSERT INTO licenciamento (ano, renavam, dataVenc, pago) VALUES (2014, '85726763500', '2011-12-28', 'S');
INSERT INTO licenciamento (ano, renavam, dataVenc, pago) VALUES (2015, '85726763500', '2011-12-28', 'S');
INSERT INTO licenciamento (ano, renavam, dataVenc, pago) VALUES (2016, '85726763500', '2011-12-28', 'S');
INSERT INTO licenciamento (ano, renavam, dataVenc, pago) VALUES (1990, '85697976245', '1990-06-29', 'S');
INSERT INTO licenciamento (ano, renavam, dataVenc, pago) VALUES (1991, '85697976245', '1990-06-29', 'S');
INSERT INTO licenciamento (ano, renavam, dataVenc, pago) VALUES (1992, '85697976245', '1990-06-29', 'S');
INSERT INTO licenciamento (ano, renavam, dataVenc, pago) VALUES (1993, '85697976245', '1990-06-29', 'S');
INSERT INTO licenciamento (ano, renavam, dataVenc, pago) VALUES (1994, '85697976245', '1990-06-29', 'S');
INSERT INTO licenciamento (ano, renavam, dataVenc, pago) VALUES (1995, '85697976245', '1990-06-29', 'S');
INSERT INTO licenciamento (ano, renavam, dataVenc, pago) VALUES (1996, '85697976245', '1990-06-29', 'S');
INSERT INTO licenciamento (ano, renavam, dataVenc, pago) VALUES (2007, '84657112144', '2007-06-29', 'S');
INSERT INTO licenciamento (ano, renavam, dataVenc, pago) VALUES (2008, '84657112144', '2007-06-29', 'S');
INSERT INTO licenciamento (ano, renavam, dataVenc, pago) VALUES (2009, '84657112144', '2007-06-29', 'S');
INSERT INTO licenciamento (ano, renavam, dataVenc, pago) VALUES (2010, '84657112144', '2007-06-29', 'S');
INSERT INTO licenciamento (ano, renavam, dataVenc, pago) VALUES (2011, '84657112144', '2007-06-29', 'S');
INSERT INTO licenciamento (ano, renavam, dataVenc, pago) VALUES (2012, '84657112144', '2007-06-29', 'N');
INSERT INTO licenciamento (ano, renavam, dataVenc, pago) VALUES (1979, '65907324775', '1979-09-28', 'S');
INSERT INTO licenciamento (ano, renavam, dataVenc, pago) VALUES (1980, '65907324775', '1979-09-28', 'S');
INSERT INTO licenciamento (ano, renavam, dataVenc, pago) VALUES (1981, '65907324775', '1979-09-28', 'S');
INSERT INTO licenciamento (ano, renavam, dataVenc, pago) VALUES (1982, '65907324775', '1979-09-28', 'S');
INSERT INTO licenciamento (ano, renavam, dataVenc, pago) VALUES (1983, '65907324775', '1979-09-28', 'S');
INSERT INTO licenciamento (ano, renavam, dataVenc, pago) VALUES (1984, '65907324775', '1979-09-28', 'S');
INSERT INTO licenciamento (ano, renavam, dataVenc, pago) VALUES (1985, '65907324775', '1979-09-28', 'S');
INSERT INTO licenciamento (ano, renavam, dataVenc, pago) VALUES (1986, '65907324775', '1979-09-28', 'S');
INSERT INTO licenciamento (ano, renavam, dataVenc, pago) VALUES (1987, '65907324775', '1979-09-28', 'S');
INSERT INTO licenciamento (ano, renavam, dataVenc, pago) VALUES (1988, '65907324775', '1979-09-28', 'S');
INSERT INTO licenciamento (ano, renavam, dataVenc, pago) VALUES (1989, '65907324775', '1979-09-28', 'S');
INSERT INTO licenciamento (ano, renavam, dataVenc, pago) VALUES (1990, '65907324775', '1979-09-28', 'S');
INSERT INTO licenciamento (ano, renavam, dataVenc, pago) VALUES (1991, '65907324775', '1979-09-28', 'S');
INSERT INTO licenciamento (ano, renavam, dataVenc, pago) VALUES (1988, '68877438098', '1988-11-30', 'S');
INSERT INTO licenciamento (ano, renavam, dataVenc, pago) VALUES (1989, '68877438098', '1988-11-30', 'S');
INSERT INTO licenciamento (ano, renavam, dataVenc, pago) VALUES (1990, '68877438098', '1988-11-30', 'S');
INSERT INTO licenciamento (ano, renavam, dataVenc, pago) VALUES (1991, '68877438098', '1988-11-30', 'S');
INSERT INTO licenciamento (ano, renavam, dataVenc, pago) VALUES (1992, '68877438098', '1988-11-30', 'S');
INSERT INTO licenciamento (ano, renavam, dataVenc, pago) VALUES (1993, '68877438098', '1988-11-30', 'S');
INSERT INTO licenciamento (ano, renavam, dataVenc, pago) VALUES (1994, '68877438098', '1988-11-30', 'S');
INSERT INTO licenciamento (ano, renavam, dataVenc, pago) VALUES (1996, '74668395021', '1996-04-30', 'S');
INSERT INTO licenciamento (ano, renavam, dataVenc, pago) VALUES (1997, '74668395021', '1996-04-30', 'S');
INSERT INTO licenciamento (ano, renavam, dataVenc, pago) VALUES (1998, '74668395021', '1996-04-30', 'S');
INSERT INTO licenciamento (ano, renavam, dataVenc, pago) VALUES (1999, '74668395021', '1996-04-30', 'S');
INSERT INTO licenciamento (ano, renavam, dataVenc, pago) VALUES (2000, '74668395021', '1996-04-30', 'S');
INSERT INTO licenciamento (ano, renavam, dataVenc, pago) VALUES (2001, '74668395021', '1996-04-30', 'S');
INSERT INTO licenciamento (ano, renavam, dataVenc, pago) VALUES (2002, '74668395021', '1996-04-30', 'S');
INSERT INTO licenciamento (ano, renavam, dataVenc, pago) VALUES (2003, '74668395021', '1996-04-30', 'S');
INSERT INTO licenciamento (ano, renavam, dataVenc, pago) VALUES (2004, '74668395021', '1996-04-30', 'S');
INSERT INTO licenciamento (ano, renavam, dataVenc, pago) VALUES (2005, '74668395021', '1996-04-30', 'N');
INSERT INTO licenciamento (ano, renavam, dataVenc, pago) VALUES (1982, '84727044916', '1982-03-28', 'S');
INSERT INTO licenciamento (ano, renavam, dataVenc, pago) VALUES (1983, '84727044916', '1982-03-28', 'S');
INSERT INTO licenciamento (ano, renavam, dataVenc, pago) VALUES (1984, '84727044916', '1982-03-28', 'N');
INSERT INTO licenciamento (ano, renavam, dataVenc, pago) VALUES (1995, '69768253923', '1995-04-30', 'S');
INSERT INTO licenciamento (ano, renavam, dataVenc, pago) VALUES (1996, '69768253923', '1995-04-30', 'S');
INSERT INTO licenciamento (ano, renavam, dataVenc, pago) VALUES (1997, '69768253923', '1995-04-30', 'S');
INSERT INTO licenciamento (ano, renavam, dataVenc, pago) VALUES (1998, '69768253923', '1995-04-30', 'S');
INSERT INTO licenciamento (ano, renavam, dataVenc, pago) VALUES (1999, '69768253923', '1995-04-30', 'S');
INSERT INTO licenciamento (ano, renavam, dataVenc, pago) VALUES (2000, '69768253923', '1995-04-30', 'S');
INSERT INTO licenciamento (ano, renavam, dataVenc, pago) VALUES (2001, '69768253923', '1995-04-30', 'S');
INSERT INTO licenciamento (ano, renavam, dataVenc, pago) VALUES (2002, '69768253923', '1995-04-30', 'S');
INSERT INTO licenciamento (ano, renavam, dataVenc, pago) VALUES (2003, '69768253923', '1995-04-30', 'S');
INSERT INTO licenciamento (ano, renavam, dataVenc, pago) VALUES (2004, '69768253923', '1995-04-30', 'S');
INSERT INTO licenciamento (ano, renavam, dataVenc, pago) VALUES (2005, '69768253923', '1995-04-30', 'S');
INSERT INTO licenciamento (ano, renavam, dataVenc, pago) VALUES (2006, '69768253923', '1995-04-30', 'S');
INSERT INTO licenciamento (ano, renavam, dataVenc, pago) VALUES (2007, '69768253923', '1995-04-30', 'N');
INSERT INTO licenciamento (ano, renavam, dataVenc, pago) VALUES (1972, '79839017590', '1972-11-30', 'S');
INSERT INTO licenciamento (ano, renavam, dataVenc, pago) VALUES (1973, '79839017590', '1972-11-30', 'S');
INSERT INTO licenciamento (ano, renavam, dataVenc, pago) VALUES (1974, '79839017590', '1972-11-30', 'S');
INSERT INTO licenciamento (ano, renavam, dataVenc, pago) VALUES (1975, '79839017590', '1972-11-30', 'S');
INSERT INTO licenciamento (ano, renavam, dataVenc, pago) VALUES (1976, '79839017590', '1972-11-30', 'S');
INSERT INTO licenciamento (ano, renavam, dataVenc, pago) VALUES (1977, '79839017590', '1972-11-30', 'S');
INSERT INTO licenciamento (ano, renavam, dataVenc, pago) VALUES (1978, '79839017590', '1972-11-30', 'S');
INSERT INTO licenciamento (ano, renavam, dataVenc, pago) VALUES (1979, '79839017590', '1972-11-30', 'S');
INSERT INTO licenciamento (ano, renavam, dataVenc, pago) VALUES (1980, '79839017590', '1972-11-30', 'S');
INSERT INTO licenciamento (ano, renavam, dataVenc, pago) VALUES (1981, '79839017590', '1972-11-30', 'S');
INSERT INTO licenciamento (ano, renavam, dataVenc, pago) VALUES (1982, '79839017590', '1972-11-30', 'S');
INSERT INTO licenciamento (ano, renavam, dataVenc, pago) VALUES (1983, '79839017590', '1972-11-30', 'S');
INSERT INTO licenciamento (ano, renavam, dataVenc, pago) VALUES (1984, '79839017590', '1972-11-30', 'S');
INSERT INTO licenciamento (ano, renavam, dataVenc, pago) VALUES (1985, '79839017590', '1972-11-30', 'S');
INSERT INTO licenciamento (ano, renavam, dataVenc, pago) VALUES (1986, '79839017590', '1972-11-30', 'N');
INSERT INTO licenciamento (ano, renavam, dataVenc, pago) VALUES (2014, '88818368270', '2014-09-28', 'S');
INSERT INTO licenciamento (ano, renavam, dataVenc, pago) VALUES (2015, '88818368270', '2014-09-28', 'S');
INSERT INTO licenciamento (ano, renavam, dataVenc, pago) VALUES (2016, '88818368270', '2014-09-28', 'N');
INSERT INTO licenciamento (ano, renavam, dataVenc, pago) VALUES (1970, '88828793011', '1970-03-28', 'S');
INSERT INTO licenciamento (ano, renavam, dataVenc, pago) VALUES (1971, '88828793011', '1970-03-28', 'S');
INSERT INTO licenciamento (ano, renavam, dataVenc, pago) VALUES (1972, '88828793011', '1970-03-28', 'S');
INSERT INTO licenciamento (ano, renavam, dataVenc, pago) VALUES (1973, '88828793011', '1970-03-28', 'N');
INSERT INTO licenciamento (ano, renavam, dataVenc, pago) VALUES (2011, '82797220407', '2011-12-28', 'S');
INSERT INTO licenciamento (ano, renavam, dataVenc, pago) VALUES (2012, '82797220407', '2011-12-28', 'S');
INSERT INTO licenciamento (ano, renavam, dataVenc, pago) VALUES (2013, '82797220407', '2011-12-28', 'S');
INSERT INTO licenciamento (ano, renavam, dataVenc, pago) VALUES (2014, '82797220407', '2011-12-28', 'S');
INSERT INTO licenciamento (ano, renavam, dataVenc, pago) VALUES (2015, '82797220407', '2011-12-28', 'S');
INSERT INTO licenciamento (ano, renavam, dataVenc, pago) VALUES (2016, '82797220407', '2011-12-28', 'S');
INSERT INTO licenciamento (ano, renavam, dataVenc, pago) VALUES (2017, '82797220407', '2011-12-28', 'S');
INSERT INTO licenciamento (ano, renavam, dataVenc, pago) VALUES (2018, '82797220407', '2011-12-28', 'S');
INSERT INTO licenciamento (ano, renavam, dataVenc, pago) VALUES (2019, '82797220407', '2011-12-28', 'S');
INSERT INTO licenciamento (ano, renavam, dataVenc, pago) VALUES (2007, '88856576771', '2007-09-28', 'S');
INSERT INTO licenciamento (ano, renavam, dataVenc, pago) VALUES (2008, '88856576771', '2007-09-28', 'S');
INSERT INTO licenciamento (ano, renavam, dataVenc, pago) VALUES (2009, '88856576771', '2007-09-28', 'S');
INSERT INTO licenciamento (ano, renavam, dataVenc, pago) VALUES (2010, '88856576771', '2007-09-28', 'S');
INSERT INTO licenciamento (ano, renavam, dataVenc, pago) VALUES (2011, '88856576771', '2007-09-28', 'S');
INSERT INTO licenciamento (ano, renavam, dataVenc, pago) VALUES (2012, '88856576771', '2007-09-28', 'S');
INSERT INTO licenciamento (ano, renavam, dataVenc, pago) VALUES (2013, '88856576771', '2007-09-28', 'S');
INSERT INTO licenciamento (ano, renavam, dataVenc, pago) VALUES (2014, '88856576771', '2007-09-28', 'S');
INSERT INTO licenciamento (ano, renavam, dataVenc, pago) VALUES (2015, '88856576771', '2007-09-28', 'S');
INSERT INTO licenciamento (ano, renavam, dataVenc, pago) VALUES (2016, '88856576771', '2007-09-28', 'S');
INSERT INTO licenciamento (ano, renavam, dataVenc, pago) VALUES (2017, '88856576771', '2007-09-28', 'S');
INSERT INTO licenciamento (ano, renavam, dataVenc, pago) VALUES (1985, '72688717591', '1985-11-30', 'S');
INSERT INTO licenciamento (ano, renavam, dataVenc, pago) VALUES (1986, '72688717591', '1985-11-30', 'S');
INSERT INTO licenciamento (ano, renavam, dataVenc, pago) VALUES (1987, '72688717591', '1985-11-30', 'S');
INSERT INTO licenciamento (ano, renavam, dataVenc, pago) VALUES (1988, '72688717591', '1985-11-30', 'S');
INSERT INTO licenciamento (ano, renavam, dataVenc, pago) VALUES (1989, '72688717591', '1985-11-30', 'S');
INSERT INTO licenciamento (ano, renavam, dataVenc, pago) VALUES (1990, '72688717591', '1985-11-30', 'S');
INSERT INTO licenciamento (ano, renavam, dataVenc, pago) VALUES (1991, '72688717591', '1985-11-30', 'S');
INSERT INTO licenciamento (ano, renavam, dataVenc, pago) VALUES (1992, '72688717591', '1985-11-30', 'S');
INSERT INTO licenciamento (ano, renavam, dataVenc, pago) VALUES (1993, '72688717591', '1985-11-30', 'S');
INSERT INTO licenciamento (ano, renavam, dataVenc, pago) VALUES (1994, '72688717591', '1985-11-30', 'S');
INSERT INTO licenciamento (ano, renavam, dataVenc, pago) VALUES (1995, '72688717591', '1985-11-30', 'S');
INSERT INTO licenciamento (ano, renavam, dataVenc, pago) VALUES (1996, '72688717591', '1985-11-30', 'S');
INSERT INTO licenciamento (ano, renavam, dataVenc, pago) VALUES (1997, '72688717591', '1985-11-30', 'S');
INSERT INTO licenciamento (ano, renavam, dataVenc, pago) VALUES (1998, '72688717591', '1985-11-30', 'S');
INSERT INTO licenciamento (ano, renavam, dataVenc, pago) VALUES (1999, '72688717591', '1985-11-30', 'S');
INSERT INTO licenciamento (ano, renavam, dataVenc, pago) VALUES (2000, '72688717591', '1985-11-30', 'S');
INSERT INTO licenciamento (ano, renavam, dataVenc, pago) VALUES (2001, '72688717591', '1985-11-30', 'S');
INSERT INTO licenciamento (ano, renavam, dataVenc, pago) VALUES (2002, '72688717591', '1985-11-30', 'S');
INSERT INTO licenciamento (ano, renavam, dataVenc, pago) VALUES (2003, '72688717591', '1985-11-30', 'N');
INSERT INTO licenciamento (ano, renavam, dataVenc, pago) VALUES (1984, '79797044889', '1984-10-31', 'S');
INSERT INTO licenciamento (ano, renavam, dataVenc, pago) VALUES (1985, '79797044889', '1984-10-31', 'S');
INSERT INTO licenciamento (ano, renavam, dataVenc, pago) VALUES (1986, '79797044889', '1984-10-31', 'N');
INSERT INTO licenciamento (ano, renavam, dataVenc, pago) VALUES (1998, '75757668820', '1998-04-30', 'S');
INSERT INTO licenciamento (ano, renavam, dataVenc, pago) VALUES (1999, '75757668820', '1998-04-30', 'S');
INSERT INTO licenciamento (ano, renavam, dataVenc, pago) VALUES (2000, '75757668820', '1998-04-30', 'S');
INSERT INTO licenciamento (ano, renavam, dataVenc, pago) VALUES (2001, '75757668820', '1998-04-30', 'S');
INSERT INTO licenciamento (ano, renavam, dataVenc, pago) VALUES (2002, '75757668820', '1998-04-30', 'S');
INSERT INTO licenciamento (ano, renavam, dataVenc, pago) VALUES (2011, '84736525719', '2011-03-28', 'N');
INSERT INTO licenciamento (ano, renavam, dataVenc, pago) VALUES (1979, '81806536841', '1979-06-29', 'S');
INSERT INTO licenciamento (ano, renavam, dataVenc, pago) VALUES (1980, '81806536841', '1979-06-29', 'S');
INSERT INTO licenciamento (ano, renavam, dataVenc, pago) VALUES (1981, '81806536841', '1979-06-29', 'S');
INSERT INTO licenciamento (ano, renavam, dataVenc, pago) VALUES (1982, '81806536841', '1979-06-29', 'S');
INSERT INTO licenciamento (ano, renavam, dataVenc, pago) VALUES (1983, '81806536841', '1979-06-29', 'N');
INSERT INTO licenciamento (ano, renavam, dataVenc, pago) VALUES (1971, '82728483151', '1971-07-31', 'S');
INSERT INTO licenciamento (ano, renavam, dataVenc, pago) VALUES (1972, '82728483151', '1971-07-31', 'S');
INSERT INTO licenciamento (ano, renavam, dataVenc, pago) VALUES (1973, '82728483151', '1971-07-31', 'S');
INSERT INTO licenciamento (ano, renavam, dataVenc, pago) VALUES (1974, '82728483151', '1971-07-31', 'S');
INSERT INTO licenciamento (ano, renavam, dataVenc, pago) VALUES (1975, '82728483151', '1971-07-31', 'S');
INSERT INTO licenciamento (ano, renavam, dataVenc, pago) VALUES (1976, '82728483151', '1971-07-31', 'N');
INSERT INTO licenciamento (ano, renavam, dataVenc, pago) VALUES (2001, '68707799367', '2001-08-31', 'S');
INSERT INTO licenciamento (ano, renavam, dataVenc, pago) VALUES (2002, '68707799367', '2001-08-31', 'S');
INSERT INTO licenciamento (ano, renavam, dataVenc, pago) VALUES (2003, '68707799367', '2001-08-31', 'S');
INSERT INTO licenciamento (ano, renavam, dataVenc, pago) VALUES (2004, '68707799367', '2001-08-31', 'S');
INSERT INTO licenciamento (ano, renavam, dataVenc, pago) VALUES (2005, '68707799367', '2001-08-31', 'S');
INSERT INTO licenciamento (ano, renavam, dataVenc, pago) VALUES (2006, '68707799367', '2001-08-31', 'S');
INSERT INTO licenciamento (ano, renavam, dataVenc, pago) VALUES (1999, '88837923151', '1999-07-31', 'S');
INSERT INTO licenciamento (ano, renavam, dataVenc, pago) VALUES (2000, '88837923151', '1999-07-31', 'S');
INSERT INTO licenciamento (ano, renavam, dataVenc, pago) VALUES (2001, '88837923151', '1999-07-31', 'S');
INSERT INTO licenciamento (ano, renavam, dataVenc, pago) VALUES (2002, '88837923151', '1999-07-31', 'S');
INSERT INTO licenciamento (ano, renavam, dataVenc, pago) VALUES (2003, '88837923151', '1999-07-31', 'S');
INSERT INTO licenciamento (ano, renavam, dataVenc, pago) VALUES (2004, '88837923151', '1999-07-31', 'S');
INSERT INTO licenciamento (ano, renavam, dataVenc, pago) VALUES (2005, '88837923151', '1999-07-31', 'S');
INSERT INTO licenciamento (ano, renavam, dataVenc, pago) VALUES (2006, '88837923151', '1999-07-31', 'S');
INSERT INTO licenciamento (ano, renavam, dataVenc, pago) VALUES (2007, '88837923151', '1999-07-31', 'S');
INSERT INTO licenciamento (ano, renavam, dataVenc, pago) VALUES (2008, '88837923151', '1999-07-31', 'S');
INSERT INTO licenciamento (ano, renavam, dataVenc, pago) VALUES (2009, '88837923151', '1999-07-31', 'S');
INSERT INTO licenciamento (ano, renavam, dataVenc, pago) VALUES (2010, '88837923151', '1999-07-31', 'S');
INSERT INTO licenciamento (ano, renavam, dataVenc, pago) VALUES (2011, '88837923151', '1999-07-31', 'S');
INSERT INTO licenciamento (ano, renavam, dataVenc, pago) VALUES (2012, '88837923151', '1999-07-31', 'S');
INSERT INTO licenciamento (ano, renavam, dataVenc, pago) VALUES (2013, '88837923151', '1999-07-31', 'S');
INSERT INTO licenciamento (ano, renavam, dataVenc, pago) VALUES (2014, '88837923151', '1999-07-31', 'S');
INSERT INTO licenciamento (ano, renavam, dataVenc, pago) VALUES (2015, '88837923151', '1999-07-31', 'S');
INSERT INTO licenciamento (ano, renavam, dataVenc, pago) VALUES (2016, '88837923151', '1999-07-31', 'S');
INSERT INTO licenciamento (ano, renavam, dataVenc, pago) VALUES (2017, '88837923151', '1999-07-31', 'S');
INSERT INTO licenciamento (ano, renavam, dataVenc, pago) VALUES (2018, '88837923151', '1999-07-31', 'N');
INSERT INTO licenciamento (ano, renavam, dataVenc, pago) VALUES (2002, '82886795561', '2002-08-31', 'S');
INSERT INTO licenciamento (ano, renavam, dataVenc, pago) VALUES (2003, '82886795561', '2002-08-31', 'S');
INSERT INTO licenciamento (ano, renavam, dataVenc, pago) VALUES (2004, '82886795561', '2002-08-31', 'S');
INSERT INTO licenciamento (ano, renavam, dataVenc, pago) VALUES (2005, '82886795561', '2002-08-31', 'N');
INSERT INTO licenciamento (ano, renavam, dataVenc, pago) VALUES (1982, '86807372088', '1982-10-31', 'S');
INSERT INTO licenciamento (ano, renavam, dataVenc, pago) VALUES (1983, '86807372088', '1982-10-31', 'S');
INSERT INTO licenciamento (ano, renavam, dataVenc, pago) VALUES (1984, '86807372088', '1982-10-31', 'S');
INSERT INTO licenciamento (ano, renavam, dataVenc, pago) VALUES (1985, '86807372088', '1982-10-31', 'S');
INSERT INTO licenciamento (ano, renavam, dataVenc, pago) VALUES (1986, '86807372088', '1982-10-31', 'S');
INSERT INTO licenciamento (ano, renavam, dataVenc, pago) VALUES (1987, '86807372088', '1982-10-31', 'S');
INSERT INTO licenciamento (ano, renavam, dataVenc, pago) VALUES (1988, '86807372088', '1982-10-31', 'S');
INSERT INTO licenciamento (ano, renavam, dataVenc, pago) VALUES (1989, '86807372088', '1982-10-31', 'S');
INSERT INTO licenciamento (ano, renavam, dataVenc, pago) VALUES (1990, '86807372088', '1982-10-31', 'S');
INSERT INTO licenciamento (ano, renavam, dataVenc, pago) VALUES (1991, '86807372088', '1982-10-31', 'S');
INSERT INTO licenciamento (ano, renavam, dataVenc, pago) VALUES (2017, '85837004917', '2017-03-28', 'S');
INSERT INTO licenciamento (ano, renavam, dataVenc, pago) VALUES (2018, '85837004917', '2017-03-28', 'S');
INSERT INTO licenciamento (ano, renavam, dataVenc, pago) VALUES (2019, '85837004917', '2017-03-28', 'S');
INSERT INTO licenciamento (ano, renavam, dataVenc, pago) VALUES (2017, '81779052664', '2017-08-31', 'S');
INSERT INTO licenciamento (ano, renavam, dataVenc, pago) VALUES (2018, '81779052664', '2017-08-31', 'S');
INSERT INTO licenciamento (ano, renavam, dataVenc, pago) VALUES (2019, '81779052664', '2017-08-31', 'S');
INSERT INTO licenciamento (ano, renavam, dataVenc, pago) VALUES (2015, '77876540491', '2015-11-30', 'N');
INSERT INTO licenciamento (ano, renavam, dataVenc, pago) VALUES (2007, '80667216381', '2007-10-31', 'S');
INSERT INTO licenciamento (ano, renavam, dataVenc, pago) VALUES (2008, '80667216381', '2007-10-31', 'S');
INSERT INTO licenciamento (ano, renavam, dataVenc, pago) VALUES (2009, '80667216381', '2007-10-31', 'S');
INSERT INTO licenciamento (ano, renavam, dataVenc, pago) VALUES (2010, '80667216381', '2007-10-31', 'N');
INSERT INTO licenciamento (ano, renavam, dataVenc, pago) VALUES (2003, '85877446945', '2003-06-29', 'S');
INSERT INTO licenciamento (ano, renavam, dataVenc, pago) VALUES (2004, '85877446945', '2003-06-29', 'S');
INSERT INTO licenciamento (ano, renavam, dataVenc, pago) VALUES (2005, '85877446945', '2003-06-29', 'S');
INSERT INTO licenciamento (ano, renavam, dataVenc, pago) VALUES (2006, '85877446945', '2003-06-29', 'S');
INSERT INTO licenciamento (ano, renavam, dataVenc, pago) VALUES (2007, '85877446945', '2003-06-29', 'S');
INSERT INTO licenciamento (ano, renavam, dataVenc, pago) VALUES (2008, '85877446945', '2003-06-29', 'S');
INSERT INTO licenciamento (ano, renavam, dataVenc, pago) VALUES (2009, '85877446945', '2003-06-29', 'S');
INSERT INTO licenciamento (ano, renavam, dataVenc, pago) VALUES (2010, '85877446945', '2003-06-29', 'S');
INSERT INTO licenciamento (ano, renavam, dataVenc, pago) VALUES (2011, '85877446945', '2003-06-29', 'S');
INSERT INTO licenciamento (ano, renavam, dataVenc, pago) VALUES (2012, '85877446945', '2003-06-29', 'N');
INSERT INTO licenciamento (ano, renavam, dataVenc, pago) VALUES (1993, '88787052268', '1993-08-31', 'S');
INSERT INTO licenciamento (ano, renavam, dataVenc, pago) VALUES (1994, '88787052268', '1993-08-31', 'S');
INSERT INTO licenciamento (ano, renavam, dataVenc, pago) VALUES (1995, '88787052268', '1993-08-31', 'S');
INSERT INTO licenciamento (ano, renavam, dataVenc, pago) VALUES (1996, '88787052268', '1993-08-31', 'S');
INSERT INTO licenciamento (ano, renavam, dataVenc, pago) VALUES (1997, '88787052268', '1993-08-31', 'S');
INSERT INTO licenciamento (ano, renavam, dataVenc, pago) VALUES (1998, '88787052268', '1993-08-31', 'S');
INSERT INTO licenciamento (ano, renavam, dataVenc, pago) VALUES (1999, '88787052268', '1993-08-31', 'S');
INSERT INTO licenciamento (ano, renavam, dataVenc, pago) VALUES (2000, '88787052268', '1993-08-31', 'S');
INSERT INTO licenciamento (ano, renavam, dataVenc, pago) VALUES (2001, '88787052268', '1993-08-31', 'S');
INSERT INTO licenciamento (ano, renavam, dataVenc, pago) VALUES (2002, '88787052268', '1993-08-31', 'S');
INSERT INTO licenciamento (ano, renavam, dataVenc, pago) VALUES (2003, '88787052268', '1993-08-31', 'S');
INSERT INTO licenciamento (ano, renavam, dataVenc, pago) VALUES (2004, '88787052268', '1993-08-31', 'S');
INSERT INTO licenciamento (ano, renavam, dataVenc, pago) VALUES (2005, '88787052268', '1993-08-31', 'S');
INSERT INTO licenciamento (ano, renavam, dataVenc, pago) VALUES (2006, '88787052268', '1993-08-31', 'S');
INSERT INTO licenciamento (ano, renavam, dataVenc, pago) VALUES (2007, '88787052268', '1993-08-31', 'S');
INSERT INTO licenciamento (ano, renavam, dataVenc, pago) VALUES (2008, '88787052268', '1993-08-31', 'S');
INSERT INTO licenciamento (ano, renavam, dataVenc, pago) VALUES (2009, '88787052268', '1993-08-31', 'S');
INSERT INTO licenciamento (ano, renavam, dataVenc, pago) VALUES (2010, '88787052268', '1993-08-31', 'S');
INSERT INTO licenciamento (ano, renavam, dataVenc, pago) VALUES (2011, '88787052268', '1993-08-31', 'S');
INSERT INTO licenciamento (ano, renavam, dataVenc, pago) VALUES (2012, '88787052268', '1993-08-31', 'S');
INSERT INTO licenciamento (ano, renavam, dataVenc, pago) VALUES (2013, '88787052268', '1993-08-31', 'S');
INSERT INTO licenciamento (ano, renavam, dataVenc, pago) VALUES (2014, '88787052268', '1993-08-31', 'S');
INSERT INTO licenciamento (ano, renavam, dataVenc, pago) VALUES (2015, '88787052268', '1993-08-31', 'S');
INSERT INTO licenciamento (ano, renavam, dataVenc, pago) VALUES (2016, '88787052268', '1993-08-31', 'S');
INSERT INTO licenciamento (ano, renavam, dataVenc, pago) VALUES (2017, '88787052268', '1993-08-31', 'S');
INSERT INTO licenciamento (ano, renavam, dataVenc, pago) VALUES (2018, '88787052268', '1993-08-31', 'S');
INSERT INTO licenciamento (ano, renavam, dataVenc, pago) VALUES (2019, '88787052268', '1993-08-31', 'S');
INSERT INTO licenciamento (ano, renavam, dataVenc, pago) VALUES (1980, '73697914742', '1980-06-29', 'S');
INSERT INTO licenciamento (ano, renavam, dataVenc, pago) VALUES (1981, '73697914742', '1980-06-29', 'S');
INSERT INTO licenciamento (ano, renavam, dataVenc, pago) VALUES (1982, '73697914742', '1980-06-29', 'S');
INSERT INTO licenciamento (ano, renavam, dataVenc, pago) VALUES (1983, '73697914742', '1980-06-29', 'S');
INSERT INTO licenciamento (ano, renavam, dataVenc, pago) VALUES (1984, '73697914742', '1980-06-29', 'S');
INSERT INTO licenciamento (ano, renavam, dataVenc, pago) VALUES (1985, '73697914742', '1980-06-29', 'S');
INSERT INTO licenciamento (ano, renavam, dataVenc, pago) VALUES (1986, '73697914742', '1980-06-29', 'S');
INSERT INTO licenciamento (ano, renavam, dataVenc, pago) VALUES (1987, '73697914742', '1980-06-29', 'S');
INSERT INTO licenciamento (ano, renavam, dataVenc, pago) VALUES (1988, '73697914742', '1980-06-29', 'S');
INSERT INTO licenciamento (ano, renavam, dataVenc, pago) VALUES (1989, '73697914742', '1980-06-29', 'S');
INSERT INTO licenciamento (ano, renavam, dataVenc, pago) VALUES (1990, '73697914742', '1980-06-29', 'S');
INSERT INTO licenciamento (ano, renavam, dataVenc, pago) VALUES (1991, '73697914742', '1980-06-29', 'S');
INSERT INTO licenciamento (ano, renavam, dataVenc, pago) VALUES (1992, '73697914742', '1980-06-29', 'S');
INSERT INTO licenciamento (ano, renavam, dataVenc, pago) VALUES (1993, '73697914742', '1980-06-29', 'S');
INSERT INTO licenciamento (ano, renavam, dataVenc, pago) VALUES (1994, '73697914742', '1980-06-29', 'S');
INSERT INTO licenciamento (ano, renavam, dataVenc, pago) VALUES (1995, '73697914742', '1980-06-29', 'S');
INSERT INTO licenciamento (ano, renavam, dataVenc, pago) VALUES (1996, '73697914742', '1980-06-29', 'S');
INSERT INTO licenciamento (ano, renavam, dataVenc, pago) VALUES (1997, '73697914742', '1980-06-29', 'S');
INSERT INTO licenciamento (ano, renavam, dataVenc, pago) VALUES (1998, '73697914742', '1980-06-29', 'S');
INSERT INTO licenciamento (ano, renavam, dataVenc, pago) VALUES (1999, '73697914742', '1980-06-29', 'N');
INSERT INTO licenciamento (ano, renavam, dataVenc, pago) VALUES (2008, '65667369605', '2008-12-28', 'S');
INSERT INTO licenciamento (ano, renavam, dataVenc, pago) VALUES (2009, '65667369605', '2008-12-28', 'S');
INSERT INTO licenciamento (ano, renavam, dataVenc, pago) VALUES (2010, '65667369605', '2008-12-28', 'S');
INSERT INTO licenciamento (ano, renavam, dataVenc, pago) VALUES (2011, '65667369605', '2008-12-28', 'S');
INSERT INTO licenciamento (ano, renavam, dataVenc, pago) VALUES (2012, '65667369605', '2008-12-28', 'S');
INSERT INTO licenciamento (ano, renavam, dataVenc, pago) VALUES (2013, '65667369605', '2008-12-28', 'S');
INSERT INTO licenciamento (ano, renavam, dataVenc, pago) VALUES (2014, '65667369605', '2008-12-28', 'S');
INSERT INTO licenciamento (ano, renavam, dataVenc, pago) VALUES (2015, '65667369605', '2008-12-28', 'S');
INSERT INTO licenciamento (ano, renavam, dataVenc, pago) VALUES (2016, '65667369605', '2008-12-28', 'S');
INSERT INTO licenciamento (ano, renavam, dataVenc, pago) VALUES (2017, '65667369605', '2008-12-28', 'S');
INSERT INTO licenciamento (ano, renavam, dataVenc, pago) VALUES (2018, '65667369605', '2008-12-28', 'S');
INSERT INTO licenciamento (ano, renavam, dataVenc, pago) VALUES (2019, '65667369605', '2008-12-28', 'S');
INSERT INTO licenciamento (ano, renavam, dataVenc, pago) VALUES (1998, '79897033609', '1998-12-28', 'S');
INSERT INTO licenciamento (ano, renavam, dataVenc, pago) VALUES (1999, '79897033609', '1998-12-28', 'S');
INSERT INTO licenciamento (ano, renavam, dataVenc, pago) VALUES (2000, '79897033609', '1998-12-28', 'S');
INSERT INTO licenciamento (ano, renavam, dataVenc, pago) VALUES (2001, '79897033609', '1998-12-28', 'S');
INSERT INTO licenciamento (ano, renavam, dataVenc, pago) VALUES (2002, '79897033609', '1998-12-28', 'S');
INSERT INTO licenciamento (ano, renavam, dataVenc, pago) VALUES (2003, '79897033609', '1998-12-28', 'S');
INSERT INTO licenciamento (ano, renavam, dataVenc, pago) VALUES (2004, '79897033609', '1998-12-28', 'S');
INSERT INTO licenciamento (ano, renavam, dataVenc, pago) VALUES (2005, '79897033609', '1998-12-28', 'N');
INSERT INTO licenciamento (ano, renavam, dataVenc, pago) VALUES (1976, '77818620364', '1976-08-31', 'S');
INSERT INTO licenciamento (ano, renavam, dataVenc, pago) VALUES (1977, '77818620364', '1976-08-31', 'S');
INSERT INTO licenciamento (ano, renavam, dataVenc, pago) VALUES (1978, '77818620364', '1976-08-31', 'S');
INSERT INTO licenciamento (ano, renavam, dataVenc, pago) VALUES (1979, '77818620364', '1976-08-31', 'S');
INSERT INTO licenciamento (ano, renavam, dataVenc, pago) VALUES (1980, '77818620364', '1976-08-31', 'S');
INSERT INTO licenciamento (ano, renavam, dataVenc, pago) VALUES (1981, '77818620364', '1976-08-31', 'S');
INSERT INTO licenciamento (ano, renavam, dataVenc, pago) VALUES (1982, '77818620364', '1976-08-31', 'S');
INSERT INTO licenciamento (ano, renavam, dataVenc, pago) VALUES (1983, '77818620364', '1976-08-31', 'S');
INSERT INTO licenciamento (ano, renavam, dataVenc, pago) VALUES (1984, '77818620364', '1976-08-31', 'S');
INSERT INTO licenciamento (ano, renavam, dataVenc, pago) VALUES (1985, '77818620364', '1976-08-31', 'S');
INSERT INTO licenciamento (ano, renavam, dataVenc, pago) VALUES (1986, '77818620364', '1976-08-31', 'S');
INSERT INTO licenciamento (ano, renavam, dataVenc, pago) VALUES (1987, '77818620364', '1976-08-31', 'S');
INSERT INTO licenciamento (ano, renavam, dataVenc, pago) VALUES (1988, '77818620364', '1976-08-31', 'S');
INSERT INTO licenciamento (ano, renavam, dataVenc, pago) VALUES (1989, '77818620364', '1976-08-31', 'S');
INSERT INTO licenciamento (ano, renavam, dataVenc, pago) VALUES (1990, '77818620364', '1976-08-31', 'S');
INSERT INTO licenciamento (ano, renavam, dataVenc, pago) VALUES (1991, '77818620364', '1976-08-31', 'S');
INSERT INTO licenciamento (ano, renavam, dataVenc, pago) VALUES (1992, '77818620364', '1976-08-31', 'S');
INSERT INTO licenciamento (ano, renavam, dataVenc, pago) VALUES (1993, '77818620364', '1976-08-31', 'S');
INSERT INTO licenciamento (ano, renavam, dataVenc, pago) VALUES (1994, '77818620364', '1976-08-31', 'S');
INSERT INTO licenciamento (ano, renavam, dataVenc, pago) VALUES (1995, '77818620364', '1976-08-31', 'S');
INSERT INTO licenciamento (ano, renavam, dataVenc, pago) VALUES (1996, '77818620364', '1976-08-31', 'S');
INSERT INTO licenciamento (ano, renavam, dataVenc, pago) VALUES (1997, '77818620364', '1976-08-31', 'S');
INSERT INTO licenciamento (ano, renavam, dataVenc, pago) VALUES (1998, '77818620364', '1976-08-31', 'S');
INSERT INTO licenciamento (ano, renavam, dataVenc, pago) VALUES (1999, '77818620364', '1976-08-31', 'S');
INSERT INTO licenciamento (ano, renavam, dataVenc, pago) VALUES (2000, '77818620364', '1976-08-31', 'S');
INSERT INTO licenciamento (ano, renavam, dataVenc, pago) VALUES (2001, '77818620364', '1976-08-31', 'S');
INSERT INTO licenciamento (ano, renavam, dataVenc, pago) VALUES (2002, '77818620364', '1976-08-31', 'S');
INSERT INTO licenciamento (ano, renavam, dataVenc, pago) VALUES (2003, '77818620364', '1976-08-31', 'N');
INSERT INTO licenciamento (ano, renavam, dataVenc, pago) VALUES (1997, '88886765440', '1997-06-29', 'S');
INSERT INTO licenciamento (ano, renavam, dataVenc, pago) VALUES (1998, '88886765440', '1997-06-29', 'S');
INSERT INTO licenciamento (ano, renavam, dataVenc, pago) VALUES (1999, '88886765440', '1997-06-29', 'S');
INSERT INTO licenciamento (ano, renavam, dataVenc, pago) VALUES (2000, '88886765440', '1997-06-29', 'S');
INSERT INTO licenciamento (ano, renavam, dataVenc, pago) VALUES (2001, '88886765440', '1997-06-29', 'S');
INSERT INTO licenciamento (ano, renavam, dataVenc, pago) VALUES (2002, '88886765440', '1997-06-29', 'S');
INSERT INTO licenciamento (ano, renavam, dataVenc, pago) VALUES (2003, '88886765440', '1997-06-29', 'S');
INSERT INTO licenciamento (ano, renavam, dataVenc, pago) VALUES (2004, '88886765440', '1997-06-29', 'S');
INSERT INTO licenciamento (ano, renavam, dataVenc, pago) VALUES (2005, '88886765440', '1997-06-29', 'S');
INSERT INTO licenciamento (ano, renavam, dataVenc, pago) VALUES (2006, '88886765440', '1997-06-29', 'S');
INSERT INTO licenciamento (ano, renavam, dataVenc, pago) VALUES (2007, '88886765440', '1997-06-29', 'S');
INSERT INTO licenciamento (ano, renavam, dataVenc, pago) VALUES (2008, '88886765440', '1997-06-29', 'S');
INSERT INTO licenciamento (ano, renavam, dataVenc, pago) VALUES (2009, '88886765440', '1997-06-29', 'S');
INSERT INTO licenciamento (ano, renavam, dataVenc, pago) VALUES (2010, '88886765440', '1997-06-29', 'S');
INSERT INTO licenciamento (ano, renavam, dataVenc, pago) VALUES (2011, '88886765440', '1997-06-29', 'N');
INSERT INTO licenciamento (ano, renavam, dataVenc, pago) VALUES (2008, '77787109965', '2008-08-31', 'S');
INSERT INTO licenciamento (ano, renavam, dataVenc, pago) VALUES (2009, '77787109965', '2008-08-31', 'S');
INSERT INTO licenciamento (ano, renavam, dataVenc, pago) VALUES (2010, '77787109965', '2008-08-31', 'S');
INSERT INTO licenciamento (ano, renavam, dataVenc, pago) VALUES (2011, '77787109965', '2008-08-31', 'S');
INSERT INTO licenciamento (ano, renavam, dataVenc, pago) VALUES (2012, '77787109965', '2008-08-31', 'S');
INSERT INTO licenciamento (ano, renavam, dataVenc, pago) VALUES (2013, '77787109965', '2008-08-31', 'S');
INSERT INTO licenciamento (ano, renavam, dataVenc, pago) VALUES (2014, '77787109965', '2008-08-31', 'S');
INSERT INTO licenciamento (ano, renavam, dataVenc, pago) VALUES (1987, '71687003066', '1987-08-31', 'S');
INSERT INTO licenciamento (ano, renavam, dataVenc, pago) VALUES (1988, '71687003066', '1987-08-31', 'S');
INSERT INTO licenciamento (ano, renavam, dataVenc, pago) VALUES (1989, '71687003066', '1987-08-31', 'S');
INSERT INTO licenciamento (ano, renavam, dataVenc, pago) VALUES (1990, '71687003066', '1987-08-31', 'S');
INSERT INTO licenciamento (ano, renavam, dataVenc, pago) VALUES (1991, '71687003066', '1987-08-31', 'S');
INSERT INTO licenciamento (ano, renavam, dataVenc, pago) VALUES (1992, '71687003066', '1987-08-31', 'S');
INSERT INTO licenciamento (ano, renavam, dataVenc, pago) VALUES (1993, '71687003066', '1987-08-31', 'S');
INSERT INTO licenciamento (ano, renavam, dataVenc, pago) VALUES (1994, '71687003066', '1987-08-31', 'S');
INSERT INTO licenciamento (ano, renavam, dataVenc, pago) VALUES (1995, '71687003066', '1987-08-31', 'S');
INSERT INTO licenciamento (ano, renavam, dataVenc, pago) VALUES (1996, '71687003066', '1987-08-31', 'S');
INSERT INTO licenciamento (ano, renavam, dataVenc, pago) VALUES (1997, '71687003066', '1987-08-31', 'S');
INSERT INTO licenciamento (ano, renavam, dataVenc, pago) VALUES (1998, '71687003066', '1987-08-31', 'S');
INSERT INTO licenciamento (ano, renavam, dataVenc, pago) VALUES (1999, '71687003066', '1987-08-31', 'S');
INSERT INTO licenciamento (ano, renavam, dataVenc, pago) VALUES (2000, '71687003066', '1987-08-31', 'S');
INSERT INTO licenciamento (ano, renavam, dataVenc, pago) VALUES (2001, '71687003066', '1987-08-31', 'S');
INSERT INTO licenciamento (ano, renavam, dataVenc, pago) VALUES (2002, '71687003066', '1987-08-31', 'S');
INSERT INTO licenciamento (ano, renavam, dataVenc, pago) VALUES (2003, '71687003066', '1987-08-31', 'S');
INSERT INTO licenciamento (ano, renavam, dataVenc, pago) VALUES (2004, '71687003066', '1987-08-31', 'S');
INSERT INTO licenciamento (ano, renavam, dataVenc, pago) VALUES (2005, '71687003066', '1987-08-31', 'S');
INSERT INTO licenciamento (ano, renavam, dataVenc, pago) VALUES (2006, '71687003066', '1987-08-31', 'S');
INSERT INTO licenciamento (ano, renavam, dataVenc, pago) VALUES (2007, '71687003066', '1987-08-31', 'S');
INSERT INTO licenciamento (ano, renavam, dataVenc, pago) VALUES (2008, '71687003066', '1987-08-31', 'S');
INSERT INTO licenciamento (ano, renavam, dataVenc, pago) VALUES (2009, '71687003066', '1987-08-31', 'S');
INSERT INTO licenciamento (ano, renavam, dataVenc, pago) VALUES (2010, '71687003066', '1987-08-31', 'S');
INSERT INTO licenciamento (ano, renavam, dataVenc, pago) VALUES (2011, '71687003066', '1987-08-31', 'S');
INSERT INTO licenciamento (ano, renavam, dataVenc, pago) VALUES (2012, '71687003066', '1987-08-31', 'S');
INSERT INTO licenciamento (ano, renavam, dataVenc, pago) VALUES (2013, '71687003066', '1987-08-31', 'S');
INSERT INTO licenciamento (ano, renavam, dataVenc, pago) VALUES (2014, '71687003066', '1987-08-31', 'S');
INSERT INTO licenciamento (ano, renavam, dataVenc, pago) VALUES (2015, '71687003066', '1987-08-31', 'S');
INSERT INTO licenciamento (ano, renavam, dataVenc, pago) VALUES (2016, '71687003066', '1987-08-31', 'S');
INSERT INTO licenciamento (ano, renavam, dataVenc, pago) VALUES (2017, '71687003066', '1987-08-31', 'S');
INSERT INTO licenciamento (ano, renavam, dataVenc, pago) VALUES (2018, '71687003066', '1987-08-31', 'S');
INSERT INTO licenciamento (ano, renavam, dataVenc, pago) VALUES (2019, '71687003066', '1987-08-31', 'S');
INSERT INTO licenciamento (ano, renavam, dataVenc, pago) VALUES (2006, '78737307150', '2006-07-31', 'S');
INSERT INTO licenciamento (ano, renavam, dataVenc, pago) VALUES (2007, '78737307150', '2006-07-31', 'S');
INSERT INTO licenciamento (ano, renavam, dataVenc, pago) VALUES (2008, '78737307150', '2006-07-31', 'S');
INSERT INTO licenciamento (ano, renavam, dataVenc, pago) VALUES (2009, '78737307150', '2006-07-31', 'S');
INSERT INTO licenciamento (ano, renavam, dataVenc, pago) VALUES (2010, '78737307150', '2006-07-31', 'S');
INSERT INTO licenciamento (ano, renavam, dataVenc, pago) VALUES (2011, '78737307150', '2006-07-31', 'S');
INSERT INTO licenciamento (ano, renavam, dataVenc, pago) VALUES (2012, '78737307150', '2006-07-31', 'S');
INSERT INTO licenciamento (ano, renavam, dataVenc, pago) VALUES (2013, '78737307150', '2006-07-31', 'S');
INSERT INTO licenciamento (ano, renavam, dataVenc, pago) VALUES (2014, '78737307150', '2006-07-31', 'S');
INSERT INTO licenciamento (ano, renavam, dataVenc, pago) VALUES (2015, '78737307150', '2006-07-31', 'S');
INSERT INTO licenciamento (ano, renavam, dataVenc, pago) VALUES (2016, '78737307150', '2006-07-31', 'S');
INSERT INTO licenciamento (ano, renavam, dataVenc, pago) VALUES (2017, '78737307150', '2006-07-31', 'S');
INSERT INTO licenciamento (ano, renavam, dataVenc, pago) VALUES (2018, '78737307150', '2006-07-31', 'S');
INSERT INTO licenciamento (ano, renavam, dataVenc, pago) VALUES (2019, '78737307150', '2006-07-31', 'S');
INSERT INTO licenciamento (ano, renavam, dataVenc, pago) VALUES (2015, '67718557086', '2015-10-31', 'S');
INSERT INTO licenciamento (ano, renavam, dataVenc, pago) VALUES (2016, '67718557086', '2015-10-31', 'S');
INSERT INTO licenciamento (ano, renavam, dataVenc, pago) VALUES (2017, '67718557086', '2015-10-31', 'S');
INSERT INTO licenciamento (ano, renavam, dataVenc, pago) VALUES (2018, '67718557086', '2015-10-31', 'S');
INSERT INTO licenciamento (ano, renavam, dataVenc, pago) VALUES (2019, '67718557086', '2015-10-31', 'S');
INSERT INTO licenciamento (ano, renavam, dataVenc, pago) VALUES (1993, '86787730898', '1993-11-30', 'S');
INSERT INTO licenciamento (ano, renavam, dataVenc, pago) VALUES (1994, '86787730898', '1993-11-30', 'S');
INSERT INTO licenciamento (ano, renavam, dataVenc, pago) VALUES (1995, '86787730898', '1993-11-30', 'N');
INSERT INTO licenciamento (ano, renavam, dataVenc, pago) VALUES (1978, '70678397458', '1978-07-31', 'S');
INSERT INTO licenciamento (ano, renavam, dataVenc, pago) VALUES (1979, '70678397458', '1978-07-31', 'S');
INSERT INTO licenciamento (ano, renavam, dataVenc, pago) VALUES (1980, '70678397458', '1978-07-31', 'S');
INSERT INTO licenciamento (ano, renavam, dataVenc, pago) VALUES (1981, '70678397458', '1978-07-31', 'S');
INSERT INTO licenciamento (ano, renavam, dataVenc, pago) VALUES (1982, '70678397458', '1978-07-31', 'S');
INSERT INTO licenciamento (ano, renavam, dataVenc, pago) VALUES (1983, '70678397458', '1978-07-31', 'S');
INSERT INTO licenciamento (ano, renavam, dataVenc, pago) VALUES (1984, '70678397458', '1978-07-31', 'S');
INSERT INTO licenciamento (ano, renavam, dataVenc, pago) VALUES (1985, '70678397458', '1978-07-31', 'S');
INSERT INTO licenciamento (ano, renavam, dataVenc, pago) VALUES (1986, '70678397458', '1978-07-31', 'S');
INSERT INTO licenciamento (ano, renavam, dataVenc, pago) VALUES (1987, '70678397458', '1978-07-31', 'S');
INSERT INTO licenciamento (ano, renavam, dataVenc, pago) VALUES (1988, '70678397458', '1978-07-31', 'S');
INSERT INTO licenciamento (ano, renavam, dataVenc, pago) VALUES (1989, '70678397458', '1978-07-31', 'S');
INSERT INTO licenciamento (ano, renavam, dataVenc, pago) VALUES (1990, '70678397458', '1978-07-31', 'S');
INSERT INTO licenciamento (ano, renavam, dataVenc, pago) VALUES (2018, '80666579715', '2018-03-28', 'S');
INSERT INTO licenciamento (ano, renavam, dataVenc, pago) VALUES (2019, '80666579715', '2018-03-28', 'S');
INSERT INTO licenciamento (ano, renavam, dataVenc, pago) VALUES (2014, '65847076592', '2014-11-30', 'S');
INSERT INTO licenciamento (ano, renavam, dataVenc, pago) VALUES (2015, '65847076592', '2014-11-30', 'S');
INSERT INTO licenciamento (ano, renavam, dataVenc, pago) VALUES (2016, '65847076592', '2014-11-30', 'S');
INSERT INTO licenciamento (ano, renavam, dataVenc, pago) VALUES (2017, '65847076592', '2014-11-30', 'S');
INSERT INTO licenciamento (ano, renavam, dataVenc, pago) VALUES (2018, '65847076592', '2014-11-30', 'S');
INSERT INTO licenciamento (ano, renavam, dataVenc, pago) VALUES (2019, '65847076592', '2014-11-30', 'S');
INSERT INTO licenciamento (ano, renavam, dataVenc, pago) VALUES (2012, '79747775880', '2012-10-31', 'S');
INSERT INTO licenciamento (ano, renavam, dataVenc, pago) VALUES (2013, '79747775880', '2012-10-31', 'S');
INSERT INTO licenciamento (ano, renavam, dataVenc, pago) VALUES (2014, '79747775880', '2012-10-31', 'S');
INSERT INTO licenciamento (ano, renavam, dataVenc, pago) VALUES (2015, '79747775880', '2012-10-31', 'S');
INSERT INTO licenciamento (ano, renavam, dataVenc, pago) VALUES (2016, '79747775880', '2012-10-31', 'S');
INSERT INTO licenciamento (ano, renavam, dataVenc, pago) VALUES (2017, '79747775880', '2012-10-31', 'S');
INSERT INTO licenciamento (ano, renavam, dataVenc, pago) VALUES (2018, '79747775880', '2012-10-31', 'N');
INSERT INTO licenciamento (ano, renavam, dataVenc, pago) VALUES (1997, '76797563040', '1997-06-29', 'S');
INSERT INTO licenciamento (ano, renavam, dataVenc, pago) VALUES (1998, '76797563040', '1997-06-29', 'S');
INSERT INTO licenciamento (ano, renavam, dataVenc, pago) VALUES (1999, '76797563040', '1997-06-29', 'S');
INSERT INTO licenciamento (ano, renavam, dataVenc, pago) VALUES (2000, '76797563040', '1997-06-29', 'S');
INSERT INTO licenciamento (ano, renavam, dataVenc, pago) VALUES (2001, '76797563040', '1997-06-29', 'S');
INSERT INTO licenciamento (ano, renavam, dataVenc, pago) VALUES (2002, '76797563040', '1997-06-29', 'S');
INSERT INTO licenciamento (ano, renavam, dataVenc, pago) VALUES (2003, '76797563040', '1997-06-29', 'S');
INSERT INTO licenciamento (ano, renavam, dataVenc, pago) VALUES (2004, '76797563040', '1997-06-29', 'S');
INSERT INTO licenciamento (ano, renavam, dataVenc, pago) VALUES (2005, '76797563040', '1997-06-29', 'S');
INSERT INTO licenciamento (ano, renavam, dataVenc, pago) VALUES (2006, '76797563040', '1997-06-29', 'S');
INSERT INTO licenciamento (ano, renavam, dataVenc, pago) VALUES (2007, '76797563040', '1997-06-29', 'S');
INSERT INTO licenciamento (ano, renavam, dataVenc, pago) VALUES (2008, '76797563040', '1997-06-29', 'S');
INSERT INTO licenciamento (ano, renavam, dataVenc, pago) VALUES (2009, '76797563040', '1997-06-29', 'S');
INSERT INTO licenciamento (ano, renavam, dataVenc, pago) VALUES (2010, '76797563040', '1997-06-29', 'S');
INSERT INTO licenciamento (ano, renavam, dataVenc, pago) VALUES (2011, '76797563040', '1997-06-29', 'S');
INSERT INTO licenciamento (ano, renavam, dataVenc, pago) VALUES (2012, '76797563040', '1997-06-29', 'S');
INSERT INTO licenciamento (ano, renavam, dataVenc, pago) VALUES (2013, '76797563040', '1997-06-29', 'N');
INSERT INTO licenciamento (ano, renavam, dataVenc, pago) VALUES (2005, '68857396454', '2005-07-31', 'S');
INSERT INTO licenciamento (ano, renavam, dataVenc, pago) VALUES (2006, '68857396454', '2005-07-31', 'S');
INSERT INTO licenciamento (ano, renavam, dataVenc, pago) VALUES (2007, '68857396454', '2005-07-31', 'S');
INSERT INTO licenciamento (ano, renavam, dataVenc, pago) VALUES (2008, '68857396454', '2005-07-31', 'S');
INSERT INTO licenciamento (ano, renavam, dataVenc, pago) VALUES (2009, '68857396454', '2005-07-31', 'S');
INSERT INTO licenciamento (ano, renavam, dataVenc, pago) VALUES (2010, '68857396454', '2005-07-31', 'S');
INSERT INTO licenciamento (ano, renavam, dataVenc, pago) VALUES (2011, '68857396454', '2005-07-31', 'S');
INSERT INTO licenciamento (ano, renavam, dataVenc, pago) VALUES (2012, '68857396454', '2005-07-31', 'S');
INSERT INTO licenciamento (ano, renavam, dataVenc, pago) VALUES (2013, '68857396454', '2005-07-31', 'S');
INSERT INTO licenciamento (ano, renavam, dataVenc, pago) VALUES (2014, '68857396454', '2005-07-31', 'S');
INSERT INTO licenciamento (ano, renavam, dataVenc, pago) VALUES (2015, '68857396454', '2005-07-31', 'S');
INSERT INTO licenciamento (ano, renavam, dataVenc, pago) VALUES (2016, '68857396454', '2005-07-31', 'S');
INSERT INTO licenciamento (ano, renavam, dataVenc, pago) VALUES (2017, '68857396454', '2005-07-31', 'S');
INSERT INTO licenciamento (ano, renavam, dataVenc, pago) VALUES (2018, '68857396454', '2005-07-31', 'S');
INSERT INTO licenciamento (ano, renavam, dataVenc, pago) VALUES (2019, '68857396454', '2005-07-31', 'S');
INSERT INTO licenciamento (ano, renavam, dataVenc, pago) VALUES (1990, '74697468279', '1990-09-28', 'S');
INSERT INTO licenciamento (ano, renavam, dataVenc, pago) VALUES (1991, '74697468279', '1990-09-28', 'S');
INSERT INTO licenciamento (ano, renavam, dataVenc, pago) VALUES (1992, '74697468279', '1990-09-28', 'S');
INSERT INTO licenciamento (ano, renavam, dataVenc, pago) VALUES (1993, '74697468279', '1990-09-28', 'S');
INSERT INTO licenciamento (ano, renavam, dataVenc, pago) VALUES (1994, '74697468279', '1990-09-28', 'S');
INSERT INTO licenciamento (ano, renavam, dataVenc, pago) VALUES (1995, '74697468279', '1990-09-28', 'S');
INSERT INTO licenciamento (ano, renavam, dataVenc, pago) VALUES (1996, '74697468279', '1990-09-28', 'S');
INSERT INTO licenciamento (ano, renavam, dataVenc, pago) VALUES (1997, '74697468279', '1990-09-28', 'S');
INSERT INTO licenciamento (ano, renavam, dataVenc, pago) VALUES (1998, '74697468279', '1990-09-28', 'S');
INSERT INTO licenciamento (ano, renavam, dataVenc, pago) VALUES (1999, '74697468279', '1990-09-28', 'S');
INSERT INTO licenciamento (ano, renavam, dataVenc, pago) VALUES (2000, '74697468279', '1990-09-28', 'S');
INSERT INTO licenciamento (ano, renavam, dataVenc, pago) VALUES (2001, '74697468279', '1990-09-28', 'S');
INSERT INTO licenciamento (ano, renavam, dataVenc, pago) VALUES (2002, '74697468279', '1990-09-28', 'S');
INSERT INTO licenciamento (ano, renavam, dataVenc, pago) VALUES (2003, '74697468279', '1990-09-28', 'S');
INSERT INTO licenciamento (ano, renavam, dataVenc, pago) VALUES (2004, '74697468279', '1990-09-28', 'S');
INSERT INTO licenciamento (ano, renavam, dataVenc, pago) VALUES (2005, '74697468279', '1990-09-28', 'S');
INSERT INTO licenciamento (ano, renavam, dataVenc, pago) VALUES (2006, '74697468279', '1990-09-28', 'S');
INSERT INTO licenciamento (ano, renavam, dataVenc, pago) VALUES (2007, '74697468279', '1990-09-28', 'S');
INSERT INTO licenciamento (ano, renavam, dataVenc, pago) VALUES (2008, '74697468279', '1990-09-28', 'S');
INSERT INTO licenciamento (ano, renavam, dataVenc, pago) VALUES (2009, '74697468279', '1990-09-28', 'S');
INSERT INTO licenciamento (ano, renavam, dataVenc, pago) VALUES (2010, '74697468279', '1990-09-28', 'S');
INSERT INTO licenciamento (ano, renavam, dataVenc, pago) VALUES (2011, '74697468279', '1990-09-28', 'N');
INSERT INTO licenciamento (ano, renavam, dataVenc, pago) VALUES (2013, '87887901625', '2013-04-30', 'S');
INSERT INTO licenciamento (ano, renavam, dataVenc, pago) VALUES (2014, '87887901625', '2013-04-30', 'S');
INSERT INTO licenciamento (ano, renavam, dataVenc, pago) VALUES (2015, '87887901625', '2013-04-30', 'S');
INSERT INTO licenciamento (ano, renavam, dataVenc, pago) VALUES (2016, '87887901625', '2013-04-30', 'S');
INSERT INTO licenciamento (ano, renavam, dataVenc, pago) VALUES (2017, '87887901625', '2013-04-30', 'S');
INSERT INTO licenciamento (ano, renavam, dataVenc, pago) VALUES (2018, '87887901625', '2013-04-30', 'S');
INSERT INTO licenciamento (ano, renavam, dataVenc, pago) VALUES (2019, '87887901625', '2013-04-30', 'S');
INSERT INTO licenciamento (ano, renavam, dataVenc, pago) VALUES (1994, '78857235806', '1994-12-28', 'S');
INSERT INTO licenciamento (ano, renavam, dataVenc, pago) VALUES (1995, '78857235806', '1994-12-28', 'S');
INSERT INTO licenciamento (ano, renavam, dataVenc, pago) VALUES (1996, '78857235806', '1994-12-28', 'S');
INSERT INTO licenciamento (ano, renavam, dataVenc, pago) VALUES (1997, '78857235806', '1994-12-28', 'S');
INSERT INTO licenciamento (ano, renavam, dataVenc, pago) VALUES (1998, '78857235806', '1994-12-28', 'S');
INSERT INTO licenciamento (ano, renavam, dataVenc, pago) VALUES (1999, '78857235806', '1994-12-28', 'S');
INSERT INTO licenciamento (ano, renavam, dataVenc, pago) VALUES (2000, '78857235806', '1994-12-28', 'S');
INSERT INTO licenciamento (ano, renavam, dataVenc, pago) VALUES (2001, '78857235806', '1994-12-28', 'N');
INSERT INTO licenciamento (ano, renavam, dataVenc, pago) VALUES (2011, '78739024619', '2011-03-28', 'N');
INSERT INTO licenciamento (ano, renavam, dataVenc, pago) VALUES (1976, '89766774688', '1976-10-31', 'S');
INSERT INTO licenciamento (ano, renavam, dataVenc, pago) VALUES (1977, '89766774688', '1976-10-31', 'S');
INSERT INTO licenciamento (ano, renavam, dataVenc, pago) VALUES (1978, '89766774688', '1976-10-31', 'S');
INSERT INTO licenciamento (ano, renavam, dataVenc, pago) VALUES (1979, '89766774688', '1976-10-31', 'S');
INSERT INTO licenciamento (ano, renavam, dataVenc, pago) VALUES (1980, '89766774688', '1976-10-31', 'S');
INSERT INTO licenciamento (ano, renavam, dataVenc, pago) VALUES (1981, '89766774688', '1976-10-31', 'S');
INSERT INTO licenciamento (ano, renavam, dataVenc, pago) VALUES (1982, '89766774688', '1976-10-31', 'S');
INSERT INTO licenciamento (ano, renavam, dataVenc, pago) VALUES (1983, '89766774688', '1976-10-31', 'S');
INSERT INTO licenciamento (ano, renavam, dataVenc, pago) VALUES (1984, '89766774688', '1976-10-31', 'S');
INSERT INTO licenciamento (ano, renavam, dataVenc, pago) VALUES (1985, '89766774688', '1976-10-31', 'S');
INSERT INTO licenciamento (ano, renavam, dataVenc, pago) VALUES (1986, '89766774688', '1976-10-31', 'S');
INSERT INTO licenciamento (ano, renavam, dataVenc, pago) VALUES (1987, '89766774688', '1976-10-31', 'S');
INSERT INTO licenciamento (ano, renavam, dataVenc, pago) VALUES (1988, '89766774688', '1976-10-31', 'S');
INSERT INTO licenciamento (ano, renavam, dataVenc, pago) VALUES (1989, '89766774688', '1976-10-31', 'S');
INSERT INTO licenciamento (ano, renavam, dataVenc, pago) VALUES (1990, '89766774688', '1976-10-31', 'S');
INSERT INTO licenciamento (ano, renavam, dataVenc, pago) VALUES (1991, '89766774688', '1976-10-31', 'S');
INSERT INTO licenciamento (ano, renavam, dataVenc, pago) VALUES (1992, '89766774688', '1976-10-31', 'S');
INSERT INTO licenciamento (ano, renavam, dataVenc, pago) VALUES (1993, '89766774688', '1976-10-31', 'S');
INSERT INTO licenciamento (ano, renavam, dataVenc, pago) VALUES (1994, '89766774688', '1976-10-31', 'S');
INSERT INTO licenciamento (ano, renavam, dataVenc, pago) VALUES (1995, '89766774688', '1976-10-31', 'N');
INSERT INTO licenciamento (ano, renavam, dataVenc, pago) VALUES (1992, '88657734040', '1992-06-29', 'N');
INSERT INTO licenciamento (ano, renavam, dataVenc, pago) VALUES (1980, '81717882000', '1980-12-28', 'S');
INSERT INTO licenciamento (ano, renavam, dataVenc, pago) VALUES (1981, '81717882000', '1980-12-28', 'S');
INSERT INTO licenciamento (ano, renavam, dataVenc, pago) VALUES (1982, '81717882000', '1980-12-28', 'S');
INSERT INTO licenciamento (ano, renavam, dataVenc, pago) VALUES (1983, '81717882000', '1980-12-28', 'S');
INSERT INTO licenciamento (ano, renavam, dataVenc, pago) VALUES (1984, '81717882000', '1980-12-28', 'S');
INSERT INTO licenciamento (ano, renavam, dataVenc, pago) VALUES (1985, '81717882000', '1980-12-28', 'S');
INSERT INTO licenciamento (ano, renavam, dataVenc, pago) VALUES (1986, '81717882000', '1980-12-28', 'S');
INSERT INTO licenciamento (ano, renavam, dataVenc, pago) VALUES (1987, '81717882000', '1980-12-28', 'S');
INSERT INTO licenciamento (ano, renavam, dataVenc, pago) VALUES (1988, '81717882000', '1980-12-28', 'S');
INSERT INTO licenciamento (ano, renavam, dataVenc, pago) VALUES (1989, '81717882000', '1980-12-28', 'S');
INSERT INTO licenciamento (ano, renavam, dataVenc, pago) VALUES (1990, '81717882000', '1980-12-28', 'S');
INSERT INTO licenciamento (ano, renavam, dataVenc, pago) VALUES (1991, '81717882000', '1980-12-28', 'S');
INSERT INTO licenciamento (ano, renavam, dataVenc, pago) VALUES (1992, '81717882000', '1980-12-28', 'S');
INSERT INTO licenciamento (ano, renavam, dataVenc, pago) VALUES (1993, '81717882000', '1980-12-28', 'S');
INSERT INTO licenciamento (ano, renavam, dataVenc, pago) VALUES (1994, '81717882000', '1980-12-28', 'S');
INSERT INTO licenciamento (ano, renavam, dataVenc, pago) VALUES (1995, '81717882000', '1980-12-28', 'S');
INSERT INTO licenciamento (ano, renavam, dataVenc, pago) VALUES (1996, '81717882000', '1980-12-28', 'N');
INSERT INTO licenciamento (ano, renavam, dataVenc, pago) VALUES (2002, '72657799910', '2002-03-28', 'S');
INSERT INTO licenciamento (ano, renavam, dataVenc, pago) VALUES (2003, '72657799910', '2002-03-28', 'S');
INSERT INTO licenciamento (ano, renavam, dataVenc, pago) VALUES (2004, '72657799910', '2002-03-28', 'S');
INSERT INTO licenciamento (ano, renavam, dataVenc, pago) VALUES (2005, '72657799910', '2002-03-28', 'S');
INSERT INTO licenciamento (ano, renavam, dataVenc, pago) VALUES (2006, '72657799910', '2002-03-28', 'S');
INSERT INTO licenciamento (ano, renavam, dataVenc, pago) VALUES (2007, '72657799910', '2002-03-28', 'N');
INSERT INTO licenciamento (ano, renavam, dataVenc, pago) VALUES (1980, '74716801454', '1980-07-31', 'S');
INSERT INTO licenciamento (ano, renavam, dataVenc, pago) VALUES (1981, '74716801454', '1980-07-31', 'S');
INSERT INTO licenciamento (ano, renavam, dataVenc, pago) VALUES (1982, '74716801454', '1980-07-31', 'S');
INSERT INTO licenciamento (ano, renavam, dataVenc, pago) VALUES (1983, '74716801454', '1980-07-31', 'N');
INSERT INTO licenciamento (ano, renavam, dataVenc, pago) VALUES (1985, '77848081283', '1985-10-31', 'S');
INSERT INTO licenciamento (ano, renavam, dataVenc, pago) VALUES (1986, '77848081283', '1985-10-31', 'S');
INSERT INTO licenciamento (ano, renavam, dataVenc, pago) VALUES (1987, '77848081283', '1985-10-31', 'S');
INSERT INTO licenciamento (ano, renavam, dataVenc, pago) VALUES (1988, '77848081283', '1985-10-31', 'N');
INSERT INTO licenciamento (ano, renavam, dataVenc, pago) VALUES (2001, '73709068269', '2001-08-31', 'S');
INSERT INTO licenciamento (ano, renavam, dataVenc, pago) VALUES (2002, '73709068269', '2001-08-31', 'S');
INSERT INTO licenciamento (ano, renavam, dataVenc, pago) VALUES (2003, '73709068269', '2001-08-31', 'S');
INSERT INTO licenciamento (ano, renavam, dataVenc, pago) VALUES (2004, '73709068269', '2001-08-31', 'S');
INSERT INTO licenciamento (ano, renavam, dataVenc, pago) VALUES (2005, '73709068269', '2001-08-31', 'S');
INSERT INTO licenciamento (ano, renavam, dataVenc, pago) VALUES (2006, '73709068269', '2001-08-31', 'S');
INSERT INTO licenciamento (ano, renavam, dataVenc, pago) VALUES (2007, '73709068269', '2001-08-31', 'N');
INSERT INTO licenciamento (ano, renavam, dataVenc, pago) VALUES (1974, '78778849275', '1974-09-28', 'S');
INSERT INTO licenciamento (ano, renavam, dataVenc, pago) VALUES (1975, '78778849275', '1974-09-28', 'S');
INSERT INTO licenciamento (ano, renavam, dataVenc, pago) VALUES (1976, '78778849275', '1974-09-28', 'S');
INSERT INTO licenciamento (ano, renavam, dataVenc, pago) VALUES (1977, '78778849275', '1974-09-28', 'S');
INSERT INTO licenciamento (ano, renavam, dataVenc, pago) VALUES (1978, '78778849275', '1974-09-28', 'S');
INSERT INTO licenciamento (ano, renavam, dataVenc, pago) VALUES (1979, '78778849275', '1974-09-28', 'S');
INSERT INTO licenciamento (ano, renavam, dataVenc, pago) VALUES (1980, '78778849275', '1974-09-28', 'S');
INSERT INTO licenciamento (ano, renavam, dataVenc, pago) VALUES (1981, '78778849275', '1974-09-28', 'S');
INSERT INTO licenciamento (ano, renavam, dataVenc, pago) VALUES (1982, '78778849275', '1974-09-28', 'S');
INSERT INTO licenciamento (ano, renavam, dataVenc, pago) VALUES (1983, '78778849275', '1974-09-28', 'S');
INSERT INTO licenciamento (ano, renavam, dataVenc, pago) VALUES (1984, '78778849275', '1974-09-28', 'S');
INSERT INTO licenciamento (ano, renavam, dataVenc, pago) VALUES (1985, '78778849275', '1974-09-28', 'S');
INSERT INTO licenciamento (ano, renavam, dataVenc, pago) VALUES (1986, '78778849275', '1974-09-28', 'S');
INSERT INTO licenciamento (ano, renavam, dataVenc, pago) VALUES (1987, '78778849275', '1974-09-28', 'S');
INSERT INTO licenciamento (ano, renavam, dataVenc, pago) VALUES (1988, '78778849275', '1974-09-28', 'N');
INSERT INTO licenciamento (ano, renavam, dataVenc, pago) VALUES (1989, '69677934715', '1989-03-28', 'S');
INSERT INTO licenciamento (ano, renavam, dataVenc, pago) VALUES (1990, '69677934715', '1989-03-28', 'N');
INSERT INTO licenciamento (ano, renavam, dataVenc, pago) VALUES (2007, '77838875058', '2007-07-31', 'S');
INSERT INTO licenciamento (ano, renavam, dataVenc, pago) VALUES (2008, '77838875058', '2007-07-31', 'S');
INSERT INTO licenciamento (ano, renavam, dataVenc, pago) VALUES (2009, '77838875058', '2007-07-31', 'S');
INSERT INTO licenciamento (ano, renavam, dataVenc, pago) VALUES (2017, '83887098021', '2017-04-30', 'S');
INSERT INTO licenciamento (ano, renavam, dataVenc, pago) VALUES (2018, '83887098021', '2017-04-30', 'S');
INSERT INTO licenciamento (ano, renavam, dataVenc, pago) VALUES (2019, '83887098021', '2017-04-30', 'S');
INSERT INTO licenciamento (ano, renavam, dataVenc, pago) VALUES (2002, '82727988950', '2002-07-31', 'S');
INSERT INTO licenciamento (ano, renavam, dataVenc, pago) VALUES (2003, '82727988950', '2002-07-31', 'S');
INSERT INTO licenciamento (ano, renavam, dataVenc, pago) VALUES (2004, '82727988950', '2002-07-31', 'S');
INSERT INTO licenciamento (ano, renavam, dataVenc, pago) VALUES (2005, '82727988950', '2002-07-31', 'S');
INSERT INTO licenciamento (ano, renavam, dataVenc, pago) VALUES (2006, '82727988950', '2002-07-31', 'S');
INSERT INTO licenciamento (ano, renavam, dataVenc, pago) VALUES (2007, '82727988950', '2002-07-31', 'S');
INSERT INTO licenciamento (ano, renavam, dataVenc, pago) VALUES (2008, '82727988950', '2002-07-31', 'S');
INSERT INTO licenciamento (ano, renavam, dataVenc, pago) VALUES (2009, '82727988950', '2002-07-31', 'S');
INSERT INTO licenciamento (ano, renavam, dataVenc, pago) VALUES (2010, '82727988950', '2002-07-31', 'S');
INSERT INTO licenciamento (ano, renavam, dataVenc, pago) VALUES (2011, '82727988950', '2002-07-31', 'S');
INSERT INTO licenciamento (ano, renavam, dataVenc, pago) VALUES (2012, '82727988950', '2002-07-31', 'S');
INSERT INTO licenciamento (ano, renavam, dataVenc, pago) VALUES (2013, '82727988950', '2002-07-31', 'S');
INSERT INTO licenciamento (ano, renavam, dataVenc, pago) VALUES (2014, '82727988950', '2002-07-31', 'S');
INSERT INTO licenciamento (ano, renavam, dataVenc, pago) VALUES (2015, '82727988950', '2002-07-31', 'S');
INSERT INTO licenciamento (ano, renavam, dataVenc, pago) VALUES (2016, '82727988950', '2002-07-31', 'S');
INSERT INTO licenciamento (ano, renavam, dataVenc, pago) VALUES (2017, '82727988950', '2002-07-31', 'S');
INSERT INTO licenciamento (ano, renavam, dataVenc, pago) VALUES (2018, '82727988950', '2002-07-31', 'S');
INSERT INTO licenciamento (ano, renavam, dataVenc, pago) VALUES (2019, '82727988950', '2002-07-31', 'S');
INSERT INTO licenciamento (ano, renavam, dataVenc, pago) VALUES (1976, '87729085525', '1976-04-30', 'S');
INSERT INTO licenciamento (ano, renavam, dataVenc, pago) VALUES (1977, '87729085525', '1976-04-30', 'S');
INSERT INTO licenciamento (ano, renavam, dataVenc, pago) VALUES (1978, '87729085525', '1976-04-30', 'S');
INSERT INTO licenciamento (ano, renavam, dataVenc, pago) VALUES (1979, '87729085525', '1976-04-30', 'S');
INSERT INTO licenciamento (ano, renavam, dataVenc, pago) VALUES (1980, '87729085525', '1976-04-30', 'S');
INSERT INTO licenciamento (ano, renavam, dataVenc, pago) VALUES (1981, '87729085525', '1976-04-30', 'S');
INSERT INTO licenciamento (ano, renavam, dataVenc, pago) VALUES (1982, '87729085525', '1976-04-30', 'S');
INSERT INTO licenciamento (ano, renavam, dataVenc, pago) VALUES (1983, '87729085525', '1976-04-30', 'S');
INSERT INTO licenciamento (ano, renavam, dataVenc, pago) VALUES (1984, '87729085525', '1976-04-30', 'S');
INSERT INTO licenciamento (ano, renavam, dataVenc, pago) VALUES (1985, '87729085525', '1976-04-30', 'S');
INSERT INTO licenciamento (ano, renavam, dataVenc, pago) VALUES (1986, '87729085525', '1976-04-30', 'S');
INSERT INTO licenciamento (ano, renavam, dataVenc, pago) VALUES (1987, '87729085525', '1976-04-30', 'S');
INSERT INTO licenciamento (ano, renavam, dataVenc, pago) VALUES (1988, '87729085525', '1976-04-30', 'S');
INSERT INTO licenciamento (ano, renavam, dataVenc, pago) VALUES (1989, '87729085525', '1976-04-30', 'S');
INSERT INTO licenciamento (ano, renavam, dataVenc, pago) VALUES (1990, '87729085525', '1976-04-30', 'S');
INSERT INTO licenciamento (ano, renavam, dataVenc, pago) VALUES (1991, '87729085525', '1976-04-30', 'S');
INSERT INTO licenciamento (ano, renavam, dataVenc, pago) VALUES (1988, '84887242228', '1988-04-30', 'S');
INSERT INTO licenciamento (ano, renavam, dataVenc, pago) VALUES (1989, '84887242228', '1988-04-30', 'S');
INSERT INTO licenciamento (ano, renavam, dataVenc, pago) VALUES (1990, '84887242228', '1988-04-30', 'S');
INSERT INTO licenciamento (ano, renavam, dataVenc, pago) VALUES (1991, '84887242228', '1988-04-30', 'S');
INSERT INTO licenciamento (ano, renavam, dataVenc, pago) VALUES (1992, '84887242228', '1988-04-30', 'S');
INSERT INTO licenciamento (ano, renavam, dataVenc, pago) VALUES (1993, '84887242228', '1988-04-30', 'S');
INSERT INTO licenciamento (ano, renavam, dataVenc, pago) VALUES (1994, '84887242228', '1988-04-30', 'S');
INSERT INTO licenciamento (ano, renavam, dataVenc, pago) VALUES (1974, '80666664224', '1974-04-30', 'S');
INSERT INTO licenciamento (ano, renavam, dataVenc, pago) VALUES (1975, '80666664224', '1974-04-30', 'S');
INSERT INTO licenciamento (ano, renavam, dataVenc, pago) VALUES (1976, '80666664224', '1974-04-30', 'S');
INSERT INTO licenciamento (ano, renavam, dataVenc, pago) VALUES (1977, '80666664224', '1974-04-30', 'S');
INSERT INTO licenciamento (ano, renavam, dataVenc, pago) VALUES (1978, '80666664224', '1974-04-30', 'S');
INSERT INTO licenciamento (ano, renavam, dataVenc, pago) VALUES (1979, '80666664224', '1974-04-30', 'S');
INSERT INTO licenciamento (ano, renavam, dataVenc, pago) VALUES (1980, '80666664224', '1974-04-30', 'S');
INSERT INTO licenciamento (ano, renavam, dataVenc, pago) VALUES (1981, '80666664224', '1974-04-30', 'S');
INSERT INTO licenciamento (ano, renavam, dataVenc, pago) VALUES (1982, '80666664224', '1974-04-30', 'S');
INSERT INTO licenciamento (ano, renavam, dataVenc, pago) VALUES (1983, '80666664224', '1974-04-30', 'S');
INSERT INTO licenciamento (ano, renavam, dataVenc, pago) VALUES (1984, '80666664224', '1974-04-30', 'S');
INSERT INTO licenciamento (ano, renavam, dataVenc, pago) VALUES (1985, '80666664224', '1974-04-30', 'S');
INSERT INTO licenciamento (ano, renavam, dataVenc, pago) VALUES (1986, '80666664224', '1974-04-30', 'S');
INSERT INTO licenciamento (ano, renavam, dataVenc, pago) VALUES (1987, '80666664224', '1974-04-30', 'S');
INSERT INTO licenciamento (ano, renavam, dataVenc, pago) VALUES (2010, '80868296030', '2010-05-30', 'S');
INSERT INTO licenciamento (ano, renavam, dataVenc, pago) VALUES (2011, '80868296030', '2010-05-30', 'S');
INSERT INTO licenciamento (ano, renavam, dataVenc, pago) VALUES (2012, '80868296030', '2010-05-30', 'S');
INSERT INTO licenciamento (ano, renavam, dataVenc, pago) VALUES (2013, '80868296030', '2010-05-30', 'S');
INSERT INTO licenciamento (ano, renavam, dataVenc, pago) VALUES (2014, '80868296030', '2010-05-30', 'S');
INSERT INTO licenciamento (ano, renavam, dataVenc, pago) VALUES (2015, '80868296030', '2010-05-30', 'S');
INSERT INTO licenciamento (ano, renavam, dataVenc, pago) VALUES (2016, '80868296030', '2010-05-30', 'S');
INSERT INTO licenciamento (ano, renavam, dataVenc, pago) VALUES (2017, '80868296030', '2010-05-30', 'S');
INSERT INTO licenciamento (ano, renavam, dataVenc, pago) VALUES (2018, '80868296030', '2010-05-30', 'S');
INSERT INTO licenciamento (ano, renavam, dataVenc, pago) VALUES (2019, '80868296030', '2010-05-30', 'S');
INSERT INTO licenciamento (ano, renavam, dataVenc, pago) VALUES (1983, '65659030351', '1983-07-31', 'S');
INSERT INTO licenciamento (ano, renavam, dataVenc, pago) VALUES (1984, '65659030351', '1983-07-31', 'S');
INSERT INTO licenciamento (ano, renavam, dataVenc, pago) VALUES (1985, '65659030351', '1983-07-31', 'S');
INSERT INTO licenciamento (ano, renavam, dataVenc, pago) VALUES (1986, '65659030351', '1983-07-31', 'S');
INSERT INTO licenciamento (ano, renavam, dataVenc, pago) VALUES (1987, '65659030351', '1983-07-31', 'N');
INSERT INTO licenciamento (ano, renavam, dataVenc, pago) VALUES (1984, '65767024332', '1984-05-30', 'S');
INSERT INTO licenciamento (ano, renavam, dataVenc, pago) VALUES (1985, '65767024332', '1984-05-30', 'S');
INSERT INTO licenciamento (ano, renavam, dataVenc, pago) VALUES (1986, '65767024332', '1984-05-30', 'S');
INSERT INTO licenciamento (ano, renavam, dataVenc, pago) VALUES (1987, '65767024332', '1984-05-30', 'S');
INSERT INTO licenciamento (ano, renavam, dataVenc, pago) VALUES (1988, '65767024332', '1984-05-30', 'S');
INSERT INTO licenciamento (ano, renavam, dataVenc, pago) VALUES (1989, '65767024332', '1984-05-30', 'S');
INSERT INTO licenciamento (ano, renavam, dataVenc, pago) VALUES (1990, '65767024332', '1984-05-30', 'S');
INSERT INTO licenciamento (ano, renavam, dataVenc, pago) VALUES (1991, '65767024332', '1984-05-30', 'S');
INSERT INTO licenciamento (ano, renavam, dataVenc, pago) VALUES (1992, '65767024332', '1984-05-30', 'S');
INSERT INTO licenciamento (ano, renavam, dataVenc, pago) VALUES (1993, '65767024332', '1984-05-30', 'S');
INSERT INTO licenciamento (ano, renavam, dataVenc, pago) VALUES (1994, '65767024332', '1984-05-30', 'S');
INSERT INTO licenciamento (ano, renavam, dataVenc, pago) VALUES (1995, '65767024332', '1984-05-30', 'S');
INSERT INTO licenciamento (ano, renavam, dataVenc, pago) VALUES (1996, '65767024332', '1984-05-30', 'S');
INSERT INTO licenciamento (ano, renavam, dataVenc, pago) VALUES (1997, '65767024332', '1984-05-30', 'S');
INSERT INTO licenciamento (ano, renavam, dataVenc, pago) VALUES (1998, '65767024332', '1984-05-30', 'S');
INSERT INTO licenciamento (ano, renavam, dataVenc, pago) VALUES (1999, '65767024332', '1984-05-30', 'S');
INSERT INTO licenciamento (ano, renavam, dataVenc, pago) VALUES (2000, '65767024332', '1984-05-30', 'S');
INSERT INTO licenciamento (ano, renavam, dataVenc, pago) VALUES (2001, '65767024332', '1984-05-30', 'S');
INSERT INTO licenciamento (ano, renavam, dataVenc, pago) VALUES (2002, '65767024332', '1984-05-30', 'S');
INSERT INTO licenciamento (ano, renavam, dataVenc, pago) VALUES (2003, '65767024332', '1984-05-30', 'S');
INSERT INTO licenciamento (ano, renavam, dataVenc, pago) VALUES (2004, '65767024332', '1984-05-30', 'S');
INSERT INTO licenciamento (ano, renavam, dataVenc, pago) VALUES (2005, '65767024332', '1984-05-30', 'S');
INSERT INTO licenciamento (ano, renavam, dataVenc, pago) VALUES (2006, '65767024332', '1984-05-30', 'S');
INSERT INTO licenciamento (ano, renavam, dataVenc, pago) VALUES (2007, '65767024332', '1984-05-30', 'S');
INSERT INTO licenciamento (ano, renavam, dataVenc, pago) VALUES (2008, '65767024332', '1984-05-30', 'S');
INSERT INTO licenciamento (ano, renavam, dataVenc, pago) VALUES (2009, '65767024332', '1984-05-30', 'S');
INSERT INTO licenciamento (ano, renavam, dataVenc, pago) VALUES (2010, '65767024332', '1984-05-30', 'S');
INSERT INTO licenciamento (ano, renavam, dataVenc, pago) VALUES (2011, '65767024332', '1984-05-30', 'S');
INSERT INTO licenciamento (ano, renavam, dataVenc, pago) VALUES (2012, '65767024332', '1984-05-30', 'N');
INSERT INTO licenciamento (ano, renavam, dataVenc, pago) VALUES (2006, '90788330689', '2006-10-31', 'S');
INSERT INTO licenciamento (ano, renavam, dataVenc, pago) VALUES (2007, '90788330689', '2006-10-31', 'S');
INSERT INTO licenciamento (ano, renavam, dataVenc, pago) VALUES (2008, '90788330689', '2006-10-31', 'S');
INSERT INTO licenciamento (ano, renavam, dataVenc, pago) VALUES (2009, '90788330689', '2006-10-31', 'S');
INSERT INTO licenciamento (ano, renavam, dataVenc, pago) VALUES (2010, '90788330689', '2006-10-31', 'S');
INSERT INTO licenciamento (ano, renavam, dataVenc, pago) VALUES (2011, '90788330689', '2006-10-31', 'S');
INSERT INTO licenciamento (ano, renavam, dataVenc, pago) VALUES (2012, '90788330689', '2006-10-31', 'S');
INSERT INTO licenciamento (ano, renavam, dataVenc, pago) VALUES (2013, '90788330689', '2006-10-31', 'S');
INSERT INTO licenciamento (ano, renavam, dataVenc, pago) VALUES (2014, '90788330689', '2006-10-31', 'S');
INSERT INTO licenciamento (ano, renavam, dataVenc, pago) VALUES (2015, '90788330689', '2006-10-31', 'S');
INSERT INTO licenciamento (ano, renavam, dataVenc, pago) VALUES (2016, '90788330689', '2006-10-31', 'S');
INSERT INTO licenciamento (ano, renavam, dataVenc, pago) VALUES (2017, '90788330689', '2006-10-31', 'S');
INSERT INTO licenciamento (ano, renavam, dataVenc, pago) VALUES (2018, '90788330689', '2006-10-31', 'S');
INSERT INTO licenciamento (ano, renavam, dataVenc, pago) VALUES (2019, '90788330689', '2006-10-31', 'N');
INSERT INTO licenciamento (ano, renavam, dataVenc, pago) VALUES (1973, '85727657150', '1973-07-31', 'S');
INSERT INTO licenciamento (ano, renavam, dataVenc, pago) VALUES (1974, '85727657150', '1973-07-31', 'S');
INSERT INTO licenciamento (ano, renavam, dataVenc, pago) VALUES (1975, '85727657150', '1973-07-31', 'S');
INSERT INTO licenciamento (ano, renavam, dataVenc, pago) VALUES (1976, '85727657150', '1973-07-31', 'S');
INSERT INTO licenciamento (ano, renavam, dataVenc, pago) VALUES (1977, '85727657150', '1973-07-31', 'S');
INSERT INTO licenciamento (ano, renavam, dataVenc, pago) VALUES (1978, '85727657150', '1973-07-31', 'S');
INSERT INTO licenciamento (ano, renavam, dataVenc, pago) VALUES (1979, '85727657150', '1973-07-31', 'S');
INSERT INTO licenciamento (ano, renavam, dataVenc, pago) VALUES (1980, '85727657150', '1973-07-31', 'S');
INSERT INTO licenciamento (ano, renavam, dataVenc, pago) VALUES (1981, '85727657150', '1973-07-31', 'S');
INSERT INTO licenciamento (ano, renavam, dataVenc, pago) VALUES (1982, '85727657150', '1973-07-31', 'S');
INSERT INTO licenciamento (ano, renavam, dataVenc, pago) VALUES (1983, '85727657150', '1973-07-31', 'S');
INSERT INTO licenciamento (ano, renavam, dataVenc, pago) VALUES (1984, '85727657150', '1973-07-31', 'S');
INSERT INTO licenciamento (ano, renavam, dataVenc, pago) VALUES (2011, '86828414847', '2011-06-29', 'S');
INSERT INTO licenciamento (ano, renavam, dataVenc, pago) VALUES (2012, '86828414847', '2011-06-29', 'S');
INSERT INTO licenciamento (ano, renavam, dataVenc, pago) VALUES (2013, '86828414847', '2011-06-29', 'S');
INSERT INTO licenciamento (ano, renavam, dataVenc, pago) VALUES (2014, '86828414847', '2011-06-29', 'S');
INSERT INTO licenciamento (ano, renavam, dataVenc, pago) VALUES (2015, '86828414847', '2011-06-29', 'S');
INSERT INTO licenciamento (ano, renavam, dataVenc, pago) VALUES (2016, '86828414847', '2011-06-29', 'S');
INSERT INTO licenciamento (ano, renavam, dataVenc, pago) VALUES (2017, '86828414847', '2011-06-29', 'S');
INSERT INTO licenciamento (ano, renavam, dataVenc, pago) VALUES (2018, '86828414847', '2011-06-29', 'S');
INSERT INTO licenciamento (ano, renavam, dataVenc, pago) VALUES (2019, '86828414847', '2011-06-29', 'S');
INSERT INTO licenciamento (ano, renavam, dataVenc, pago) VALUES (2006, '89777225338', '2006-05-30', 'S');
INSERT INTO licenciamento (ano, renavam, dataVenc, pago) VALUES (2007, '89777225338', '2006-05-30', 'S');
INSERT INTO licenciamento (ano, renavam, dataVenc, pago) VALUES (2008, '89777225338', '2006-05-30', 'N');
INSERT INTO licenciamento (ano, renavam, dataVenc, pago) VALUES (1999, '90908786269', '1999-08-31', 'S');
INSERT INTO licenciamento (ano, renavam, dataVenc, pago) VALUES (2000, '90908786269', '1999-08-31', 'S');
INSERT INTO licenciamento (ano, renavam, dataVenc, pago) VALUES (2001, '90908786269', '1999-08-31', 'S');
INSERT INTO licenciamento (ano, renavam, dataVenc, pago) VALUES (2002, '90908786269', '1999-08-31', 'S');
INSERT INTO licenciamento (ano, renavam, dataVenc, pago) VALUES (2003, '90908786269', '1999-08-31', 'S');
INSERT INTO licenciamento (ano, renavam, dataVenc, pago) VALUES (2004, '90908786269', '1999-08-31', 'S');
INSERT INTO licenciamento (ano, renavam, dataVenc, pago) VALUES (2005, '90908786269', '1999-08-31', 'S');
INSERT INTO licenciamento (ano, renavam, dataVenc, pago) VALUES (2006, '90908786269', '1999-08-31', 'S');
INSERT INTO licenciamento (ano, renavam, dataVenc, pago) VALUES (2007, '90908786269', '1999-08-31', 'S');
INSERT INTO licenciamento (ano, renavam, dataVenc, pago) VALUES (2008, '90908786269', '1999-08-31', 'S');
INSERT INTO licenciamento (ano, renavam, dataVenc, pago) VALUES (2009, '90908786269', '1999-08-31', 'S');
INSERT INTO licenciamento (ano, renavam, dataVenc, pago) VALUES (2010, '90908786269', '1999-08-31', 'S');
INSERT INTO licenciamento (ano, renavam, dataVenc, pago) VALUES (2011, '90908786269', '1999-08-31', 'S');
INSERT INTO licenciamento (ano, renavam, dataVenc, pago) VALUES (2012, '90908786269', '1999-08-31', 'S');
INSERT INTO licenciamento (ano, renavam, dataVenc, pago) VALUES (2013, '90908786269', '1999-08-31', 'S');
INSERT INTO licenciamento (ano, renavam, dataVenc, pago) VALUES (2014, '90908786269', '1999-08-31', 'S');
INSERT INTO licenciamento (ano, renavam, dataVenc, pago) VALUES (2008, '75726903908', '2008-12-28', 'S');
INSERT INTO licenciamento (ano, renavam, dataVenc, pago) VALUES (2009, '75726903908', '2008-12-28', 'S');
INSERT INTO licenciamento (ano, renavam, dataVenc, pago) VALUES (2010, '75726903908', '2008-12-28', 'S');
INSERT INTO licenciamento (ano, renavam, dataVenc, pago) VALUES (2011, '75726903908', '2008-12-28', 'S');
INSERT INTO licenciamento (ano, renavam, dataVenc, pago) VALUES (2012, '75726903908', '2008-12-28', 'S');
INSERT INTO licenciamento (ano, renavam, dataVenc, pago) VALUES (2013, '75726903908', '2008-12-28', 'S');
INSERT INTO licenciamento (ano, renavam, dataVenc, pago) VALUES (2014, '75726903908', '2008-12-28', 'S');
INSERT INTO licenciamento (ano, renavam, dataVenc, pago) VALUES (2015, '75726903908', '2008-12-28', 'S');
INSERT INTO licenciamento (ano, renavam, dataVenc, pago) VALUES (2016, '75726903908', '2008-12-28', 'N');
INSERT INTO licenciamento (ano, renavam, dataVenc, pago) VALUES (2002, '79708374950', '2002-07-31', 'S');
INSERT INTO licenciamento (ano, renavam, dataVenc, pago) VALUES (2003, '79708374950', '2002-07-31', 'S');
INSERT INTO licenciamento (ano, renavam, dataVenc, pago) VALUES (2004, '79708374950', '2002-07-31', 'S');
INSERT INTO licenciamento (ano, renavam, dataVenc, pago) VALUES (2005, '79708374950', '2002-07-31', 'S');
INSERT INTO licenciamento (ano, renavam, dataVenc, pago) VALUES (2006, '79708374950', '2002-07-31', 'S');
INSERT INTO licenciamento (ano, renavam, dataVenc, pago) VALUES (2007, '79708374950', '2002-07-31', 'S');
INSERT INTO licenciamento (ano, renavam, dataVenc, pago) VALUES (2008, '79708374950', '2002-07-31', 'S');
INSERT INTO licenciamento (ano, renavam, dataVenc, pago) VALUES (2009, '79708374950', '2002-07-31', 'S');
INSERT INTO licenciamento (ano, renavam, dataVenc, pago) VALUES (2010, '79708374950', '2002-07-31', 'S');
INSERT INTO licenciamento (ano, renavam, dataVenc, pago) VALUES (2011, '79708374950', '2002-07-31', 'S');
INSERT INTO licenciamento (ano, renavam, dataVenc, pago) VALUES (2012, '79708374950', '2002-07-31', 'S');
INSERT INTO licenciamento (ano, renavam, dataVenc, pago) VALUES (2013, '79708374950', '2002-07-31', 'S');
INSERT INTO licenciamento (ano, renavam, dataVenc, pago) VALUES (2014, '79708374950', '2002-07-31', 'S');
INSERT INTO licenciamento (ano, renavam, dataVenc, pago) VALUES (2015, '79708374950', '2002-07-31', 'S');
INSERT INTO licenciamento (ano, renavam, dataVenc, pago) VALUES (2016, '79708374950', '2002-07-31', 'S');
INSERT INTO licenciamento (ano, renavam, dataVenc, pago) VALUES (2017, '79708374950', '2002-07-31', 'S');
INSERT INTO licenciamento (ano, renavam, dataVenc, pago) VALUES (2018, '79708374950', '2002-07-31', 'S');
INSERT INTO licenciamento (ano, renavam, dataVenc, pago) VALUES (2019, '79708374950', '2002-07-31', 'S');
INSERT INTO licenciamento (ano, renavam, dataVenc, pago) VALUES (1983, '76898382750', '1983-07-31', 'S');
INSERT INTO licenciamento (ano, renavam, dataVenc, pago) VALUES (1984, '76898382750', '1983-07-31', 'S');
INSERT INTO licenciamento (ano, renavam, dataVenc, pago) VALUES (1985, '76898382750', '1983-07-31', 'S');
INSERT INTO licenciamento (ano, renavam, dataVenc, pago) VALUES (1986, '76898382750', '1983-07-31', 'N');
INSERT INTO licenciamento (ano, renavam, dataVenc, pago) VALUES (1997, '66677782945', '1997-06-29', 'S');
INSERT INTO licenciamento (ano, renavam, dataVenc, pago) VALUES (1998, '66677782945', '1997-06-29', 'S');
INSERT INTO licenciamento (ano, renavam, dataVenc, pago) VALUES (1999, '66677782945', '1997-06-29', 'S');
INSERT INTO licenciamento (ano, renavam, dataVenc, pago) VALUES (2000, '66677782945', '1997-06-29', 'S');
INSERT INTO licenciamento (ano, renavam, dataVenc, pago) VALUES (2001, '66677782945', '1997-06-29', 'N');
INSERT INTO licenciamento (ano, renavam, dataVenc, pago) VALUES (1998, '88877564004', '1998-12-28', 'S');
INSERT INTO licenciamento (ano, renavam, dataVenc, pago) VALUES (1999, '88877564004', '1998-12-28', 'S');
INSERT INTO licenciamento (ano, renavam, dataVenc, pago) VALUES (1975, '84748956787', '1975-10-31', 'S');
INSERT INTO licenciamento (ano, renavam, dataVenc, pago) VALUES (1976, '84748956787', '1975-10-31', 'S');
INSERT INTO licenciamento (ano, renavam, dataVenc, pago) VALUES (1977, '84748956787', '1975-10-31', 'S');
INSERT INTO licenciamento (ano, renavam, dataVenc, pago) VALUES (1978, '84748956787', '1975-10-31', 'S');
INSERT INTO licenciamento (ano, renavam, dataVenc, pago) VALUES (1979, '84748956787', '1975-10-31', 'S');
INSERT INTO licenciamento (ano, renavam, dataVenc, pago) VALUES (1980, '84748956787', '1975-10-31', 'S');
INSERT INTO licenciamento (ano, renavam, dataVenc, pago) VALUES (1981, '84748956787', '1975-10-31', 'S');
INSERT INTO licenciamento (ano, renavam, dataVenc, pago) VALUES (1982, '84748956787', '1975-10-31', 'S');
INSERT INTO licenciamento (ano, renavam, dataVenc, pago) VALUES (1983, '84748956787', '1975-10-31', 'S');
INSERT INTO licenciamento (ano, renavam, dataVenc, pago) VALUES (1984, '84748956787', '1975-10-31', 'S');
INSERT INTO licenciamento (ano, renavam, dataVenc, pago) VALUES (1985, '84748956787', '1975-10-31', 'S');
INSERT INTO licenciamento (ano, renavam, dataVenc, pago) VALUES (1986, '84748956787', '1975-10-31', 'S');
INSERT INTO licenciamento (ano, renavam, dataVenc, pago) VALUES (1987, '84748956787', '1975-10-31', 'S');
INSERT INTO licenciamento (ano, renavam, dataVenc, pago) VALUES (1988, '84748956787', '1975-10-31', 'S');
INSERT INTO licenciamento (ano, renavam, dataVenc, pago) VALUES (1989, '84748956787', '1975-10-31', 'S');
INSERT INTO licenciamento (ano, renavam, dataVenc, pago) VALUES (1990, '84748956787', '1975-10-31', 'S');
INSERT INTO licenciamento (ano, renavam, dataVenc, pago) VALUES (1991, '84748956787', '1975-10-31', 'S');
INSERT INTO licenciamento (ano, renavam, dataVenc, pago) VALUES (1992, '84748956787', '1975-10-31', 'S');
INSERT INTO licenciamento (ano, renavam, dataVenc, pago) VALUES (1993, '84748956787', '1975-10-31', 'S');
INSERT INTO licenciamento (ano, renavam, dataVenc, pago) VALUES (1994, '84748956787', '1975-10-31', 'S');
INSERT INTO licenciamento (ano, renavam, dataVenc, pago) VALUES (1995, '84748956787', '1975-10-31', 'S');
INSERT INTO licenciamento (ano, renavam, dataVenc, pago) VALUES (1996, '84748956787', '1975-10-31', 'S');
INSERT INTO licenciamento (ano, renavam, dataVenc, pago) VALUES (1997, '84748956787', '1975-10-31', 'S');
INSERT INTO licenciamento (ano, renavam, dataVenc, pago) VALUES (2018, '82808676258', '2018-07-31', 'S');
INSERT INTO licenciamento (ano, renavam, dataVenc, pago) VALUES (2019, '82808676258', '2018-07-31', 'S');
INSERT INTO licenciamento (ano, renavam, dataVenc, pago) VALUES (2011, '71677191137', '2011-05-30', 'S');
INSERT INTO licenciamento (ano, renavam, dataVenc, pago) VALUES (2012, '71677191137', '2011-05-30', 'S');
INSERT INTO licenciamento (ano, renavam, dataVenc, pago) VALUES (2013, '71677191137', '2011-05-30', 'S');
INSERT INTO licenciamento (ano, renavam, dataVenc, pago) VALUES (2014, '71677191137', '2011-05-30', 'S');
INSERT INTO licenciamento (ano, renavam, dataVenc, pago) VALUES (2015, '71677191137', '2011-05-30', 'S');
INSERT INTO licenciamento (ano, renavam, dataVenc, pago) VALUES (2016, '71677191137', '2011-05-30', 'S');
INSERT INTO licenciamento (ano, renavam, dataVenc, pago) VALUES (2017, '71677191137', '2011-05-30', 'S');
INSERT INTO licenciamento (ano, renavam, dataVenc, pago) VALUES (2018, '71677191137', '2011-05-30', 'S');
INSERT INTO licenciamento (ano, renavam, dataVenc, pago) VALUES (2019, '71677191137', '2011-05-30', 'S');
INSERT INTO licenciamento (ano, renavam, dataVenc, pago) VALUES (2005, '76686547241', '2005-06-29', 'S');
INSERT INTO licenciamento (ano, renavam, dataVenc, pago) VALUES (2006, '76686547241', '2005-06-29', 'N');
INSERT INTO licenciamento (ano, renavam, dataVenc, pago) VALUES (1972, '84727301404', '1972-12-28', 'S');
INSERT INTO licenciamento (ano, renavam, dataVenc, pago) VALUES (1973, '84727301404', '1972-12-28', 'N');
INSERT INTO licenciamento (ano, renavam, dataVenc, pago) VALUES (1974, '83858921602', '1974-12-28', 'S');
INSERT INTO licenciamento (ano, renavam, dataVenc, pago) VALUES (1975, '83858921602', '1974-12-28', 'S');
INSERT INTO licenciamento (ano, renavam, dataVenc, pago) VALUES (1976, '83858921602', '1974-12-28', 'S');
INSERT INTO licenciamento (ano, renavam, dataVenc, pago) VALUES (1977, '83858921602', '1974-12-28', 'S');
INSERT INTO licenciamento (ano, renavam, dataVenc, pago) VALUES (1978, '83858921602', '1974-12-28', 'S');
INSERT INTO licenciamento (ano, renavam, dataVenc, pago) VALUES (1979, '83858921602', '1974-12-28', 'S');
INSERT INTO licenciamento (ano, renavam, dataVenc, pago) VALUES (1980, '83858921602', '1974-12-28', 'S');
INSERT INTO licenciamento (ano, renavam, dataVenc, pago) VALUES (1981, '83858921602', '1974-12-28', 'S');
INSERT INTO licenciamento (ano, renavam, dataVenc, pago) VALUES (1982, '83858921602', '1974-12-28', 'S');
INSERT INTO licenciamento (ano, renavam, dataVenc, pago) VALUES (1983, '83858921602', '1974-12-28', 'S');
INSERT INTO licenciamento (ano, renavam, dataVenc, pago) VALUES (1984, '83858921602', '1974-12-28', 'S');
INSERT INTO licenciamento (ano, renavam, dataVenc, pago) VALUES (1985, '83858921602', '1974-12-28', 'S');
INSERT INTO licenciamento (ano, renavam, dataVenc, pago) VALUES (1986, '83858921602', '1974-12-28', 'S');
INSERT INTO licenciamento (ano, renavam, dataVenc, pago) VALUES (1987, '83858921602', '1974-12-28', 'S');
INSERT INTO licenciamento (ano, renavam, dataVenc, pago) VALUES (1988, '83858921602', '1974-12-28', 'S');
INSERT INTO licenciamento (ano, renavam, dataVenc, pago) VALUES (1989, '83858921602', '1974-12-28', 'N');
INSERT INTO licenciamento (ano, renavam, dataVenc, pago) VALUES (1989, '72806870700', '1989-12-28', 'N');
INSERT INTO licenciamento (ano, renavam, dataVenc, pago) VALUES (1978, '65686794146', '1978-06-29', 'S');
INSERT INTO licenciamento (ano, renavam, dataVenc, pago) VALUES (1979, '65686794146', '1978-06-29', 'S');
INSERT INTO licenciamento (ano, renavam, dataVenc, pago) VALUES (1980, '65686794146', '1978-06-29', 'S');
INSERT INTO licenciamento (ano, renavam, dataVenc, pago) VALUES (1981, '65686794146', '1978-06-29', 'S');
INSERT INTO licenciamento (ano, renavam, dataVenc, pago) VALUES (1982, '65686794146', '1978-06-29', 'S');
INSERT INTO licenciamento (ano, renavam, dataVenc, pago) VALUES (1983, '65686794146', '1978-06-29', 'S');
INSERT INTO licenciamento (ano, renavam, dataVenc, pago) VALUES (1984, '65686794146', '1978-06-29', 'S');
INSERT INTO licenciamento (ano, renavam, dataVenc, pago) VALUES (1985, '65686794146', '1978-06-29', 'N');
INSERT INTO licenciamento (ano, renavam, dataVenc, pago) VALUES (1972, '67787669084', '1972-10-31', 'S');
INSERT INTO licenciamento (ano, renavam, dataVenc, pago) VALUES (1973, '67787669084', '1972-10-31', 'S');
INSERT INTO licenciamento (ano, renavam, dataVenc, pago) VALUES (1974, '67787669084', '1972-10-31', 'S');
INSERT INTO licenciamento (ano, renavam, dataVenc, pago) VALUES (1975, '67787669084', '1972-10-31', 'S');
INSERT INTO licenciamento (ano, renavam, dataVenc, pago) VALUES (1976, '67787669084', '1972-10-31', 'S');
INSERT INTO licenciamento (ano, renavam, dataVenc, pago) VALUES (1977, '67787669084', '1972-10-31', 'S');
INSERT INTO licenciamento (ano, renavam, dataVenc, pago) VALUES (1978, '67787669084', '1972-10-31', 'S');
INSERT INTO licenciamento (ano, renavam, dataVenc, pago) VALUES (1975, '86866829528', '1975-04-30', 'S');
INSERT INTO licenciamento (ano, renavam, dataVenc, pago) VALUES (1976, '86866829528', '1975-04-30', 'S');
INSERT INTO licenciamento (ano, renavam, dataVenc, pago) VALUES (1977, '86866829528', '1975-04-30', 'S');
INSERT INTO licenciamento (ano, renavam, dataVenc, pago) VALUES (1978, '86866829528', '1975-04-30', 'S');
INSERT INTO licenciamento (ano, renavam, dataVenc, pago) VALUES (1979, '86866829528', '1975-04-30', 'S');
INSERT INTO licenciamento (ano, renavam, dataVenc, pago) VALUES (1980, '86866829528', '1975-04-30', 'S');
INSERT INTO licenciamento (ano, renavam, dataVenc, pago) VALUES (1981, '86866829528', '1975-04-30', 'S');
INSERT INTO licenciamento (ano, renavam, dataVenc, pago) VALUES (1982, '86866829528', '1975-04-30', 'S');
INSERT INTO licenciamento (ano, renavam, dataVenc, pago) VALUES (1983, '86866829528', '1975-04-30', 'S');
INSERT INTO licenciamento (ano, renavam, dataVenc, pago) VALUES (1984, '86866829528', '1975-04-30', 'S');
INSERT INTO licenciamento (ano, renavam, dataVenc, pago) VALUES (1985, '86866829528', '1975-04-30', 'S');
INSERT INTO licenciamento (ano, renavam, dataVenc, pago) VALUES (1986, '86866829528', '1975-04-30', 'S');
INSERT INTO licenciamento (ano, renavam, dataVenc, pago) VALUES (1987, '86866829528', '1975-04-30', 'S');
INSERT INTO licenciamento (ano, renavam, dataVenc, pago) VALUES (1988, '86866829528', '1975-04-30', 'S');
INSERT INTO licenciamento (ano, renavam, dataVenc, pago) VALUES (1989, '86866829528', '1975-04-30', 'S');
INSERT INTO licenciamento (ano, renavam, dataVenc, pago) VALUES (1971, '72737736906', '1971-12-28', 'S');
INSERT INTO licenciamento (ano, renavam, dataVenc, pago) VALUES (1972, '72737736906', '1971-12-28', 'S');
INSERT INTO licenciamento (ano, renavam, dataVenc, pago) VALUES (1973, '72737736906', '1971-12-28', 'S');
INSERT INTO licenciamento (ano, renavam, dataVenc, pago) VALUES (1974, '72737736906', '1971-12-28', 'S');
INSERT INTO licenciamento (ano, renavam, dataVenc, pago) VALUES (1975, '72737736906', '1971-12-28', 'S');
INSERT INTO licenciamento (ano, renavam, dataVenc, pago) VALUES (1976, '72737736906', '1971-12-28', 'S');
INSERT INTO licenciamento (ano, renavam, dataVenc, pago) VALUES (1977, '72737736906', '1971-12-28', 'S');
INSERT INTO licenciamento (ano, renavam, dataVenc, pago) VALUES (1978, '72737736906', '1971-12-28', 'S');
INSERT INTO licenciamento (ano, renavam, dataVenc, pago) VALUES (1979, '72737736906', '1971-12-28', 'S');
INSERT INTO licenciamento (ano, renavam, dataVenc, pago) VALUES (1980, '72737736906', '1971-12-28', 'S');
INSERT INTO licenciamento (ano, renavam, dataVenc, pago) VALUES (1981, '72737736906', '1971-12-28', 'S');
INSERT INTO licenciamento (ano, renavam, dataVenc, pago) VALUES (1982, '72737736906', '1971-12-28', 'S');
INSERT INTO licenciamento (ano, renavam, dataVenc, pago) VALUES (1983, '72737736906', '1971-12-28', 'S');
INSERT INTO licenciamento (ano, renavam, dataVenc, pago) VALUES (1984, '72737736906', '1971-12-28', 'S');
INSERT INTO licenciamento (ano, renavam, dataVenc, pago) VALUES (1985, '72737736906', '1971-12-28', 'S');
INSERT INTO licenciamento (ano, renavam, dataVenc, pago) VALUES (1986, '72737736906', '1971-12-28', 'S');
INSERT INTO licenciamento (ano, renavam, dataVenc, pago) VALUES (1987, '72737736906', '1971-12-28', 'S');
INSERT INTO licenciamento (ano, renavam, dataVenc, pago) VALUES (1988, '72737736906', '1971-12-28', 'S');
INSERT INTO licenciamento (ano, renavam, dataVenc, pago) VALUES (1989, '72737736906', '1971-12-28', 'S');
INSERT INTO licenciamento (ano, renavam, dataVenc, pago) VALUES (1990, '72737736906', '1971-12-28', 'S');
INSERT INTO licenciamento (ano, renavam, dataVenc, pago) VALUES (1991, '72737736906', '1971-12-28', 'S');
INSERT INTO licenciamento (ano, renavam, dataVenc, pago) VALUES (1992, '72737736906', '1971-12-28', 'S');
INSERT INTO licenciamento (ano, renavam, dataVenc, pago) VALUES (1993, '72737736906', '1971-12-28', 'S');
INSERT INTO licenciamento (ano, renavam, dataVenc, pago) VALUES (1994, '72737736906', '1971-12-28', 'S');
INSERT INTO licenciamento (ano, renavam, dataVenc, pago) VALUES (1995, '72737736906', '1971-12-28', 'S');
INSERT INTO licenciamento (ano, renavam, dataVenc, pago) VALUES (1996, '72737736906', '1971-12-28', 'S');
INSERT INTO licenciamento (ano, renavam, dataVenc, pago) VALUES (1997, '72737736906', '1971-12-28', 'S');
INSERT INTO licenciamento (ano, renavam, dataVenc, pago) VALUES (1998, '72737736906', '1971-12-28', 'S');
INSERT INTO licenciamento (ano, renavam, dataVenc, pago) VALUES (1999, '72737736906', '1971-12-28', 'S');
INSERT INTO licenciamento (ano, renavam, dataVenc, pago) VALUES (2000, '72737736906', '1971-12-28', 'S');
INSERT INTO licenciamento (ano, renavam, dataVenc, pago) VALUES (2001, '72737736906', '1971-12-28', 'S');
INSERT INTO licenciamento (ano, renavam, dataVenc, pago) VALUES (2002, '72737736906', '1971-12-28', 'S');
INSERT INTO licenciamento (ano, renavam, dataVenc, pago) VALUES (2003, '72737736906', '1971-12-28', 'S');
INSERT INTO licenciamento (ano, renavam, dataVenc, pago) VALUES (2004, '72737736906', '1971-12-28', 'S');
INSERT INTO licenciamento (ano, renavam, dataVenc, pago) VALUES (2005, '72737736906', '1971-12-28', 'S');
INSERT INTO licenciamento (ano, renavam, dataVenc, pago) VALUES (2006, '72737736906', '1971-12-28', 'S');
INSERT INTO licenciamento (ano, renavam, dataVenc, pago) VALUES (2007, '72737736906', '1971-12-28', 'S');
INSERT INTO licenciamento (ano, renavam, dataVenc, pago) VALUES (2008, '72737736906', '1971-12-28', 'S');
INSERT INTO licenciamento (ano, renavam, dataVenc, pago) VALUES (2009, '72737736906', '1971-12-28', 'S');
INSERT INTO licenciamento (ano, renavam, dataVenc, pago) VALUES (2010, '72737736906', '1971-12-28', 'S');
INSERT INTO licenciamento (ano, renavam, dataVenc, pago) VALUES (2011, '72737736906', '1971-12-28', 'S');
INSERT INTO licenciamento (ano, renavam, dataVenc, pago) VALUES (2012, '72737736906', '1971-12-28', 'S');
INSERT INTO licenciamento (ano, renavam, dataVenc, pago) VALUES (2013, '72737736906', '1971-12-28', 'S');
INSERT INTO licenciamento (ano, renavam, dataVenc, pago) VALUES (2014, '72737736906', '1971-12-28', 'S');
INSERT INTO licenciamento (ano, renavam, dataVenc, pago) VALUES (2015, '72737736906', '1971-12-28', 'S');
INSERT INTO licenciamento (ano, renavam, dataVenc, pago) VALUES (2016, '72737736906', '1971-12-28', 'N');
INSERT INTO licenciamento (ano, renavam, dataVenc, pago) VALUES (2008, '89658167105', '2008-12-28', 'S');
INSERT INTO licenciamento (ano, renavam, dataVenc, pago) VALUES (2009, '89658167105', '2008-12-28', 'S');
INSERT INTO licenciamento (ano, renavam, dataVenc, pago) VALUES (2010, '89658167105', '2008-12-28', 'S');
INSERT INTO licenciamento (ano, renavam, dataVenc, pago) VALUES (2011, '89658167105', '2008-12-28', 'S');
INSERT INTO licenciamento (ano, renavam, dataVenc, pago) VALUES (2012, '89658167105', '2008-12-28', 'S');
INSERT INTO licenciamento (ano, renavam, dataVenc, pago) VALUES (2013, '89658167105', '2008-12-28', 'S');
INSERT INTO licenciamento (ano, renavam, dataVenc, pago) VALUES (2014, '89658167105', '2008-12-28', 'S');
INSERT INTO licenciamento (ano, renavam, dataVenc, pago) VALUES (2015, '89658167105', '2008-12-28', 'S');
INSERT INTO licenciamento (ano, renavam, dataVenc, pago) VALUES (2016, '89658167105', '2008-12-28', 'S');
INSERT INTO licenciamento (ano, renavam, dataVenc, pago) VALUES (2017, '89658167105', '2008-12-28', 'S');
INSERT INTO licenciamento (ano, renavam, dataVenc, pago) VALUES (2018, '89658167105', '2008-12-28', 'S');
INSERT INTO licenciamento (ano, renavam, dataVenc, pago) VALUES (2019, '89658167105', '2008-12-28', 'S');
INSERT INTO licenciamento (ano, renavam, dataVenc, pago) VALUES (1970, '80879016092', '1970-11-30', 'N');
INSERT INTO licenciamento (ano, renavam, dataVenc, pago) VALUES (1987, '71838429989', '1987-10-31', 'N');
INSERT INTO licenciamento (ano, renavam, dataVenc, pago) VALUES (1983, '70908250402', '1983-12-28', 'S');
INSERT INTO licenciamento (ano, renavam, dataVenc, pago) VALUES (1984, '70908250402', '1983-12-28', 'N');
INSERT INTO licenciamento (ano, renavam, dataVenc, pago) VALUES (1972, '71778560227', '1972-04-30', 'S');
INSERT INTO licenciamento (ano, renavam, dataVenc, pago) VALUES (2017, '67818598582', '2017-10-31', 'S');
INSERT INTO licenciamento (ano, renavam, dataVenc, pago) VALUES (2018, '67818598582', '2017-10-31', 'S');
INSERT INTO licenciamento (ano, renavam, dataVenc, pago) VALUES (2019, '67818598582', '2017-10-31', 'S');
INSERT INTO licenciamento (ano, renavam, dataVenc, pago) VALUES (1977, '72727246469', '1977-08-31', 'S');
INSERT INTO licenciamento (ano, renavam, dataVenc, pago) VALUES (1994, '81688279852', '1994-07-31', 'S');
INSERT INTO licenciamento (ano, renavam, dataVenc, pago) VALUES (1995, '81688279852', '1994-07-31', 'S');
INSERT INTO licenciamento (ano, renavam, dataVenc, pago) VALUES (1996, '81688279852', '1994-07-31', 'S');
INSERT INTO licenciamento (ano, renavam, dataVenc, pago) VALUES (1997, '81688279852', '1994-07-31', 'S');
INSERT INTO licenciamento (ano, renavam, dataVenc, pago) VALUES (1998, '81688279852', '1994-07-31', 'S');
INSERT INTO licenciamento (ano, renavam, dataVenc, pago) VALUES (1999, '81688279852', '1994-07-31', 'S');
INSERT INTO licenciamento (ano, renavam, dataVenc, pago) VALUES (2000, '81688279852', '1994-07-31', 'S');
INSERT INTO licenciamento (ano, renavam, dataVenc, pago) VALUES (2001, '81688279852', '1994-07-31', 'S');
INSERT INTO licenciamento (ano, renavam, dataVenc, pago) VALUES (2002, '81688279852', '1994-07-31', 'S');
INSERT INTO licenciamento (ano, renavam, dataVenc, pago) VALUES (2003, '81688279852', '1994-07-31', 'S');
INSERT INTO licenciamento (ano, renavam, dataVenc, pago) VALUES (2004, '81688279852', '1994-07-31', 'S');
INSERT INTO licenciamento (ano, renavam, dataVenc, pago) VALUES (2005, '81688279852', '1994-07-31', 'S');
INSERT INTO licenciamento (ano, renavam, dataVenc, pago) VALUES (2006, '81688279852', '1994-07-31', 'S');
INSERT INTO licenciamento (ano, renavam, dataVenc, pago) VALUES (2007, '81688279852', '1994-07-31', 'S');
INSERT INTO licenciamento (ano, renavam, dataVenc, pago) VALUES (2008, '81688279852', '1994-07-31', 'S');
INSERT INTO licenciamento (ano, renavam, dataVenc, pago) VALUES (2009, '81688279852', '1994-07-31', 'S');
INSERT INTO licenciamento (ano, renavam, dataVenc, pago) VALUES (2010, '81688279852', '1994-07-31', 'S');
INSERT INTO licenciamento (ano, renavam, dataVenc, pago) VALUES (2011, '81688279852', '1994-07-31', 'S');
INSERT INTO licenciamento (ano, renavam, dataVenc, pago) VALUES (2012, '81688279852', '1994-07-31', 'S');
INSERT INTO licenciamento (ano, renavam, dataVenc, pago) VALUES (2013, '81688279852', '1994-07-31', 'S');
INSERT INTO licenciamento (ano, renavam, dataVenc, pago) VALUES (2014, '81688279852', '1994-07-31', 'S');
INSERT INTO licenciamento (ano, renavam, dataVenc, pago) VALUES (2015, '81688279852', '1994-07-31', 'S');
INSERT INTO licenciamento (ano, renavam, dataVenc, pago) VALUES (2016, '81688279852', '1994-07-31', 'S');
INSERT INTO licenciamento (ano, renavam, dataVenc, pago) VALUES (2017, '81688279852', '1994-07-31', 'S');
INSERT INTO licenciamento (ano, renavam, dataVenc, pago) VALUES (2018, '81688279852', '1994-07-31', 'S');
INSERT INTO licenciamento (ano, renavam, dataVenc, pago) VALUES (2019, '81688279852', '1994-07-31', 'S');
INSERT INTO licenciamento (ano, renavam, dataVenc, pago) VALUES (1982, '76717291502', '1982-12-28', 'S');
INSERT INTO licenciamento (ano, renavam, dataVenc, pago) VALUES (1983, '76717291502', '1982-12-28', 'S');
INSERT INTO licenciamento (ano, renavam, dataVenc, pago) VALUES (1984, '76717291502', '1982-12-28', 'S');
INSERT INTO licenciamento (ano, renavam, dataVenc, pago) VALUES (1987, '68908193490', '1987-11-30', 'S');
INSERT INTO licenciamento (ano, renavam, dataVenc, pago) VALUES (1988, '68908193490', '1987-11-30', 'S');
INSERT INTO licenciamento (ano, renavam, dataVenc, pago) VALUES (2009, '86667905500', '2009-12-28', 'S');
INSERT INTO licenciamento (ano, renavam, dataVenc, pago) VALUES (2010, '86667905500', '2009-12-28', 'S');
INSERT INTO licenciamento (ano, renavam, dataVenc, pago) VALUES (2011, '86667905500', '2009-12-28', 'S');
INSERT INTO licenciamento (ano, renavam, dataVenc, pago) VALUES (2012, '86667905500', '2009-12-28', 'S');
INSERT INTO licenciamento (ano, renavam, dataVenc, pago) VALUES (2013, '86667905500', '2009-12-28', 'S');
INSERT INTO licenciamento (ano, renavam, dataVenc, pago) VALUES (2014, '86667905500', '2009-12-28', 'S');
INSERT INTO licenciamento (ano, renavam, dataVenc, pago) VALUES (2015, '86667905500', '2009-12-28', 'S');
INSERT INTO licenciamento (ano, renavam, dataVenc, pago) VALUES (2016, '86667905500', '2009-12-28', 'S');
INSERT INTO licenciamento (ano, renavam, dataVenc, pago) VALUES (2017, '86667905500', '2009-12-28', 'S');
INSERT INTO licenciamento (ano, renavam, dataVenc, pago) VALUES (2018, '86667905500', '2009-12-28', 'S');
INSERT INTO licenciamento (ano, renavam, dataVenc, pago) VALUES (2019, '86667905500', '2009-12-28', 'S');
INSERT INTO licenciamento (ano, renavam, dataVenc, pago) VALUES (1976, '77748594505', '1976-12-28', 'S');
INSERT INTO licenciamento (ano, renavam, dataVenc, pago) VALUES (1977, '77748594505', '1976-12-28', 'S');
INSERT INTO licenciamento (ano, renavam, dataVenc, pago) VALUES (1978, '77748594505', '1976-12-28', 'S');
INSERT INTO licenciamento (ano, renavam, dataVenc, pago) VALUES (1979, '77748594505', '1976-12-28', 'S');
INSERT INTO licenciamento (ano, renavam, dataVenc, pago) VALUES (1980, '77748594505', '1976-12-28', 'S');
INSERT INTO licenciamento (ano, renavam, dataVenc, pago) VALUES (1981, '77748594505', '1976-12-28', 'S');
INSERT INTO licenciamento (ano, renavam, dataVenc, pago) VALUES (1982, '77748594505', '1976-12-28', 'S');
INSERT INTO licenciamento (ano, renavam, dataVenc, pago) VALUES (1983, '77748594505', '1976-12-28', 'S');
INSERT INTO licenciamento (ano, renavam, dataVenc, pago) VALUES (1984, '77748594505', '1976-12-28', 'S');
INSERT INTO licenciamento (ano, renavam, dataVenc, pago) VALUES (1984, '90688311771', '1984-09-28', 'S');
INSERT INTO licenciamento (ano, renavam, dataVenc, pago) VALUES (1985, '90688311771', '1984-09-28', 'S');
INSERT INTO licenciamento (ano, renavam, dataVenc, pago) VALUES (1986, '90688311771', '1984-09-28', 'S');
INSERT INTO licenciamento (ano, renavam, dataVenc, pago) VALUES (1987, '90688311771', '1984-09-28', 'N');
INSERT INTO licenciamento (ano, renavam, dataVenc, pago) VALUES (1985, '90837420399', '1985-11-30', 'S');
INSERT INTO licenciamento (ano, renavam, dataVenc, pago) VALUES (1986, '90837420399', '1985-11-30', 'S');
INSERT INTO licenciamento (ano, renavam, dataVenc, pago) VALUES (1987, '90837420399', '1985-11-30', 'S');
INSERT INTO licenciamento (ano, renavam, dataVenc, pago) VALUES (1988, '90837420399', '1985-11-30', 'S');
INSERT INTO licenciamento (ano, renavam, dataVenc, pago) VALUES (1989, '90837420399', '1985-11-30', 'S');
INSERT INTO licenciamento (ano, renavam, dataVenc, pago) VALUES (1990, '90837420399', '1985-11-30', 'S');
INSERT INTO licenciamento (ano, renavam, dataVenc, pago) VALUES (1991, '90837420399', '1985-11-30', 'S');
INSERT INTO licenciamento (ano, renavam, dataVenc, pago) VALUES (1992, '90837420399', '1985-11-30', 'S');
INSERT INTO licenciamento (ano, renavam, dataVenc, pago) VALUES (1993, '90837420399', '1985-11-30', 'S');
INSERT INTO licenciamento (ano, renavam, dataVenc, pago) VALUES (1994, '90837420399', '1985-11-30', 'S');
INSERT INTO licenciamento (ano, renavam, dataVenc, pago) VALUES (1995, '90837420399', '1985-11-30', 'S');
INSERT INTO licenciamento (ano, renavam, dataVenc, pago) VALUES (1996, '90837420399', '1985-11-30', 'S');
INSERT INTO licenciamento (ano, renavam, dataVenc, pago) VALUES (1997, '90837420399', '1985-11-30', 'S');
INSERT INTO licenciamento (ano, renavam, dataVenc, pago) VALUES (1998, '90837420399', '1985-11-30', 'S');
INSERT INTO licenciamento (ano, renavam, dataVenc, pago) VALUES (1999, '90837420399', '1985-11-30', 'S');
INSERT INTO licenciamento (ano, renavam, dataVenc, pago) VALUES (2000, '90837420399', '1985-11-30', 'S');
INSERT INTO licenciamento (ano, renavam, dataVenc, pago) VALUES (2001, '90837420399', '1985-11-30', 'S');
INSERT INTO licenciamento (ano, renavam, dataVenc, pago) VALUES (2002, '90837420399', '1985-11-30', 'S');
INSERT INTO licenciamento (ano, renavam, dataVenc, pago) VALUES (2003, '90837420399', '1985-11-30', 'S');
INSERT INTO licenciamento (ano, renavam, dataVenc, pago) VALUES (2004, '90837420399', '1985-11-30', 'S');
INSERT INTO licenciamento (ano, renavam, dataVenc, pago) VALUES (2005, '90837420399', '1985-11-30', 'S');
INSERT INTO licenciamento (ano, renavam, dataVenc, pago) VALUES (2006, '90837420399', '1985-11-30', 'S');
INSERT INTO licenciamento (ano, renavam, dataVenc, pago) VALUES (2007, '90837420399', '1985-11-30', 'S');
INSERT INTO licenciamento (ano, renavam, dataVenc, pago) VALUES (2008, '90837420399', '1985-11-30', 'S');
INSERT INTO licenciamento (ano, renavam, dataVenc, pago) VALUES (2009, '90837420399', '1985-11-30', 'S');
INSERT INTO licenciamento (ano, renavam, dataVenc, pago) VALUES (2010, '90837420399', '1985-11-30', 'S');
INSERT INTO licenciamento (ano, renavam, dataVenc, pago) VALUES (2011, '90837420399', '1985-11-30', 'N');
INSERT INTO licenciamento (ano, renavam, dataVenc, pago) VALUES (1973, '78797497583', '1973-10-31', 'S');
INSERT INTO licenciamento (ano, renavam, dataVenc, pago) VALUES (1974, '78797497583', '1973-10-31', 'S');
INSERT INTO licenciamento (ano, renavam, dataVenc, pago) VALUES (1975, '78797497583', '1973-10-31', 'S');
INSERT INTO licenciamento (ano, renavam, dataVenc, pago) VALUES (1974, '69788745910', '1974-03-28', 'S');
INSERT INTO licenciamento (ano, renavam, dataVenc, pago) VALUES (1975, '69788745910', '1974-03-28', 'S');
INSERT INTO licenciamento (ano, renavam, dataVenc, pago) VALUES (1976, '69788745910', '1974-03-28', 'S');
INSERT INTO licenciamento (ano, renavam, dataVenc, pago) VALUES (1977, '69788745910', '1974-03-28', 'S');
INSERT INTO licenciamento (ano, renavam, dataVenc, pago) VALUES (1978, '69788745910', '1974-03-28', 'S');
INSERT INTO licenciamento (ano, renavam, dataVenc, pago) VALUES (1979, '69788745910', '1974-03-28', 'S');
INSERT INTO licenciamento (ano, renavam, dataVenc, pago) VALUES (1980, '69788745910', '1974-03-28', 'S');
INSERT INTO licenciamento (ano, renavam, dataVenc, pago) VALUES (1981, '69788745910', '1974-03-28', 'S');
INSERT INTO licenciamento (ano, renavam, dataVenc, pago) VALUES (1982, '69788745910', '1974-03-28', 'S');
INSERT INTO licenciamento (ano, renavam, dataVenc, pago) VALUES (1983, '69788745910', '1974-03-28', 'S');
INSERT INTO licenciamento (ano, renavam, dataVenc, pago) VALUES (1984, '69788745910', '1974-03-28', 'S');
INSERT INTO licenciamento (ano, renavam, dataVenc, pago) VALUES (1985, '69788745910', '1974-03-28', 'S');
INSERT INTO licenciamento (ano, renavam, dataVenc, pago) VALUES (1986, '69788745910', '1974-03-28', 'S');
INSERT INTO licenciamento (ano, renavam, dataVenc, pago) VALUES (1987, '69788745910', '1974-03-28', 'S');
INSERT INTO licenciamento (ano, renavam, dataVenc, pago) VALUES (1988, '69788745910', '1974-03-28', 'S');
INSERT INTO licenciamento (ano, renavam, dataVenc, pago) VALUES (1989, '69788745910', '1974-03-28', 'N');
INSERT INTO licenciamento (ano, renavam, dataVenc, pago) VALUES (1974, '77907323381', '1974-10-31', 'S');
INSERT INTO licenciamento (ano, renavam, dataVenc, pago) VALUES (1975, '77907323381', '1974-10-31', 'S');
INSERT INTO licenciamento (ano, renavam, dataVenc, pago) VALUES (1976, '77907323381', '1974-10-31', 'S');
INSERT INTO licenciamento (ano, renavam, dataVenc, pago) VALUES (1977, '77907323381', '1974-10-31', 'S');
INSERT INTO licenciamento (ano, renavam, dataVenc, pago) VALUES (1978, '77907323381', '1974-10-31', 'S');
INSERT INTO licenciamento (ano, renavam, dataVenc, pago) VALUES (1979, '77907323381', '1974-10-31', 'S');
INSERT INTO licenciamento (ano, renavam, dataVenc, pago) VALUES (1980, '77907323381', '1974-10-31', 'S');
INSERT INTO licenciamento (ano, renavam, dataVenc, pago) VALUES (1981, '77907323381', '1974-10-31', 'S');
INSERT INTO licenciamento (ano, renavam, dataVenc, pago) VALUES (1982, '77907323381', '1974-10-31', 'S');
INSERT INTO licenciamento (ano, renavam, dataVenc, pago) VALUES (1983, '77907323381', '1974-10-31', 'S');
INSERT INTO licenciamento (ano, renavam, dataVenc, pago) VALUES (2006, '73768939629', '2006-04-30', 'S');
INSERT INTO licenciamento (ano, renavam, dataVenc, pago) VALUES (2007, '73768939629', '2006-04-30', 'S');
INSERT INTO licenciamento (ano, renavam, dataVenc, pago) VALUES (2008, '73768939629', '2006-04-30', 'S');
INSERT INTO licenciamento (ano, renavam, dataVenc, pago) VALUES (2009, '73768939629', '2006-04-30', 'S');
INSERT INTO licenciamento (ano, renavam, dataVenc, pago) VALUES (2010, '73768939629', '2006-04-30', 'S');
INSERT INTO licenciamento (ano, renavam, dataVenc, pago) VALUES (2011, '73768939629', '2006-04-30', 'S');
INSERT INTO licenciamento (ano, renavam, dataVenc, pago) VALUES (2012, '73768939629', '2006-04-30', 'S');
INSERT INTO licenciamento (ano, renavam, dataVenc, pago) VALUES (2013, '73768939629', '2006-04-30', 'S');
INSERT INTO licenciamento (ano, renavam, dataVenc, pago) VALUES (2014, '73768939629', '2006-04-30', 'S');
INSERT INTO licenciamento (ano, renavam, dataVenc, pago) VALUES (2015, '73768939629', '2006-04-30', 'S');
INSERT INTO licenciamento (ano, renavam, dataVenc, pago) VALUES (2016, '73768939629', '2006-04-30', 'S');
INSERT INTO licenciamento (ano, renavam, dataVenc, pago) VALUES (2017, '73768939629', '2006-04-30', 'S');
INSERT INTO licenciamento (ano, renavam, dataVenc, pago) VALUES (2018, '73768939629', '2006-04-30', 'S');
INSERT INTO licenciamento (ano, renavam, dataVenc, pago) VALUES (2019, '73768939629', '2006-04-30', 'S');
INSERT INTO licenciamento (ano, renavam, dataVenc, pago) VALUES (1978, '71738137013', '1978-03-28', 'S');
INSERT INTO licenciamento (ano, renavam, dataVenc, pago) VALUES (1975, '80707752246', '1975-06-29', 'S');
INSERT INTO licenciamento (ano, renavam, dataVenc, pago) VALUES (1976, '80707752246', '1975-06-29', 'S');
INSERT INTO licenciamento (ano, renavam, dataVenc, pago) VALUES (1977, '80707752246', '1975-06-29', 'S');
INSERT INTO licenciamento (ano, renavam, dataVenc, pago) VALUES (1978, '80707752246', '1975-06-29', 'S');
INSERT INTO licenciamento (ano, renavam, dataVenc, pago) VALUES (1979, '80707752246', '1975-06-29', 'S');
INSERT INTO licenciamento (ano, renavam, dataVenc, pago) VALUES (1971, '70827886641', '1971-06-29', 'S');
INSERT INTO licenciamento (ano, renavam, dataVenc, pago) VALUES (1972, '70827886641', '1971-06-29', 'S');
INSERT INTO licenciamento (ano, renavam, dataVenc, pago) VALUES (1973, '70827886641', '1971-06-29', 'S');
INSERT INTO licenciamento (ano, renavam, dataVenc, pago) VALUES (1974, '70827886641', '1971-06-29', 'S');
INSERT INTO licenciamento (ano, renavam, dataVenc, pago) VALUES (1975, '70827886641', '1971-06-29', 'S');
INSERT INTO licenciamento (ano, renavam, dataVenc, pago) VALUES (1976, '70827886641', '1971-06-29', 'S');
INSERT INTO licenciamento (ano, renavam, dataVenc, pago) VALUES (1977, '70827886641', '1971-06-29', 'S');
INSERT INTO licenciamento (ano, renavam, dataVenc, pago) VALUES (1978, '70827886641', '1971-06-29', 'S');
INSERT INTO licenciamento (ano, renavam, dataVenc, pago) VALUES (1979, '70827886641', '1971-06-29', 'S');
INSERT INTO licenciamento (ano, renavam, dataVenc, pago) VALUES (1980, '70827886641', '1971-06-29', 'S');
INSERT INTO licenciamento (ano, renavam, dataVenc, pago) VALUES (1981, '70827886641', '1971-06-29', 'S');
INSERT INTO licenciamento (ano, renavam, dataVenc, pago) VALUES (1982, '70827886641', '1971-06-29', 'S');
INSERT INTO licenciamento (ano, renavam, dataVenc, pago) VALUES (1983, '70827886641', '1971-06-29', 'S');
INSERT INTO licenciamento (ano, renavam, dataVenc, pago) VALUES (1984, '70827886641', '1971-06-29', 'S');
INSERT INTO licenciamento (ano, renavam, dataVenc, pago) VALUES (1985, '70827886641', '1971-06-29', 'S');
INSERT INTO licenciamento (ano, renavam, dataVenc, pago) VALUES (1986, '70827886641', '1971-06-29', 'S');
INSERT INTO licenciamento (ano, renavam, dataVenc, pago) VALUES (1987, '70827886641', '1971-06-29', 'S');
INSERT INTO licenciamento (ano, renavam, dataVenc, pago) VALUES (1988, '70827886641', '1971-06-29', 'S');
INSERT INTO licenciamento (ano, renavam, dataVenc, pago) VALUES (1989, '70827886641', '1971-06-29', 'S');
INSERT INTO licenciamento (ano, renavam, dataVenc, pago) VALUES (1990, '70827886641', '1971-06-29', 'S');
INSERT INTO licenciamento (ano, renavam, dataVenc, pago) VALUES (1991, '70827886641', '1971-06-29', 'S');
INSERT INTO licenciamento (ano, renavam, dataVenc, pago) VALUES (1992, '70827886641', '1971-06-29', 'S');
INSERT INTO licenciamento (ano, renavam, dataVenc, pago) VALUES (1993, '70827886641', '1971-06-29', 'S');
INSERT INTO licenciamento (ano, renavam, dataVenc, pago) VALUES (1994, '70827886641', '1971-06-29', 'N');
INSERT INTO licenciamento (ano, renavam, dataVenc, pago) VALUES (1970, '71868424535', '1970-05-30', 'S');
INSERT INTO licenciamento (ano, renavam, dataVenc, pago) VALUES (1971, '71868424535', '1970-05-30', 'S');
INSERT INTO licenciamento (ano, renavam, dataVenc, pago) VALUES (1972, '71868424535', '1970-05-30', 'S');
INSERT INTO licenciamento (ano, renavam, dataVenc, pago) VALUES (1973, '71868424535', '1970-05-30', 'S');
INSERT INTO licenciamento (ano, renavam, dataVenc, pago) VALUES (1974, '71868424535', '1970-05-30', 'S');
INSERT INTO licenciamento (ano, renavam, dataVenc, pago) VALUES (1975, '71868424535', '1970-05-30', 'S');
INSERT INTO licenciamento (ano, renavam, dataVenc, pago) VALUES (1976, '71868424535', '1970-05-30', 'S');
INSERT INTO licenciamento (ano, renavam, dataVenc, pago) VALUES (1977, '71868424535', '1970-05-30', 'S');
INSERT INTO licenciamento (ano, renavam, dataVenc, pago) VALUES (1978, '71868424535', '1970-05-30', 'S');
INSERT INTO licenciamento (ano, renavam, dataVenc, pago) VALUES (1979, '71868424535', '1970-05-30', 'S');
INSERT INTO licenciamento (ano, renavam, dataVenc, pago) VALUES (1980, '71868424535', '1970-05-30', 'S');
INSERT INTO licenciamento (ano, renavam, dataVenc, pago) VALUES (1981, '71868424535', '1970-05-30', 'S');
INSERT INTO licenciamento (ano, renavam, dataVenc, pago) VALUES (1982, '71868424535', '1970-05-30', 'N');
INSERT INTO licenciamento (ano, renavam, dataVenc, pago) VALUES (1986, '83658815647', '1986-06-29', 'S');
INSERT INTO licenciamento (ano, renavam, dataVenc, pago) VALUES (1987, '83658815647', '1986-06-29', 'S');
INSERT INTO licenciamento (ano, renavam, dataVenc, pago) VALUES (1988, '83658815647', '1986-06-29', 'N');
INSERT INTO licenciamento (ano, renavam, dataVenc, pago) VALUES (1991, '79657084470', '1991-09-28', 'S');
INSERT INTO licenciamento (ano, renavam, dataVenc, pago) VALUES (1992, '79657084470', '1991-09-28', 'S');
INSERT INTO licenciamento (ano, renavam, dataVenc, pago) VALUES (1993, '79657084470', '1991-09-28', 'S');
INSERT INTO licenciamento (ano, renavam, dataVenc, pago) VALUES (1994, '79657084470', '1991-09-28', 'S');
INSERT INTO licenciamento (ano, renavam, dataVenc, pago) VALUES (1995, '79657084470', '1991-09-28', 'S');
INSERT INTO licenciamento (ano, renavam, dataVenc, pago) VALUES (1996, '79657084470', '1991-09-28', 'S');
INSERT INTO licenciamento (ano, renavam, dataVenc, pago) VALUES (1997, '79657084470', '1991-09-28', 'S');
INSERT INTO licenciamento (ano, renavam, dataVenc, pago) VALUES (1998, '79657084470', '1991-09-28', 'S');
INSERT INTO licenciamento (ano, renavam, dataVenc, pago) VALUES (2017, '65707859942', '2017-06-29', 'S');
INSERT INTO licenciamento (ano, renavam, dataVenc, pago) VALUES (2018, '65707859942', '2017-06-29', 'S');
INSERT INTO licenciamento (ano, renavam, dataVenc, pago) VALUES (2019, '65707859942', '2017-06-29', 'S');
INSERT INTO transferencia (idHistorico, renavam, idProprietario, dataCompra, dataVenda) VALUES (1, '71847901687', 573, '1988-11-23', '1988-11-23');
INSERT INTO transferencia (idHistorico, renavam, idProprietario, dataCompra, dataVenda) VALUES (2, '66717543490', 48, '2012-07-29', '2012-07-29');
INSERT INTO transferencia (idHistorico, renavam, idProprietario, dataCompra, dataVenda) VALUES (3, '80668907620', 311, '1972-08-08', '1972-08-08');
INSERT INTO transferencia (idHistorico, renavam, idProprietario, dataCompra, dataVenda) VALUES (4, '88787801210', 602, '2003-04-19', '2003-04-19');
INSERT INTO transferencia (idHistorico, renavam, idProprietario, dataCompra, dataVenda) VALUES (5, '87896796715', 544, '1986-07-21', '1986-07-21');
INSERT INTO transferencia (idHistorico, renavam, idProprietario, dataCompra, dataVenda) VALUES (6, '65657590902', 442, '2009-01-07', '2009-01-07');
INSERT INTO transferencia (idHistorico, renavam, idProprietario, dataCompra, dataVenda) VALUES (7, '65657590902', 615, '2010-08-19', '2010-08-19');
INSERT INTO transferencia (idHistorico, renavam, idProprietario, dataCompra, dataVenda) VALUES (8, '83766859196', 527, '2016-03-01', '2016-03-01');
INSERT INTO transferencia (idHistorico, renavam, idProprietario, dataCompra, dataVenda) VALUES (9, '84778568122', 458, '1999-05-05', '1999-05-05');
INSERT INTO transferencia (idHistorico, renavam, idProprietario, dataCompra, dataVenda) VALUES (10, '78687309545', 435, '1980-08-09', '1980-08-09');
INSERT INTO transferencia (idHistorico, renavam, idProprietario, dataCompra, dataVenda) VALUES (11, '78687309545', 85, '1987-12-27', '1987-12-27');
INSERT INTO transferencia (idHistorico, renavam, idProprietario, dataCompra, dataVenda) VALUES (12, '66758564654', 502, '2005-09-27', '2005-09-27');
INSERT INTO transferencia (idHistorico, renavam, idProprietario, dataCompra, dataVenda) VALUES (13, '80796761491', 518, '1985-07-07', '1985-07-07');
INSERT INTO transferencia (idHistorico, renavam, idProprietario, dataCompra, dataVenda) VALUES (14, '70847818250', 380, '2017-09-04', '2017-09-04');
INSERT INTO transferencia (idHistorico, renavam, idProprietario, dataCompra, dataVenda) VALUES (15, '69799020645', 43, '1989-03-29', '1989-03-29');
INSERT INTO transferencia (idHistorico, renavam, idProprietario, dataCompra, dataVenda) VALUES (16, '87688073110', 40, '1992-02-02', '1992-02-02');
INSERT INTO transferencia (idHistorico, renavam, idProprietario, dataCompra, dataVenda) VALUES (17, '69837001843', 412, '1994-02-02', '1994-02-02');
INSERT INTO transferencia (idHistorico, renavam, idProprietario, dataCompra, dataVenda) VALUES (18, '69837001843', 598, '2000-10-31', '2000-10-31');
INSERT INTO transferencia (idHistorico, renavam, idProprietario, dataCompra, dataVenda) VALUES (19, '90678481526', 278, '1987-11-12', '1987-11-12');
INSERT INTO transferencia (idHistorico, renavam, idProprietario, dataCompra, dataVenda) VALUES (20, '70837635498', 211, '1991-10-11', '1991-10-11');
INSERT INTO transferencia (idHistorico, renavam, idProprietario, dataCompra, dataVenda) VALUES (21, '70797861140', 411, '2019-01-04', '2019-01-04');
INSERT INTO transferencia (idHistorico, renavam, idProprietario, dataCompra, dataVenda) VALUES (22, '90656841643', 268, '1998-02-02', '1998-02-02');
INSERT INTO transferencia (idHistorico, renavam, idProprietario, dataCompra, dataVenda) VALUES (23, '89697431853', 485, '1999-03-22', '1999-03-22');
INSERT INTO transferencia (idHistorico, renavam, idProprietario, dataCompra, dataVenda) VALUES (24, '89697431853', 469, '2017-10-19', '2017-10-19');
INSERT INTO transferencia (idHistorico, renavam, idProprietario, dataCompra, dataVenda) VALUES (25, '65787072170', 608, '1992-04-02', '1992-04-02');
INSERT INTO transferencia (idHistorico, renavam, idProprietario, dataCompra, dataVenda) VALUES (26, '75797915488', 197, '2007-07-02', '2007-07-02');
INSERT INTO transferencia (idHistorico, renavam, idProprietario, dataCompra, dataVenda) VALUES (27, '73897586498', 168, '2007-07-16', '2007-07-16');
INSERT INTO transferencia (idHistorico, renavam, idProprietario, dataCompra, dataVenda) VALUES (28, '86667305677', 480, '2009-12-14', '2009-12-14');
INSERT INTO transferencia (idHistorico, renavam, idProprietario, dataCompra, dataVenda) VALUES (29, '89688750887', 206, '2018-12-29', '2018-12-29');
INSERT INTO transferencia (idHistorico, renavam, idProprietario, dataCompra, dataVenda) VALUES (30, '74858989720', 450, '2002-09-13', '2002-09-13');
INSERT INTO transferencia (idHistorico, renavam, idProprietario, dataCompra, dataVenda) VALUES (31, '74858989720', 411, '2005-10-16', '2005-10-16');
INSERT INTO transferencia (idHistorico, renavam, idProprietario, dataCompra, dataVenda) VALUES (32, '81827999336', 595, '1980-01-01', '1980-01-01');
INSERT INTO transferencia (idHistorico, renavam, idProprietario, dataCompra, dataVenda) VALUES (33, '71736784623', 460, '2011-05-15', '2011-05-15');
INSERT INTO transferencia (idHistorico, renavam, idProprietario, dataCompra, dataVenda) VALUES (34, '71736784623', 432, '2013-02-03', '2013-02-03');
INSERT INTO transferencia (idHistorico, renavam, idProprietario, dataCompra, dataVenda) VALUES (35, '67707209634', 71, '2001-11-09', '2001-11-09');
INSERT INTO transferencia (idHistorico, renavam, idProprietario, dataCompra, dataVenda) VALUES (36, '67707209634', 70, '2003-03-21', '2003-03-21');
INSERT INTO transferencia (idHistorico, renavam, idProprietario, dataCompra, dataVenda) VALUES (37, '85738404291', 248, '2004-08-03', '2004-08-03');
INSERT INTO transferencia (idHistorico, renavam, idProprietario, dataCompra, dataVenda) VALUES (38, '65818057038', 162, '1993-10-04', '1993-10-04');
INSERT INTO transferencia (idHistorico, renavam, idProprietario, dataCompra, dataVenda) VALUES (39, '76877516766', 302, '1998-11-19', '1998-11-19');
INSERT INTO transferencia (idHistorico, renavam, idProprietario, dataCompra, dataVenda) VALUES (40, '90877308999', 446, '1988-12-24', '1988-12-24');
INSERT INTO transferencia (idHistorico, renavam, idProprietario, dataCompra, dataVenda) VALUES (41, '85847376728', 309, '1984-09-20', '1984-09-20');
INSERT INTO transferencia (idHistorico, renavam, idProprietario, dataCompra, dataVenda) VALUES (42, '78738773707', 155, '2008-06-03', '2008-06-03');
INSERT INTO transferencia (idHistorico, renavam, idProprietario, dataCompra, dataVenda) VALUES (43, '68897343602', 241, '2009-09-14', '2009-09-14');
INSERT INTO transferencia (idHistorico, renavam, idProprietario, dataCompra, dataVenda) VALUES (44, '73807546220', 480, '2010-02-13', '2010-02-13');
INSERT INTO transferencia (idHistorico, renavam, idProprietario, dataCompra, dataVenda) VALUES (45, '67677750138', 401, '2013-08-25', '2013-08-25');
INSERT INTO transferencia (idHistorico, renavam, idProprietario, dataCompra, dataVenda) VALUES (46, '90797449057', 232, '2012-11-08', '2012-11-08');
INSERT INTO transferencia (idHistorico, renavam, idProprietario, dataCompra, dataVenda) VALUES (47, '74897048958', 85, '2000-05-30', '2000-05-30');
INSERT INTO transferencia (idHistorico, renavam, idProprietario, dataCompra, dataVenda) VALUES (48, '88698466695', 559, '1988-12-23', '1988-12-23');
INSERT INTO transferencia (idHistorico, renavam, idProprietario, dataCompra, dataVenda) VALUES (49, '70778326730', 425, '2011-12-06', '2011-12-06');
INSERT INTO transferencia (idHistorico, renavam, idProprietario, dataCompra, dataVenda) VALUES (50, '70778326730', 139, '2019-09-13', '2019-09-13');
INSERT INTO transferencia (idHistorico, renavam, idProprietario, dataCompra, dataVenda) VALUES (51, '87736909791', 220, '2004-12-17', '2004-12-17');
INSERT INTO transferencia (idHistorico, renavam, idProprietario, dataCompra, dataVenda) VALUES (52, '84798202689', 425, '2011-07-08', '2011-07-08');
INSERT INTO transferencia (idHistorico, renavam, idProprietario, dataCompra, dataVenda) VALUES (53, '82828136275', 616, '1997-10-03', '1997-10-03');
INSERT INTO transferencia (idHistorico, renavam, idProprietario, dataCompra, dataVenda) VALUES (54, '82688230398', 609, '1987-01-16', '1987-01-16');
INSERT INTO transferencia (idHistorico, renavam, idProprietario, dataCompra, dataVenda) VALUES (55, '65907324775', 323, '1983-03-12', '1983-03-12');
INSERT INTO transferencia (idHistorico, renavam, idProprietario, dataCompra, dataVenda) VALUES (56, '74668395021', 173, '2001-06-05', '2001-06-05');
INSERT INTO transferencia (idHistorico, renavam, idProprietario, dataCompra, dataVenda) VALUES (57, '88856576771', 116, '2011-01-17', '2011-01-17');
INSERT INTO transferencia (idHistorico, renavam, idProprietario, dataCompra, dataVenda) VALUES (58, '88837923151', 306, '2010-04-24', '2010-04-24');
INSERT INTO transferencia (idHistorico, renavam, idProprietario, dataCompra, dataVenda) VALUES (59, '86807372088', 608, '1987-05-27', '1987-05-27');
INSERT INTO transferencia (idHistorico, renavam, idProprietario, dataCompra, dataVenda) VALUES (60, '88787052268', 70, '1999-01-12', '1999-01-12');
INSERT INTO transferencia (idHistorico, renavam, idProprietario, dataCompra, dataVenda) VALUES (61, '73697914742', 266, '1983-06-12', '1983-06-12');
INSERT INTO transferencia (idHistorico, renavam, idProprietario, dataCompra, dataVenda) VALUES (62, '65667369605', 204, '2008-09-25', '2008-09-25');
INSERT INTO transferencia (idHistorico, renavam, idProprietario, dataCompra, dataVenda) VALUES (63, '71687003066', 140, '2002-06-06', '2002-06-06');
INSERT INTO transferencia (idHistorico, renavam, idProprietario, dataCompra, dataVenda) VALUES (64, '74697468279', 182, '2000-09-01', '2000-09-01');
INSERT INTO transferencia (idHistorico, renavam, idProprietario, dataCompra, dataVenda) VALUES (65, '78857235806', 166, '1994-03-23', '1994-03-23');
INSERT INTO transferencia (idHistorico, renavam, idProprietario, dataCompra, dataVenda) VALUES (66, '78857235806', 309, '1995-05-20', '1995-05-20');
INSERT INTO transferencia (idHistorico, renavam, idProprietario, dataCompra, dataVenda) VALUES (67, '89766774688', 570, '1994-02-19', '1994-02-19');
INSERT INTO transferencia (idHistorico, renavam, idProprietario, dataCompra, dataVenda) VALUES (68, '73709068269', 92, '2005-08-17', '2005-08-17');
INSERT INTO transferencia (idHistorico, renavam, idProprietario, dataCompra, dataVenda) VALUES (69, '87729085525', 293, '1977-06-08', '1977-06-08');
INSERT INTO transferencia (idHistorico, renavam, idProprietario, dataCompra, dataVenda) VALUES (70, '80868296030', 384, '2016-12-03', '2016-12-03');
INSERT INTO transferencia (idHistorico, renavam, idProprietario, dataCompra, dataVenda) VALUES (71, '65767024332', 25, '2007-08-03', '2007-08-03');
INSERT INTO transferencia (idHistorico, renavam, idProprietario, dataCompra, dataVenda) VALUES (72, '86828414847', 477, '2019-02-23', '2019-02-23');
INSERT INTO transferencia (idHistorico, renavam, idProprietario, dataCompra, dataVenda) VALUES (73, '90908786269', 389, '2011-04-19', '2011-04-19');
INSERT INTO transferencia (idHistorico, renavam, idProprietario, dataCompra, dataVenda) VALUES (74, '75726903908', 166, '2013-11-29', '2013-11-29');
INSERT INTO transferencia (idHistorico, renavam, idProprietario, dataCompra, dataVenda) VALUES (75, '71677191137', 281, '2013-07-30', '2013-07-30');
INSERT INTO transferencia (idHistorico, renavam, idProprietario, dataCompra, dataVenda) VALUES (76, '65686794146', 252, '1979-03-31', '1979-03-31');
INSERT INTO transferencia (idHistorico, renavam, idProprietario, dataCompra, dataVenda) VALUES (77, '72737736906', 381, '1972-10-02', '1972-10-02');
INSERT INTO transferencia (idHistorico, renavam, idProprietario, dataCompra, dataVenda) VALUES (78, '89658167105', 229, '2009-11-12', '2009-11-12');
INSERT INTO transferencia (idHistorico, renavam, idProprietario, dataCompra, dataVenda) VALUES (79, '90837420399', 301, '2000-07-04', '2000-07-04');
INSERT INTO infracao (idInfracao,descricao,valor,pontos) VALUES (1, 'Dirigir veículo com CNH cassada', 1467.35, 7);
INSERT INTO infracao (idInfracao,descricao,valor,pontos) VALUES (2, 'Dirigir com CNH de categoria errada', 880.41, 7);
INSERT INTO infracao (idInfracao,descricao,valor,pontos) VALUES (3, 'Dirigir com CNH vencida + 30 dias', 293.47, 7);
INSERT INTO infracao (idInfracao,descricao,valor,pontos) VALUES (4, 'Dirigir sem usar lentes corretoras de visão', 293.47, 7);
INSERT INTO infracao (idInfracao,descricao,valor,pontos) VALUES (5, 'Dirigir sob influência de álcool', 2934.70, 7);
INSERT INTO infracao (idInfracao,descricao,valor,pontos) VALUES (6, 'Recusar o teste do bafômetro', 2934.70, 7);
INSERT INTO infracao (idInfracao,descricao,valor,pontos) VALUES (7, 'Entregar direção a pessoa habilitada sem condições de dirigir', 293.47, 7);
INSERT INTO infracao (idInfracao,descricao,valor,pontos) VALUES (8, 'Deixar o condutor ou passageiro de usar o cinto de segurança', 195.23, 5);
INSERT INTO infracao (idInfracao,descricao,valor,pontos) VALUES (9, 'Transportar crianças de forma irregular', 293.47, 7);
INSERT INTO infracao (idInfracao,descricao,valor,pontos) VALUES (10, 'Dirigir sem atenção ou sem os cuidados indispensáveis à segurança', 88.38, 3);
INSERT INTO infracao (idInfracao,descricao,valor,pontos) VALUES (11, 'Dirigir ameaçando os pedestres ou os demais veículos', 2934.70, 7);
INSERT INTO infracao (idInfracao,descricao,valor,pontos) VALUES (12, 'Jogar água sobre os pedestres ou veículos', 130.16, 4);
INSERT INTO infracao (idInfracao,descricao,valor,pontos) VALUES (13, 'Atirar do veículo ou abandonar na vi a objetos ou substâncias', 130.16, 4);
INSERT INTO infracao (idInfracao,descricao,valor,pontos) VALUES (14, 'Disputar corrida', 2934.70, 7);
INSERT INTO infracao (idInfracao,descricao,valor,pontos) VALUES (15, 'Realizar manobra perigosa', 2934.70, 7);
INSERT INTO infracao (idInfracao,descricao,valor,pontos) VALUES (16, 'Condutor envolvido em acidente que deixar de prestar socorro', 1467.35, 7);
INSERT INTO infracao (idInfracao,descricao,valor,pontos) VALUES (17, 'Condutor envolvido em acidente não adotar medida de segurança no local', 1467.35, 7);
INSERT INTO infracao (idInfracao,descricao,valor,pontos) VALUES (18, 'Condutor envolvido em acidente não facilitar o trabalho da perícia', 1467.35, 7);
INSERT INTO infracao (idInfracao,descricao,valor,pontos) VALUES (19, 'Condutor envolvido em acidente se recusar a mover o veículo do local', 1467.35, 7);
INSERT INTO infracao (idInfracao,descricao,valor,pontos) VALUES (20, 'Condutor envolvido em acidente não prestar informações para o B.O', 1467.35, 7);
INSERT INTO infracao (idInfracao,descricao,valor,pontos) VALUES (21, 'Deixar de prestar socorro à vítima de acidente quando solicitado', 195.23, 5);
INSERT INTO infracao (idInfracao,descricao,valor,pontos) VALUES (22, 'Deixar o condutor, envolvido em acidente sem vítima, de remover o veículo', 130.16, 4);
INSERT INTO infracao (idInfracao,descricao,valor,pontos) VALUES (23, 'Reparar veículo na faixa de rolamento quando for possível a remoção', 195.23, 5);
INSERT INTO infracao (idInfracao,descricao,valor,pontos) VALUES (24, 'Reparar veículo nas demais vias quando for possível a remoção', 130.16, 4);
INSERT INTO infracao (idInfracao,descricao,valor,pontos) VALUES (25, 'Ter seu veículo imobilizado na via por falta de combustível', 130.16, 4);
INSERT INTO infracao (idInfracao,descricao,valor,pontos) VALUES (26, 'Estacionar o veículo nas esquinas', 130.16, 4);
INSERT INTO infracao (idInfracao,descricao,valor,pontos) VALUES (27, 'Estacionar veículo afastado da guia da calçada (50cm-1m)', 88.38, 3);
INSERT INTO infracao (idInfracao,descricao,valor,pontos) VALUES (28, 'Estacionar veículo afastado da guia da calçada (+1m)', 195.23, 5);
INSERT INTO infracao (idInfracao,descricao,valor,pontos) VALUES (29, 'Estacionar veículo em desacordo com o CTB', 130.16, 4);
INSERT INTO infracao (idInfracao,descricao,valor,pontos) VALUES (30, 'Estacionar veículo na pista', 293.47, 7);
INSERT INTO infracao (idInfracao,descricao,valor,pontos) VALUES (31, 'Estacionar veículo sobre hidrantes de incêndio', 130.16, 4);
INSERT INTO infracao (idInfracao,descricao,valor,pontos) VALUES (32, 'Estacionar veículo nos acostamentos', 195.23, 5);
INSERT INTO infracao (idInfracao,descricao,valor,pontos) VALUES (33, 'Estacionar veículo no passeio, faixa de pedestre, ciclovia ou ciclofaixa', 195.23, 5);
INSERT INTO infracao (idInfracao,descricao,valor,pontos) VALUES (34, 'Estacionar veículo em garagem', 130.16, 4);
INSERT INTO infracao (idInfracao,descricao,valor,pontos) VALUES (35, 'Estacionar veículo impedindo a movimentação de outro veículo', 130.16, 4);
INSERT INTO infracao (idInfracao,descricao,valor,pontos) VALUES (36, 'Estacionar veículo em fila dupla', 195.23, 5);
INSERT INTO infracao (idInfracao,descricao,valor,pontos) VALUES (37, 'Estacionar o veículo em cruzamento', 195.23, 5);
INSERT INTO infracao (idInfracao,descricao,valor,pontos) VALUES (38, 'Estacionar o veículo em parada de ônibus', 130.16, 4);
INSERT INTO infracao (idInfracao,descricao,valor,pontos) VALUES (39, 'Estacionar o veículo nos viadutos, pontes e túneis', 195.23, 5);
INSERT INTO infracao (idInfracao,descricao,valor,pontos) VALUES (40, 'Estacionar o veículo na contramão de direção', 130.16, 4);
INSERT INTO infracao (idInfracao,descricao,valor,pontos) VALUES (41, 'Estacionar o veículo pesado em aclive ou declive sem calço', 195.23, 5);
INSERT INTO infracao (idInfracao,descricao,valor,pontos) VALUES (42, 'Estacionar o veículo em desacordo com a sinalização', 195.23, 5);
INSERT INTO infracao (idInfracao,descricao,valor,pontos) VALUES (43, 'Estacionar o veículo em locais proibidos (placa: Proibido Estacionar) ', 130.16, 4);
INSERT INTO infracao (idInfracao,descricao,valor,pontos) VALUES (44, 'Estacionar o veículo em locais proibidos (placa: Proibido Parar e Estacionar) ', 195.23, 5);
INSERT INTO infracao (idInfracao,descricao,valor,pontos) VALUES (45, 'Parar veículo nas esquinas', 88.38, 3);
INSERT INTO infracao (idInfracao,descricao,valor,pontos) VALUES (46, 'Parar veículo afastado da guia da calçada (50cm-1m)', 88.38, 3);
INSERT INTO infracao (idInfracao,descricao,valor,pontos) VALUES (47, 'Parar veículo afastado da guia da calçada (+1m)', 130.16, 5);
INSERT INTO infracao (idInfracao,descricao,valor,pontos) VALUES (48, 'Parar veículo em desacordo com o CTB', 88.38, 3);
INSERT INTO infracao (idInfracao,descricao,valor,pontos) VALUES (49, 'Parar veículo na pista', 195.23, 5);
INSERT INTO infracao (idInfracao,descricao,valor,pontos) VALUES (50, 'Parar veículo na faixa de pedestre', 88.38, 3);
INSERT INTO infracao (idInfracao,descricao,valor,pontos) VALUES (51, 'Parar veículo na área de cruzamento', 130.16, 5);
INSERT INTO infracao (idInfracao,descricao,valor,pontos) VALUES (52, 'Parar veículo nos viadutos, pontes e túneis', 130.16, 5);
INSERT INTO infracao (idInfracao,descricao,valor,pontos) VALUES (53, 'Parar veículo na contramão de direção', 130.16, 5);
INSERT INTO infracao (idInfracao,descricao,valor,pontos) VALUES (54, 'Parar veículo em locais públicos (placa - Proibido Parar)', 130.16, 5);
INSERT INTO infracao (idInfracao,descricao,valor,pontos) VALUES (55, 'Parar veículo sobre a faixa de pedestres na mudança de sinal', 130.16, 3);
INSERT INTO infracao (idInfracao,descricao,valor,pontos) VALUES (56, 'Transitar na faixa direita, exclusiva para um tipo de veículo', 88.38, 3);
INSERT INTO infracao (idInfracao,descricao,valor,pontos) VALUES (57, 'Transitar na faixa esquerda, exclusiva para um tipo de veículo', 293.47, 7);
INSERT INTO infracao (idInfracao,descricao,valor,pontos) VALUES (58, 'Deixar de conservar o veículo na faixa correta', 130.16, 4);
INSERT INTO infracao (idInfracao,descricao,valor,pontos) VALUES (59, 'Deixar de conservar o veículo na faixa da direita', 130.16, 4);
INSERT INTO infracao (idInfracao,descricao,valor,pontos) VALUES (60, 'Transitar pela contramão em via de mão dupla, salva ultrapassagem', 195.23, 5);
INSERT INTO infracao (idInfracao,descricao,valor,pontos) VALUES (61, 'Transitar pela contramão em via de sentido único', 293.47, 7);
INSERT INTO infracao (idInfracao,descricao,valor,pontos) VALUES (62, 'Transitar em locais e horários não permitidos', 130.16, 4);
INSERT INTO infracao (idInfracao,descricao,valor,pontos) VALUES (63, 'Transitar ao lado de outro veículo perturbando o trânsito', 130.16, 4);
INSERT INTO infracao (idInfracao,descricao,valor,pontos) VALUES (64, 'Deixar de dar passagem para veículo em serviço de urgência', 293.47, 7);
INSERT INTO infracao (idInfracao,descricao,valor,pontos) VALUES (65, 'Seguir veículo em serviço de urgência', 195.23, 5);
INSERT INTO infracao (idInfracao,descricao,valor,pontos) VALUES (66, 'Forçar passagem entre veículos', 2934.70, 7);
INSERT INTO infracao (idInfracao,descricao,valor,pontos) VALUES (67, 'Deixa de guardar distância de segurança', 195.23, 5);
INSERT INTO infracao (idInfracao,descricao,valor,pontos) VALUES (68, 'Transitar com o veículo em local proibido (calçadas, ciclovias etc)', 880.41, 7);
INSERT INTO infracao (idInfracao,descricao,valor,pontos) VALUES (69, 'Transitar em marcha ré, salvo para pequenas manobras sesguras', 195.23, 5);
INSERT INTO infracao (idInfracao,descricao,valor,pontos) VALUES (70, 'Desobedecer às ordens de autoridade competente de trânsito', 195.23, 5);
INSERT INTO infracao (idInfracao,descricao,valor,pontos) VALUES (71, 'Deixar de sinalizar a parada do veículo ou mudança de direção', 195.23, 5);
INSERT INTO infracao (idInfracao,descricao,valor,pontos) VALUES (72, 'Não mudar de pista com antecedência para dobrar', 130.16, 4);
INSERT INTO infracao (idInfracao,descricao,valor,pontos) VALUES (73, 'Deixar de dar passagem pela esquerda, quando solicitado', 130.16, 4);
INSERT INTO infracao (idInfracao,descricao,valor,pontos) VALUES (74, 'Ultrapassar pela direita', 130.16, 4);
INSERT INTO infracao (idInfracao,descricao,valor,pontos) VALUES (75, 'Ultrapassar pela direita veículo de transporte coletivo parado para embarque', 293.47, 7);
INSERT INTO infracao (idInfracao,descricao,valor,pontos) VALUES (76, 'Deixar de guardar distância lateral (1m50cm) ao ultrapassar bicicleta', 130.16, 4);
INSERT INTO infracao (idInfracao,descricao,valor,pontos) VALUES (77, 'Ultrapassar veículo pelo acostament', 1467.35, 7);
INSERT INTO infracao (idInfracao,descricao,valor,pontos) VALUES (78, 'Ultrapassar veículo em intersecções e passagens de nível', 1467.35, 7);
INSERT INTO infracao (idInfracao,descricao,valor,pontos) VALUES (79, 'Ultrapassar pela contramão em curvas, declives e aclives', 1467.35, 7);
INSERT INTO infracao (idInfracao,descricao,valor,pontos) VALUES (80, 'Ultrapassar pela contramão veículo nas faixas de pedestres ', 1467.35, 7);
INSERT INTO infracao (idInfracao,descricao,valor,pontos) VALUES (81, 'Ultrapassar pela contramão veículo em pontes, viadutos ou túneis', 1467.35, 7);
INSERT INTO infracao (idInfracao,descricao,valor,pontos) VALUES (82, 'Ultrapassar pela contramão veículo para por impedimento à circulação', 1467.35, 7);
INSERT INTO infracao (idInfracao,descricao,valor,pontos) VALUES (83, 'Ultrapassar em faixa amarela contínua', 1467.35, 7);
INSERT INTO infracao (idInfracao,descricao,valor,pontos) VALUES (84, 'Não aguardar no acostamento a oportunidade de cruzar a pista', 195.23, 5);
INSERT INTO infracao (idInfracao,descricao,valor,pontos) VALUES (85, 'Ultrapassar cortejo, préstito, desfile e formações militares sem autorização', 88.38, 3);
INSERT INTO infracao (idInfracao,descricao,valor,pontos) VALUES (86, 'Executar operação de retorno em locais proibidos pela sinalização', 293.47, 7);
INSERT INTO infracao (idInfracao,descricao,valor,pontos) VALUES (87, 'Executar retorno nas curvas, aclives, declives, pontes, viadutos e túneis', 293.47, 7);
INSERT INTO infracao (idInfracao,descricao,valor,pontos) VALUES (88, 'Executar retorno entrando na contramão da via transversal ', 293.47, 7);
INSERT INTO infracao (idInfracao,descricao,valor,pontos) VALUES (89, 'Executar retorno com prejuízo de circulação ou de segurança', 293.47, 7);
INSERT INTO infracao (idInfracao,descricao,valor,pontos) VALUES (90, 'Executar operação de conversão à direita ou à esquerda em locais proibidos', 195.23, 5);
INSERT INTO infracao (idInfracao,descricao,valor,pontos) VALUES (91, 'Avançar o sinal vermelho de semáforo ou de parada obrigatória', 293.47, 7);
INSERT INTO infracao (idInfracao,descricao,valor,pontos) VALUES (92, 'Transpor bloqueio viário sem autorização', 195.23, 5);
INSERT INTO infracao (idInfracao,descricao,valor,pontos) VALUES (93, 'Deixar de adentrar às áreas destinadas à pesagem de veículos', 195.23, 5);
INSERT INTO infracao (idInfracao,descricao,valor,pontos) VALUES (94, 'Evadir-se para não efetuar o pagamento do pedágio', 195.23, 5);
INSERT INTO infracao (idInfracao,descricao,valor,pontos) VALUES (95, 'Transpor, sem autorização, bloqueio viário policial', 293.47, 7);
INSERT INTO infracao (idInfracao,descricao,valor,pontos) VALUES (96, 'Ultrapassar veículos em fila, parados em sinal luminoso ou qualquer obstáculo', 293.47, 5);
INSERT INTO infracao (idInfracao,descricao,valor,pontos) VALUES (97, 'Deixar de parar o veículo antes de transpor linha férrea', 293.47, 7);
INSERT INTO infracao (idInfracao,descricao,valor,pontos) VALUES (98, 'Deixar de parar o veículo por agrupamento de pessoas (passeatas)', 293.47, 7);
INSERT INTO infracao (idInfracao,descricao,valor,pontos) VALUES (99, 'Deixar de parar o veículo por agrupamento de pessoas (cortejos)', 195.23, 5);
INSERT INTO infracao (idInfracao,descricao,valor,pontos) VALUES (100, 'Deixar de dar preferência a pedestre que se encontre na faixa', 293.47, 7);
INSERT INTO infracao (idInfracao,descricao,valor,pontos) VALUES (101, 'Não deixar pedestre concluir a travessia, mesmo com sinal verde', 293.47, 7);
INSERT INTO infracao (idInfracao,descricao,valor,pontos) VALUES (102, 'Deixar de dar preferência a portadores de deficiência, crianças, idosos e gestantes', 293.47, 7);
INSERT INTO infracao (idInfracao,descricao,valor,pontos) VALUES (103, 'Deixar de dar preferência a pedestre quando houver iniciado a travessia', 195.23, 5);
INSERT INTO infracao (idInfracao,descricao,valor,pontos) VALUES (104, 'Deixar de dar preferência a pedestre que esteja atravessando a via transversal para onde se dirige o veículo', 195.23, 5);
INSERT INTO infracao (idInfracao,descricao,valor,pontos) VALUES (105, 'Deixar de dar preferência em interseção a veículo circulando por rodovia, rotatória ou que venha da direita', 195.23, 5);
INSERT INTO infracao (idInfracao,descricao,valor,pontos) VALUES (106, 'Entrar ou sair da áreas lindeiras sem as precauções de segurança', 130.16, 4);
INSERT INTO infracao (idInfracao,descricao,valor,pontos) VALUES (107, 'Entrar ou sair da fila de veículos estacionados sem dar preferência de passagem a pedestre e a outros veículos', 130.16, 4);
INSERT INTO infracao (idInfracao,descricao,valor,pontos) VALUES (108, 'Transitar em velocidade superior à máxima permitida em até 20%', 130.16, 4);
INSERT INTO infracao (idInfracao,descricao,valor,pontos) VALUES (109, 'Transitar em velocidade superior à máxima permitida de 20% até 50%', 195.23, 5);
INSERT INTO infracao (idInfracao,descricao,valor,pontos) VALUES (110, 'Transitar em velocidade superior à máxima permitida em mais de 50%', 880.41, 7);
INSERT INTO infracao (idInfracao,descricao,valor,pontos) VALUES (111, 'Transitar em velocidade inferior à metade permitida ', 130.16, 4);
INSERT INTO infracao (idInfracao,descricao,valor,pontos) VALUES (112, 'Deixar de reduzi a velocidade ao se aproximar de passeatas, aglomerações, cortejos, préstitos e desfiles', 293.47, 7);
INSERT INTO infracao (idInfracao,descricao,valor,pontos) VALUES (113, 'Deixar de reduzir a velocidade onde o trânsito esteja sendo controlado por agente', 195.23, 5);
INSERT INTO infracao (idInfracao,descricao,valor,pontos) VALUES (114, 'Deixar de reduzir a velocidade ao aproximar-se de calçada ou acostamento', 195.23, 5);
INSERT INTO infracao (idInfracao,descricao,valor,pontos) VALUES (115, 'Deixar de reduzir a velocidade ao aproximar-se de interseção não sinalizada', 195.23, 5);
INSERT INTO infracao (idInfracao,descricao,valor,pontos) VALUES (116, 'Deixar de reduzir a velocidade nas vias rurais cuja faixa de domínio não esteja cercada', 195.23, 5);
INSERT INTO infracao (idInfracao,descricao,valor,pontos) VALUES (117, 'Deixar de reduzir a velocidade quando houver má visibilidade', 195.23, 5);
INSERT INTO infracao (idInfracao,descricao,valor,pontos) VALUES (118, 'Deixar de reduzir a velocidade quando houver animais na pista', 195.23, 5);
INSERT INTO infracao (idInfracao,descricao,valor,pontos) VALUES (119, 'Deixar de reduzir a velocidade em declive', 195.23, 5);
INSERT INTO infracao (idInfracao,descricao,valor,pontos) VALUES (120, 'Deixar de reduzir a velocidade para ultrapassar ciclista', 195.23, 5);
INSERT INTO infracao (idInfracao,descricao,valor,pontos) VALUES (121, 'Deixar de reduzir a velocidade perto de grande movimentação de pedestres (escolas, hospitais, etc)', 293.47, 7);
INSERT INTO infracao (idInfracao,descricao,valor,pontos) VALUES (122, 'Portar no veículo placas de identificação irregulares', 130.16, 4);
INSERT INTO infracao (idInfracao,descricao,valor,pontos) VALUES (123, 'Transitar com o farol desregulado ou com luz alta', 195.23, 5);
INSERT INTO infracao (idInfracao,descricao,valor,pontos) VALUES (124, 'Fazer uso de luz alta em vias providas de iluminação pública', 88.38, 3);
INSERT INTO infracao (idInfracao,descricao,valor,pontos) VALUES (125, 'Deixar de sinalizar a via quando tiver de remover o veículo da pista ou permanecer no acostamento', 195.23, 5);
INSERT INTO infracao (idInfracao,descricao,valor,pontos) VALUES (126, 'Usar buzina em desacordo com o estabelecido pelo CONTRAN', 88.38, 3);
INSERT INTO infracao (idInfracao,descricao,valor,pontos) VALUES (127, 'Conduzir veículo com placa ou qualquer elemento de identificação violado ou falsificado', 293.47, 7);
INSERT INTO infracao (idInfracao,descricao,valor,pontos) VALUES (128, 'Transportar passageiros em compartimento de carga', 293.47, 7);
INSERT INTO infracao (idInfracao,descricao,valor,pontos) VALUES (129, 'Conduzir veículo sem qualquer uma das placas de identificação', 293.47, 7);
INSERT INTO infracao (idInfracao,descricao,valor,pontos) VALUES (130, 'Conduzir veículo que não esteja devidamente licenciado', 293.47, 7);
INSERT INTO infracao (idInfracao,descricao,valor,pontos) VALUES (131, 'Conduzir veículo com descarga livre  silenciador defeituoso', 195.23, 5);
INSERT INTO infracao (idInfracao,descricao,valor,pontos) VALUES (132, 'Conduzir veículo com registrador de velocidade viciado ou defeituoso, quando obrigatório', 195.23, 5);
INSERT INTO infracao (idInfracao,descricao,valor,pontos) VALUES (133, 'Conduzir veículo adesivado, salvo quando autorizado pelo CTB', 195.23, 5);
INSERT INTO infracao (idInfracao,descricao,valor,pontos) VALUES (134, 'Conduzir o veículo com vidros cobertos por películas, painéis decorativos ou pinturas', 195.23, 5);
INSERT INTO infracao (idInfracao,descricao,valor,pontos) VALUES (135, 'Conduzir o veículo sem acionar o limpador de para -brisa sob chuva', 195.23, 5);
INSERT INTO infracao (idInfracao,descricao,valor,pontos) VALUES (136, 'Conduzir o veículo com defeito de iluminação, de sinalização ou com lâmpadas queimads', 130.16, 4);
INSERT INTO infracao (idInfracao,descricao,valor,pontos) VALUES (137, 'Transitar com o veículo derramando combustível ou lubrificante ou qualquer objeto que traga risco', 293.47, 7);
INSERT INTO infracao (idInfracao,descricao,valor,pontos) VALUES (138, 'Transitar com veículo com excesso de peso', 130.16, 4);
INSERT INTO infracao (idInfracao,descricao,valor,pontos) VALUES (139, 'Transitar com veículo com lotação excedente', 130.16, 4);
INSERT INTO infracao (idInfracao,descricao,valor,pontos) VALUES (140, 'Conduzir veículo sem os documentos obrigatórios referidos no CTB', 88.38, 3);
INSERT INTO infracao (idInfracao,descricao,valor,pontos) VALUES (141, 'Deixa de efetuar o registro do veículo no prazo de 30 dias', 195.23, 5);
INSERT INTO infracao (idInfracao,descricao,valor,pontos) VALUES (142, 'Falsificar ou adulterar documento de habilitação e identificação do veículo', 293.47, 7);
INSERT INTO infracao (idInfracao,descricao,valor,pontos) VALUES (143, 'Recusar-se a entregar os documentos à autoridade', 293.47, 7);
INSERT INTO infracao (idInfracao,descricao,valor,pontos) VALUES (144, 'Deixar o responsável de promover a baixa de veículo irrecuperável ou definitivamente desmontado', 195.23, 5);
INSERT INTO infracao (idInfracao,descricao,valor,pontos) VALUES (145, 'Deixar de atualizar o cadastro de registro do veículo ou de habilitação do condutor', 88.38, 3);
INSERT INTO infracao (idInfracao,descricao,valor,pontos) VALUES (146, 'Fazer falsa declaração de domicílio para fins de registro, licenciamento ou habilitação', 293.47, 7);
INSERT INTO infracao (idInfracao,descricao,valor,pontos) VALUES (147, 'Conduzir moto sem usar capacete com viseira ou óculos e vestuário de acordo com o CONTRAN', 293.47, 7);
INSERT INTO infracao (idInfracao,descricao,valor,pontos) VALUES (148, 'Conduzir moto com faróis apagados', 293.47, 7);
INSERT INTO infracao (idInfracao,descricao,valor,pontos) VALUES (149, 'Conduzir moto rebocando outro veículo', 195.23, 5);
INSERT INTO infracao (idInfracao,descricao,valor,pontos) VALUES (150, 'Conduzir moto sem segurar o guidon com ambas as mãos', 195.23, 5);
INSERT INTO infracao (idInfracao,descricao,valor,pontos) VALUES (151, 'Conduzir moto transportando carga incompatível', 195.23, 5);
INSERT INTO infracao (idInfracao,descricao,valor,pontos) VALUES (152, 'Conduzir moto efetuando transporte remunerado em desacordo com a lei', 195.23, 5);
INSERT INTO infracao (idInfracao,descricao,valor,pontos) VALUES (153, 'Utilizar a via para depósito de mercadorias, materiais ou equipamentos, sem autorização', 195.23, 5);
INSERT INTO infracao (idInfracao,descricao,valor,pontos) VALUES (154, 'Não acender as luzes de posição à noite quando estiver parado para embarque ou carga de mercadorias', 130.16, 4);
INSERT INTO infracao (idInfracao,descricao,valor,pontos) VALUES (155, 'Deixar de manter acesa luz baixa a noite', 130.16, 4);
INSERT INTO infracao (idInfracao,descricao,valor,pontos) VALUES (156, 'Deixar de manter acesa luz baixa de dia nos túneis e nas rodovias', 130.16, 4);
INSERT INTO infracao (idInfracao,descricao,valor,pontos) VALUES (157, 'Deixar de manter acesa luz baixa de dia e de noite, tratando-se de ciclomotores', 130.16, 4);
INSERT INTO infracao (idInfracao,descricao,valor,pontos) VALUES (158, 'Deixar de manter a placa traseira iluminada à noite', 130.16, 4);
INSERT INTO infracao (idInfracao,descricao,valor,pontos) VALUES (159, 'Utilizar o pisca alerta, exceto em imobilizações ou situações de emergência', 130.16, 4);
INSERT INTO infracao (idInfracao,descricao,valor,pontos) VALUES (160, 'Dar sinal de luz, salvo para alertar ultrapassagem', 130.16, 4);
INSERT INTO infracao (idInfracao,descricao,valor,pontos) VALUES (161, 'Dirigir o veículo com o braço do lado de fora', 130.16, 4);
INSERT INTO infracao (idInfracao,descricao,valor,pontos) VALUES (162, 'Dirigir veículo transportando pessoas, animais ou volume à sua esquerda ou entre os braços e pernas', 130.16, 4);
INSERT INTO infracao (idInfracao,descricao,valor,pontos) VALUES (163, 'Dirigir veículo usando calçado que não se firme nos pés ou que comprometa a utilização dos pedais', 130.16, 4);
INSERT INTO infracao (idInfracao,descricao,valor,pontos) VALUES (164, 'Dirigir veículo com apenas uma das mãos, salvo quando necessário', 130.16, 4);
INSERT INTO infracao (idInfracao,descricao,valor,pontos) VALUES (165, 'Dirigir veículo utilizando-se de fone de ouvidos', 130.16, 4);
INSERT INTO infracao (idInfracao,descricao,valor,pontos) VALUES (166, 'Bloquear a via com o veículo', 293.47, 7);
INSERT INTO multa (idMulta,renavam,idInfracao,idCondutor,dataInfracao,dataVencimento,dataPagamento,valor,juros,valorFinal,pago) VALUES (1, '75738697283', 50, 36, '1999-04-07', '1999-04-07', '1999-04-07', 88.38, 0, 88.38, 'S');
INSERT INTO multa (idMulta,renavam,idInfracao,idCondutor,dataInfracao,dataVencimento,dataPagamento,valor,juros,valorFinal,pago) VALUES (2, '80877483173', 134, 314, '2014-06-22', '2014-06-22', '2014-06-22', 195.23, 0, 195.23, 'S');
INSERT INTO multa (idMulta,renavam,idInfracao,idCondutor,dataInfracao,dataVencimento,dataPagamento,valor,juros,valorFinal,pago) VALUES (3, '80796761491', 122, 187, '1981-09-17', '1981-09-17', '1981-09-17', 130.16, 0, 130.16, 'S');
INSERT INTO multa (idMulta,renavam,idInfracao,idCondutor,dataInfracao,dataVencimento,dataPagamento,valor,juros,valorFinal,pago) VALUES (4, '88888834830', 90, 539, '1978-01-25', '1978-01-25', '1978-01-25', 195.23, 0, 195.23, 'S');
INSERT INTO multa (idMulta,renavam,idInfracao,idCondutor,dataInfracao,dataVencimento,dataPagamento,valor,juros,valorFinal,pago) VALUES (5, '84889027510', 95, 10, '1993-07-15', '1993-07-15', '1993-07-15', 293.47, 0, 293.47, 'S');
INSERT INTO multa (idMulta,renavam,idInfracao,idCondutor,dataInfracao,dataVencimento,dataPagamento,valor,juros,valorFinal,pago) VALUES (6, '74738535692', 143, 457, '1984-09-11', '1984-09-11', '1984-09-11', 293.47, 0, 293.47, 'S');
INSERT INTO multa (idMulta,renavam,idInfracao,idCondutor,dataInfracao,dataVencimento,dataPagamento,valor,juros,valorFinal,pago) VALUES (7, '79707261583', 139, 435, '1998-12-06', '1998-12-06', '1998-12-06', 130.16, 0, 130.16, 'S');
INSERT INTO multa (idMulta,renavam,idInfracao,idCondutor,dataInfracao,dataVencimento,dataPagamento,valor,juros,valorFinal,pago) VALUES (8, '85776602488', 78, 92, '1983-07-10', '1983-07-10', '1983-07-10', 1467.35, 0, 1467.35, 'S');
INSERT INTO multa (idMulta,renavam,idInfracao,idCondutor,dataInfracao,dataVencimento,dataPagamento,valor,juros,valorFinal,pago) VALUES (9, '66688165659', 87, 38, '1981-05-23', '1981-05-23', '1981-05-23', 293.47, 0, 293.47, 'S');
INSERT INTO multa (idMulta,renavam,idInfracao,idCondutor,dataInfracao,dataVencimento,dataPagamento,valor,juros,valorFinal,pago) VALUES (10, '78907852951', 95, 28, '1982-03-10', '1982-03-10', '1982-03-10', 293.47, 0, 293.47, 'S');
INSERT INTO multa (idMulta,renavam,idInfracao,idCondutor,dataInfracao,dataVencimento,dataPagamento,valor,juros,valorFinal,pago) VALUES (11, '73897586498', 41, 598, '2003-02-08', '2003-02-08', '2003-02-08', 195.23, 0, 195.23, 'S');
INSERT INTO multa (idMulta,renavam,idInfracao,idCondutor,dataInfracao,dataVencimento,dataPagamento,valor,juros,valorFinal,pago) VALUES (12, '90807857845', 98, 275, '2010-09-25', '2010-09-25', '2010-09-25', 293.47, 0, 293.47, 'S');
INSERT INTO multa (idMulta,renavam,idInfracao,idCondutor,dataInfracao,dataVencimento,dataPagamento,valor,juros,valorFinal,pago) VALUES (13, '82697031165', 65, 152, '2011-11-06', '2011-11-06', '2011-11-06', 195.23, 0, 195.23, 'S');
INSERT INTO multa (idMulta,renavam,idInfracao,idCondutor,dataInfracao,dataVencimento,dataPagamento,valor,juros,valorFinal,pago) VALUES (14, '67687395349', 138, 4, '2008-02-02', '2008-02-02', '2008-02-02', 130.16, 0, 130.16, 'S');
INSERT INTO multa (idMulta,renavam,idInfracao,idCondutor,dataInfracao,dataVencimento,dataPagamento,valor,juros,valorFinal,pago) VALUES (15, '85726763500', 74, 364, '2011-02-25', '2011-02-25', '2011-02-25', 130.16, 0, 130.16, 'S');
INSERT INTO multa (idMulta,renavam,idInfracao,idCondutor,dataInfracao,dataVencimento,dataPagamento,valor,juros,valorFinal,pago) VALUES (16, '65907324775', 15, 246, '1979-04-30', '1979-04-30', '1979-04-30', 2934.70, 0, 2934.70, 'S');
INSERT INTO multa (idMulta,renavam,idInfracao,idCondutor,dataInfracao,dataVencimento,dataPagamento,valor,juros,valorFinal,pago) VALUES (17, '84727044916', 99, 206, '1982-09-28', '1982-09-28', '1982-09-28', 195.23, 0, 195.23, 'S');
INSERT INTO multa (idMulta,renavam,idInfracao,idCondutor,dataInfracao,dataVencimento,dataPagamento,valor,juros,valorFinal,pago) VALUES (18, '82797220407', 35, 78, '2011-10-07', '2011-10-07', '2011-10-07', 130.16, 0, 130.16, 'S');
INSERT INTO multa (idMulta,renavam,idInfracao,idCondutor,dataInfracao,dataVencimento,dataPagamento,valor,juros,valorFinal,pago) VALUES (19, '72688717591', 141, 529, '1985-11-29', '1985-11-29', '1985-11-29', 195.23, 0, 195.23, 'S');
INSERT INTO multa (idMulta,renavam,idInfracao,idCondutor,dataInfracao,dataVencimento,dataPagamento,valor,juros,valorFinal,pago) VALUES (20, '76797563040', 145, 563, '1997-09-08', '1997-09-08', '1997-09-08', 88.38, 0, 88.38, 'S');
INSERT INTO multa (idMulta,renavam,idInfracao,idCondutor,dataInfracao,dataVencimento,dataPagamento,valor,juros,valorFinal,pago) VALUES (21, '74697468279', 105, 541, '1990-02-22', '1990-02-22', '1990-02-22', 195.23, 0, 195.23, 'S');
INSERT INTO multa (idMulta,renavam,idInfracao,idCondutor,dataInfracao,dataVencimento,dataPagamento,valor,juros,valorFinal,pago) VALUES (22, '75726903908', 132, 255, '2008-12-07', '2008-12-07', '2008-12-07', 195.23, 0, 195.23, 'S');
INSERT INTO multa (idMulta,renavam,idInfracao,idCondutor,dataInfracao,dataVencimento,dataPagamento,valor,juros,valorFinal,pago) VALUES (23, '76898382750', 9, 471, '1983-02-23', '1983-02-23', '1983-02-23', 293.47, 0, 293.47, 'S');
INSERT INTO multa (idMulta,renavam,idInfracao,idCondutor,dataInfracao,dataVencimento,dataPagamento,valor,juros,valorFinal,pago) VALUES (24, '65686794146', 138, 101, '1978-06-01', '1978-06-01', '1978-06-01', 130.16, 0, 130.16, 'S');
INSERT INTO multa (idMulta,renavam,idInfracao,idCondutor,dataInfracao,dataVencimento,dataPagamento,valor,juros,valorFinal,pago) VALUES (25, '86667905500', 160, 149, '2009-10-06', '2009-10-06', '2009-10-06', 130.16, 0, 130.16, 'S');
